[08/11 09:46:43][INFO] __main__:  184: OTAM Frame Selector Pretraining
[08/11 09:46:43][INFO] __main__:  185: Config: config/frame_selector/ssv2_bimhm_train.yaml
[08/11 09:46:43][INFO] __main__:  186: Output: output/frame_selector/ssv2_ViT-B16_BiMHM
[08/11 09:46:43][INFO] __main__:  187: Config:
{
  "TASK_TYPE": "classification",
  "PRETRAIN": {
    "ENABLE": false
  },
  "LOCALIZATION": {
    "ENABLE": false
  },
  "TRAIN": {
    "ENABLE": false,
    "DATASET": null,
    "BATCH_SIZE": 128,
    "LOG_FILE": "training_log.log",
    "EVAL_PERIOD": 10,
    "NUM_FOLDS": 1,
    "AUTO_RESUME": true,
    "CHECKPOINT_PERIOD": 10,
    "CHECKPOINT_FILE_PATH": "",
    "CHECKPOINT_TYPE": "pytorch",
    "CHECKPOINT_INFLATE": false,
    "CHECKPOINT_PRE_PROCESS": {
      "ENABLE": false
    },
    "FINE_TUNE": false,
    "ONLY_LINEAR": false,
    "LR_REDUCE": false,
    "TRAIN_VAL_COMBINE": false
  },
  "TEST": {
    "ENABLE": false,
    "DATASET": null,
    "BATCH_SIZE": 100,
    "NUM_SPATIAL_CROPS": 1,
    "SPATIAL_CROPS": "cc",
    "NUM_ENSEMBLE_VIEWS": 1,
    "LOG_FILE": "val.log",
    "CHECKPOINT_FILE_PATH": "",
    "CHECKPOINT_TYPE": "pytorch",
    "AUTOMATIC_MULTI_SCALE_TEST": true
  },
  "VISUALIZATION": {
    "ENABLE": false,
    "NAME": "",
    "FEATURE_MAPS": {
      "ENABLE": false,
      "BASE_OUTPUT_DIR": ""
    }
  },
  "SUBMISSION": {
    "ENABLE": false,
    "SAVE_RESULTS_PATH": "test.json"
  },
  "DATA": {
    "DATA_ROOT_DIR": "/mnt/data/yanyi2025/lrc/action_data/ssv2/videos/videos/",
    "ANNO_DIR": "./config/ssv2_full/",
    "NUM_INPUT_FRAMES": 16,
    "NUM_INPUT_CHANNELS": 3,
    "SAMPLING_MODE": "interval_based",
    "SAMPLING_RATE": 4,
    "TRAIN_JITTER_SCALES": [
      256,
      256
    ],
    "TRAIN_CROP_SIZE": 224,
    "TEST_SCALE": 224,
    "TEST_CROP_SIZE": 112,
    "MEAN": [
      0.48145466,
      0.4578275,
      0.40821073
    ],
    "STD": [
      0.26862954,
      0.26130258,
      0.27577711
    ],
    "MULTI_LABEL": false,
    "ENSEMBLE_METHOD": "sum",
    "TARGET_FPS": 30,
    "MINUS_INTERVAL": false,
    "TRAIN_LIST": "train_few_shot.txt",
    "VAL_LIST": "val_few_shot.txt",
    "FILE_EXTENSION": ".webm",
    "BATCH_SIZE": 8,
    "VAL_BATCH_SIZE": 8,
    "NUM_WORKERS": 4,
    "USE_AUG": false,
    "FEAT_CACHE": {
      "ENABLE": true,
      "CACHE_DIR": "data/feat_cache/ssv2",
      "AUTO_REBUILD": false
    }
  },
  "MODEL": {
    "NAME": null,
    "EMA": {
      "ENABLE": false,
      "DECAY": 0.99996
    }
  },
  "VIDEO": {
    "BACKBONE": {
      "DEPTH": null,
      "META_ARCH": null,
      "NUM_FILTERS": null,
      "NUM_INPUT_CHANNELS": 3,
      "NUM_OUT_FEATURES": null,
      "KERNEL_SIZE": null,
      "DOWNSAMPLING": null,
      "DOWNSAMPLING_TEMPORAL": null,
      "NUM_STREAMS": 1,
      "EXPANSION_RATIO": 2,
      "BRANCH": {
        "NAME": null
      },
      "STEM": {
        "NAME": null
      },
      "NONLOCAL": {
        "ENABLE": false,
        "STAGES": [
          5
        ],
        "MASK_ENABLE": false
      },
      "INITIALIZATION": null
    },
    "HEAD": {
      "NAME": "BaseHead",
      "ACTIVATION": "softmax",
      "DROPOUT_RATE": 0,
      "NUM_CLASSES": null
    }
  },
  "OPTIMIZER": {
    "ADJUST_LR": false,
    "BASE_LR": 0.002,
    "LR_POLICY": "cosine",
    "MAX_EPOCH": 300,
    "MOMENTUM": 0.9,
    "WEIGHT_DECAY": "1e-3",
    "WARMUP_EPOCHS": 10,
    "WARMUP_START_LR": 0.0002,
    "OPTIM_METHOD": "adam",
    "DAMPENING": 0.0,
    "NESTEROV": true
  },
  "BN": {
    "WB_LOCK": false,
    "FREEZE": false,
    "WEIGHT_DECAY": 0.0,
    "MOMENTUM": 0.1,
    "EPS": "1e-5",
    "SYNC": false
  },
  "DATA_LOADER": {
    "NUM_WORKERS": 4,
    "PIN_MEMORY": false,
    "ENABLE_MULTI_THREAD_DECODE": true,
    "COLLATE_FN": null
  },
  "NUM_GPUS": 1,
  "SHARD_ID": 0,
  "NUM_SHARDS": 1,
  "RANDOM_SEED": 0,
  "OUTPUT_DIR": "output/frame_selector/ssv2_ViT-B16_BiMHM",
  "OUTPUT_CFG_FILE": "configuration.log",
  "LOG_PERIOD": 50,
  "DIST_BACKEND": "nccl",
  "LOG_MODEL_INFO": false,
  "LOG_CONFIG_INFO": true,
  "OSS": {
    "ENABLE": false,
    "KEY": null,
    "SECRET": null,
    "ENDPOINT": null,
    "CHECKPOINT_OUTPUT_PATH": null,
    "SECONDARY_DATA_OSS": {
      "ENABLE": false,
      "KEY": null,
      "SECRET": null,
      "ENDPOINT": null,
      "BUCKETS": [
        ""
      ]
    }
  },
  "AUGMENTATION": {
    "COLOR_AUG": false,
    "BRIGHTNESS": 0.5,
    "CONTRAST": 0.5,
    "SATURATION": 0.5,
    "HUE": 0.25,
    "GRAYSCALE": 0.3,
    "CONSISTENT": true,
    "SHUFFLE": true,
    "GRAY_FIRST": true,
    "RATIO": [
      0.857142857142857,
      1.1666666666666667
    ],
    "USE_GPU": false,
    "MIXUP": {
      "ENABLE": false,
      "ALPHA": 0.0,
      "PROB": 1.0,
      "MODE": "batch",
      "SWITCH_PROB": 0.5
    },
    "CUTMIX": {
      "ENABLE": false,
      "ALPHA": 0.0,
      "MINMAX": null
    },
    "RANDOM_ERASING": {
      "ENABLE": false,
      "PROB": 0.25,
      "MODE": "const",
      "COUNT": [
        1,
        1
      ],
      "NUM_SPLITS": 0,
      "AREA_RANGE": [
        0.02,
        0.33
      ],
      "MIN_ASPECT": 0.3
    },
    "LABEL_SMOOTHING": 0.0,
    "SSV2_FLIP": false
  },
  "PAI": false,
  "FRAME_SELECTOR": {
    "ENABLE": true,
    "TYPE": "bimhm",
    "BACKBONE_NAME": "ViT-B/16",
    "TOTAL_FRAMES": 32,
    "SELECT_FRAMES": 8,
    "SEGMENTS": 4,
    "FEAT_DIM": 0,
    "STE_TAU": 0.5
  },
  "LOSS": {
    "NAME": "bimhm_match_aware",
    "MARGIN": 0.3,
    "TEMPERATURE": 1.0,
    "TRIPLET_WEIGHT": 1.0,
    "CLASS_CE_WEIGHT": 1.0,
    "MATCH_WEIGHT": 0.5,
    "MATCH_NORMALIZE_TARGETS": true,
    "NORMALIZE_BY_FRAMES": false,
    "CLASS_BALANCED_BATCH": true,
    "CLASSES_PER_BATCH": 4,
    "SAMPLES_PER_CLASS": 2,
    "INDEX_COMPACT_WEIGHT": 0.0,
    "SCORE_MARGIN_WEIGHT": 0.0
  },
  "SOLVER": {
    "BASE_LR": 0.001,
    "OPTIM_METHOD": "adamw",
    "MAX_EPOCH": 30,
    "WEIGHT_DECAY": "1e-4",
    "WARMUP_EPOCHS": 3,
    "LR_POLICY": "cosine"
  },
  "SAVE_PERIOD": 5
}
[08/11 09:46:43][INFO] __main__:  190: Device: cuda
[08/11 09:46:43][INFO] __main__:  198: 🔧 特征缓存已开启: tag=ViT-B-16_T32, dir=data/feat_cache/ssv2
[08/11 09:46:43][INFO] __main__:  203: Loading data...
[08/11 09:46:43][INFO] __main__:  207: Train: 67013 samples, 8376 iters/epoch
[08/11 09:46:44][INFO] __main__:  215: Trainable (selector) params: 132,097
[08/11 09:46:44][INFO] __main__:  232: Selector loss=bimhm_match_aware, margin=0.3, score_margin_weight=0.0 (0=disabled), index_compact_weight=0.0, STE_tau=0.5
[08/11 09:46:44][INFO] __main__:  246: ================================================================================
[08/11 09:46:44][INFO] __main__:  247: bimhm_match_aware training | Epochs: 30 | Log: 50 | Cache=ON
[08/11 09:46:44][INFO] __main__:  251: ================================================================================
[08/11 09:46:45][INFO] __main__:  322: ✅ OTAM 梯度自检通过: grad.norm()=2.337483
[08/11 09:46:45][INFO] utils.logging:   91: {"_type": "train_iter", "epoch": "1/30", "eta": "1 day, 13:18:56", "iter": "1/8376", "loss": 0.970477, "lr": 0.000333, "neg_dist": 2.931751, "pos_dist": 3.362609, "time_diff": 0.530000, "triplet": 0.730858}
[08/11 09:46:45][INFO] utils.logging:   91: {"_type": "train_iter", "epoch": "1/30", "eta": "1:04:56", "iter": "51/8376", "loss": 0.961458, "lr": 0.000333, "neg_dist": 3.674615, "pos_dist": 4.070405, "time_diff": 0.790000, "triplet": 0.702485}
[08/11 09:46:45][INFO] utils.logging:   91: {"_type": "train_iter", "epoch": "1/30", "eta": "0:43:04", "iter": "101/8376", "loss": 0.847290, "lr": 0.000333, "neg_dist": 3.577405, "pos_dist": 3.791619, "time_diff": 1.040000, "triplet": 0.519129}
[08/11 09:46:46][INFO] utils.logging:   91: {"_type": "train_iter", "epoch": "1/30", "eta": "0:35:46", "iter": "151/8376", "loss": 0.906690, "lr": 0.000333, "neg_dist": 3.308927, "pos_dist": 3.400474, "time_diff": 1.290000, "triplet": 0.557525}
[08/11 09:46:46][INFO] utils.logging:   91: {"_type": "train_iter", "epoch": "1/30", "eta": "0:32:23", "iter": "201/8376", "loss": 1.537752, "lr": 0.000333, "neg_dist": 4.384254, "pos_dist": 5.274227, "time_diff": 1.560000, "triplet": 1.199135}
[08/11 09:46:46][INFO] utils.logging:   91: {"_type": "train_iter", "epoch": "1/30", "eta": "0:30:09", "iter": "251/8376", "loss": 1.230655, "lr": 0.000333, "neg_dist": 2.752329, "pos_dist": 3.426470, "time_diff": 1.810000, "triplet": 0.974141}
[08/11 09:46:46][INFO] utils.logging:   91: {"_type": "train_iter", "epoch": "1/30", "eta": "0:28:40", "iter": "301/8376", "loss": 1.020495, "lr": 0.000333, "neg_dist": 3.510013, "pos_dist": 3.901738, "time_diff": 2.060000, "triplet": 0.696779}
[08/11 09:46:47][INFO] utils.logging:   91: {"_type": "train_iter", "epoch": "1/30", "eta": "0:27:45", "iter": "351/8376", "loss": 1.514893, "lr": 0.000333, "neg_dist": 4.073611, "pos_dist": 5.092810, "time_diff": 2.330000, "triplet": 1.319199}
[08/11 09:46:47][INFO] utils.logging:   91: {"_type": "train_iter", "epoch": "1/30", "eta": "0:27:05", "iter": "401/8376", "loss": 1.402923, "lr": 0.000333, "neg_dist": 4.059616, "pos_dist": 4.802704, "time_diff": 2.600000, "triplet": 1.060443}
[08/11 09:46:47][INFO] utils.logging:   91: {"_type": "train_iter", "epoch": "1/30", "eta": "0:26:27", "iter": "451/8376", "loss": 0.503090, "lr": 0.000333, "neg_dist": 4.910208, "pos_dist": 4.430386, "time_diff": 2.850000, "triplet": 0.139192}
[08/11 09:46:47][INFO] utils.logging:   91: {"_type": "train_iter", "epoch": "1/30", "eta": "0:25:56", "iter": "501/8376", "loss": 2.114567, "lr": 0.000333, "neg_dist": 3.294420, "pos_dist": 4.697431, "time_diff": 3.110000, "triplet": 1.703011}
[08/11 09:46:48][INFO] utils.logging:   91: {"_type": "train_iter", "epoch": "1/30", "eta": "0:25:39", "iter": "551/8376", "loss": 0.908341, "lr": 0.000333, "neg_dist": 4.081588, "pos_dist": 4.311039, "time_diff": 3.380000, "triplet": 0.604392}
[08/11 09:46:48][INFO] utils.logging:   91: {"_type": "train_iter", "epoch": "1/30", "eta": "0:25:23", "iter": "601/8376", "loss": 1.495718, "lr": 0.000333, "neg_dist": 3.849031, "pos_dist": 4.719026, "time_diff": 3.650000, "triplet": 1.169994}
[08/11 09:46:48][INFO] utils.logging:   91: {"_type": "train_iter", "epoch": "1/30", "eta": "0:25:04", "iter": "651/8376", "loss": 0.881184, "lr": 0.000333, "neg_dist": 3.541496, "pos_dist": 3.765898, "time_diff": 3.910000, "triplet": 0.638523}
[08/11 09:46:48][INFO] utils.logging:   91: {"_type": "train_iter", "epoch": "1/30", "eta": "0:24:48", "iter": "701/8376", "loss": 1.457063, "lr": 0.000333, "neg_dist": 3.558166, "pos_dist": 4.372169, "time_diff": 4.160000, "triplet": 1.114003}
[08/11 09:46:49][INFO] utils.logging:   91: {"_type": "train_iter", "epoch": "1/30", "eta": "0:24:34", "iter": "751/8376", "loss": 1.795536, "lr": 0.000333, "neg_dist": 4.184467, "pos_dist": 5.283180, "time_diff": 4.420000, "triplet": 1.398713}
[08/11 09:46:49][INFO] utils.logging:   91: {"_type": "train_iter", "epoch": "1/30", "eta": "0:24:28", "iter": "801/8376", "loss": 1.414093, "lr": 0.000333, "neg_dist": 3.401745, "pos_dist": 4.118786, "time_diff": 4.700000, "triplet": 1.045128}
[08/11 09:46:49][INFO] utils.logging:   91: {"_type": "train_iter", "epoch": "1/30", "eta": "0:24:16", "iter": "851/8376", "loss": 0.697840, "lr": 0.000333, "neg_dist": 3.654939, "pos_dist": 3.707701, "time_diff": 4.950000, "triplet": 0.440822}
[08/11 09:46:49][INFO] utils.logging:   91: {"_type": "train_iter", "epoch": "1/30", "eta": "0:24:05", "iter": "901/8376", "loss": 1.296029, "lr": 0.000333, "neg_dist": 3.159106, "pos_dist": 3.810646, "time_diff": 5.200000, "triplet": 0.951540}
[08/11 09:46:50][INFO] utils.logging:   91: {"_type": "train_iter", "epoch": "1/30", "eta": "0:23:58", "iter": "951/8376", "loss": 0.809932, "lr": 0.000333, "neg_dist": 3.944355, "pos_dist": 4.252428, "time_diff": 5.460000, "triplet": 0.611792}
[08/11 09:46:50][INFO] utils.logging:   91: {"_type": "train_iter", "epoch": "1/30", "eta": "0:23:49", "iter": "1001/8376", "loss": 1.597157, "lr": 0.000333, "neg_dist": 3.229146, "pos_dist": 3.739005, "time_diff": 5.720000, "triplet": 1.295282}
[08/11 09:46:50][INFO] utils.logging:   91: {"_type": "train_iter", "epoch": "1/30", "eta": "0:23:39", "iter": "1051/8376", "loss": 1.087101, "lr": 0.000333, "neg_dist": 3.905426, "pos_dist": 4.381497, "time_diff": 5.960000, "triplet": 0.804257}
[08/11 09:46:50][INFO] utils.logging:   91: {"_type": "train_iter", "epoch": "1/30", "eta": "0:23:31", "iter": "1101/8376", "loss": 1.306379, "lr": 0.000333, "neg_dist": 3.222934, "pos_dist": 4.028339, "time_diff": 6.210000, "triplet": 1.105406}
[08/11 09:46:51][INFO] utils.logging:   91: {"_type": "train_iter", "epoch": "1/30", "eta": "0:23:24", "iter": "1151/8376", "loss": 1.053723, "lr": 0.000333, "neg_dist": 3.089161, "pos_dist": 3.533789, "time_diff": 6.460000, "triplet": 0.744628}
[08/11 09:46:51][INFO] utils.logging:   91: {"_type": "train_iter", "epoch": "1/30", "eta": "0:23:23", "iter": "1201/8376", "loss": 1.175185, "lr": 0.000333, "neg_dist": 3.337438, "pos_dist": 3.906731, "time_diff": 6.740000, "triplet": 0.911665}
[08/11 09:46:51][INFO] utils.logging:   91: {"_type": "train_iter", "epoch": "1/30", "eta": "0:23:19", "iter": "1251/8376", "loss": 0.888186, "lr": 0.000333, "neg_dist": 3.612246, "pos_dist": 3.812036, "time_diff": 7.000000, "triplet": 0.585717}
[08/11 09:46:51][INFO] utils.logging:   91: {"_type": "train_iter", "epoch": "1/30", "eta": "0:23:15", "iter": "1301/8376", "loss": 1.175406, "lr": 0.000333, "neg_dist": 3.255563, "pos_dist": 3.800354, "time_diff": 7.260000, "triplet": 0.852532}
[08/11 09:46:52][INFO] utils.logging:   91: {"_type": "train_iter", "epoch": "1/30", "eta": "0:23:10", "iter": "1351/8376", "loss": 1.310495, "lr": 0.000333, "neg_dist": 3.779142, "pos_dist": 4.428827, "time_diff": 7.520000, "triplet": 1.027550}
[08/11 09:46:52][INFO] utils.logging:   91: {"_type": "train_iter", "epoch": "1/30", "eta": "0:23:06", "iter": "1401/8376", "loss": 1.416539, "lr": 0.000333, "neg_dist": 3.273383, "pos_dist": 4.044147, "time_diff": 7.780000, "triplet": 1.070763}
[08/11 09:46:52][INFO] utils.logging:   91: {"_type": "train_iter", "epoch": "1/30", "eta": "0:23:04", "iter": "1451/8376", "loss": 1.078257, "lr": 0.000333, "neg_dist": 2.803938, "pos_dist": 3.188171, "time_diff": 8.040000, "triplet": 0.748539}
[08/11 09:46:53][INFO] utils.logging:   91: {"_type": "train_iter", "epoch": "1/30", "eta": "0:23:02", "iter": "1501/8376", "loss": 1.540673, "lr": 0.000333, "neg_dist": 2.775049, "pos_dist": 3.680927, "time_diff": 8.310000, "triplet": 1.205879}
[08/11 09:46:53][INFO] utils.logging:   91: {"_type": "train_iter", "epoch": "1/30", "eta": "0:22:57", "iter": "1551/8376", "loss": 0.866980, "lr": 0.000333, "neg_dist": 4.133831, "pos_dist": 4.312502, "time_diff": 8.560000, "triplet": 0.497231}
[08/11 09:46:53][INFO] utils.logging:   91: {"_type": "train_iter", "epoch": "1/30", "eta": "0:22:55", "iter": "1601/8376", "loss": 1.304844, "lr": 0.000333, "neg_dist": 3.610940, "pos_dist": 4.287318, "time_diff": 8.820000, "triplet": 0.976378}
[08/11 09:46:53][INFO] utils.logging:   91: {"_type": "train_iter", "epoch": "1/30", "eta": "0:22:53", "iter": "1651/8376", "loss": 0.849800, "lr": 0.000333, "neg_dist": 4.076026, "pos_dist": 4.294687, "time_diff": 9.080000, "triplet": 0.554769}
[08/11 09:46:54][INFO] utils.logging:   91: {"_type": "train_iter", "epoch": "1/30", "eta": "0:22:49", "iter": "1701/8376", "loss": 1.480988, "lr": 0.000333, "neg_dist": 4.288486, "pos_dist": 5.182510, "time_diff": 9.330000, "triplet": 1.204707}
[08/11 09:46:54][INFO] utils.logging:   91: {"_type": "train_iter", "epoch": "1/30", "eta": "0:22:46", "iter": "1751/8376", "loss": 1.569138, "lr": 0.000333, "neg_dist": 3.746239, "pos_dist": 4.670230, "time_diff": 9.590000, "triplet": 1.235121}
[08/11 09:46:54][INFO] utils.logging:   91: {"_type": "train_iter", "epoch": "1/30", "eta": "0:22:43", "iter": "1801/8376", "loss": 1.338825, "lr": 0.000333, "neg_dist": 3.485950, "pos_dist": 4.264627, "time_diff": 9.840000, "triplet": 1.078677}
[08/11 09:46:54][INFO] utils.logging:   91: {"_type": "train_iter", "epoch": "1/30", "eta": "0:22:39", "iter": "1851/8376", "loss": 0.946344, "lr": 0.000333, "neg_dist": 3.284158, "pos_dist": 3.485830, "time_diff": 10.090000, "triplet": 0.549646}
[08/11 09:46:55][INFO] utils.logging:   91: {"_type": "train_iter", "epoch": "1/30", "eta": "0:22:35", "iter": "1901/8376", "loss": 1.177142, "lr": 0.000333, "neg_dist": 3.141577, "pos_dist": 3.730038, "time_diff": 10.340000, "triplet": 0.888461}
[08/11 09:46:55][INFO] utils.logging:   91: {"_type": "train_iter", "epoch": "1/30", "eta": "0:22:32", "iter": "1951/8376", "loss": 1.232354, "lr": 0.000333, "neg_dist": 3.231286, "pos_dist": 3.932857, "time_diff": 10.590000, "triplet": 1.001571}
[08/11 09:46:55][INFO] utils.logging:   91: {"_type": "train_iter", "epoch": "1/30", "eta": "0:22:30", "iter": "2001/8376", "loss": 1.798216, "lr": 0.000333, "neg_dist": 3.589959, "pos_dist": 4.781094, "time_diff": 10.840000, "triplet": 1.491135}
[08/11 09:46:55][INFO] utils.logging:   91: {"_type": "train_iter", "epoch": "1/30", "eta": "0:22:27", "iter": "2051/8376", "loss": 1.358435, "lr": 0.000333, "neg_dist": 3.968775, "pos_dist": 4.647011, "time_diff": 11.090000, "triplet": 1.073996}
[08/11 09:46:56][INFO] utils.logging:   91: {"_type": "train_iter", "epoch": "1/30", "eta": "0:22:27", "iter": "2101/8376", "loss": 1.145977, "lr": 0.000333, "neg_dist": 3.811060, "pos_dist": 4.351066, "time_diff": 11.360000, "triplet": 0.840006}
[08/11 09:46:56][INFO] utils.logging:   91: {"_type": "train_iter", "epoch": "1/30", "eta": "0:22:25", "iter": "2151/8376", "loss": 1.106909, "lr": 0.000333, "neg_dist": 3.775408, "pos_dist": 4.265079, "time_diff": 11.610000, "triplet": 0.811817}
[08/11 09:46:56][INFO] utils.logging:   91: {"_type": "train_iter", "epoch": "1/30", "eta": "0:22:22", "iter": "2201/8376", "loss": 1.083902, "lr": 0.000333, "neg_dist": 3.839262, "pos_dist": 4.156628, "time_diff": 11.860000, "triplet": 0.760151}
[08/11 09:46:56][INFO] utils.logging:   91: {"_type": "train_iter", "epoch": "1/30", "eta": "0:22:19", "iter": "2251/8376", "loss": 1.177642, "lr": 0.000333, "neg_dist": 3.521976, "pos_dist": 4.022125, "time_diff": 12.110000, "triplet": 0.845903}
[08/11 09:46:57][INFO] utils.logging:   91: {"_type": "train_iter", "epoch": "1/30", "eta": "0:22:18", "iter": "2301/8376", "loss": 1.342945, "lr": 0.000333, "neg_dist": 3.474145, "pos_dist": 4.129450, "time_diff": 12.370000, "triplet": 1.008429}
[08/11 09:46:57][INFO] utils.logging:   91: {"_type": "train_iter", "epoch": "1/30", "eta": "0:22:16", "iter": "2351/8376", "loss": 0.715391, "lr": 0.000333, "neg_dist": 3.144183, "pos_dist": 3.238908, "time_diff": 12.620000, "triplet": 0.425762}
[08/11 09:46:57][INFO] utils.logging:   91: {"_type": "train_iter", "epoch": "1/30", "eta": "0:22:15", "iter": "2401/8376", "loss": 0.886414, "lr": 0.000333, "neg_dist": 3.313431, "pos_dist": 3.536506, "time_diff": 12.880000, "triplet": 0.655571}
[08/11 09:46:57][INFO] utils.logging:   91: {"_type": "train_iter", "epoch": "1/30", "eta": "0:22:14", "iter": "2451/8376", "loss": 1.401362, "lr": 0.000333, "neg_dist": 4.465712, "pos_dist": 5.080654, "time_diff": 13.150000, "triplet": 1.165249}
[08/11 09:46:58][INFO] utils.logging:   91: {"_type": "train_iter", "epoch": "1/30", "eta": "0:22:13", "iter": "2501/8376", "loss": 0.926289, "lr": 0.000333, "neg_dist": 3.141830, "pos_dist": 3.462457, "time_diff": 13.410000, "triplet": 0.628098}
[08/11 09:46:58][INFO] utils.logging:   91: {"_type": "train_iter", "epoch": "1/30", "eta": "0:22:12", "iter": "2551/8376", "loss": 1.465099, "lr": 0.000333, "neg_dist": 3.202235, "pos_dist": 4.080647, "time_diff": 13.670000, "triplet": 1.178411}
[08/11 09:46:58][INFO] utils.logging:   91: {"_type": "train_iter", "epoch": "1/30", "eta": "0:22:10", "iter": "2601/8376", "loss": 1.443193, "lr": 0.000333, "neg_dist": 3.619227, "pos_dist": 4.453803, "time_diff": 13.920000, "triplet": 1.134576}
[08/11 09:46:58][INFO] utils.logging:   91: {"_type": "train_iter", "epoch": "1/30", "eta": "0:22:10", "iter": "2651/8376", "loss": 1.077661, "lr": 0.000333, "neg_dist": 3.805178, "pos_dist": 4.234683, "time_diff": 14.190000, "triplet": 0.767219}
[08/11 09:46:59][INFO] utils.logging:   91: {"_type": "train_iter", "epoch": "1/30", "eta": "0:22:08", "iter": "2701/8376", "loss": 0.799234, "lr": 0.000333, "neg_dist": 4.331854, "pos_dist": 4.025455, "time_diff": 14.440000, "triplet": 0.460100}
[08/11 09:46:59][INFO] utils.logging:   91: {"_type": "train_iter", "epoch": "1/30", "eta": "0:22:08", "iter": "2751/8376", "loss": 1.013091, "lr": 0.000333, "neg_dist": 3.815947, "pos_dist": 4.254068, "time_diff": 14.700000, "triplet": 0.738121}
[08/11 09:46:59][INFO] utils.logging:   91: {"_type": "train_iter", "epoch": "1/30", "eta": "0:22:08", "iter": "2801/8376", "loss": 1.953813, "lr": 0.000333, "neg_dist": 3.994070, "pos_dist": 5.314848, "time_diff": 14.980000, "triplet": 1.620777}
[08/11 09:46:59][INFO] utils.logging:   91: {"_type": "train_iter", "epoch": "1/30", "eta": "0:22:06", "iter": "2851/8376", "loss": 1.448151, "lr": 0.000333, "neg_dist": 3.574876, "pos_dist": 4.450173, "time_diff": 15.230000, "triplet": 1.175298}
[08/11 09:47:00][INFO] utils.logging:   91: {"_type": "train_iter", "epoch": "1/30", "eta": "0:22:06", "iter": "2901/8376", "loss": 1.270499, "lr": 0.000333, "neg_dist": 3.458686, "pos_dist": 4.125492, "time_diff": 15.490000, "triplet": 0.998422}
[08/11 09:47:00][INFO] utils.logging:   91: {"_type": "train_iter", "epoch": "1/30", "eta": "0:22:05", "iter": "2951/8376", "loss": 0.943848, "lr": 0.000333, "neg_dist": 2.897006, "pos_dist": 3.241734, "time_diff": 15.750000, "triplet": 0.708976}
[08/11 09:47:00][INFO] utils.logging:   91: {"_type": "train_iter", "epoch": "1/30", "eta": "0:22:04", "iter": "3001/8376", "loss": 1.805036, "lr": 0.000333, "neg_dist": 3.561562, "pos_dist": 4.671545, "time_diff": 16.010000, "triplet": 1.409983}
[08/11 09:47:00][INFO] utils.logging:   91: {"_type": "train_iter", "epoch": "1/30", "eta": "0:22:03", "iter": "3051/8376", "loss": 1.078508, "lr": 0.000333, "neg_dist": 3.228776, "pos_dist": 3.693676, "time_diff": 16.270000, "triplet": 0.764900}
[08/11 09:47:01][INFO] utils.logging:   91: {"_type": "train_iter", "epoch": "1/30", "eta": "0:22:03", "iter": "3101/8376", "loss": 2.094979, "lr": 0.000333, "neg_dist": 4.517121, "pos_dist": 6.020166, "time_diff": 16.540000, "triplet": 1.803045}
[08/11 09:47:01][INFO] utils.logging:   91: {"_type": "train_iter", "epoch": "1/30", "eta": "0:22:02", "iter": "3151/8376", "loss": 1.285287, "lr": 0.000333, "neg_dist": 3.312575, "pos_dist": 3.955119, "time_diff": 16.800000, "triplet": 0.942544}
[08/11 09:47:01][INFO] utils.logging:   91: {"_type": "train_iter", "epoch": "1/30", "eta": "0:22:06", "iter": "3201/8376", "loss": 1.107096, "lr": 0.000333, "neg_dist": 3.561728, "pos_dist": 4.122233, "time_diff": 17.110000, "triplet": 0.860505}
[08/11 09:47:02][INFO] utils.logging:   91: {"_type": "train_iter", "epoch": "1/30", "eta": "0:22:05", "iter": "3251/8376", "loss": 1.842636, "lr": 0.000333, "neg_dist": 4.242932, "pos_dist": 5.491772, "time_diff": 17.370000, "triplet": 1.548840}
[08/11 09:47:02][INFO] utils.logging:   91: {"_type": "train_iter", "epoch": "1/30", "eta": "0:22:04", "iter": "3301/8376", "loss": 1.401448, "lr": 0.000333, "neg_dist": 3.645254, "pos_dist": 4.498078, "time_diff": 17.630000, "triplet": 1.152824}
[08/11 09:47:02][INFO] utils.logging:   91: {"_type": "train_iter", "epoch": "1/30", "eta": "0:22:05", "iter": "3351/8376", "loss": 1.594775, "lr": 0.000333, "neg_dist": 3.601659, "pos_dist": 4.547071, "time_diff": 17.910000, "triplet": 1.245413}
[08/11 09:47:02][INFO] utils.logging:   91: {"_type": "train_iter", "epoch": "1/30", "eta": "0:22:04", "iter": "3401/8376", "loss": 1.397952, "lr": 0.000333, "neg_dist": 3.723012, "pos_dist": 4.583356, "time_diff": 18.170000, "triplet": 1.160344}
[08/11 09:47:03][INFO] utils.logging:   91: {"_type": "train_iter", "epoch": "1/30", "eta": "0:22:02", "iter": "3451/8376", "loss": 1.418418, "lr": 0.000333, "neg_dist": 3.858077, "pos_dist": 4.673119, "time_diff": 18.420000, "triplet": 1.115042}
[08/11 09:47:03][INFO] utils.logging:   91: {"_type": "train_iter", "epoch": "1/30", "eta": "0:22:02", "iter": "3501/8376", "loss": 0.887950, "lr": 0.000333, "neg_dist": 3.464442, "pos_dist": 3.756601, "time_diff": 18.680000, "triplet": 0.592159}
[08/11 09:47:03][INFO] utils.logging:   91: {"_type": "train_iter", "epoch": "1/30", "eta": "0:22:01", "iter": "3551/8376", "loss": 1.421731, "lr": 0.000333, "neg_dist": 3.138004, "pos_dist": 3.942468, "time_diff": 18.940000, "triplet": 1.104464}
[08/11 09:47:03][INFO] utils.logging:   91: {"_type": "train_iter", "epoch": "1/30", "eta": "0:21:59", "iter": "3601/8376", "loss": 1.421637, "lr": 0.000333, "neg_dist": 4.169849, "pos_dist": 4.699708, "time_diff": 19.190000, "triplet": 1.070158}
[08/11 09:47:04][INFO] utils.logging:   91: {"_type": "train_iter", "epoch": "1/30", "eta": "0:21:59", "iter": "3651/8376", "loss": 0.784268, "lr": 0.000333, "neg_dist": 3.630941, "pos_dist": 3.552774, "time_diff": 19.460000, "triplet": 0.379864}
[08/11 09:47:04][INFO] utils.logging:   91: {"_type": "train_iter", "epoch": "1/30", "eta": "0:21:58", "iter": "3701/8376", "loss": 0.844137, "lr": 0.000333, "neg_dist": 3.460971, "pos_dist": 3.661727, "time_diff": 19.720000, "triplet": 0.571125}
[08/11 09:47:04][INFO] utils.logging:   91: {"_type": "train_iter", "epoch": "1/30", "eta": "0:21:57", "iter": "3751/8376", "loss": 1.568211, "lr": 0.000333, "neg_dist": 3.264057, "pos_dist": 4.254534, "time_diff": 19.970000, "triplet": 1.290477}
[08/11 09:47:04][INFO] utils.logging:   91: {"_type": "train_iter", "epoch": "1/30", "eta": "0:21:57", "iter": "3801/8376", "loss": 1.084824, "lr": 0.000333, "neg_dist": 3.591290, "pos_dist": 3.806648, "time_diff": 20.240000, "triplet": 0.670422}
[08/11 09:47:05][INFO] utils.logging:   91: {"_type": "train_iter", "epoch": "1/30", "eta": "0:21:56", "iter": "3851/8376", "loss": 1.061965, "lr": 0.000333, "neg_dist": 3.118811, "pos_dist": 3.525829, "time_diff": 20.490000, "triplet": 0.727042}
[08/11 09:47:05][INFO] utils.logging:   91: {"_type": "train_iter", "epoch": "1/30", "eta": "0:21:55", "iter": "3901/8376", "loss": 1.185790, "lr": 0.000333, "neg_dist": 3.112852, "pos_dist": 3.718571, "time_diff": 20.740000, "triplet": 0.905719}
[08/11 09:47:05][INFO] utils.logging:   91: {"_type": "train_iter", "epoch": "1/30", "eta": "0:21:54", "iter": "3951/8376", "loss": 0.895966, "lr": 0.000333, "neg_dist": 3.634213, "pos_dist": 3.770610, "time_diff": 21.000000, "triplet": 0.633362}
[08/11 09:47:05][INFO] utils.logging:   91: {"_type": "train_iter", "epoch": "1/30", "eta": "0:21:53", "iter": "4001/8376", "loss": 0.876203, "lr": 0.000333, "neg_dist": 3.714875, "pos_dist": 3.937951, "time_diff": 21.250000, "triplet": 0.540091}
[08/11 09:47:06][INFO] utils.logging:   91: {"_type": "train_iter", "epoch": "1/30", "eta": "0:21:52", "iter": "4051/8376", "loss": 1.751703, "lr": 0.000333, "neg_dist": 3.146019, "pos_dist": 4.308712, "time_diff": 21.510000, "triplet": 1.462693}
[08/11 09:47:06][INFO] utils.logging:   91: {"_type": "train_iter", "epoch": "1/30", "eta": "0:21:52", "iter": "4101/8376", "loss": 1.372591, "lr": 0.000333, "neg_dist": 3.569076, "pos_dist": 4.337796, "time_diff": 21.770000, "triplet": 1.068721}
[08/11 09:47:06][INFO] utils.logging:   91: {"_type": "train_iter", "epoch": "1/30", "eta": "0:21:51", "iter": "4151/8376", "loss": 0.607267, "lr": 0.000333, "neg_dist": 3.777665, "pos_dist": 3.435978, "time_diff": 22.020000, "triplet": 0.319382}
[08/11 09:47:07][INFO] utils.logging:   91: {"_type": "train_iter", "epoch": "1/30", "eta": "0:21:52", "iter": "4201/8376", "loss": 0.985820, "lr": 0.000333, "neg_dist": 4.231259, "pos_dist": 4.539724, "time_diff": 22.320000, "triplet": 0.632829}
[08/11 09:47:07][INFO] utils.logging:   91: {"_type": "train_iter", "epoch": "1/30", "eta": "0:21:54", "iter": "4251/8376", "loss": 1.445239, "lr": 0.000333, "neg_dist": 4.333962, "pos_dist": 5.079297, "time_diff": 22.620000, "triplet": 1.045335}
[08/11 09:47:07][INFO] utils.logging:   91: {"_type": "train_iter", "epoch": "1/30", "eta": "0:21:53", "iter": "4301/8376", "loss": 1.592563, "lr": 0.000333, "neg_dist": 3.705297, "pos_dist": 4.698538, "time_diff": 22.880000, "triplet": 1.293241}
[08/11 09:47:07][INFO] utils.logging:   91: {"_type": "train_iter", "epoch": "1/30", "eta": "0:21:52", "iter": "4351/8376", "loss": 1.566868, "lr": 0.000333, "neg_dist": 3.895859, "pos_dist": 4.921773, "time_diff": 23.130000, "triplet": 1.325914}
[08/11 09:47:08][INFO] utils.logging:   91: {"_type": "train_iter", "epoch": "1/30", "eta": "0:21:51", "iter": "4401/8376", "loss": 1.039047, "lr": 0.000333, "neg_dist": 2.972593, "pos_dist": 3.428057, "time_diff": 23.390000, "triplet": 0.755464}
[08/11 09:47:08][INFO] utils.logging:   91: {"_type": "train_iter", "epoch": "1/30", "eta": "0:21:50", "iter": "4451/8376", "loss": 1.042405, "lr": 0.000333, "neg_dist": 3.426169, "pos_dist": 3.856441, "time_diff": 23.640000, "triplet": 0.843461}
[08/11 09:47:08][INFO] utils.logging:   91: {"_type": "train_iter", "epoch": "1/30", "eta": "0:21:50", "iter": "4501/8376", "loss": 1.242038, "lr": 0.000333, "neg_dist": 4.065224, "pos_dist": 4.371622, "time_diff": 23.900000, "triplet": 0.980043}
[08/11 09:47:08][INFO] utils.logging:   91: {"_type": "train_iter", "epoch": "1/30", "eta": "0:21:49", "iter": "4551/8376", "loss": 1.311722, "lr": 0.000333, "neg_dist": 3.486980, "pos_dist": 4.213202, "time_diff": 24.160000, "triplet": 1.030019}
[08/11 09:47:09][INFO] utils.logging:   91: {"_type": "train_iter", "epoch": "1/30", "eta": "0:21:48", "iter": "4601/8376", "loss": 1.374210, "lr": 0.000333, "neg_dist": 3.383240, "pos_dist": 4.148638, "time_diff": 24.410000, "triplet": 1.065398}
[08/11 09:47:09][INFO] utils.logging:   91: {"_type": "train_iter", "epoch": "1/30", "eta": "0:21:48", "iter": "4651/8376", "loss": 1.502262, "lr": 0.000333, "neg_dist": 3.122640, "pos_dist": 3.989842, "time_diff": 24.680000, "triplet": 1.207124}
[08/11 09:47:09][INFO] utils.logging:   91: {"_type": "train_iter", "epoch": "1/30", "eta": "0:21:47", "iter": "4701/8376", "loss": 1.473421, "lr": 0.000333, "neg_dist": 3.115030, "pos_dist": 3.924771, "time_diff": 24.930000, "triplet": 1.109741}
[08/11 09:47:09][INFO] utils.logging:   91: {"_type": "train_iter", "epoch": "1/30", "eta": "0:21:47", "iter": "4751/8376", "loss": 1.531000, "lr": 0.000333, "neg_dist": 3.508069, "pos_dist": 4.482338, "time_diff": 25.190000, "triplet": 1.274269}
[08/11 09:47:10][INFO] utils.logging:   91: {"_type": "train_iter", "epoch": "1/30", "eta": "0:21:46", "iter": "4801/8376", "loss": 1.034475, "lr": 0.000333, "neg_dist": 3.963572, "pos_dist": 4.275767, "time_diff": 25.450000, "triplet": 0.718588}
[08/11 09:47:10][INFO] utils.logging:   91: {"_type": "train_iter", "epoch": "1/30", "eta": "0:21:46", "iter": "4851/8376", "loss": 1.438080, "lr": 0.000333, "neg_dist": 3.713496, "pos_dist": 4.449946, "time_diff": 25.710000, "triplet": 1.168491}
[08/11 09:47:10][INFO] utils.logging:   91: {"_type": "train_iter", "epoch": "1/30", "eta": "0:21:45", "iter": "4901/8376", "loss": 1.169376, "lr": 0.000333, "neg_dist": 3.474799, "pos_dist": 3.999921, "time_diff": 25.970000, "triplet": 0.858725}
[08/11 09:47:10][INFO] utils.logging:   91: {"_type": "train_iter", "epoch": "1/30", "eta": "0:21:44", "iter": "4951/8376", "loss": 1.811908, "lr": 0.000333, "neg_dist": 3.445638, "pos_dist": 4.682410, "time_diff": 26.220000, "triplet": 1.536772}
[08/11 09:47:11][INFO] utils.logging:   91: {"_type": "train_iter", "epoch": "1/30", "eta": "0:21:43", "iter": "5001/8376", "loss": 0.717578, "lr": 0.000333, "neg_dist": 4.002148, "pos_dist": 3.765136, "time_diff": 26.470000, "triplet": 0.457995}
[08/11 09:47:11][INFO] utils.logging:   91: {"_type": "train_iter", "epoch": "1/30", "eta": "0:21:44", "iter": "5051/8376", "loss": 1.793534, "lr": 0.000333, "neg_dist": 3.634629, "pos_dist": 4.851415, "time_diff": 26.760000, "triplet": 1.550547}
[08/11 09:47:11][INFO] utils.logging:   91: {"_type": "train_iter", "epoch": "1/30", "eta": "0:21:43", "iter": "5101/8376", "loss": 1.250367, "lr": 0.000333, "neg_dist": 3.335159, "pos_dist": 4.035298, "time_diff": 27.010000, "triplet": 1.000139}
[08/11 09:47:12][INFO] utils.logging:   91: {"_type": "train_iter", "epoch": "1/30", "eta": "0:21:43", "iter": "5151/8376", "loss": 1.735664, "lr": 0.000333, "neg_dist": 3.643212, "pos_dist": 4.896663, "time_diff": 27.280000, "triplet": 1.553451}
[08/11 09:47:12][INFO] utils.logging:   91: {"_type": "train_iter", "epoch": "1/30", "eta": "0:21:43", "iter": "5201/8376", "loss": 1.131582, "lr": 0.000333, "neg_dist": 4.101296, "pos_dist": 4.576250, "time_diff": 27.540000, "triplet": 0.808515}
[08/11 09:47:12][INFO] utils.logging:   91: {"_type": "train_iter", "epoch": "1/30", "eta": "0:21:42", "iter": "5251/8376", "loss": 0.844372, "lr": 0.000333, "neg_dist": 3.120199, "pos_dist": 3.273688, "time_diff": 27.790000, "triplet": 0.485445}
[08/11 09:47:12][INFO] utils.logging:   91: {"_type": "train_iter", "epoch": "1/30", "eta": "0:21:41", "iter": "5301/8376", "loss": 1.160999, "lr": 0.000333, "neg_dist": 3.859595, "pos_dist": 4.325112, "time_diff": 28.040000, "triplet": 0.816831}
[08/11 09:47:13][INFO] utils.logging:   91: {"_type": "train_iter", "epoch": "1/30", "eta": "0:21:40", "iter": "5351/8376", "loss": 1.740680, "lr": 0.000333, "neg_dist": 3.607897, "pos_dist": 4.550476, "time_diff": 28.300000, "triplet": 1.387887}
[08/11 09:47:13][INFO] utils.logging:   91: {"_type": "train_iter", "epoch": "1/30", "eta": "0:21:40", "iter": "5401/8376", "loss": 0.636150, "lr": 0.000333, "neg_dist": 3.404276, "pos_dist": 3.451110, "time_diff": 28.560000, "triplet": 0.399956}
[08/11 09:47:13][INFO] utils.logging:   91: {"_type": "train_iter", "epoch": "1/30", "eta": "0:21:40", "iter": "5451/8376", "loss": 1.163754, "lr": 0.000333, "neg_dist": 3.486234, "pos_dist": 4.116436, "time_diff": 28.840000, "triplet": 0.930201}
[08/11 09:47:13][INFO] utils.logging:   91: {"_type": "train_iter", "epoch": "1/30", "eta": "0:21:39", "iter": "5501/8376", "loss": 1.214714, "lr": 0.000333, "neg_dist": 3.504942, "pos_dist": 4.235592, "time_diff": 29.090000, "triplet": 1.030649}
[08/11 09:47:14][INFO] utils.logging:   91: {"_type": "train_iter", "epoch": "1/30", "eta": "0:21:39", "iter": "5551/8376", "loss": 1.039553, "lr": 0.000333, "neg_dist": 3.396545, "pos_dist": 3.752177, "time_diff": 29.350000, "triplet": 0.765093}
[08/11 09:47:14][INFO] utils.logging:   91: {"_type": "train_iter", "epoch": "1/30", "eta": "0:21:38", "iter": "5601/8376", "loss": 0.603832, "lr": 0.000333, "neg_dist": 3.770915, "pos_dist": 3.395168, "time_diff": 29.600000, "triplet": 0.251325}
[08/11 09:47:14][INFO] utils.logging:   91: {"_type": "train_iter", "epoch": "1/30", "eta": "0:21:38", "iter": "5651/8376", "loss": 1.499334, "lr": 0.000333, "neg_dist": 3.663804, "pos_dist": 4.639657, "time_diff": 29.860000, "triplet": 1.275853}
[08/11 09:47:14][INFO] utils.logging:   91: {"_type": "train_iter", "epoch": "1/30", "eta": "0:21:37", "iter": "5701/8376", "loss": 0.778482, "lr": 0.000333, "neg_dist": 3.727430, "pos_dist": 3.696094, "time_diff": 30.120000, "triplet": 0.524545}
[08/11 09:47:15][INFO] utils.logging:   91: {"_type": "train_iter", "epoch": "1/30", "eta": "0:21:36", "iter": "5751/8376", "loss": 1.719655, "lr": 0.000333, "neg_dist": 3.536988, "pos_dist": 4.703876, "time_diff": 30.370000, "triplet": 1.466888}
[08/11 09:47:15][INFO] utils.logging:   91: {"_type": "train_iter", "epoch": "1/30", "eta": "0:21:36", "iter": "5801/8376", "loss": 1.012628, "lr": 0.000333, "neg_dist": 3.701831, "pos_dist": 4.021709, "time_diff": 30.630000, "triplet": 0.623305}
[08/11 09:47:15][INFO] utils.logging:   91: {"_type": "train_iter", "epoch": "1/30", "eta": "0:21:36", "iter": "5851/8376", "loss": 1.124822, "lr": 0.000333, "neg_dist": 3.596080, "pos_dist": 3.997245, "time_diff": 30.900000, "triplet": 0.833279}
[08/11 09:47:15][INFO] utils.logging:   91: {"_type": "train_iter", "epoch": "1/30", "eta": "0:21:36", "iter": "5901/8376", "loss": 1.490375, "lr": 0.000333, "neg_dist": 3.479730, "pos_dist": 4.354528, "time_diff": 31.180000, "triplet": 1.181479}
[08/11 09:47:16][INFO] utils.logging:   91: {"_type": "train_iter", "epoch": "1/30", "eta": "0:21:35", "iter": "5951/8376", "loss": 1.309170, "lr": 0.000333, "neg_dist": 2.912489, "pos_dist": 3.625424, "time_diff": 31.440000, "triplet": 1.012936}
[08/11 09:47:16][INFO] utils.logging:   91: {"_type": "train_iter", "epoch": "1/30", "eta": "0:21:35", "iter": "6001/8376", "loss": 1.253412, "lr": 0.000333, "neg_dist": 3.893656, "pos_dist": 4.531308, "time_diff": 31.690000, "triplet": 0.937652}
[08/11 09:47:16][INFO] utils.logging:   91: {"_type": "train_iter", "epoch": "1/30", "eta": "0:21:34", "iter": "6051/8376", "loss": 1.172699, "lr": 0.000333, "neg_dist": 3.778914, "pos_dist": 4.177187, "time_diff": 31.940000, "triplet": 0.790849}
[08/11 09:47:16][INFO] utils.logging:   91: {"_type": "train_iter", "epoch": "1/30", "eta": "0:21:35", "iter": "6101/8376", "loss": 1.565029, "lr": 0.000333, "neg_dist": 2.960978, "pos_dist": 3.845110, "time_diff": 32.230000, "triplet": 1.218985}
[08/11 09:47:17][INFO] utils.logging:   91: {"_type": "train_iter", "epoch": "1/30", "eta": "0:21:34", "iter": "6151/8376", "loss": 0.937842, "lr": 0.000333, "neg_dist": 3.181155, "pos_dist": 3.423171, "time_diff": 32.490000, "triplet": 0.588990}
[08/11 09:47:17][INFO] utils.logging:   91: {"_type": "train_iter", "epoch": "1/30", "eta": "0:21:34", "iter": "6201/8376", "loss": 1.314692, "lr": 0.000333, "neg_dist": 2.983522, "pos_dist": 3.548638, "time_diff": 32.750000, "triplet": 1.035354}
[08/11 09:47:17][INFO] utils.logging:   91: {"_type": "train_iter", "epoch": "1/30", "eta": "0:21:33", "iter": "6251/8376", "loss": 0.675764, "lr": 0.000333, "neg_dist": 3.034073, "pos_dist": 3.166907, "time_diff": 33.000000, "triplet": 0.460253}
[08/11 09:47:17][INFO] utils.logging:   91: {"_type": "train_iter", "epoch": "1/30", "eta": "0:21:32", "iter": "6301/8376", "loss": 1.629519, "lr": 0.000333, "neg_dist": 3.006361, "pos_dist": 3.876224, "time_diff": 33.260000, "triplet": 1.204188}
[08/11 09:47:18][INFO] utils.logging:   91: {"_type": "train_iter", "epoch": "1/30", "eta": "0:21:32", "iter": "6351/8376", "loss": 1.083918, "lr": 0.000333, "neg_dist": 3.416030, "pos_dist": 3.810935, "time_diff": 33.520000, "triplet": 0.825375}
[08/11 09:47:18][INFO] utils.logging:   91: {"_type": "train_iter", "epoch": "1/30", "eta": "0:21:33", "iter": "6401/8376", "loss": 0.717560, "lr": 0.000333, "neg_dist": 3.903348, "pos_dist": 3.546861, "time_diff": 33.800000, "triplet": 0.401371}
[08/11 09:47:18][INFO] utils.logging:   91: {"_type": "train_iter", "epoch": "1/30", "eta": "0:21:32", "iter": "6451/8376", "loss": 1.118222, "lr": 0.000333, "neg_dist": 3.093330, "pos_dist": 3.574208, "time_diff": 34.050000, "triplet": 0.780878}
[08/11 09:47:19][INFO] utils.logging:   91: {"_type": "train_iter", "epoch": "1/30", "eta": "0:21:31", "iter": "6501/8376", "loss": 1.346229, "lr": 0.000333, "neg_dist": 3.448940, "pos_dist": 4.182376, "time_diff": 34.310000, "triplet": 1.041726}
[08/11 09:47:19][INFO] utils.logging:   91: {"_type": "train_iter", "epoch": "1/30", "eta": "0:21:31", "iter": "6551/8376", "loss": 1.604404, "lr": 0.000333, "neg_dist": 3.602051, "pos_dist": 4.531734, "time_diff": 34.560000, "triplet": 1.259718}
[08/11 09:47:19][INFO] utils.logging:   91: {"_type": "train_iter", "epoch": "1/30", "eta": "0:21:30", "iter": "6601/8376", "loss": 1.119960, "lr": 0.000333, "neg_dist": 3.239704, "pos_dist": 3.692188, "time_diff": 34.820000, "triplet": 0.796772}
[08/11 09:47:19][INFO] utils.logging:   91: {"_type": "train_iter", "epoch": "1/30", "eta": "0:21:30", "iter": "6651/8376", "loss": 0.887049, "lr": 0.000333, "neg_dist": 3.619420, "pos_dist": 3.457310, "time_diff": 35.090000, "triplet": 0.574495}
[08/11 09:47:20][INFO] utils.logging:   91: {"_type": "train_iter", "epoch": "1/30", "eta": "0:21:30", "iter": "6701/8376", "loss": 1.169002, "lr": 0.000333, "neg_dist": 3.358085, "pos_dist": 3.983858, "time_diff": 35.350000, "triplet": 0.959731}
[08/11 09:47:20][INFO] utils.logging:   91: {"_type": "train_iter", "epoch": "1/30", "eta": "0:21:30", "iter": "6751/8376", "loss": 1.004894, "lr": 0.000333, "neg_dist": 3.545147, "pos_dist": 3.913824, "time_diff": 35.620000, "triplet": 0.719953}
[08/11 09:47:20][INFO] utils.logging:   91: {"_type": "train_iter", "epoch": "1/30", "eta": "0:21:29", "iter": "6801/8376", "loss": 0.908545, "lr": 0.000333, "neg_dist": 2.758073, "pos_dist": 3.070323, "time_diff": 35.880000, "triplet": 0.652330}
[08/11 09:47:20][INFO] utils.logging:   91: {"_type": "train_iter", "epoch": "1/30", "eta": "0:21:29", "iter": "6851/8376", "loss": 1.498136, "lr": 0.000333, "neg_dist": 3.532681, "pos_dist": 4.364430, "time_diff": 36.140000, "triplet": 1.199908}
[08/11 09:47:21][INFO] utils.logging:   91: {"_type": "train_iter", "epoch": "1/30", "eta": "0:21:28", "iter": "6901/8376", "loss": 1.419439, "lr": 0.000333, "neg_dist": 4.490106, "pos_dist": 4.910627, "time_diff": 36.400000, "triplet": 1.202623}
[08/11 09:47:21][INFO] utils.logging:   91: {"_type": "train_iter", "epoch": "1/30", "eta": "0:21:28", "iter": "6951/8376", "loss": 1.444602, "lr": 0.000333, "neg_dist": 3.804445, "pos_dist": 4.456401, "time_diff": 36.660000, "triplet": 1.174395}
[08/11 09:47:21][INFO] utils.logging:   91: {"_type": "train_iter", "epoch": "1/30", "eta": "0:21:28", "iter": "7001/8376", "loss": 1.156618, "lr": 0.000333, "neg_dist": 3.439195, "pos_dist": 3.986392, "time_diff": 36.920000, "triplet": 0.847197}
[08/11 09:47:21][INFO] utils.logging:   91: {"_type": "train_iter", "epoch": "1/30", "eta": "0:21:27", "iter": "7051/8376", "loss": 1.444114, "lr": 0.000333, "neg_dist": 3.124408, "pos_dist": 3.752805, "time_diff": 37.180000, "triplet": 1.089999}
[08/11 09:47:22][INFO] utils.logging:   91: {"_type": "train_iter", "epoch": "1/30", "eta": "0:21:27", "iter": "7101/8376", "loss": 1.070215, "lr": 0.000333, "neg_dist": 3.516325, "pos_dist": 3.785887, "time_diff": 37.440000, "triplet": 0.686851}
[08/11 09:47:22][INFO] utils.logging:   91: {"_type": "train_iter", "epoch": "1/30", "eta": "0:21:27", "iter": "7151/8376", "loss": 1.403720, "lr": 0.000333, "neg_dist": 3.797568, "pos_dist": 4.616220, "time_diff": 37.700000, "triplet": 1.118652}
[08/11 09:47:22][INFO] utils.logging:   91: {"_type": "train_iter", "epoch": "1/30", "eta": "0:21:26", "iter": "7201/8376", "loss": 1.366632, "lr": 0.000333, "neg_dist": 3.203820, "pos_dist": 3.960432, "time_diff": 37.960000, "triplet": 1.056611}
[08/11 09:47:22][INFO] utils.logging:   91: {"_type": "train_iter", "epoch": "1/30", "eta": "0:21:26", "iter": "7251/8376", "loss": 1.396013, "lr": 0.000333, "neg_dist": 3.490984, "pos_dist": 4.168587, "time_diff": 38.220000, "triplet": 1.068985}
[08/11 09:47:23][INFO] utils.logging:   91: {"_type": "train_iter", "epoch": "1/30", "eta": "0:21:25", "iter": "7301/8376", "loss": 0.510275, "lr": 0.000333, "neg_dist": 3.445734, "pos_dist": 3.306828, "time_diff": 38.480000, "triplet": 0.297496}
[08/11 09:47:23][INFO] utils.logging:   91: {"_type": "train_iter", "epoch": "1/30", "eta": "0:21:25", "iter": "7351/8376", "loss": 1.011524, "lr": 0.000333, "neg_dist": 3.701147, "pos_dist": 3.874022, "time_diff": 38.730000, "triplet": 0.694965}
[08/11 09:47:23][INFO] utils.logging:   91: {"_type": "train_iter", "epoch": "1/30", "eta": "0:21:24", "iter": "7401/8376", "loss": 1.954719, "lr": 0.000333, "neg_dist": 3.661052, "pos_dist": 5.019549, "time_diff": 38.980000, "triplet": 1.658497}
[08/11 09:47:23][INFO] utils.logging:   91: {"_type": "train_iter", "epoch": "1/30", "eta": "0:21:23", "iter": "7451/8376", "loss": 1.431802, "lr": 0.000333, "neg_dist": 3.223321, "pos_dist": 4.062640, "time_diff": 39.230000, "triplet": 1.139319}
[08/11 09:47:24][INFO] utils.logging:   91: {"_type": "train_iter", "epoch": "1/30", "eta": "0:21:23", "iter": "7501/8376", "loss": 1.101937, "lr": 0.000333, "neg_dist": 3.758626, "pos_dist": 4.076402, "time_diff": 39.490000, "triplet": 0.845604}
[08/11 09:47:24][INFO] utils.logging:   91: {"_type": "train_iter", "epoch": "1/30", "eta": "0:21:22", "iter": "7551/8376", "loss": 1.213996, "lr": 0.000333, "neg_dist": 3.358118, "pos_dist": 3.985281, "time_diff": 39.740000, "triplet": 0.982195}
[08/11 09:47:24][INFO] utils.logging:   91: {"_type": "train_iter", "epoch": "1/30", "eta": "0:21:23", "iter": "7601/8376", "loss": 1.386118, "lr": 0.000333, "neg_dist": 3.733039, "pos_dist": 4.506556, "time_diff": 40.030000, "triplet": 1.073517}
[08/11 09:47:25][INFO] utils.logging:   91: {"_type": "train_iter", "epoch": "1/30", "eta": "0:21:22", "iter": "7651/8376", "loss": 1.475178, "lr": 0.000333, "neg_dist": 3.132888, "pos_dist": 3.989697, "time_diff": 40.290000, "triplet": 1.156810}
[08/11 09:47:25][INFO] utils.logging:   91: {"_type": "train_iter", "epoch": "1/30", "eta": "0:21:22", "iter": "7701/8376", "loss": 1.236856, "lr": 0.000333, "neg_dist": 3.538029, "pos_dist": 4.143560, "time_diff": 40.540000, "triplet": 0.905531}
[08/11 09:47:25][INFO] utils.logging:   91: {"_type": "train_iter", "epoch": "1/30", "eta": "0:21:21", "iter": "7751/8376", "loss": 0.911617, "lr": 0.000333, "neg_dist": 2.694391, "pos_dist": 2.932788, "time_diff": 40.800000, "triplet": 0.615415}
[08/11 09:47:25][INFO] utils.logging:   91: {"_type": "train_iter", "epoch": "1/30", "eta": "0:21:21", "iter": "7801/8376", "loss": 0.804399, "lr": 0.000333, "neg_dist": 3.971486, "pos_dist": 3.801755, "time_diff": 41.060000, "triplet": 0.497420}
[08/11 09:47:26][INFO] utils.logging:   91: {"_type": "train_iter", "epoch": "1/30", "eta": "0:21:21", "iter": "7851/8376", "loss": 1.630566, "lr": 0.000333, "neg_dist": 4.060517, "pos_dist": 5.139691, "time_diff": 41.320000, "triplet": 1.379174}
[08/11 09:47:26][INFO] utils.logging:   91: {"_type": "train_iter", "epoch": "1/30", "eta": "0:21:20", "iter": "7901/8376", "loss": 1.144667, "lr": 0.000333, "neg_dist": 3.262605, "pos_dist": 3.507441, "time_diff": 41.570000, "triplet": 0.746909}
[08/11 09:47:26][INFO] utils.logging:   91: {"_type": "train_iter", "epoch": "1/30", "eta": "0:21:19", "iter": "7951/8376", "loss": 1.615856, "lr": 0.000333, "neg_dist": 3.269920, "pos_dist": 4.353445, "time_diff": 41.820000, "triplet": 1.383525}
[08/11 09:47:26][INFO] utils.logging:   91: {"_type": "train_iter", "epoch": "1/30", "eta": "0:21:19", "iter": "8001/8376", "loss": 0.730568, "lr": 0.000333, "neg_dist": 4.102131, "pos_dist": 4.067122, "time_diff": 42.070000, "triplet": 0.409966}
[08/11 09:47:27][INFO] utils.logging:   91: {"_type": "train_iter", "epoch": "1/30", "eta": "0:21:19", "iter": "8051/8376", "loss": 1.250378, "lr": 0.000333, "neg_dist": 3.182192, "pos_dist": 3.812199, "time_diff": 42.340000, "triplet": 0.930007}
[08/11 09:47:27][INFO] utils.logging:   91: {"_type": "train_iter", "epoch": "1/30", "eta": "0:21:18", "iter": "8101/8376", "loss": 1.133188, "lr": 0.000333, "neg_dist": 3.617084, "pos_dist": 3.940251, "time_diff": 42.600000, "triplet": 0.834537}
[08/11 09:47:27][INFO] utils.logging:   91: {"_type": "train_iter", "epoch": "1/30", "eta": "0:21:18", "iter": "8151/8376", "loss": 1.644201, "lr": 0.000333, "neg_dist": 4.275111, "pos_dist": 5.240764, "time_diff": 42.860000, "triplet": 1.267172}
[08/11 09:47:27][INFO] utils.logging:   91: {"_type": "train_iter", "epoch": "1/30", "eta": "0:21:17", "iter": "8201/8376", "loss": 1.118632, "lr": 0.000333, "neg_dist": 3.069715, "pos_dist": 3.544098, "time_diff": 43.110000, "triplet": 0.925215}
[08/11 09:47:28][INFO] utils.logging:   91: {"_type": "train_iter", "epoch": "1/30", "eta": "0:21:17", "iter": "8251/8376", "loss": 0.911527, "lr": 0.000333, "neg_dist": 3.992362, "pos_dist": 4.291039, "time_diff": 43.380000, "triplet": 0.630863}
[08/11 09:47:28][INFO] utils.logging:   91: {"_type": "train_iter", "epoch": "1/30", "eta": "0:21:16", "iter": "8301/8376", "loss": 1.270272, "lr": 0.000333, "neg_dist": 4.047058, "pos_dist": 4.635461, "time_diff": 43.630000, "triplet": 0.938083}
[08/11 09:47:28][INFO] utils.logging:   91: {"_type": "train_iter", "epoch": "1/30", "eta": "0:21:16", "iter": "8351/8376", "loss": 1.404564, "lr": 0.000333, "neg_dist": 3.098866, "pos_dist": 3.855265, "time_diff": 43.880000, "triplet": 1.056400}
[08/11 09:47:28][INFO] __main__:  137: Checkpoint: output/frame_selector/ssv2_ViT-B16_BiMHM/frame_selector_epoch0000.pth
[08/11 09:47:28][INFO] utils.logging:   91: {"RAM": "14.55/125.63 GB", "_type": "train_epoch", "epoch": "1/30", "eta": "0:21:16", "gpu_mem": "0.39 GB", "loss": 1.240877, "lr": 0.000333, "neg_dist": 3.586348, "pos_dist": 4.150257, "time_diff": 44.020000, "triplet": 0.938056}
[08/11 09:47:29][INFO] utils.logging:   91: {"_type": "val_epoch", "epoch": "1/30", "loss": 1.257525}
[08/11 09:47:29][INFO] __main__:  137: Checkpoint: output/frame_selector/ssv2_ViT-B16_BiMHM/frame_selector_epoch0000.pth
[08/11 09:47:29][INFO] __main__:  140: Best checkpoint: output/frame_selector/ssv2_ViT-B16_BiMHM/frame_selector_best.pth (loss=1.257525)
[08/11 09:47:29][INFO] __main__:  413: New best val loss: 1.257525 at epoch 0
[08/11 09:47:29][INFO] utils.logging:   91: {"_type": "train_iter", "epoch": "2/30", "eta": "0:21:36", "iter": "1/8376", "loss": 1.329428, "lr": 0.000667, "neg_dist": 3.332153, "pos_dist": 4.018706, "time_diff": 0.070000, "triplet": 0.986553}
[08/11 09:47:29][INFO] utils.logging:   91: {"_type": "train_iter", "epoch": "2/30", "eta": "0:21:36", "iter": "51/8376", "loss": 1.375311, "lr": 0.000667, "neg_dist": 3.143488, "pos_dist": 3.888737, "time_diff": 0.360000, "triplet": 1.063555}
[08/11 09:47:29][INFO] utils.logging:   91: {"_type": "train_iter", "epoch": "2/30", "eta": "0:21:36", "iter": "101/8376", "loss": 1.021288, "lr": 0.000667, "neg_dist": 3.620322, "pos_dist": 3.977976, "time_diff": 0.610000, "triplet": 0.697458}
[08/11 09:47:30][INFO] utils.logging:   91: {"_type": "train_iter", "epoch": "2/30", "eta": "0:21:35", "iter": "151/8376", "loss": 0.731227, "lr": 0.000667, "neg_dist": 3.260217, "pos_dist": 3.274104, "time_diff": 0.870000, "triplet": 0.352266}
[08/11 09:47:30][INFO] utils.logging:   91: {"_type": "train_iter", "epoch": "2/30", "eta": "0:21:35", "iter": "201/8376", "loss": 1.349743, "lr": 0.000667, "neg_dist": 4.100811, "pos_dist": 4.766924, "time_diff": 1.140000, "triplet": 1.004776}
[08/11 09:47:30][INFO] utils.logging:   91: {"_type": "train_iter", "epoch": "2/30", "eta": "0:21:34", "iter": "251/8376", "loss": 0.978478, "lr": 0.000667, "neg_dist": 3.639093, "pos_dist": 3.913615, "time_diff": 1.390000, "triplet": 0.713442}
[08/11 09:47:31][INFO] utils.logging:   91: {"_type": "train_iter", "epoch": "2/30", "eta": "0:21:34", "iter": "301/8376", "loss": 1.158912, "lr": 0.000667, "neg_dist": 3.222482, "pos_dist": 3.826121, "time_diff": 1.650000, "triplet": 0.903639}
[08/11 09:47:31][INFO] utils.logging:   91: {"_type": "train_iter", "epoch": "2/30", "eta": "0:21:34", "iter": "351/8376", "loss": 1.433764, "lr": 0.000667, "neg_dist": 4.452960, "pos_dist": 5.330863, "time_diff": 1.920000, "triplet": 1.177903}
[08/11 09:47:31][INFO] utils.logging:   91: {"_type": "train_iter", "epoch": "2/30", "eta": "0:21:34", "iter": "401/8376", "loss": 1.117149, "lr": 0.000667, "neg_dist": 3.139246, "pos_dist": 3.712198, "time_diff": 2.190000, "triplet": 0.872953}
[08/11 09:47:31][INFO] utils.logging:   91: {"_type": "train_iter", "epoch": "2/30", "eta": "0:21:33", "iter": "451/8376", "loss": 1.035383, "lr": 0.000667, "neg_dist": 3.107424, "pos_dist": 3.579680, "time_diff": 2.440000, "triplet": 0.772256}
[08/11 09:47:32][INFO] utils.logging:   91: {"_type": "train_iter", "epoch": "2/30", "eta": "0:21:32", "iter": "501/8376", "loss": 0.791140, "lr": 0.000667, "neg_dist": 3.121914, "pos_dist": 3.191758, "time_diff": 2.690000, "triplet": 0.458317}
[08/11 09:47:32][INFO] utils.logging:   91: {"_type": "train_iter", "epoch": "2/30", "eta": "0:21:32", "iter": "551/8376", "loss": 1.209682, "lr": 0.000667, "neg_dist": 3.715352, "pos_dist": 3.845129, "time_diff": 2.960000, "triplet": 0.941363}
[08/11 09:47:32][INFO] utils.logging:   91: {"_type": "train_iter", "epoch": "2/30", "eta": "0:21:31", "iter": "601/8376", "loss": 1.192872, "lr": 0.000667, "neg_dist": 3.171340, "pos_dist": 3.766693, "time_diff": 3.220000, "triplet": 0.895353}
[08/11 09:47:32][INFO] utils.logging:   91: {"_type": "train_iter", "epoch": "2/30", "eta": "0:21:31", "iter": "651/8376", "loss": 0.785109, "lr": 0.000667, "neg_dist": 3.033245, "pos_dist": 3.040239, "time_diff": 3.470000, "triplet": 0.473325}
[08/11 09:47:33][INFO] utils.logging:   91: {"_type": "train_iter", "epoch": "2/30", "eta": "0:21:30", "iter": "701/8376", "loss": 1.155196, "lr": 0.000667, "neg_dist": 3.406045, "pos_dist": 3.964206, "time_diff": 3.720000, "triplet": 0.858160}
[08/11 09:47:33][INFO] utils.logging:   91: {"_type": "train_iter", "epoch": "2/30", "eta": "0:21:29", "iter": "751/8376", "loss": 1.215032, "lr": 0.000667, "neg_dist": 3.586454, "pos_dist": 4.120615, "time_diff": 3.970000, "triplet": 0.935694}
[08/11 09:47:33][INFO] utils.logging:   91: {"_type": "train_iter", "epoch": "2/30", "eta": "0:21:29", "iter": "801/8376", "loss": 1.006827, "lr": 0.000667, "neg_dist": 3.449317, "pos_dist": 3.652041, "time_diff": 4.230000, "triplet": 0.678615}
[08/11 09:47:33][INFO] utils.logging:   91: {"_type": "train_iter", "epoch": "2/30", "eta": "0:21:28", "iter": "851/8376", "loss": 1.044557, "lr": 0.000667, "neg_dist": 3.685454, "pos_dist": 4.147206, "time_diff": 4.490000, "triplet": 0.764997}
[08/11 09:47:34][INFO] utils.logging:   91: {"_type": "train_iter", "epoch": "2/30", "eta": "0:21:28", "iter": "901/8376", "loss": 0.846593, "lr": 0.000667, "neg_dist": 3.185226, "pos_dist": 3.047713, "time_diff": 4.740000, "triplet": 0.592107}
[08/11 09:47:34][INFO] utils.logging:   91: {"_type": "train_iter", "epoch": "2/30", "eta": "0:21:27", "iter": "951/8376", "loss": 1.442420, "lr": 0.000667, "neg_dist": 4.108623, "pos_dist": 4.569303, "time_diff": 5.000000, "triplet": 1.110837}
[08/11 09:47:34][INFO] utils.logging:   91: {"_type": "train_iter", "epoch": "2/30", "eta": "0:21:27", "iter": "1001/8376", "loss": 0.941318, "lr": 0.000667, "neg_dist": 3.834497, "pos_dist": 4.220497, "time_diff": 5.250000, "triplet": 0.694159}
[08/11 09:47:34][INFO] utils.logging:   91: {"_type": "train_iter", "epoch": "2/30", "eta": "0:21:26", "iter": "1051/8376", "loss": 1.320018, "lr": 0.000667, "neg_dist": 3.998971, "pos_dist": 4.677782, "time_diff": 5.510000, "triplet": 0.994639}
[08/11 09:47:35][INFO] utils.logging:   91: {"_type": "train_iter", "epoch": "2/30", "eta": "0:21:26", "iter": "1101/8376", "loss": 1.114709, "lr": 0.000667, "neg_dist": 3.664763, "pos_dist": 4.193940, "time_diff": 5.770000, "triplet": 0.829177}
[08/11 09:47:35][INFO] utils.logging:   91: {"_type": "train_iter", "epoch": "2/30", "eta": "0:21:25", "iter": "1151/8376", "loss": 0.607204, "lr": 0.000667, "neg_dist": 3.023009, "pos_dist": 3.126822, "time_diff": 6.020000, "triplet": 0.447464}
[08/11 09:47:35][INFO] utils.logging:   91: {"_type": "train_iter", "epoch": "2/30", "eta": "0:21:25", "iter": "1201/8376", "loss": 1.413698, "lr": 0.000667, "neg_dist": 4.007411, "pos_dist": 4.579751, "time_diff": 6.280000, "triplet": 0.949943}
[08/11 09:47:35][INFO] utils.logging:   91: {"_type": "train_iter", "epoch": "2/30", "eta": "0:21:25", "iter": "1251/8376", "loss": 1.276431, "lr": 0.000667, "neg_dist": 3.163152, "pos_dist": 3.874494, "time_diff": 6.550000, "triplet": 1.020573}
[08/11 09:47:36][INFO] utils.logging:   91: {"_type": "train_iter", "epoch": "2/30", "eta": "0:21:24", "iter": "1301/8376", "loss": 1.401312, "lr": 0.000667, "neg_dist": 3.828183, "pos_dist": 4.496017, "time_diff": 6.820000, "triplet": 0.982394}
[08/11 09:47:36][INFO] utils.logging:   91: {"_type": "train_iter", "epoch": "2/30", "eta": "0:21:24", "iter": "1351/8376", "loss": 0.985634, "lr": 0.000667, "neg_dist": 3.572857, "pos_dist": 3.955396, "time_diff": 7.080000, "triplet": 0.699886}
[08/11 09:47:36][INFO] utils.logging:   91: {"_type": "train_iter", "epoch": "2/30", "eta": "0:21:24", "iter": "1401/8376", "loss": 0.695153, "lr": 0.000667, "neg_dist": 3.744132, "pos_dist": 3.683439, "time_diff": 7.340000, "triplet": 0.419109}
[08/11 09:47:36][INFO] utils.logging:   91: {"_type": "train_iter", "epoch": "2/30", "eta": "0:21:23", "iter": "1451/8376", "loss": 1.313764, "lr": 0.000667, "neg_dist": 3.948228, "pos_dist": 4.622770, "time_diff": 7.600000, "triplet": 0.974542}
[08/11 09:47:37][INFO] utils.logging:   91: {"_type": "train_iter", "epoch": "2/30", "eta": "0:21:23", "iter": "1501/8376", "loss": 1.326298, "lr": 0.000667, "neg_dist": 3.585876, "pos_dist": 4.336618, "time_diff": 7.860000, "triplet": 1.050743}
[08/11 09:47:37][INFO] utils.logging:   91: {"_type": "train_iter", "epoch": "2/30", "eta": "0:21:22", "iter": "1551/8376", "loss": 1.048819, "lr": 0.000667, "neg_dist": 3.511063, "pos_dist": 3.885082, "time_diff": 8.110000, "triplet": 0.705161}
[08/11 09:47:37][INFO] utils.logging:   91: {"_type": "train_iter", "epoch": "2/30", "eta": "0:21:22", "iter": "1601/8376", "loss": 1.109406, "lr": 0.000667, "neg_dist": 3.647459, "pos_dist": 4.085590, "time_diff": 8.360000, "triplet": 0.860410}
[08/11 09:47:37][INFO] utils.logging:   91: {"_type": "train_iter", "epoch": "2/30", "eta": "0:21:21", "iter": "1651/8376", "loss": 1.214751, "lr": 0.000667, "neg_dist": 3.069373, "pos_dist": 3.620110, "time_diff": 8.620000, "triplet": 0.877747}
[08/11 09:47:38][INFO] utils.logging:   91: {"_type": "train_iter", "epoch": "2/30", "eta": "0:21:21", "iter": "1701/8376", "loss": 1.114322, "lr": 0.000667, "neg_dist": 3.590044, "pos_dist": 4.165125, "time_diff": 8.890000, "triplet": 0.880209}
[08/11 09:47:38][INFO] utils.logging:   91: {"_type": "train_iter", "epoch": "2/30", "eta": "0:21:20", "iter": "1751/8376", "loss": 0.830876, "lr": 0.000667, "neg_dist": 3.313730, "pos_dist": 3.393830, "time_diff": 9.140000, "triplet": 0.503530}
[08/11 09:47:38][INFO] utils.logging:   91: {"_type": "train_iter", "epoch": "2/30", "eta": "0:21:20", "iter": "1801/8376", "loss": 1.050866, "lr": 0.000667, "neg_dist": 3.471441, "pos_dist": 3.913754, "time_diff": 9.400000, "triplet": 0.742314}
[08/11 09:47:39][INFO] utils.logging:   91: {"_type": "train_iter", "epoch": "2/30", "eta": "0:21:20", "iter": "1851/8376", "loss": 1.175725, "lr": 0.000667, "neg_dist": 3.738412, "pos_dist": 4.324656, "time_diff": 9.660000, "triplet": 0.983930}
[08/11 09:47:39][INFO] utils.logging:   91: {"_type": "train_iter", "epoch": "2/30", "eta": "0:21:19", "iter": "1901/8376", "loss": 1.125029, "lr": 0.000667, "neg_dist": 3.087156, "pos_dist": 3.630991, "time_diff": 9.910000, "triplet": 0.843835}
[08/11 09:47:39][INFO] utils.logging:   91: {"_type": "train_iter", "epoch": "2/30", "eta": "0:21:18", "iter": "1951/8376", "loss": 1.105753, "lr": 0.000667, "neg_dist": 3.678981, "pos_dist": 4.195233, "time_diff": 10.170000, "triplet": 0.868893}
[08/11 09:47:39][INFO] utils.logging:   91: {"_type": "train_iter", "epoch": "2/30", "eta": "0:21:18", "iter": "2001/8376", "loss": 0.905713, "lr": 0.000667, "neg_dist": 3.782306, "pos_dist": 3.967966, "time_diff": 10.420000, "triplet": 0.632821}
[08/11 09:47:40][INFO] utils.logging:   91: {"_type": "train_iter", "epoch": "2/30", "eta": "0:21:18", "iter": "2051/8376", "loss": 1.390335, "lr": 0.000667, "neg_dist": 3.539614, "pos_dist": 4.291861, "time_diff": 10.690000, "triplet": 1.111292}
[08/11 09:47:40][INFO] utils.logging:   91: {"_type": "train_iter", "epoch": "2/30", "eta": "0:21:17", "iter": "2101/8376", "loss": 1.578828, "lr": 0.000667, "neg_dist": 3.391972, "pos_dist": 4.314638, "time_diff": 10.960000, "triplet": 1.222666}
[08/11 09:47:40][INFO] utils.logging:   91: {"_type": "train_iter", "epoch": "2/30", "eta": "0:21:17", "iter": "2151/8376", "loss": 1.469496, "lr": 0.000667, "neg_dist": 2.991917, "pos_dist": 3.866445, "time_diff": 11.210000, "triplet": 1.174528}
[08/11 09:47:40][INFO] utils.logging:   91: {"_type": "train_iter", "epoch": "2/30", "eta": "0:21:17", "iter": "2201/8376", "loss": 2.323559, "lr": 0.000667, "neg_dist": 3.901404, "pos_dist": 5.584205, "time_diff": 11.470000, "triplet": 1.982800}
[08/11 09:47:41][INFO] utils.logging:   91: {"_type": "train_iter", "epoch": "2/30", "eta": "0:21:16", "iter": "2251/8376", "loss": 1.101579, "lr": 0.000667, "neg_dist": 3.419494, "pos_dist": 3.761920, "time_diff": 11.730000, "triplet": 0.804477}
[08/11 09:47:41][INFO] utils.logging:   91: {"_type": "train_iter", "epoch": "2/30", "eta": "0:21:16", "iter": "2301/8376", "loss": 1.305116, "lr": 0.000667, "neg_dist": 3.851505, "pos_dist": 4.597813, "time_diff": 11.990000, "triplet": 1.077081}
[08/11 09:47:41][INFO] utils.logging:   91: {"_type": "train_iter", "epoch": "2/30", "eta": "0:21:15", "iter": "2351/8376", "loss": 1.163820, "lr": 0.000667, "neg_dist": 3.729752, "pos_dist": 4.276618, "time_diff": 12.240000, "triplet": 0.855247}
[08/11 09:47:41][INFO] utils.logging:   91: {"_type": "train_iter", "epoch": "2/30", "eta": "0:21:14", "iter": "2401/8376", "loss": 0.999796, "lr": 0.000667, "neg_dist": 3.106673, "pos_dist": 3.460783, "time_diff": 12.480000, "triplet": 0.737852}
[08/11 09:47:42][INFO] utils.logging:   91: {"_type": "train_iter", "epoch": "2/30", "eta": "0:21:14", "iter": "2451/8376", "loss": 1.171385, "lr": 0.000667, "neg_dist": 5.244114, "pos_dist": 5.865272, "time_diff": 12.730000, "triplet": 0.948136}
[08/11 09:47:42][INFO] utils.logging:   91: {"_type": "train_iter", "epoch": "2/30", "eta": "0:21:13", "iter": "2501/8376", "loss": 0.673772, "lr": 0.000667, "neg_dist": 4.371133, "pos_dist": 4.397724, "time_diff": 12.990000, "triplet": 0.376632}
[08/11 09:47:42][INFO] utils.logging:   91: {"_type": "train_iter", "epoch": "2/30", "eta": "0:21:13", "iter": "2551/8376", "loss": 0.848955, "lr": 0.000667, "neg_dist": 3.308311, "pos_dist": 3.545556, "time_diff": 13.260000, "triplet": 0.578137}
[08/11 09:47:42][INFO] utils.logging:   91: {"_type": "train_iter", "epoch": "2/30", "eta": "0:21:13", "iter": "2601/8376", "loss": 0.649605, "lr": 0.000667, "neg_dist": 3.160730, "pos_dist": 3.110092, "time_diff": 13.510000, "triplet": 0.426149}
[08/11 09:47:43][INFO] utils.logging:   91: {"_type": "train_iter", "epoch": "2/30", "eta": "0:21:12", "iter": "2651/8376", "loss": 0.971971, "lr": 0.000667, "neg_dist": 3.418509, "pos_dist": 3.756723, "time_diff": 13.770000, "triplet": 0.640901}
[08/11 09:47:43][INFO] utils.logging:   91: {"_type": "train_iter", "epoch": "2/30", "eta": "0:21:12", "iter": "2701/8376", "loss": 0.690354, "lr": 0.000667, "neg_dist": 3.618030, "pos_dist": 3.602838, "time_diff": 14.020000, "triplet": 0.356082}
[08/11 09:47:43][INFO] utils.logging:   91: {"_type": "train_iter", "epoch": "2/30", "eta": "0:21:11", "iter": "2751/8376", "loss": 1.043626, "lr": 0.000667, "neg_dist": 3.917218, "pos_dist": 3.956271, "time_diff": 14.270000, "triplet": 0.707457}
[08/11 09:47:43][INFO] utils.logging:   91: {"_type": "train_iter", "epoch": "2/30", "eta": "0:21:11", "iter": "2801/8376", "loss": 0.566986, "lr": 0.000667, "neg_dist": 3.713049, "pos_dist": 3.505219, "time_diff": 14.530000, "triplet": 0.236839}
[08/11 09:47:44][INFO] utils.logging:   91: {"_type": "train_iter", "epoch": "2/30", "eta": "0:21:10", "iter": "2851/8376", "loss": 1.302469, "lr": 0.000667, "neg_dist": 3.886525, "pos_dist": 4.542414, "time_diff": 14.790000, "triplet": 0.955889}
[08/11 09:47:44][INFO] utils.logging:   91: {"_type": "train_iter", "epoch": "2/30", "eta": "0:21:10", "iter": "2901/8376", "loss": 0.889704, "lr": 0.000667, "neg_dist": 3.504048, "pos_dist": 3.813679, "time_diff": 15.050000, "triplet": 0.610938}
[08/11 09:47:44][INFO] utils.logging:   91: {"_type": "train_iter", "epoch": "2/30", "eta": "0:21:10", "iter": "2951/8376", "loss": 1.584908, "lr": 0.000667, "neg_dist": 3.280427, "pos_dist": 4.229151, "time_diff": 15.330000, "triplet": 1.248724}
[08/11 09:47:44][INFO] utils.logging:   91: {"_type": "train_iter", "epoch": "2/30", "eta": "0:21:10", "iter": "3001/8376", "loss": 1.021621, "lr": 0.000667, "neg_dist": 3.228374, "pos_dist": 3.647820, "time_diff": 15.590000, "triplet": 0.728236}
[08/11 09:47:45][INFO] utils.logging:   91: {"_type": "train_iter", "epoch": "2/30", "eta": "0:21:09", "iter": "3051/8376", "loss": 0.869700, "lr": 0.000667, "neg_dist": 3.568163, "pos_dist": 3.613124, "time_diff": 15.850000, "triplet": 0.658910}
[08/11 09:47:45][INFO] utils.logging:   91: {"_type": "train_iter", "epoch": "2/30", "eta": "0:21:09", "iter": "3101/8376", "loss": 1.456253, "lr": 0.000667, "neg_dist": 3.438572, "pos_dist": 4.238396, "time_diff": 16.120000, "triplet": 1.099824}
[08/11 09:47:45][INFO] utils.logging:   91: {"_type": "train_iter", "epoch": "2/30", "eta": "0:21:09", "iter": "3151/8376", "loss": 1.230081, "lr": 0.000667, "neg_dist": 3.034592, "pos_dist": 3.561101, "time_diff": 16.370000, "triplet": 0.826510}
[08/11 09:47:46][INFO] utils.logging:   91: {"_type": "train_iter", "epoch": "2/30", "eta": "0:21:08", "iter": "3201/8376", "loss": 0.735222, "lr": 0.000667, "neg_dist": 3.137250, "pos_dist": 3.333563, "time_diff": 16.640000, "triplet": 0.516397}
[08/11 09:47:46][INFO] utils.logging:   91: {"_type": "train_iter", "epoch": "2/30", "eta": "0:21:08", "iter": "3251/8376", "loss": 1.678198, "lr": 0.000667, "neg_dist": 3.353415, "pos_dist": 4.353990, "time_diff": 16.890000, "triplet": 1.300576}
[08/11 09:47:46][INFO] utils.logging:   91: {"_type": "train_iter", "epoch": "2/30", "eta": "0:21:07", "iter": "3301/8376", "loss": 0.659359, "lr": 0.000667, "neg_dist": 3.392756, "pos_dist": 3.301320, "time_diff": 17.140000, "triplet": 0.372054}
[08/11 09:47:46][INFO] utils.logging:   91: {"_type": "train_iter", "epoch": "2/30", "eta": "0:21:07", "iter": "3351/8376", "loss": 1.771897, "lr": 0.000667, "neg_dist": 3.692006, "pos_dist": 4.866633, "time_diff": 17.410000, "triplet": 1.536518}
[08/11 09:47:47][INFO] utils.logging:   91: {"_type": "train_iter", "epoch": "2/30", "eta": "0:21:07", "iter": "3401/8376", "loss": 1.350490, "lr": 0.000667, "neg_dist": 3.671645, "pos_dist": 4.454287, "time_diff": 17.670000, "triplet": 1.091470}
[08/11 09:47:47][INFO] utils.logging:   91: {"_type": "train_iter", "epoch": "2/30", "eta": "0:21:06", "iter": "3451/8376", "loss": 1.223579, "lr": 0.000667, "neg_dist": 4.116488, "pos_dist": 4.671764, "time_diff": 17.920000, "triplet": 0.972815}
[08/11 09:47:47][INFO] utils.logging:   91: {"_type": "train_iter", "epoch": "2/30", "eta": "0:21:06", "iter": "3501/8376", "loss": 0.898113, "lr": 0.000667, "neg_dist": 3.433710, "pos_dist": 3.729552, "time_diff": 18.170000, "triplet": 0.595842}
[08/11 09:47:47][INFO] utils.logging:   91: {"_type": "train_iter", "epoch": "2/30", "eta": "0:21:05", "iter": "3551/8376", "loss": 0.943784, "lr": 0.000667, "neg_dist": 3.194724, "pos_dist": 3.492941, "time_diff": 18.420000, "triplet": 0.598216}
[08/11 09:47:48][INFO] utils.logging:   91: {"_type": "train_iter", "epoch": "2/30", "eta": "0:21:05", "iter": "3601/8376", "loss": 0.770804, "lr": 0.000667, "neg_dist": 3.240620, "pos_dist": 3.429489, "time_diff": 18.690000, "triplet": 0.527850}
[08/11 09:47:48][INFO] utils.logging:   91: {"_type": "train_iter", "epoch": "2/30", "eta": "0:21:04", "iter": "3651/8376", "loss": 1.074593, "lr": 0.000667, "neg_dist": 3.628269, "pos_dist": 4.024389, "time_diff": 18.940000, "triplet": 0.783825}
[08/11 09:47:48][INFO] utils.logging:   91: {"_type": "train_iter", "epoch": "2/30", "eta": "0:21:04", "iter": "3701/8376", "loss": 1.404423, "lr": 0.000667, "neg_dist": 4.509528, "pos_dist": 5.103176, "time_diff": 19.200000, "triplet": 0.981576}
[08/11 09:47:48][INFO] utils.logging:   91: {"_type": "train_iter", "epoch": "2/30", "eta": "0:21:04", "iter": "3751/8376", "loss": 1.340547, "lr": 0.000667, "neg_dist": 3.575178, "pos_dist": 3.961055, "time_diff": 19.460000, "triplet": 1.043513}
[08/11 09:47:49][INFO] utils.logging:   91: {"_type": "train_iter", "epoch": "2/30", "eta": "0:21:03", "iter": "3801/8376", "loss": 0.790825, "lr": 0.000667, "neg_dist": 3.997409, "pos_dist": 4.016574, "time_diff": 19.720000, "triplet": 0.402359}
[08/11 09:47:49][INFO] utils.logging:   91: {"_type": "train_iter", "epoch": "2/30", "eta": "0:21:03", "iter": "3851/8376", "loss": 1.540597, "lr": 0.000667, "neg_dist": 2.837976, "pos_dist": 3.736009, "time_diff": 19.980000, "triplet": 1.198033}
[08/11 09:47:49][INFO] utils.logging:   91: {"_type": "train_iter", "epoch": "2/30", "eta": "0:21:03", "iter": "3901/8376", "loss": 1.810954, "lr": 0.000667, "neg_dist": 3.633243, "pos_dist": 4.893016, "time_diff": 20.240000, "triplet": 1.559773}
[08/11 09:47:49][INFO] utils.logging:   91: {"_type": "train_iter", "epoch": "2/30", "eta": "0:21:02", "iter": "3951/8376", "loss": 1.673070, "lr": 0.000667, "neg_dist": 3.164402, "pos_dist": 4.212159, "time_diff": 20.490000, "triplet": 1.347757}
[08/11 09:47:50][INFO] utils.logging:   91: {"_type": "train_iter", "epoch": "2/30", "eta": "0:21:02", "iter": "4001/8376", "loss": 0.600130, "lr": 0.000667, "neg_dist": 3.447735, "pos_dist": 3.439250, "time_diff": 20.750000, "triplet": 0.348652}
[08/11 09:47:50][INFO] utils.logging:   91: {"_type": "train_iter", "epoch": "2/30", "eta": "0:21:02", "iter": "4051/8376", "loss": 1.116521, "lr": 0.000667, "neg_dist": 2.926135, "pos_dist": 3.411682, "time_diff": 21.010000, "triplet": 0.785546}
[08/11 09:47:50][INFO] utils.logging:   91: {"_type": "train_iter", "epoch": "2/30", "eta": "0:21:01", "iter": "4101/8376", "loss": 1.489981, "lr": 0.000667, "neg_dist": 3.434689, "pos_dist": 4.172700, "time_diff": 21.270000, "triplet": 1.188888}
[08/11 09:47:50][INFO] utils.logging:   91: {"_type": "train_iter", "epoch": "2/30", "eta": "0:21:01", "iter": "4151/8376", "loss": 1.184985, "lr": 0.000667, "neg_dist": 3.403282, "pos_dist": 3.790318, "time_diff": 21.530000, "triplet": 0.837161}
[08/11 09:47:51][INFO] utils.logging:   91: {"_type": "train_iter", "epoch": "2/30", "eta": "0:21:00", "iter": "4201/8376", "loss": 0.929716, "lr": 0.000667, "neg_dist": 4.458905, "pos_dist": 4.706337, "time_diff": 21.790000, "triplet": 0.660961}
[08/11 09:47:51][INFO] utils.logging:   91: {"_type": "train_iter", "epoch": "2/30", "eta": "0:21:00", "iter": "4251/8376", "loss": 1.304929, "lr": 0.000667, "neg_dist": 2.850261, "pos_dist": 3.515928, "time_diff": 22.070000, "triplet": 0.965667}
[08/11 09:47:51][INFO] utils.logging:   91: {"_type": "train_iter", "epoch": "2/30", "eta": "0:21:00", "iter": "4301/8376", "loss": 0.879012, "lr": 0.000667, "neg_dist": 3.048581, "pos_dist": 3.126665, "time_diff": 22.340000, "triplet": 0.588588}
[08/11 09:47:51][INFO] utils.logging:   91: {"_type": "train_iter", "epoch": "2/30", "eta": "0:21:00", "iter": "4351/8376", "loss": 1.715883, "lr": 0.000667, "neg_dist": 3.055760, "pos_dist": 4.231173, "time_diff": 22.600000, "triplet": 1.475413}
[08/11 09:47:52][INFO] utils.logging:   91: {"_type": "train_iter", "epoch": "2/30", "eta": "0:20:59", "iter": "4401/8376", "loss": 1.077996, "lr": 0.000667, "neg_dist": 3.029599, "pos_dist": 3.476856, "time_diff": 22.840000, "triplet": 0.758007}
[08/11 09:47:52][INFO] utils.logging:   91: {"_type": "train_iter", "epoch": "2/30", "eta": "0:20:59", "iter": "4451/8376", "loss": 1.118082, "lr": 0.000667, "neg_dist": 3.425810, "pos_dist": 3.937634, "time_diff": 23.100000, "triplet": 0.811824}
[08/11 09:47:52][INFO] utils.logging:   91: {"_type": "train_iter", "epoch": "2/30", "eta": "0:20:58", "iter": "4501/8376", "loss": 1.378062, "lr": 0.000667, "neg_dist": 3.393885, "pos_dist": 4.058184, "time_diff": 23.350000, "triplet": 0.964298}
[08/11 09:47:52][INFO] utils.logging:   91: {"_type": "train_iter", "epoch": "2/30", "eta": "0:20:58", "iter": "4551/8376", "loss": 1.272584, "lr": 0.000667, "neg_dist": 3.718699, "pos_dist": 4.442849, "time_diff": 23.600000, "triplet": 1.024150}
[08/11 09:47:53][INFO] utils.logging:   91: {"_type": "train_iter", "epoch": "2/30", "eta": "0:20:58", "iter": "4601/8376", "loss": 0.709461, "lr": 0.000667, "neg_dist": 3.802903, "pos_dist": 3.733435, "time_diff": 23.860000, "triplet": 0.409037}
[08/11 09:47:53][INFO] utils.logging:   91: {"_type": "train_iter", "epoch": "2/30", "eta": "0:20:57", "iter": "4651/8376", "loss": 1.063452, "lr": 0.000667, "neg_dist": 3.591927, "pos_dist": 3.827693, "time_diff": 24.120000, "triplet": 0.695455}
[08/11 09:47:53][INFO] utils.logging:   91: {"_type": "train_iter", "epoch": "2/30", "eta": "0:20:57", "iter": "4701/8376", "loss": 1.646962, "lr": 0.000667, "neg_dist": 3.177251, "pos_dist": 4.191988, "time_diff": 24.370000, "triplet": 1.314737}
[08/11 09:47:53][INFO] utils.logging:   91: {"_type": "train_iter", "epoch": "2/30", "eta": "0:20:56", "iter": "4751/8376", "loss": 1.473526, "lr": 0.000667, "neg_dist": 3.626113, "pos_dist": 4.474624, "time_diff": 24.620000, "triplet": 1.148511}
[08/11 09:47:54][INFO] utils.logging:   91: {"_type": "train_iter", "epoch": "2/30", "eta": "0:20:56", "iter": "4801/8376", "loss": 0.696755, "lr": 0.000667, "neg_dist": 3.487131, "pos_dist": 3.247634, "time_diff": 24.890000, "triplet": 0.385968}
[08/11 09:47:54][INFO] utils.logging:   91: {"_type": "train_iter", "epoch": "2/30", "eta": "0:20:55", "iter": "4851/8376", "loss": 1.494011, "lr": 0.000667, "neg_dist": 3.946777, "pos_dist": 4.923878, "time_diff": 25.140000, "triplet": 1.277101}
[08/11 09:47:54][INFO] utils.logging:   91: {"_type": "train_iter", "epoch": "2/30", "eta": "0:20:55", "iter": "4901/8376", "loss": 0.670354, "lr": 0.000667, "neg_dist": 3.519169, "pos_dist": 3.339801, "time_diff": 25.400000, "triplet": 0.401581}
[08/11 09:47:55][INFO] utils.logging:   91: {"_type": "train_iter", "epoch": "2/30", "eta": "0:20:55", "iter": "4951/8376", "loss": 1.590139, "lr": 0.000667, "neg_dist": 3.697781, "pos_dist": 4.655540, "time_diff": 25.670000, "triplet": 1.330827}
[08/11 09:47:55][INFO] utils.logging:   91: {"_type": "train_iter", "epoch": "2/30", "eta": "0:20:55", "iter": "5001/8376", "loss": 1.351185, "lr": 0.000667, "neg_dist": 3.424910, "pos_dist": 4.191569, "time_diff": 25.930000, "triplet": 1.066659}
[08/11 09:47:55][INFO] utils.logging:   91: {"_type": "train_iter", "epoch": "2/30", "eta": "0:20:55", "iter": "5051/8376", "loss": 1.294234, "lr": 0.000667, "neg_dist": 3.578232, "pos_dist": 4.246163, "time_diff": 26.220000, "triplet": 1.024641}
[08/11 09:47:55][INFO] utils.logging:   91: {"_type": "train_iter", "epoch": "2/30", "eta": "0:20:54", "iter": "5101/8376", "loss": 1.235919, "lr": 0.000667, "neg_dist": 3.896438, "pos_dist": 4.365889, "time_diff": 26.470000, "triplet": 0.931681}
[08/11 09:47:56][INFO] utils.logging:   91: {"_type": "train_iter", "epoch": "2/30", "eta": "0:20:54", "iter": "5151/8376", "loss": 1.721975, "lr": 0.000667, "neg_dist": 3.600494, "pos_dist": 4.635659, "time_diff": 26.720000, "triplet": 1.335165}
[08/11 09:47:56][INFO] utils.logging:   91: {"_type": "train_iter", "epoch": "2/30", "eta": "0:20:53", "iter": "5201/8376", "loss": 1.140316, "lr": 0.000667, "neg_dist": 3.819419, "pos_dist": 4.125888, "time_diff": 26.980000, "triplet": 0.831717}
[08/11 09:47:56][INFO] utils.logging:   91: {"_type": "train_iter", "epoch": "2/30", "eta": "0:20:53", "iter": "5251/8376", "loss": 1.499183, "lr": 0.000667, "neg_dist": 3.349603, "pos_dist": 4.209258, "time_diff": 27.260000, "triplet": 1.159655}
[08/11 09:47:56][INFO] utils.logging:   91: {"_type": "train_iter", "epoch": "2/30", "eta": "0:20:53", "iter": "5301/8376", "loss": 1.539347, "lr": 0.000667, "neg_dist": 3.487570, "pos_dist": 4.324102, "time_diff": 27.510000, "triplet": 1.196920}
[08/11 09:47:57][INFO] utils.logging:   91: {"_type": "train_iter", "epoch": "2/30", "eta": "0:20:53", "iter": "5351/8376", "loss": 0.816054, "lr": 0.000667, "neg_dist": 3.698096, "pos_dist": 3.829356, "time_diff": 27.780000, "triplet": 0.469951}
[08/11 09:47:57][INFO] utils.logging:   91: {"_type": "train_iter", "epoch": "2/30", "eta": "0:20:52", "iter": "5401/8376", "loss": 1.133652, "lr": 0.000667, "neg_dist": 4.082291, "pos_dist": 4.457953, "time_diff": 28.030000, "triplet": 0.797430}
[08/11 09:47:57][INFO] utils.logging:   91: {"_type": "train_iter", "epoch": "2/30", "eta": "0:20:52", "iter": "5451/8376", "loss": 1.076985, "lr": 0.000667, "neg_dist": 3.609042, "pos_dist": 4.023651, "time_diff": 28.300000, "triplet": 0.769655}
[08/11 09:47:57][INFO] utils.logging:   91: {"_type": "train_iter", "epoch": "2/30", "eta": "0:20:52", "iter": "5501/8376", "loss": 1.340929, "lr": 0.000667, "neg_dist": 2.925100, "pos_dist": 3.706688, "time_diff": 28.560000, "triplet": 1.081588}
[08/11 09:47:58][INFO] utils.logging:   91: {"_type": "train_iter", "epoch": "2/30", "eta": "0:20:52", "iter": "5551/8376", "loss": 0.804426, "lr": 0.000667, "neg_dist": 3.834269, "pos_dist": 3.932651, "time_diff": 28.820000, "triplet": 0.512710}
[08/11 09:47:58][INFO] utils.logging:   91: {"_type": "train_iter", "epoch": "2/30", "eta": "0:20:51", "iter": "5601/8376", "loss": 0.749148, "lr": 0.000667, "neg_dist": 3.503834, "pos_dist": 3.587176, "time_diff": 29.080000, "triplet": 0.483739}
[08/11 09:47:58][INFO] utils.logging:   91: {"_type": "train_iter", "epoch": "2/30", "eta": "0:20:51", "iter": "5651/8376", "loss": 1.042835, "lr": 0.000667, "neg_dist": 4.185905, "pos_dist": 4.031446, "time_diff": 29.330000, "triplet": 0.748266}
[08/11 09:47:58][INFO] utils.logging:   91: {"_type": "train_iter", "epoch": "2/30", "eta": "0:20:50", "iter": "5701/8376", "loss": 1.000169, "lr": 0.000667, "neg_dist": 3.250303, "pos_dist": 3.641645, "time_diff": 29.590000, "triplet": 0.713369}
[08/11 09:47:59][INFO] utils.logging:   91: {"_type": "train_iter", "epoch": "2/30", "eta": "0:20:50", "iter": "5751/8376", "loss": 2.166095, "lr": 0.000667, "neg_dist": 4.312841, "pos_dist": 5.819721, "time_diff": 29.850000, "triplet": 1.857255}
[08/11 09:47:59][INFO] utils.logging:   91: {"_type": "train_iter", "epoch": "2/30", "eta": "0:20:50", "iter": "5801/8376", "loss": 0.921753, "lr": 0.000667, "neg_dist": 3.131520, "pos_dist": 3.353051, "time_diff": 30.110000, "triplet": 0.556396}
[08/11 09:47:59][INFO] utils.logging:   91: {"_type": "train_iter", "epoch": "2/30", "eta": "0:20:49", "iter": "5851/8376", "loss": 1.931164, "lr": 0.000667, "neg_dist": 3.948266, "pos_dist": 5.259397, "time_diff": 30.370000, "triplet": 1.640957}
[08/11 09:47:59][INFO] utils.logging:   91: {"_type": "train_iter", "epoch": "2/30", "eta": "0:20:49", "iter": "5901/8376", "loss": 1.228879, "lr": 0.000667, "neg_dist": 3.287920, "pos_dist": 3.937117, "time_diff": 30.620000, "triplet": 0.949197}
[08/11 09:48:00][INFO] utils.logging:   91: {"_type": "train_iter", "epoch": "2/30", "eta": "0:20:49", "iter": "5951/8376", "loss": 1.483092, "lr": 0.000667, "neg_dist": 3.846653, "pos_dist": 4.676939, "time_diff": 30.880000, "triplet": 1.187461}
[08/11 09:48:00][INFO] utils.logging:   91: {"_type": "train_iter", "epoch": "2/30", "eta": "0:20:48", "iter": "6001/8376", "loss": 0.796752, "lr": 0.000667, "neg_dist": 3.628817, "pos_dist": 3.684266, "time_diff": 31.130000, "triplet": 0.442982}
[08/11 09:48:00][INFO] utils.logging:   91: {"_type": "train_iter", "epoch": "2/30", "eta": "0:20:48", "iter": "6051/8376", "loss": 0.874363, "lr": 0.000667, "neg_dist": 4.205396, "pos_dist": 4.542264, "time_diff": 31.380000, "triplet": 0.636868}
[08/11 09:48:00][INFO] utils.logging:   91: {"_type": "train_iter", "epoch": "2/30", "eta": "0:20:47", "iter": "6101/8376", "loss": 1.508305, "lr": 0.000667, "neg_dist": 3.110109, "pos_dist": 4.048687, "time_diff": 31.640000, "triplet": 1.240662}
[08/11 09:48:01][INFO] utils.logging:   91: {"_type": "train_iter", "epoch": "2/30", "eta": "0:20:47", "iter": "6151/8376", "loss": 1.071060, "lr": 0.000667, "neg_dist": 3.681668, "pos_dist": 3.971052, "time_diff": 31.890000, "triplet": 0.742225}
[08/11 09:48:01][INFO] utils.logging:   91: {"_type": "train_iter", "epoch": "2/30", "eta": "0:20:46", "iter": "6201/8376", "loss": 1.724204, "lr": 0.000667, "neg_dist": 4.275842, "pos_dist": 5.166082, "time_diff": 32.150000, "triplet": 1.362265}
[08/11 09:48:01][INFO] utils.logging:   91: {"_type": "train_iter", "epoch": "2/30", "eta": "0:20:46", "iter": "6251/8376", "loss": 2.045613, "lr": 0.000667, "neg_dist": 3.120529, "pos_dist": 4.591729, "time_diff": 32.420000, "triplet": 1.771200}
[08/11 09:48:02][INFO] utils.logging:   91: {"_type": "train_iter", "epoch": "2/30", "eta": "0:20:46", "iter": "6301/8376", "loss": 1.369934, "lr": 0.000667, "neg_dist": 2.895671, "pos_dist": 3.637077, "time_diff": 32.690000, "triplet": 1.057653}
[08/11 09:48:02][INFO] utils.logging:   91: {"_type": "train_iter", "epoch": "2/30", "eta": "0:20:46", "iter": "6351/8376", "loss": 1.607832, "lr": 0.000667, "neg_dist": 3.784385, "pos_dist": 4.798500, "time_diff": 32.950000, "triplet": 1.314114}
[08/11 09:48:02][INFO] utils.logging:   91: {"_type": "train_iter", "epoch": "2/30", "eta": "0:20:46", "iter": "6401/8376", "loss": 1.163914, "lr": 0.000667, "neg_dist": 3.019604, "pos_dist": 3.226798, "time_diff": 33.210000, "triplet": 0.866616}
[08/11 09:48:02][INFO] utils.logging:   91: {"_type": "train_iter", "epoch": "2/30", "eta": "0:20:45", "iter": "6451/8376", "loss": 1.539935, "lr": 0.000667, "neg_dist": 2.947838, "pos_dist": 3.889875, "time_diff": 33.460000, "triplet": 1.242037}
[08/11 09:48:03][INFO] utils.logging:   91: {"_type": "train_iter", "epoch": "2/30", "eta": "0:20:45", "iter": "6501/8376", "loss": 1.240143, "lr": 0.000667, "neg_dist": 3.670631, "pos_dist": 4.326045, "time_diff": 33.730000, "triplet": 1.002569}
[08/11 09:48:03][INFO] utils.logging:   91: {"_type": "train_iter", "epoch": "2/30", "eta": "0:20:45", "iter": "6551/8376", "loss": 1.403884, "lr": 0.000667, "neg_dist": 3.744231, "pos_dist": 4.541217, "time_diff": 34.000000, "triplet": 1.149064}
[08/11 09:48:03][INFO] utils.logging:   91: {"_type": "train_iter", "epoch": "2/30", "eta": "0:20:44", "iter": "6601/8376", "loss": 1.273367, "lr": 0.000667, "neg_dist": 3.492742, "pos_dist": 4.108835, "time_diff": 34.260000, "triplet": 0.953149}
[08/11 09:48:03][INFO] utils.logging:   91: {"_type": "train_iter", "epoch": "2/30", "eta": "0:20:44", "iter": "6651/8376", "loss": 1.374938, "lr": 0.000667, "neg_dist": 3.011079, "pos_dist": 3.827941, "time_diff": 34.510000, "triplet": 1.148345}
[08/11 09:48:04][INFO] utils.logging:   91: {"_type": "train_iter", "epoch": "2/30", "eta": "0:20:44", "iter": "6701/8376", "loss": 1.281945, "lr": 0.000667, "neg_dist": 3.177216, "pos_dist": 3.821488, "time_diff": 34.770000, "triplet": 0.973044}
[08/11 09:48:04][INFO] utils.logging:   91: {"_type": "train_iter", "epoch": "2/30", "eta": "0:20:43", "iter": "6751/8376", "loss": 1.282130, "lr": 0.000667, "neg_dist": 3.228789, "pos_dist": 3.953973, "time_diff": 35.030000, "triplet": 1.025184}
[08/11 09:48:04][INFO] utils.logging:   91: {"_type": "train_iter", "epoch": "2/30", "eta": "0:20:43", "iter": "6801/8376", "loss": 1.549270, "lr": 0.000667, "neg_dist": 4.047513, "pos_dist": 4.956913, "time_diff": 35.300000, "triplet": 1.270282}
[08/11 09:48:04][INFO] utils.logging:   91: {"_type": "train_iter", "epoch": "2/30", "eta": "0:20:43", "iter": "6851/8376", "loss": 1.458477, "lr": 0.000667, "neg_dist": 3.546545, "pos_dist": 4.305015, "time_diff": 35.560000, "triplet": 1.058470}
[08/11 09:48:05][INFO] utils.logging:   91: {"_type": "train_iter", "epoch": "2/30", "eta": "0:20:42", "iter": "6901/8376", "loss": 1.421392, "lr": 0.000667, "neg_dist": 2.911938, "pos_dist": 3.663544, "time_diff": 35.820000, "triplet": 1.053650}
[08/11 09:48:05][INFO] utils.logging:   91: {"_type": "train_iter", "epoch": "2/30", "eta": "0:20:42", "iter": "6951/8376", "loss": 1.959891, "lr": 0.000667, "neg_dist": 3.618534, "pos_dist": 4.976741, "time_diff": 36.070000, "triplet": 1.658208}
[08/11 09:48:05][INFO] utils.logging:   91: {"_type": "train_iter", "epoch": "2/30", "eta": "0:20:42", "iter": "7001/8376", "loss": 1.613474, "lr": 0.000667, "neg_dist": 3.723660, "pos_dist": 4.235384, "time_diff": 36.340000, "triplet": 1.263030}
[08/11 09:48:05][INFO] utils.logging:   91: {"_type": "train_iter", "epoch": "2/30", "eta": "0:20:42", "iter": "7051/8376", "loss": 1.021628, "lr": 0.000667, "neg_dist": 3.069017, "pos_dist": 3.206371, "time_diff": 36.600000, "triplet": 0.817786}
[08/11 09:48:06][INFO] utils.logging:   91: {"_type": "train_iter", "epoch": "2/30", "eta": "0:20:41", "iter": "7101/8376", "loss": 1.325047, "lr": 0.000667, "neg_dist": 3.508492, "pos_dist": 4.229152, "time_diff": 36.860000, "triplet": 1.030882}
[08/11 09:48:06][INFO] utils.logging:   91: {"_type": "train_iter", "epoch": "2/30", "eta": "0:20:41", "iter": "7151/8376", "loss": 1.144742, "lr": 0.000667, "neg_dist": 3.505411, "pos_dist": 3.936327, "time_diff": 37.120000, "triplet": 0.836869}
[08/11 09:48:06][INFO] utils.logging:   91: {"_type": "train_iter", "epoch": "2/30", "eta": "0:20:41", "iter": "7201/8376", "loss": 1.358462, "lr": 0.000667, "neg_dist": 3.248312, "pos_dist": 3.908810, "time_diff": 37.380000, "triplet": 1.039100}
[08/11 09:48:06][INFO] utils.logging:   91: {"_type": "train_iter", "epoch": "2/30", "eta": "0:20:40", "iter": "7251/8376", "loss": 1.331167, "lr": 0.000667, "neg_dist": 3.700910, "pos_dist": 4.408948, "time_diff": 37.630000, "triplet": 1.020674}
[08/11 09:48:07][INFO] utils.logging:   91: {"_type": "train_iter", "epoch": "2/30", "eta": "0:20:40", "iter": "7301/8376", "loss": 0.694541, "lr": 0.000667, "neg_dist": 2.985301, "pos_dist": 2.979771, "time_diff": 37.890000, "triplet": 0.407530}
[08/11 09:48:07][INFO] utils.logging:   91: {"_type": "train_iter", "epoch": "2/30", "eta": "0:20:40", "iter": "7351/8376", "loss": 1.906045, "lr": 0.000667, "neg_dist": 3.747603, "pos_dist": 5.004637, "time_diff": 38.150000, "triplet": 1.557034}
[08/11 09:48:07][INFO] utils.logging:   91: {"_type": "train_iter", "epoch": "2/30", "eta": "0:20:39", "iter": "7401/8376", "loss": 1.048431, "lr": 0.000667, "neg_dist": 3.692831, "pos_dist": 3.839928, "time_diff": 38.400000, "triplet": 0.671007}
[08/11 09:48:08][INFO] utils.logging:   91: {"_type": "train_iter", "epoch": "2/30", "eta": "0:20:39", "iter": "7451/8376", "loss": 1.245857, "lr": 0.000667, "neg_dist": 3.460953, "pos_dist": 4.140757, "time_diff": 38.670000, "triplet": 0.980677}
[08/11 09:48:08][INFO] utils.logging:   91: {"_type": "train_iter", "epoch": "2/30", "eta": "0:20:39", "iter": "7501/8376", "loss": 1.542490, "lr": 0.000667, "neg_dist": 3.576273, "pos_dist": 4.358729, "time_diff": 38.930000, "triplet": 1.263618}
[08/11 09:48:08][INFO] utils.logging:   91: {"_type": "train_iter", "epoch": "2/30", "eta": "0:20:38", "iter": "7551/8376", "loss": 1.172489, "lr": 0.000667, "neg_dist": 4.081919, "pos_dist": 4.665257, "time_diff": 39.190000, "triplet": 0.889151}
[08/11 09:48:08][INFO] utils.logging:   91: {"_type": "train_iter", "epoch": "2/30", "eta": "0:20:38", "iter": "7601/8376", "loss": 1.798823, "lr": 0.000667, "neg_dist": 3.723796, "pos_dist": 4.941866, "time_diff": 39.460000, "triplet": 1.518070}
[08/11 09:48:09][INFO] utils.logging:   91: {"_type": "train_iter", "epoch": "2/30", "eta": "0:20:38", "iter": "7651/8376", "loss": 1.357279, "lr": 0.000667, "neg_dist": 4.651435, "pos_dist": 5.264151, "time_diff": 39.730000, "triplet": 1.004396}
[08/11 09:48:09][INFO] utils.logging:   91: {"_type": "train_iter", "epoch": "2/30", "eta": "0:20:38", "iter": "7701/8376", "loss": 1.558952, "lr": 0.000667, "neg_dist": 3.040771, "pos_dist": 4.012835, "time_diff": 39.990000, "triplet": 1.272064}
[08/11 09:48:09][INFO] utils.logging:   91: {"_type": "train_iter", "epoch": "2/30", "eta": "0:20:37", "iter": "7751/8376", "loss": 1.515066, "lr": 0.000667, "neg_dist": 3.607785, "pos_dist": 4.374268, "time_diff": 40.260000, "triplet": 1.194409}
[08/11 09:48:09][INFO] utils.logging:   91: {"_type": "train_iter", "epoch": "2/30", "eta": "0:20:37", "iter": "7801/8376", "loss": 1.232316, "lr": 0.000667, "neg_dist": 2.871362, "pos_dist": 3.533426, "time_diff": 40.510000, "triplet": 0.962063}
[08/11 09:48:10][INFO] utils.logging:   91: {"_type": "train_iter", "epoch": "2/30", "eta": "0:20:37", "iter": "7851/8376", "loss": 0.935182, "lr": 0.000667, "neg_dist": 3.749806, "pos_dist": 4.057426, "time_diff": 40.760000, "triplet": 0.607621}
[08/11 09:48:10][INFO] utils.logging:   91: {"_type": "train_iter", "epoch": "2/30", "eta": "0:20:36", "iter": "7901/8376", "loss": 1.023741, "lr": 0.000667, "neg_dist": 3.766191, "pos_dist": 4.176337, "time_diff": 41.030000, "triplet": 0.710146}
[08/11 09:48:10][INFO] utils.logging:   91: {"_type": "train_iter", "epoch": "2/30", "eta": "0:20:36", "iter": "7951/8376", "loss": 1.177664, "lr": 0.000667, "neg_dist": 3.359985, "pos_dist": 3.965456, "time_diff": 41.290000, "triplet": 0.905471}
[08/11 09:48:10][INFO] utils.logging:   91: {"_type": "train_iter", "epoch": "2/30", "eta": "0:20:36", "iter": "8001/8376", "loss": 1.113945, "lr": 0.000667, "neg_dist": 3.622252, "pos_dist": 4.072653, "time_diff": 41.560000, "triplet": 0.845810}
[08/11 09:48:11][INFO] utils.logging:   91: {"_type": "train_iter", "epoch": "2/30", "eta": "0:20:36", "iter": "8051/8376", "loss": 1.415544, "lr": 0.000667, "neg_dist": 3.359865, "pos_dist": 4.126277, "time_diff": 41.820000, "triplet": 1.066412}
[08/11 09:48:11][INFO] utils.logging:   91: {"_type": "train_iter", "epoch": "2/30", "eta": "0:20:35", "iter": "8101/8376", "loss": 1.815132, "lr": 0.000667, "neg_dist": 3.390677, "pos_dist": 4.585619, "time_diff": 42.080000, "triplet": 1.527478}
[08/11 09:48:11][INFO] utils.logging:   91: {"_type": "train_iter", "epoch": "2/30", "eta": "0:20:35", "iter": "8151/8376", "loss": 1.274384, "lr": 0.000667, "neg_dist": 3.760059, "pos_dist": 4.497328, "time_diff": 42.340000, "triplet": 1.076292}
[08/11 09:48:11][INFO] utils.logging:   91: {"_type": "train_iter", "epoch": "2/30", "eta": "0:20:35", "iter": "8201/8376", "loss": 1.631047, "lr": 0.000667, "neg_dist": 4.537890, "pos_dist": 5.375305, "time_diff": 42.590000, "triplet": 1.335766}
[08/11 09:48:12][INFO] utils.logging:   91: {"_type": "train_iter", "epoch": "2/30", "eta": "0:20:34", "iter": "8251/8376", "loss": 0.978138, "lr": 0.000667, "neg_dist": 3.351440, "pos_dist": 3.707891, "time_diff": 42.840000, "triplet": 0.656450}
[08/11 09:48:12][INFO] utils.logging:   91: {"_type": "train_iter", "epoch": "2/30", "eta": "0:20:34", "iter": "8301/8376", "loss": 1.296432, "lr": 0.000667, "neg_dist": 3.674926, "pos_dist": 4.084046, "time_diff": 43.110000, "triplet": 0.946220}
[08/11 09:48:12][INFO] utils.logging:   91: {"_type": "train_iter", "epoch": "2/30", "eta": "0:20:34", "iter": "8351/8376", "loss": 1.209232, "lr": 0.000667, "neg_dist": 3.278826, "pos_dist": 3.911150, "time_diff": 43.360000, "triplet": 0.932324}
[08/11 09:48:12][INFO] utils.logging:   91: {"RAM": "14.56/125.63 GB", "_type": "train_epoch", "epoch": "2/30", "eta": "0:20:34", "gpu_mem": "0.39 GB", "loss": 1.235298, "lr": 0.000667, "neg_dist": 3.572947, "pos_dist": 4.135329, "time_diff": 43.520000, "triplet": 0.937119}
[08/11 09:48:13][INFO] utils.logging:   91: {"_type": "val_epoch", "epoch": "2/30", "loss": 1.273641}
[08/11 09:48:13][INFO] utils.logging:   91: {"_type": "train_iter", "epoch": "3/30", "eta": "0:20:43", "iter": "1/8376", "loss": 1.594227, "lr": 0.001000, "neg_dist": 3.056191, "pos_dist": 4.081583, "time_diff": 0.070000, "triplet": 1.352440}
[08/11 09:48:13][INFO] utils.logging:   91: {"_type": "train_iter", "epoch": "3/30", "eta": "0:20:43", "iter": "51/8376", "loss": 1.121470, "lr": 0.001000, "neg_dist": 3.652546, "pos_dist": 3.973324, "time_diff": 0.340000, "triplet": 0.769507}
[08/11 09:48:14][INFO] utils.logging:   91: {"_type": "train_iter", "epoch": "3/30", "eta": "0:20:43", "iter": "101/8376", "loss": 1.197394, "lr": 0.001000, "neg_dist": 3.365248, "pos_dist": 3.909303, "time_diff": 0.590000, "triplet": 0.844056}
[08/11 09:48:14][INFO] utils.logging:   91: {"_type": "train_iter", "epoch": "3/30", "eta": "0:20:42", "iter": "151/8376", "loss": 1.433872, "lr": 0.001000, "neg_dist": 3.535411, "pos_dist": 4.403574, "time_diff": 0.850000, "triplet": 1.168162}
[08/11 09:48:14][INFO] utils.logging:   91: {"_type": "train_iter", "epoch": "3/30", "eta": "0:20:42", "iter": "201/8376", "loss": 1.138469, "lr": 0.001000, "neg_dist": 3.092368, "pos_dist": 3.545959, "time_diff": 1.110000, "triplet": 0.753592}
[08/11 09:48:14][INFO] utils.logging:   91: {"_type": "train_iter", "epoch": "3/30", "eta": "0:20:42", "iter": "251/8376", "loss": 1.149846, "lr": 0.001000, "neg_dist": 3.443871, "pos_dist": 3.747503, "time_diff": 1.360000, "triplet": 0.767295}
[08/11 09:48:15][INFO] utils.logging:   91: {"_type": "train_iter", "epoch": "3/30", "eta": "0:20:41", "iter": "301/8376", "loss": 1.089157, "lr": 0.001000, "neg_dist": 3.497410, "pos_dist": 3.958321, "time_diff": 1.620000, "triplet": 0.819594}
[08/11 09:48:15][INFO] utils.logging:   91: {"_type": "train_iter", "epoch": "3/30", "eta": "0:20:41", "iter": "351/8376", "loss": 1.067233, "lr": 0.001000, "neg_dist": 3.340794, "pos_dist": 3.739515, "time_diff": 1.890000, "triplet": 0.762368}
[08/11 09:48:15][INFO] utils.logging:   91: {"_type": "train_iter", "epoch": "3/30", "eta": "0:20:41", "iter": "401/8376", "loss": 1.481594, "lr": 0.001000, "neg_dist": 3.943432, "pos_dist": 4.758077, "time_diff": 2.160000, "triplet": 1.114645}
[08/11 09:48:15][INFO] utils.logging:   91: {"_type": "train_iter", "epoch": "3/30", "eta": "0:20:40", "iter": "451/8376", "loss": 0.996682, "lr": 0.001000, "neg_dist": 4.536213, "pos_dist": 4.643010, "time_diff": 2.410000, "triplet": 0.696288}
[08/11 09:48:16][INFO] utils.logging:   91: {"_type": "train_iter", "epoch": "3/30", "eta": "0:20:40", "iter": "501/8376", "loss": 1.064583, "lr": 0.001000, "neg_dist": 3.496115, "pos_dist": 3.951560, "time_diff": 2.660000, "triplet": 0.765414}
[08/11 09:48:16][INFO] utils.logging:   91: {"_type": "train_iter", "epoch": "3/30", "eta": "0:20:40", "iter": "551/8376", "loss": 1.641158, "lr": 0.001000, "neg_dist": 4.516568, "pos_dist": 5.564742, "time_diff": 2.920000, "triplet": 1.384523}
[08/11 09:48:16][INFO] utils.logging:   91: {"_type": "train_iter", "epoch": "3/30", "eta": "0:20:39", "iter": "601/8376", "loss": 0.840676, "lr": 0.001000, "neg_dist": 3.168119, "pos_dist": 3.419071, "time_diff": 3.180000, "triplet": 0.588070}
[08/11 09:48:16][INFO] utils.logging:   91: {"_type": "train_iter", "epoch": "3/30", "eta": "0:20:39", "iter": "651/8376", "loss": 0.785497, "lr": 0.001000, "neg_dist": 3.818199, "pos_dist": 4.099365, "time_diff": 3.430000, "triplet": 0.581165}
[08/11 09:48:17][INFO] utils.logging:   91: {"_type": "train_iter", "epoch": "3/30", "eta": "0:20:38", "iter": "701/8376", "loss": 1.506822, "lr": 0.001000, "neg_dist": 3.492476, "pos_dist": 4.372436, "time_diff": 3.690000, "triplet": 1.213779}
[08/11 09:48:17][INFO] utils.logging:   91: {"_type": "train_iter", "epoch": "3/30", "eta": "0:20:38", "iter": "751/8376", "loss": 1.264703, "lr": 0.001000, "neg_dist": 3.620651, "pos_dist": 4.119651, "time_diff": 3.960000, "triplet": 0.919603}
[08/11 09:48:17][INFO] utils.logging:   91: {"_type": "train_iter", "epoch": "3/30", "eta": "0:20:38", "iter": "801/8376", "loss": 1.404526, "lr": 0.001000, "neg_dist": 3.851530, "pos_dist": 4.525646, "time_diff": 4.240000, "triplet": 0.992473}
[08/11 09:48:17][INFO] utils.logging:   91: {"_type": "train_iter", "epoch": "3/30", "eta": "0:20:38", "iter": "851/8376", "loss": 1.026642, "lr": 0.001000, "neg_dist": 4.367310, "pos_dist": 4.608405, "time_diff": 4.500000, "triplet": 0.663652}
[08/11 09:48:18][INFO] utils.logging:   91: {"_type": "train_iter", "epoch": "3/30", "eta": "0:20:37", "iter": "901/8376", "loss": 1.377572, "lr": 0.001000, "neg_dist": 3.337327, "pos_dist": 4.067934, "time_diff": 4.760000, "triplet": 1.040983}
[08/11 09:48:18][INFO] utils.logging:   91: {"_type": "train_iter", "epoch": "3/30", "eta": "0:20:37", "iter": "951/8376", "loss": 0.620557, "lr": 0.001000, "neg_dist": 3.369390, "pos_dist": 3.253982, "time_diff": 5.020000, "triplet": 0.295859}
[08/11 09:48:18][INFO] utils.logging:   91: {"_type": "train_iter", "epoch": "3/30", "eta": "0:20:37", "iter": "1001/8376", "loss": 1.689448, "lr": 0.001000, "neg_dist": 5.111183, "pos_dist": 5.977114, "time_diff": 5.290000, "triplet": 1.361663}
[08/11 09:48:19][INFO] utils.logging:   91: {"_type": "train_iter", "epoch": "3/30", "eta": "0:20:37", "iter": "1051/8376", "loss": 1.124091, "lr": 0.001000, "neg_dist": 3.394097, "pos_dist": 3.754174, "time_diff": 5.550000, "triplet": 0.902041}
[08/11 09:48:19][INFO] utils.logging:   91: {"_type": "train_iter", "epoch": "3/30", "eta": "0:20:36", "iter": "1101/8376", "loss": 1.135363, "lr": 0.001000, "neg_dist": 4.220496, "pos_dist": 4.726199, "time_diff": 5.800000, "triplet": 0.811817}
[08/11 09:48:19][INFO] utils.logging:   91: {"_type": "train_iter", "epoch": "3/30", "eta": "0:20:36", "iter": "1151/8376", "loss": 1.375993, "lr": 0.001000, "neg_dist": 3.997869, "pos_dist": 4.750499, "time_diff": 6.060000, "triplet": 1.052631}
[08/11 09:48:19][INFO] utils.logging:   91: {"_type": "train_iter", "epoch": "3/30", "eta": "0:20:36", "iter": "1201/8376", "loss": 0.859099, "lr": 0.001000, "neg_dist": 3.489809, "pos_dist": 3.711061, "time_diff": 6.320000, "triplet": 0.637139}
[08/11 09:48:20][INFO] utils.logging:   91: {"_type": "train_iter", "epoch": "3/30", "eta": "0:20:35", "iter": "1251/8376", "loss": 1.001327, "lr": 0.001000, "neg_dist": 4.371698, "pos_dist": 4.575390, "time_diff": 6.580000, "triplet": 0.681979}
[08/11 09:48:20][INFO] utils.logging:   91: {"_type": "train_iter", "epoch": "3/30", "eta": "0:20:35", "iter": "1301/8376", "loss": 1.437510, "lr": 0.001000, "neg_dist": 3.430999, "pos_dist": 4.265820, "time_diff": 6.850000, "triplet": 1.134821}
[08/11 09:48:20][INFO] utils.logging:   91: {"_type": "train_iter", "epoch": "3/30", "eta": "0:20:35", "iter": "1351/8376", "loss": 1.146894, "lr": 0.001000, "neg_dist": 3.754827, "pos_dist": 3.896921, "time_diff": 7.110000, "triplet": 0.823027}
[08/11 09:48:20][INFO] utils.logging:   91: {"_type": "train_iter", "epoch": "3/30", "eta": "0:20:34", "iter": "1401/8376", "loss": 1.568393, "lr": 0.001000, "neg_dist": 3.684256, "pos_dist": 4.581046, "time_diff": 7.370000, "triplet": 1.273176}
[08/11 09:48:21][INFO] utils.logging:   91: {"_type": "train_iter", "epoch": "3/30", "eta": "0:20:34", "iter": "1451/8376", "loss": 0.824336, "lr": 0.001000, "neg_dist": 3.623298, "pos_dist": 3.799621, "time_diff": 7.630000, "triplet": 0.492391}
[08/11 09:48:21][INFO] utils.logging:   91: {"_type": "train_iter", "epoch": "3/30", "eta": "0:20:33", "iter": "1501/8376", "loss": 1.417866, "lr": 0.001000, "neg_dist": 2.928519, "pos_dist": 3.724905, "time_diff": 7.880000, "triplet": 1.096387}
[08/11 09:48:21][INFO] utils.logging:   91: {"_type": "train_iter", "epoch": "3/30", "eta": "0:20:33", "iter": "1551/8376", "loss": 1.357780, "lr": 0.001000, "neg_dist": 3.179833, "pos_dist": 3.913842, "time_diff": 8.130000, "triplet": 1.034009}
[08/11 09:48:21][INFO] utils.logging:   91: {"_type": "train_iter", "epoch": "3/30", "eta": "0:20:33", "iter": "1601/8376", "loss": 1.782532, "lr": 0.001000, "neg_dist": 2.933796, "pos_dist": 4.028718, "time_diff": 8.410000, "triplet": 1.394923}
[08/11 09:48:22][INFO] utils.logging:   91: {"_type": "train_iter", "epoch": "3/30", "eta": "0:20:33", "iter": "1651/8376", "loss": 1.002940, "lr": 0.001000, "neg_dist": 2.949130, "pos_dist": 3.406824, "time_diff": 8.680000, "triplet": 0.758106}
[08/11 09:48:22][INFO] utils.logging:   91: {"_type": "train_iter", "epoch": "3/30", "eta": "0:20:32", "iter": "1701/8376", "loss": 1.691910, "lr": 0.001000, "neg_dist": 3.732796, "pos_dist": 4.843546, "time_diff": 8.930000, "triplet": 1.410750}
[08/11 09:48:22][INFO] utils.logging:   91: {"_type": "train_iter", "epoch": "3/30", "eta": "0:20:32", "iter": "1751/8376", "loss": 1.246158, "lr": 0.001000, "neg_dist": 3.236084, "pos_dist": 3.872857, "time_diff": 9.180000, "triplet": 0.936772}
[08/11 09:48:22][INFO] utils.logging:   91: {"_type": "train_iter", "epoch": "3/30", "eta": "0:20:32", "iter": "1801/8376", "loss": 1.139084, "lr": 0.001000, "neg_dist": 3.822938, "pos_dist": 4.395220, "time_diff": 9.440000, "triplet": 0.894287}
[08/11 09:48:23][INFO] utils.logging:   91: {"_type": "train_iter", "epoch": "3/30", "eta": "0:20:31", "iter": "1851/8376", "loss": 0.622351, "lr": 0.001000, "neg_dist": 3.068450, "pos_dist": 2.993043, "time_diff": 9.710000, "triplet": 0.388521}
[08/11 09:48:23][INFO] utils.logging:   91: {"_type": "train_iter", "epoch": "3/30", "eta": "0:20:31", "iter": "1901/8376", "loss": 1.312042, "lr": 0.001000, "neg_dist": 3.368037, "pos_dist": 4.076144, "time_diff": 9.960000, "triplet": 1.018883}
[08/11 09:48:23][INFO] utils.logging:   91: {"_type": "train_iter", "epoch": "3/30", "eta": "0:20:31", "iter": "1951/8376", "loss": 0.654841, "lr": 0.001000, "neg_dist": 4.770924, "pos_dist": 4.527814, "time_diff": 10.220000, "triplet": 0.322847}
[08/11 09:48:23][INFO] utils.logging:   91: {"_type": "train_iter", "epoch": "3/30", "eta": "0:20:30", "iter": "2001/8376", "loss": 0.918824, "lr": 0.001000, "neg_dist": 3.887911, "pos_dist": 4.169611, "time_diff": 10.480000, "triplet": 0.581700}
[08/11 09:48:24][INFO] utils.logging:   91: {"_type": "train_iter", "epoch": "3/30", "eta": "0:20:30", "iter": "2051/8376", "loss": 1.112557, "lr": 0.001000, "neg_dist": 3.850882, "pos_dist": 4.223389, "time_diff": 10.750000, "triplet": 0.870178}
[08/11 09:48:24][INFO] utils.logging:   91: {"_type": "train_iter", "epoch": "3/30", "eta": "0:20:30", "iter": "2101/8376", "loss": 1.553764, "lr": 0.001000, "neg_dist": 3.245244, "pos_dist": 4.112906, "time_diff": 11.010000, "triplet": 1.167662}
[08/11 09:48:24][INFO] utils.logging:   91: {"_type": "train_iter", "epoch": "3/30", "eta": "0:20:29", "iter": "2151/8376", "loss": 1.594294, "lr": 0.001000, "neg_dist": 3.497085, "pos_dist": 4.360228, "time_diff": 11.260000, "triplet": 1.176243}
[08/11 09:48:25][INFO] utils.logging:   91: {"_type": "train_iter", "epoch": "3/30", "eta": "0:20:29", "iter": "2201/8376", "loss": 1.227899, "lr": 0.001000, "neg_dist": 3.587873, "pos_dist": 4.211298, "time_diff": 11.520000, "triplet": 0.958647}
[08/11 09:48:25][INFO] utils.logging:   91: {"_type": "train_iter", "epoch": "3/30", "eta": "0:20:29", "iter": "2251/8376", "loss": 1.075350, "lr": 0.001000, "neg_dist": 4.901568, "pos_dist": 5.279645, "time_diff": 11.780000, "triplet": 0.715847}
[08/11 09:48:25][INFO] utils.logging:   91: {"_type": "train_iter", "epoch": "3/30", "eta": "0:20:28", "iter": "2301/8376", "loss": 0.786551, "lr": 0.001000, "neg_dist": 4.474939, "pos_dist": 4.563736, "time_diff": 12.040000, "triplet": 0.448289}
[08/11 09:48:25][INFO] utils.logging:   91: {"_type": "train_iter", "epoch": "3/30", "eta": "0:20:28", "iter": "2351/8376", "loss": 1.696123, "lr": 0.001000, "neg_dist": 3.203921, "pos_dist": 4.208027, "time_diff": 12.300000, "triplet": 1.304106}
[08/11 09:48:26][INFO] utils.logging:   91: {"_type": "train_iter", "epoch": "3/30", "eta": "0:20:28", "iter": "2401/8376", "loss": 0.840304, "lr": 0.001000, "neg_dist": 3.269911, "pos_dist": 3.543930, "time_diff": 12.550000, "triplet": 0.574019}
[08/11 09:48:26][INFO] utils.logging:   91: {"_type": "train_iter", "epoch": "3/30", "eta": "0:20:27", "iter": "2451/8376", "loss": 0.745240, "lr": 0.001000, "neg_dist": 3.932045, "pos_dist": 3.623616, "time_diff": 12.810000, "triplet": 0.357821}
[08/11 09:48:26][INFO] utils.logging:   91: {"_type": "train_iter", "epoch": "3/30", "eta": "0:20:27", "iter": "2501/8376", "loss": 1.513321, "lr": 0.001000, "neg_dist": 3.725706, "pos_dist": 4.674362, "time_diff": 13.110000, "triplet": 1.248656}
[08/11 09:48:26][INFO] utils.logging:   91: {"_type": "train_iter", "epoch": "3/30", "eta": "0:20:28", "iter": "2551/8376", "loss": 1.251043, "lr": 0.001000, "neg_dist": 4.556468, "pos_dist": 5.241722, "time_diff": 13.420000, "triplet": 1.013082}
[08/11 09:48:27][INFO] utils.logging:   91: {"_type": "train_iter", "epoch": "3/30", "eta": "0:20:27", "iter": "2601/8376", "loss": 0.779354, "lr": 0.001000, "neg_dist": 4.103343, "pos_dist": 3.825181, "time_diff": 13.670000, "triplet": 0.517572}
[08/11 09:48:27][INFO] utils.logging:   91: {"_type": "train_iter", "epoch": "3/30", "eta": "0:20:27", "iter": "2651/8376", "loss": 1.044425, "lr": 0.001000, "neg_dist": 3.641667, "pos_dist": 3.917561, "time_diff": 13.920000, "triplet": 0.709734}
[08/11 09:48:27][INFO] utils.logging:   91: {"_type": "train_iter", "epoch": "3/30", "eta": "0:20:27", "iter": "2701/8376", "loss": 1.084755, "lr": 0.001000, "neg_dist": 3.852760, "pos_dist": 4.332461, "time_diff": 14.180000, "triplet": 0.779701}
[08/11 09:48:27][INFO] utils.logging:   91: {"_type": "train_iter", "epoch": "3/30", "eta": "0:20:26", "iter": "2751/8376", "loss": 1.884814, "lr": 0.001000, "neg_dist": 3.218811, "pos_dist": 4.479056, "time_diff": 14.440000, "triplet": 1.560245}
[08/11 09:48:28][INFO] utils.logging:   91: {"_type": "train_iter", "epoch": "3/30", "eta": "0:20:26", "iter": "2801/8376", "loss": 1.520162, "lr": 0.001000, "neg_dist": 3.817489, "pos_dist": 4.723658, "time_diff": 14.700000, "triplet": 1.206169}
[08/11 09:48:28][INFO] utils.logging:   91: {"_type": "train_iter", "epoch": "3/30", "eta": "0:20:26", "iter": "2851/8376", "loss": 1.335464, "lr": 0.001000, "neg_dist": 3.541455, "pos_dist": 4.348478, "time_diff": 14.960000, "triplet": 1.110794}
[08/11 09:48:28][INFO] utils.logging:   91: {"_type": "train_iter", "epoch": "3/30", "eta": "0:20:25", "iter": "2901/8376", "loss": 1.272790, "lr": 0.001000, "neg_dist": 3.745956, "pos_dist": 4.364461, "time_diff": 15.230000, "triplet": 0.918505}
[08/11 09:48:28][INFO] utils.logging:   91: {"_type": "train_iter", "epoch": "3/30", "eta": "0:20:25", "iter": "2951/8376", "loss": 0.840680, "lr": 0.001000, "neg_dist": 4.067086, "pos_dist": 4.149835, "time_diff": 15.480000, "triplet": 0.522789}
[08/11 09:48:29][INFO] utils.logging:   91: {"_type": "train_iter", "epoch": "3/30", "eta": "0:20:25", "iter": "3001/8376", "loss": 1.089469, "lr": 0.001000, "neg_dist": 4.855491, "pos_dist": 5.307466, "time_diff": 15.740000, "triplet": 0.772950}
[08/11 09:48:29][INFO] utils.logging:   91: {"_type": "train_iter", "epoch": "3/30", "eta": "0:20:24", "iter": "3051/8376", "loss": 1.769320, "lr": 0.001000, "neg_dist": 3.939333, "pos_dist": 5.006849, "time_diff": 15.990000, "triplet": 1.388933}
[08/11 09:48:29][INFO] utils.logging:   91: {"_type": "train_iter", "epoch": "3/30", "eta": "0:20:24", "iter": "3101/8376", "loss": 0.619890, "lr": 0.001000, "neg_dist": 3.329171, "pos_dist": 3.210908, "time_diff": 16.250000, "triplet": 0.305844}
[08/11 09:48:30][INFO] utils.logging:   91: {"_type": "train_iter", "epoch": "3/30", "eta": "0:20:23", "iter": "3151/8376", "loss": 1.871849, "lr": 0.001000, "neg_dist": 3.822953, "pos_dist": 5.126078, "time_diff": 16.510000, "triplet": 1.603125}
[08/11 09:48:30][INFO] utils.logging:   91: {"_type": "train_iter", "epoch": "3/30", "eta": "0:20:23", "iter": "3201/8376", "loss": 0.850575, "lr": 0.001000, "neg_dist": 3.204340, "pos_dist": 3.453418, "time_diff": 16.760000, "triplet": 0.567558}
[08/11 09:48:30][INFO] utils.logging:   91: {"_type": "train_iter", "epoch": "3/30", "eta": "0:20:23", "iter": "3251/8376", "loss": 1.487485, "lr": 0.001000, "neg_dist": 3.382355, "pos_dist": 4.353775, "time_diff": 17.040000, "triplet": 1.271420}
[08/11 09:48:30][INFO] utils.logging:   91: {"_type": "train_iter", "epoch": "3/30", "eta": "0:20:23", "iter": "3301/8376", "loss": 1.091177, "lr": 0.001000, "neg_dist": 3.357704, "pos_dist": 3.889096, "time_diff": 17.300000, "triplet": 0.831392}
[08/11 09:48:31][INFO] utils.logging:   91: {"_type": "train_iter", "epoch": "3/30", "eta": "0:20:22", "iter": "3351/8376", "loss": 1.139474, "lr": 0.001000, "neg_dist": 3.388817, "pos_dist": 3.862833, "time_diff": 17.560000, "triplet": 0.777006}
[08/11 09:48:31][INFO] utils.logging:   91: {"_type": "train_iter", "epoch": "3/30", "eta": "0:20:22", "iter": "3401/8376", "loss": 0.524328, "lr": 0.001000, "neg_dist": 3.106527, "pos_dist": 3.051591, "time_diff": 17.820000, "triplet": 0.268978}
[08/11 09:48:31][INFO] utils.logging:   91: {"_type": "train_iter", "epoch": "3/30", "eta": "0:20:22", "iter": "3451/8376", "loss": 0.892550, "lr": 0.001000, "neg_dist": 4.392399, "pos_dist": 4.135236, "time_diff": 18.080000, "triplet": 0.662734}
[08/11 09:48:31][INFO] utils.logging:   91: {"_type": "train_iter", "epoch": "3/30", "eta": "0:20:21", "iter": "3501/8376", "loss": 1.180892, "lr": 0.001000, "neg_dist": 3.734284, "pos_dist": 4.177440, "time_diff": 18.330000, "triplet": 0.767467}
[08/11 09:48:32][INFO] utils.logging:   91: {"_type": "train_iter", "epoch": "3/30", "eta": "0:20:21", "iter": "3551/8376", "loss": 0.969571, "lr": 0.001000, "neg_dist": 3.163625, "pos_dist": 3.353227, "time_diff": 18.580000, "triplet": 0.632484}
[08/11 09:48:32][INFO] utils.logging:   91: {"_type": "train_iter", "epoch": "3/30", "eta": "0:20:21", "iter": "3601/8376", "loss": 1.171312, "lr": 0.001000, "neg_dist": 3.551830, "pos_dist": 4.246799, "time_diff": 18.840000, "triplet": 0.994969}
[08/11 09:48:32][INFO] utils.logging:   91: {"_type": "train_iter", "epoch": "3/30", "eta": "0:20:20", "iter": "3651/8376", "loss": 1.073382, "lr": 0.001000, "neg_dist": 4.250914, "pos_dist": 4.685013, "time_diff": 19.100000, "triplet": 0.734623}
[08/11 09:48:32][INFO] utils.logging:   91: {"_type": "train_iter", "epoch": "3/30", "eta": "0:20:20", "iter": "3701/8376", "loss": 1.411879, "lr": 0.001000, "neg_dist": 3.278933, "pos_dist": 4.072756, "time_diff": 19.360000, "triplet": 1.093823}
[08/11 09:48:33][INFO] utils.logging:   91: {"_type": "train_iter", "epoch": "3/30", "eta": "0:20:20", "iter": "3751/8376", "loss": 1.366519, "lr": 0.001000, "neg_dist": 3.257181, "pos_dist": 4.022485, "time_diff": 19.620000, "triplet": 1.065303}
[08/11 09:48:33][INFO] utils.logging:   91: {"_type": "train_iter", "epoch": "3/30", "eta": "0:20:19", "iter": "3801/8376", "loss": 1.151247, "lr": 0.001000, "neg_dist": 3.292466, "pos_dist": 3.750799, "time_diff": 19.880000, "triplet": 0.764368}
[08/11 09:48:33][INFO] utils.logging:   91: {"_type": "train_iter", "epoch": "3/30", "eta": "0:20:19", "iter": "3851/8376", "loss": 1.382815, "lr": 0.001000, "neg_dist": 3.603332, "pos_dist": 4.395639, "time_diff": 20.140000, "triplet": 1.140337}
[08/11 09:48:33][INFO] utils.logging:   91: {"_type": "train_iter", "epoch": "3/30", "eta": "0:20:19", "iter": "3901/8376", "loss": 1.455153, "lr": 0.001000, "neg_dist": 3.495201, "pos_dist": 4.375325, "time_diff": 20.390000, "triplet": 1.180124}
[08/11 09:48:34][INFO] utils.logging:   91: {"_type": "train_iter", "epoch": "3/30", "eta": "0:20:19", "iter": "3951/8376", "loss": 1.390239, "lr": 0.001000, "neg_dist": 3.177596, "pos_dist": 4.006216, "time_diff": 20.680000, "triplet": 1.128620}
[08/11 09:48:34][INFO] utils.logging:   91: {"_type": "train_iter", "epoch": "3/30", "eta": "0:20:18", "iter": "4001/8376", "loss": 1.204508, "lr": 0.001000, "neg_dist": 3.991583, "pos_dist": 4.501062, "time_diff": 20.940000, "triplet": 0.927042}
[08/11 09:48:34][INFO] utils.logging:   91: {"_type": "train_iter", "epoch": "3/30", "eta": "0:20:18", "iter": "4051/8376", "loss": 1.006693, "lr": 0.001000, "neg_dist": 3.425048, "pos_dist": 3.910880, "time_diff": 21.200000, "triplet": 0.785831}
[08/11 09:48:34][INFO] utils.logging:   91: {"_type": "train_iter", "epoch": "3/30", "eta": "0:20:18", "iter": "4101/8376", "loss": 1.024646, "lr": 0.001000, "neg_dist": 3.664932, "pos_dist": 4.015093, "time_diff": 21.460000, "triplet": 0.757772}
[08/11 09:48:35][INFO] utils.logging:   91: {"_type": "train_iter", "epoch": "3/30", "eta": "0:20:17", "iter": "4151/8376", "loss": 1.648441, "lr": 0.001000, "neg_dist": 3.463396, "pos_dist": 4.526896, "time_diff": 21.710000, "triplet": 1.363500}
[08/11 09:48:35][INFO] utils.logging:   91: {"_type": "train_iter", "epoch": "3/30", "eta": "0:20:17", "iter": "4201/8376", "loss": 1.015905, "lr": 0.001000, "neg_dist": 3.369015, "pos_dist": 3.653972, "time_diff": 21.970000, "triplet": 0.617921}
[08/11 09:48:35][INFO] utils.logging:   91: {"_type": "train_iter", "epoch": "3/30", "eta": "0:20:16", "iter": "4251/8376", "loss": 1.252366, "lr": 0.001000, "neg_dist": 3.528675, "pos_dist": 3.861218, "time_diff": 22.210000, "triplet": 0.911606}
[08/11 09:48:35][INFO] utils.logging:   91: {"_type": "train_iter", "epoch": "3/30", "eta": "0:20:16", "iter": "4301/8376", "loss": 1.541279, "lr": 0.001000, "neg_dist": 3.881716, "pos_dist": 4.618528, "time_diff": 22.460000, "triplet": 1.141175}
[08/11 09:48:36][INFO] utils.logging:   91: {"_type": "train_iter", "epoch": "3/30", "eta": "0:20:16", "iter": "4351/8376", "loss": 0.882826, "lr": 0.001000, "neg_dist": 3.687105, "pos_dist": 3.683796, "time_diff": 22.710000, "triplet": 0.593254}
[08/11 09:48:36][INFO] utils.logging:   91: {"_type": "train_iter", "epoch": "3/30", "eta": "0:20:15", "iter": "4401/8376", "loss": 0.975061, "lr": 0.001000, "neg_dist": 3.388669, "pos_dist": 3.730294, "time_diff": 22.990000, "triplet": 0.758689}
[08/11 09:48:36][INFO] utils.logging:   91: {"_type": "train_iter", "epoch": "3/30", "eta": "0:20:15", "iter": "4451/8376", "loss": 1.066067, "lr": 0.001000, "neg_dist": 4.114422, "pos_dist": 4.440916, "time_diff": 23.240000, "triplet": 0.848485}
[08/11 09:48:36][INFO] utils.logging:   91: {"_type": "train_iter", "epoch": "3/30", "eta": "0:20:15", "iter": "4501/8376", "loss": 1.336791, "lr": 0.001000, "neg_dist": 3.366110, "pos_dist": 4.048715, "time_diff": 23.490000, "triplet": 1.059245}
[08/11 09:48:37][INFO] utils.logging:   91: {"_type": "train_iter", "epoch": "3/30", "eta": "0:20:14", "iter": "4551/8376", "loss": 1.304978, "lr": 0.001000, "neg_dist": 3.916492, "pos_dist": 4.607011, "time_diff": 23.750000, "triplet": 1.040877}
[08/11 09:48:37][INFO] utils.logging:   91: {"_type": "train_iter", "epoch": "3/30", "eta": "0:20:14", "iter": "4601/8376", "loss": 1.266751, "lr": 0.001000, "neg_dist": 3.795595, "pos_dist": 4.422485, "time_diff": 24.010000, "triplet": 0.943822}
[08/11 09:48:37][INFO] utils.logging:   91: {"_type": "train_iter", "epoch": "3/30", "eta": "0:20:14", "iter": "4651/8376", "loss": 0.846796, "lr": 0.001000, "neg_dist": 3.245595, "pos_dist": 3.405198, "time_diff": 24.280000, "triplet": 0.481943}
[08/11 09:48:38][INFO] utils.logging:   91: {"_type": "train_iter", "epoch": "3/30", "eta": "0:20:14", "iter": "4701/8376", "loss": 1.059191, "lr": 0.001000, "neg_dist": 3.941670, "pos_dist": 4.323961, "time_diff": 24.550000, "triplet": 0.814188}
[08/11 09:48:38][INFO] utils.logging:   91: {"_type": "train_iter", "epoch": "3/30", "eta": "0:20:13", "iter": "4751/8376", "loss": 1.412544, "lr": 0.001000, "neg_dist": 3.178645, "pos_dist": 3.914324, "time_diff": 24.800000, "triplet": 1.048630}
[08/11 09:48:38][INFO] utils.logging:   91: {"_type": "train_iter", "epoch": "3/30", "eta": "0:20:13", "iter": "4801/8376", "loss": 1.486875, "lr": 0.001000, "neg_dist": 4.104422, "pos_dist": 4.930006, "time_diff": 25.060000, "triplet": 1.174887}
[08/11 09:48:38][INFO] utils.logging:   91: {"_type": "train_iter", "epoch": "3/30", "eta": "0:20:13", "iter": "4851/8376", "loss": 1.009667, "lr": 0.001000, "neg_dist": 2.960954, "pos_dist": 3.291236, "time_diff": 25.330000, "triplet": 0.647767}
[08/11 09:48:39][INFO] utils.logging:   91: {"_type": "train_iter", "epoch": "3/30", "eta": "0:20:12", "iter": "4901/8376", "loss": 1.601291, "lr": 0.001000, "neg_dist": 3.943759, "pos_dist": 4.871342, "time_diff": 25.580000, "triplet": 1.227583}
[08/11 09:48:39][INFO] utils.logging:   91: {"_type": "train_iter", "epoch": "3/30", "eta": "0:20:12", "iter": "4951/8376", "loss": 1.075846, "lr": 0.001000, "neg_dist": 3.692973, "pos_dist": 4.097536, "time_diff": 25.850000, "triplet": 0.740945}
[08/11 09:48:39][INFO] utils.logging:   91: {"_type": "train_iter", "epoch": "3/30", "eta": "0:20:12", "iter": "5001/8376", "loss": 1.430337, "lr": 0.001000, "neg_dist": 3.873637, "pos_dist": 4.678310, "time_diff": 26.120000, "triplet": 1.199654}
[08/11 09:48:39][INFO] utils.logging:   91: {"_type": "train_iter", "epoch": "3/30", "eta": "0:20:12", "iter": "5051/8376", "loss": 1.132618, "lr": 0.001000, "neg_dist": 3.515994, "pos_dist": 4.004831, "time_diff": 26.380000, "triplet": 0.881570}
[08/11 09:48:40][INFO] utils.logging:   91: {"_type": "train_iter", "epoch": "3/30", "eta": "0:20:11", "iter": "5101/8376", "loss": 1.375838, "lr": 0.001000, "neg_dist": 4.215361, "pos_dist": 4.677780, "time_diff": 26.630000, "triplet": 1.011046}
[08/11 09:48:40][INFO] utils.logging:   91: {"_type": "train_iter", "epoch": "3/30", "eta": "0:20:11", "iter": "5151/8376", "loss": 1.605512, "lr": 0.001000, "neg_dist": 4.120088, "pos_dist": 5.204675, "time_diff": 26.880000, "triplet": 1.385426}
[08/11 09:48:40][INFO] utils.logging:   91: {"_type": "train_iter", "epoch": "3/30", "eta": "0:20:10", "iter": "5201/8376", "loss": 0.830368, "lr": 0.001000, "neg_dist": 3.496747, "pos_dist": 3.719888, "time_diff": 27.140000, "triplet": 0.553694}
[08/11 09:48:40][INFO] utils.logging:   91: {"_type": "train_iter", "epoch": "3/30", "eta": "0:20:10", "iter": "5251/8376", "loss": 1.588683, "lr": 0.001000, "neg_dist": 3.664117, "pos_dist": 4.656261, "time_diff": 27.400000, "triplet": 1.292145}
[08/11 09:48:41][INFO] utils.logging:   91: {"_type": "train_iter", "epoch": "3/30", "eta": "0:20:10", "iter": "5301/8376", "loss": 1.350651, "lr": 0.001000, "neg_dist": 3.703467, "pos_dist": 4.427574, "time_diff": 27.660000, "triplet": 1.024106}
[08/11 09:48:41][INFO] utils.logging:   91: {"_type": "train_iter", "epoch": "3/30", "eta": "0:20:09", "iter": "5351/8376", "loss": 1.026827, "lr": 0.001000, "neg_dist": 3.870308, "pos_dist": 4.393533, "time_diff": 27.910000, "triplet": 0.848637}
[08/11 09:48:41][INFO] utils.logging:   91: {"_type": "train_iter", "epoch": "3/30", "eta": "0:20:09", "iter": "5401/8376", "loss": 1.408394, "lr": 0.001000, "neg_dist": 3.736560, "pos_dist": 4.635611, "time_diff": 28.180000, "triplet": 1.199051}
[08/11 09:48:41][INFO] utils.logging:   91: {"_type": "train_iter", "epoch": "3/30", "eta": "0:20:09", "iter": "5451/8376", "loss": 1.748135, "lr": 0.001000, "neg_dist": 3.471123, "pos_dist": 4.587628, "time_diff": 28.440000, "triplet": 1.416506}
[08/11 09:48:42][INFO] utils.logging:   91: {"_type": "train_iter", "epoch": "3/30", "eta": "0:20:09", "iter": "5501/8376", "loss": 1.401947, "lr": 0.001000, "neg_dist": 3.410005, "pos_dist": 3.981616, "time_diff": 28.690000, "triplet": 1.053891}
[08/11 09:48:42][INFO] utils.logging:   91: {"_type": "train_iter", "epoch": "3/30", "eta": "0:20:08", "iter": "5551/8376", "loss": 1.572848, "lr": 0.001000, "neg_dist": 3.947895, "pos_dist": 4.833370, "time_diff": 28.950000, "triplet": 1.267957}
[08/11 09:48:42][INFO] utils.logging:   91: {"_type": "train_iter", "epoch": "3/30", "eta": "0:20:08", "iter": "5601/8376", "loss": 1.269655, "lr": 0.001000, "neg_dist": 3.430645, "pos_dist": 4.074136, "time_diff": 29.220000, "triplet": 0.995183}
[08/11 09:48:42][INFO] utils.logging:   91: {"_type": "train_iter", "epoch": "3/30", "eta": "0:20:08", "iter": "5651/8376", "loss": 1.302815, "lr": 0.001000, "neg_dist": 3.733784, "pos_dist": 4.394073, "time_diff": 29.490000, "triplet": 1.087561}
[08/11 09:48:43][INFO] utils.logging:   91: {"_type": "train_iter", "epoch": "3/30", "eta": "0:20:07", "iter": "5701/8376", "loss": 1.591124, "lr": 0.001000, "neg_dist": 3.533228, "pos_dist": 4.450393, "time_diff": 29.750000, "triplet": 1.255587}
[08/11 09:48:43][INFO] utils.logging:   91: {"_type": "train_iter", "epoch": "3/30", "eta": "0:20:07", "iter": "5751/8376", "loss": 1.508743, "lr": 0.001000, "neg_dist": 3.881628, "pos_dist": 4.415328, "time_diff": 30.000000, "triplet": 1.139823}
[08/11 09:48:43][INFO] utils.logging:   91: {"_type": "train_iter", "epoch": "3/30", "eta": "0:20:07", "iter": "5801/8376", "loss": 0.995524, "lr": 0.001000, "neg_dist": 4.071470, "pos_dist": 4.364034, "time_diff": 30.270000, "triplet": 0.742970}
[08/11 09:48:44][INFO] utils.logging:   91: {"_type": "train_iter", "epoch": "3/30", "eta": "0:20:07", "iter": "5851/8376", "loss": 0.817411, "lr": 0.001000, "neg_dist": 4.028827, "pos_dist": 4.263316, "time_diff": 30.530000, "triplet": 0.653240}
[08/11 09:48:44][INFO] utils.logging:   91: {"_type": "train_iter", "epoch": "3/30", "eta": "0:20:06", "iter": "5901/8376", "loss": 1.476307, "lr": 0.001000, "neg_dist": 3.482673, "pos_dist": 4.301869, "time_diff": 30.800000, "triplet": 1.124910}
[08/11 09:48:44][INFO] utils.logging:   91: {"_type": "train_iter", "epoch": "3/30", "eta": "0:20:06", "iter": "5951/8376", "loss": 1.112964, "lr": 0.001000, "neg_dist": 3.578823, "pos_dist": 3.979785, "time_diff": 31.050000, "triplet": 0.798182}
[08/11 09:48:44][INFO] utils.logging:   91: {"_type": "train_iter", "epoch": "3/30", "eta": "0:20:06", "iter": "6001/8376", "loss": 1.644695, "lr": 0.001000, "neg_dist": 3.855442, "pos_dist": 4.858245, "time_diff": 31.300000, "triplet": 1.321522}
[08/11 09:48:45][INFO] utils.logging:   91: {"_type": "train_iter", "epoch": "3/30", "eta": "0:20:05", "iter": "6051/8376", "loss": 1.017566, "lr": 0.001000, "neg_dist": 3.085082, "pos_dist": 3.197284, "time_diff": 31.550000, "triplet": 0.795176}
[08/11 09:48:49][INFO] __main__:  197: OTAM Frame Selector Pretraining
[08/11 09:48:49][INFO] __main__:  198: Config: config/frame_selector/ssv2_bimhm_train.yaml
[08/11 09:48:49][INFO] __main__:  199: Output: output/frame_selector/ssv2_ViT-B16_BiMHM
[08/11 09:48:49][INFO] __main__:  200: Config:
{
  "TASK_TYPE": "classification",
  "PRETRAIN": {
    "ENABLE": false
  },
  "LOCALIZATION": {
    "ENABLE": false
  },
  "TRAIN": {
    "ENABLE": false,
    "DATASET": null,
    "BATCH_SIZE": 128,
    "LOG_FILE": "training_log.log",
    "EVAL_PERIOD": 10,
    "NUM_FOLDS": 1,
    "AUTO_RESUME": true,
    "CHECKPOINT_PERIOD": 10,
    "CHECKPOINT_FILE_PATH": "",
    "CHECKPOINT_TYPE": "pytorch",
    "CHECKPOINT_INFLATE": false,
    "CHECKPOINT_PRE_PROCESS": {
      "ENABLE": false
    },
    "FINE_TUNE": false,
    "ONLY_LINEAR": false,
    "LR_REDUCE": false,
    "TRAIN_VAL_COMBINE": false
  },
  "TEST": {
    "ENABLE": false,
    "DATASET": null,
    "BATCH_SIZE": 100,
    "NUM_SPATIAL_CROPS": 1,
    "SPATIAL_CROPS": "cc",
    "NUM_ENSEMBLE_VIEWS": 1,
    "LOG_FILE": "val.log",
    "CHECKPOINT_FILE_PATH": "",
    "CHECKPOINT_TYPE": "pytorch",
    "AUTOMATIC_MULTI_SCALE_TEST": true
  },
  "VISUALIZATION": {
    "ENABLE": false,
    "NAME": "",
    "FEATURE_MAPS": {
      "ENABLE": false,
      "BASE_OUTPUT_DIR": ""
    }
  },
  "SUBMISSION": {
    "ENABLE": false,
    "SAVE_RESULTS_PATH": "test.json"
  },
  "DATA": {
    "DATA_ROOT_DIR": "/mnt/data/yanyi2025/lrc/action_data/ssv2/videos/videos/",
    "ANNO_DIR": "./config/ssv2_full/",
    "NUM_INPUT_FRAMES": 16,
    "NUM_INPUT_CHANNELS": 3,
    "SAMPLING_MODE": "interval_based",
    "SAMPLING_RATE": 4,
    "TRAIN_JITTER_SCALES": [
      256,
      256
    ],
    "TRAIN_CROP_SIZE": 224,
    "TEST_SCALE": 224,
    "TEST_CROP_SIZE": 112,
    "MEAN": [
      0.48145466,
      0.4578275,
      0.40821073
    ],
    "STD": [
      0.26862954,
      0.26130258,
      0.27577711
    ],
    "MULTI_LABEL": false,
    "ENSEMBLE_METHOD": "sum",
    "TARGET_FPS": 30,
    "MINUS_INTERVAL": false,
    "TRAIN_LIST": "train_few_shot.txt",
    "VAL_LIST": "val_few_shot.txt",
    "FILE_EXTENSION": ".webm",
    "BATCH_SIZE": 8,
    "VAL_BATCH_SIZE": 8,
    "NUM_WORKERS": 4,
    "USE_AUG": false,
    "FEAT_CACHE": {
      "ENABLE": true,
      "CACHE_DIR": "data/feat_cache/ssv2",
      "AUTO_REBUILD": false
    }
  },
  "MODEL": {
    "NAME": null,
    "EMA": {
      "ENABLE": false,
      "DECAY": 0.99996
    }
  },
  "VIDEO": {
    "BACKBONE": {
      "DEPTH": null,
      "META_ARCH": null,
      "NUM_FILTERS": null,
      "NUM_INPUT_CHANNELS": 3,
      "NUM_OUT_FEATURES": null,
      "KERNEL_SIZE": null,
      "DOWNSAMPLING": null,
      "DOWNSAMPLING_TEMPORAL": null,
      "NUM_STREAMS": 1,
      "EXPANSION_RATIO": 2,
      "BRANCH": {
        "NAME": null
      },
      "STEM": {
        "NAME": null
      },
      "NONLOCAL": {
        "ENABLE": false,
        "STAGES": [
          5
        ],
        "MASK_ENABLE": false
      },
      "INITIALIZATION": null
    },
    "HEAD": {
      "NAME": "BaseHead",
      "ACTIVATION": "softmax",
      "DROPOUT_RATE": 0,
      "NUM_CLASSES": null
    }
  },
  "OPTIMIZER": {
    "ADJUST_LR": false,
    "BASE_LR": 0.002,
    "LR_POLICY": "cosine",
    "MAX_EPOCH": 300,
    "MOMENTUM": 0.9,
    "WEIGHT_DECAY": "1e-3",
    "WARMUP_EPOCHS": 10,
    "WARMUP_START_LR": 0.0002,
    "OPTIM_METHOD": "adam",
    "DAMPENING": 0.0,
    "NESTEROV": true
  },
  "BN": {
    "WB_LOCK": false,
    "FREEZE": false,
    "WEIGHT_DECAY": 0.0,
    "MOMENTUM": 0.1,
    "EPS": "1e-5",
    "SYNC": false
  },
  "DATA_LOADER": {
    "NUM_WORKERS": 4,
    "PIN_MEMORY": false,
    "ENABLE_MULTI_THREAD_DECODE": true,
    "COLLATE_FN": null
  },
  "NUM_GPUS": 1,
  "SHARD_ID": 0,
  "NUM_SHARDS": 1,
  "RANDOM_SEED": 0,
  "OUTPUT_DIR": "output/frame_selector/ssv2_ViT-B16_BiMHM",
  "OUTPUT_CFG_FILE": "configuration.log",
  "LOG_PERIOD": 200,
  "DIST_BACKEND": "nccl",
  "LOG_MODEL_INFO": false,
  "LOG_CONFIG_INFO": true,
  "OSS": {
    "ENABLE": false,
    "KEY": null,
    "SECRET": null,
    "ENDPOINT": null,
    "CHECKPOINT_OUTPUT_PATH": null,
    "SECONDARY_DATA_OSS": {
      "ENABLE": false,
      "KEY": null,
      "SECRET": null,
      "ENDPOINT": null,
      "BUCKETS": [
        ""
      ]
    }
  },
  "AUGMENTATION": {
    "COLOR_AUG": false,
    "BRIGHTNESS": 0.5,
    "CONTRAST": 0.5,
    "SATURATION": 0.5,
    "HUE": 0.25,
    "GRAYSCALE": 0.3,
    "CONSISTENT": true,
    "SHUFFLE": true,
    "GRAY_FIRST": true,
    "RATIO": [
      0.857142857142857,
      1.1666666666666667
    ],
    "USE_GPU": false,
    "MIXUP": {
      "ENABLE": false,
      "ALPHA": 0.0,
      "PROB": 1.0,
      "MODE": "batch",
      "SWITCH_PROB": 0.5
    },
    "CUTMIX": {
      "ENABLE": false,
      "ALPHA": 0.0,
      "MINMAX": null
    },
    "RANDOM_ERASING": {
      "ENABLE": false,
      "PROB": 0.25,
      "MODE": "const",
      "COUNT": [
        1,
        1
      ],
      "NUM_SPLITS": 0,
      "AREA_RANGE": [
        0.02,
        0.33
      ],
      "MIN_ASPECT": 0.3
    },
    "LABEL_SMOOTHING": 0.0,
    "SSV2_FLIP": false
  },
  "PAI": false,
  "FRAME_SELECTOR": {
    "ENABLE": true,
    "TYPE": "bimhm",
    "BACKBONE_NAME": "ViT-B/16",
    "TOTAL_FRAMES": 32,
    "SELECT_FRAMES": 8,
    "SEGMENTS": 4,
    "FEAT_DIM": 0,
    "STE_TAU": 0.5
  },
  "LOSS": {
    "NAME": "bimhm_match_aware",
    "MARGIN": 0.3,
    "TEMPERATURE": 1.0,
    "TRIPLET_WEIGHT": 1.0,
    "CLASS_CE_WEIGHT": 1.0,
    "MATCH_WEIGHT": 0.5,
    "MATCH_NORMALIZE_TARGETS": true,
    "NORMALIZE_BY_FRAMES": false,
    "CLASS_BALANCED_BATCH": true,
    "CLASSES_PER_BATCH": 4,
    "SAMPLES_PER_CLASS": 2,
    "INDEX_COMPACT_WEIGHT": 0.0,
    "SCORE_MARGIN_WEIGHT": 0.0
  },
  "SOLVER": {
    "BASE_LR": 0.001,
    "OPTIM_METHOD": "adamw",
    "MAX_EPOCH": 30,
    "WEIGHT_DECAY": "1e-4",
    "WARMUP_EPOCHS": 3,
    "LR_POLICY": "cosine"
  },
  "SAVE_PERIOD": 5
}
[08/11 09:48:49][INFO] __main__:  203: Device: cuda
[08/11 09:48:49][INFO] __main__:  211: 🔧 特征缓存已开启: tag=ViT-B-16_T32, dir=data/feat_cache/ssv2
[08/11 09:48:49][INFO] __main__:  216: Loading data...
[08/11 09:48:49][INFO] __main__:  220: Train: 67013 samples, 8376 iters/epoch
[08/11 09:48:50][INFO] __main__:  228: Trainable (selector) params: 132,097
[08/11 09:48:50][INFO] __main__:  245: Selector loss=bimhm_match_aware, margin=0.3, score_margin_weight=0.0 (0=disabled), index_compact_weight=0.0, STE_tau=0.5
[08/11 09:48:50][INFO] __main__:  263: ================================================================================
[08/11 09:48:50][INFO] __main__:  264: bimhm_match_aware training | Epochs: 30 | Log: 200 | Cache=ON
[08/11 09:48:50][INFO] __main__:  268: ================================================================================
[08/11 09:48:50][INFO] __main__:  339: ✅ OTAM 梯度自检通过: grad.norm()=3.541086
[08/11 09:48:50][INFO] utils.logging:   91: {"_type": "train_iter", "epoch": "1/30", "eta": "1 day, 12:35:03", "iter": "1/8376", "loss": 1.171280, "lr": 0.000333, "neg_dist": 2.701770, "pos_dist": 3.136316, "time_diff": 0.520000, "triplet": 0.734546}
[08/11 09:48:51][INFO] utils.logging:   91: {"_type": "train_iter", "epoch": "1/30", "eta": "0:32:19", "iter": "201/8376", "loss": 1.244060, "lr": 0.000333, "neg_dist": 3.329419, "pos_dist": 3.836852, "time_diff": 1.550000, "triplet": 0.858323}
[08/11 09:48:53][INFO] utils.logging:   91: {"_type": "train_iter", "epoch": "1/30", "eta": "0:26:46", "iter": "401/8376", "loss": 1.433548, "lr": 0.000333, "neg_dist": 2.880310, "pos_dist": 3.659399, "time_diff": 2.570000, "triplet": 1.079089}
[08/11 09:48:54][INFO] utils.logging:   91: {"_type": "train_iter", "epoch": "1/30", "eta": "0:24:54", "iter": "601/8376", "loss": 1.172590, "lr": 0.000333, "neg_dist": 3.910336, "pos_dist": 4.447814, "time_diff": 3.580000, "triplet": 0.839537}
[08/11 09:48:55][INFO] utils.logging:   91: {"_type": "train_iter", "epoch": "1/30", "eta": "0:24:06", "iter": "801/8376", "loss": 1.373996, "lr": 0.000333, "neg_dist": 3.049390, "pos_dist": 3.730982, "time_diff": 4.620000, "triplet": 1.044187}
[08/11 09:48:56][INFO] utils.logging:   91: {"_type": "train_iter", "epoch": "1/30", "eta": "0:23:31", "iter": "1001/8376", "loss": 0.961449, "lr": 0.000333, "neg_dist": 4.061490, "pos_dist": 4.388804, "time_diff": 5.640000, "triplet": 0.672348}
[08/11 09:48:57][INFO] utils.logging:   91: {"_type": "train_iter", "epoch": "1/30", "eta": "0:23:04", "iter": "1201/8376", "loss": 1.256310, "lr": 0.000333, "neg_dist": 3.479746, "pos_dist": 4.086874, "time_diff": 6.650000, "triplet": 0.933901}
[08/11 09:48:58][INFO] utils.logging:   91: {"_type": "train_iter", "epoch": "1/30", "eta": "0:22:47", "iter": "1401/8376", "loss": 0.825175, "lr": 0.000333, "neg_dist": 3.849098, "pos_dist": 3.778092, "time_diff": 7.670000, "triplet": 0.496608}
[08/11 09:48:59][INFO] utils.logging:   91: {"_type": "train_iter", "epoch": "1/30", "eta": "0:22:38", "iter": "1601/8376", "loss": 1.162197, "lr": 0.000333, "neg_dist": 3.880410, "pos_dist": 4.060597, "time_diff": 8.710000, "triplet": 0.818662}
[08/11 09:49:00][INFO] utils.logging:   91: {"_type": "train_iter", "epoch": "1/30", "eta": "0:22:31", "iter": "1801/8376", "loss": 0.727754, "lr": 0.000333, "neg_dist": 3.467625, "pos_dist": 3.568472, "time_diff": 9.760000, "triplet": 0.420401}
[08/11 09:49:01][INFO] utils.logging:   91: {"_type": "train_iter", "epoch": "1/30", "eta": "0:22:22", "iter": "2001/8376", "loss": 1.417878, "lr": 0.000333, "neg_dist": 3.921873, "pos_dist": 4.737485, "time_diff": 10.780000, "triplet": 1.115612}
[08/11 09:49:02][INFO] utils.logging:   91: {"_type": "train_iter", "epoch": "1/30", "eta": "0:22:15", "iter": "2201/8376", "loss": 1.366487, "lr": 0.000333, "neg_dist": 3.384866, "pos_dist": 3.951808, "time_diff": 11.800000, "triplet": 1.013344}
[08/11 09:49:03][INFO] utils.logging:   91: {"_type": "train_iter", "epoch": "1/30", "eta": "0:22:07", "iter": "2401/8376", "loss": 1.120421, "lr": 0.000333, "neg_dist": 3.173368, "pos_dist": 3.515690, "time_diff": 12.810000, "triplet": 0.838783}
[08/11 09:49:04][INFO] utils.logging:   91: {"_type": "train_iter", "epoch": "1/30", "eta": "0:22:01", "iter": "2601/8376", "loss": 0.669498, "lr": 0.000333, "neg_dist": 4.342954, "pos_dist": 3.737526, "time_diff": 13.820000, "triplet": 0.416361}
[08/11 09:49:05][INFO] utils.logging:   91: {"_type": "train_iter", "epoch": "1/30", "eta": "0:21:55", "iter": "2801/8376", "loss": 1.302215, "lr": 0.000333, "neg_dist": 3.408780, "pos_dist": 3.831162, "time_diff": 14.830000, "triplet": 1.042973}
[08/11 09:49:06][INFO] utils.logging:   91: {"_type": "train_iter", "epoch": "1/30", "eta": "0:21:52", "iter": "3001/8376", "loss": 0.836752, "lr": 0.000333, "neg_dist": 4.656885, "pos_dist": 4.633314, "time_diff": 15.860000, "triplet": 0.540323}
[08/11 09:49:07][INFO] utils.logging:   91: {"_type": "train_iter", "epoch": "1/30", "eta": "0:21:48", "iter": "3201/8376", "loss": 1.489346, "lr": 0.000333, "neg_dist": 3.524912, "pos_dist": 4.147225, "time_diff": 16.880000, "triplet": 1.158502}
[08/11 09:49:08][INFO] utils.logging:   91: {"_type": "train_iter", "epoch": "1/30", "eta": "0:21:49", "iter": "3401/8376", "loss": 0.948544, "lr": 0.000333, "neg_dist": 3.270076, "pos_dist": 3.518493, "time_diff": 17.960000, "triplet": 0.630605}
[08/11 09:49:09][INFO] utils.logging:   91: {"_type": "train_iter", "epoch": "1/30", "eta": "0:21:44", "iter": "3601/8376", "loss": 0.936667, "lr": 0.000333, "neg_dist": 3.381546, "pos_dist": 3.660625, "time_diff": 18.960000, "triplet": 0.615694}
[08/11 09:49:10][INFO] utils.logging:   91: {"_type": "train_iter", "epoch": "1/30", "eta": "0:21:43", "iter": "3801/8376", "loss": 0.521156, "lr": 0.000333, "neg_dist": 4.125857, "pos_dist": 3.640720, "time_diff": 20.010000, "triplet": 0.255532}
[08/11 09:49:11][INFO] utils.logging:   91: {"_type": "train_iter", "epoch": "1/30", "eta": "0:21:41", "iter": "4001/8376", "loss": 0.935228, "lr": 0.000333, "neg_dist": 3.267725, "pos_dist": 3.565179, "time_diff": 21.060000, "triplet": 0.644004}
[08/11 09:49:12][INFO] utils.logging:   91: {"_type": "train_iter", "epoch": "1/30", "eta": "0:21:37", "iter": "4201/8376", "loss": 1.065569, "lr": 0.000333, "neg_dist": 3.618660, "pos_dist": 4.002072, "time_diff": 22.070000, "triplet": 0.743256}
[08/11 09:49:13][INFO] utils.logging:   91: {"_type": "train_iter", "epoch": "1/30", "eta": "0:21:35", "iter": "4401/8376", "loss": 1.302743, "lr": 0.000333, "neg_dist": 3.643153, "pos_dist": 4.286689, "time_diff": 23.090000, "triplet": 1.019175}
[08/11 09:49:14][INFO] utils.logging:   91: {"_type": "train_iter", "epoch": "1/30", "eta": "0:21:32", "iter": "4601/8376", "loss": 0.997251, "lr": 0.000333, "neg_dist": 3.380583, "pos_dist": 3.596992, "time_diff": 24.110000, "triplet": 0.748201}
[08/11 09:49:15][INFO] utils.logging:   91: {"_type": "train_iter", "epoch": "1/30", "eta": "0:21:30", "iter": "4801/8376", "loss": 0.715721, "lr": 0.000333, "neg_dist": 3.528049, "pos_dist": 3.650929, "time_diff": 25.140000, "triplet": 0.480623}
[08/11 09:49:16][INFO] utils.logging:   91: {"_type": "train_iter", "epoch": "1/30", "eta": "0:21:27", "iter": "5001/8376", "loss": 0.793108, "lr": 0.000333, "neg_dist": 3.393616, "pos_dist": 3.347845, "time_diff": 26.140000, "triplet": 0.429029}
[08/11 09:49:17][INFO] utils.logging:   91: {"_type": "train_iter", "epoch": "1/30", "eta": "0:21:24", "iter": "5201/8376", "loss": 1.237090, "lr": 0.000333, "neg_dist": 4.587288, "pos_dist": 5.041187, "time_diff": 27.150000, "triplet": 0.856716}
[08/11 09:49:18][INFO] utils.logging:   91: {"_type": "train_iter", "epoch": "1/30", "eta": "0:21:23", "iter": "5401/8376", "loss": 1.195826, "lr": 0.000333, "neg_dist": 3.643773, "pos_dist": 4.322367, "time_diff": 28.180000, "triplet": 0.978594}
[08/11 09:49:19][INFO] utils.logging:   91: {"_type": "train_iter", "epoch": "1/30", "eta": "0:21:21", "iter": "5601/8376", "loss": 1.244720, "lr": 0.000333, "neg_dist": 3.365053, "pos_dist": 4.072145, "time_diff": 29.220000, "triplet": 1.007092}
[08/11 09:49:20][INFO] utils.logging:   91: {"_type": "train_iter", "epoch": "1/30", "eta": "0:21:19", "iter": "5801/8376", "loss": 0.956484, "lr": 0.000333, "neg_dist": 2.916690, "pos_dist": 3.306652, "time_diff": 30.230000, "triplet": 0.689962}
[08/11 09:49:21][INFO] utils.logging:   91: {"_type": "train_iter", "epoch": "1/30", "eta": "0:21:17", "iter": "6001/8376", "loss": 1.422364, "lr": 0.000333, "neg_dist": 3.787388, "pos_dist": 4.556330, "time_diff": 31.270000, "triplet": 1.116129}
[08/11 09:49:22][INFO] utils.logging:   91: {"_type": "train_iter", "epoch": "1/30", "eta": "0:21:15", "iter": "6201/8376", "loss": 1.291088, "lr": 0.000333, "neg_dist": 4.521543, "pos_dist": 5.226257, "time_diff": 32.280000, "triplet": 1.029727}
[08/11 09:49:23][INFO] utils.logging:   91: {"_type": "train_iter", "epoch": "1/30", "eta": "0:21:13", "iter": "6401/8376", "loss": 1.296798, "lr": 0.000333, "neg_dist": 3.379020, "pos_dist": 4.098748, "time_diff": 33.280000, "triplet": 1.019728}
[08/11 09:49:24][INFO] utils.logging:   91: {"_type": "train_iter", "epoch": "1/30", "eta": "0:21:11", "iter": "6601/8376", "loss": 1.087952, "lr": 0.000333, "neg_dist": 3.412480, "pos_dist": 3.868180, "time_diff": 34.300000, "triplet": 0.755700}
[08/11 09:49:25][INFO] utils.logging:   91: {"_type": "train_iter", "epoch": "1/30", "eta": "0:21:08", "iter": "6801/8376", "loss": 1.499186, "lr": 0.000333, "neg_dist": 3.958991, "pos_dist": 4.904484, "time_diff": 35.300000, "triplet": 1.283942}
[08/11 09:49:26][INFO] utils.logging:   91: {"_type": "train_iter", "epoch": "1/30", "eta": "0:21:06", "iter": "7001/8376", "loss": 1.168639, "lr": 0.000333, "neg_dist": 4.226786, "pos_dist": 4.423106, "time_diff": 36.310000, "triplet": 0.929380}
[08/11 09:49:27][INFO] utils.logging:   91: {"_type": "train_iter", "epoch": "1/30", "eta": "0:21:05", "iter": "7201/8376", "loss": 1.238194, "lr": 0.000333, "neg_dist": 3.173759, "pos_dist": 3.573994, "time_diff": 37.330000, "triplet": 0.900891}
[08/11 09:49:28][INFO] utils.logging:   91: {"_type": "train_iter", "epoch": "1/30", "eta": "0:21:03", "iter": "7401/8376", "loss": 0.850383, "lr": 0.000333, "neg_dist": 3.179111, "pos_dist": 3.405245, "time_diff": 38.340000, "triplet": 0.613644}
[08/11 09:49:29][INFO] utils.logging:   91: {"_type": "train_iter", "epoch": "1/30", "eta": "0:21:02", "iter": "7601/8376", "loss": 1.355017, "lr": 0.000333, "neg_dist": 3.788976, "pos_dist": 4.492293, "time_diff": 39.370000, "triplet": 1.003317}
[08/11 09:49:30][INFO] utils.logging:   91: {"_type": "train_iter", "epoch": "1/30", "eta": "0:21:00", "iter": "7801/8376", "loss": 1.114048, "lr": 0.000333, "neg_dist": 3.185962, "pos_dist": 3.530933, "time_diff": 40.380000, "triplet": 0.747968}
[08/11 09:49:31][INFO] utils.logging:   91: {"_type": "train_iter", "epoch": "1/30", "eta": "0:20:58", "iter": "8001/8376", "loss": 1.221071, "lr": 0.000333, "neg_dist": 3.401093, "pos_dist": 3.933704, "time_diff": 41.390000, "triplet": 0.867905}
[08/11 09:49:32][INFO] utils.logging:   91: {"_type": "train_iter", "epoch": "1/30", "eta": "0:20:58", "iter": "8201/8376", "loss": 0.918665, "lr": 0.000333, "neg_dist": 3.115342, "pos_dist": 3.534540, "time_diff": 42.450000, "triplet": 0.719198}
[08/11 09:49:33][INFO] __main__:  150: Checkpoint: output/frame_selector/ssv2_ViT-B16_BiMHM/frame_selector_epoch0000.pth
[08/11 09:49:33][INFO] utils.logging:   91: {"RAM": "14.62/125.63 GB", "_type": "train_epoch", "epoch": "1/30", "eta": "0:20:57", "gpu_mem": "0.39 GB", "loss": 1.240369, "lr": 0.000333, "neg_dist": 3.578955, "pos_dist": 4.142491, "time_diff": 43.350000, "triplet": 0.937619}
[08/11 09:49:34][INFO] utils.logging:   91: {"_type": "val_epoch", "epoch": "1/30", "loss": 1.290575}
[08/11 09:49:34][INFO] __main__:  150: Checkpoint: output/frame_selector/ssv2_ViT-B16_BiMHM/frame_selector_epoch0000.pth
[08/11 09:49:34][INFO] __main__:  153: Best checkpoint: output/frame_selector/ssv2_ViT-B16_BiMHM/frame_selector_best.pth (loss=1.290575)
[08/11 09:49:34][INFO] __main__:  430: New best val loss: 1.290575 at epoch 0
[08/11 09:49:34][INFO] utils.logging:   91: {"_type": "train_iter", "epoch": "2/30", "eta": "0:21:16", "iter": "1/8376", "loss": 1.183447, "lr": 0.000667, "neg_dist": 3.494895, "pos_dist": 3.988824, "time_diff": 0.070000, "triplet": 0.904378}
[08/11 09:49:35][INFO] utils.logging:   91: {"_type": "train_iter", "epoch": "2/30", "eta": "0:21:15", "iter": "201/8376", "loss": 1.336990, "lr": 0.000667, "neg_dist": 2.971165, "pos_dist": 3.699099, "time_diff": 1.130000, "triplet": 1.027934}
[08/11 09:49:36][INFO] utils.logging:   91: {"_type": "train_iter", "epoch": "2/30", "eta": "0:21:14", "iter": "401/8376", "loss": 1.077348, "lr": 0.000667, "neg_dist": 3.508119, "pos_dist": 3.996472, "time_diff": 2.170000, "triplet": 0.788353}
[08/11 09:49:37][INFO] utils.logging:   91: {"_type": "train_iter", "epoch": "2/30", "eta": "0:21:12", "iter": "601/8376", "loss": 1.255964, "lr": 0.000667, "neg_dist": 3.679650, "pos_dist": 4.181023, "time_diff": 3.170000, "triplet": 0.963113}
[08/11 09:49:38][INFO] utils.logging:   91: {"_type": "train_iter", "epoch": "2/30", "eta": "0:21:11", "iter": "801/8376", "loss": 1.492616, "lr": 0.000667, "neg_dist": 3.877679, "pos_dist": 4.679213, "time_diff": 4.220000, "triplet": 1.147778}
[08/11 09:49:39][INFO] utils.logging:   91: {"_type": "train_iter", "epoch": "2/30", "eta": "0:21:09", "iter": "1001/8376", "loss": 1.526676, "lr": 0.000667, "neg_dist": 2.926949, "pos_dist": 3.814264, "time_diff": 5.240000, "triplet": 1.260581}
[08/11 09:49:40][INFO] utils.logging:   91: {"_type": "train_iter", "epoch": "2/30", "eta": "0:21:07", "iter": "1201/8376", "loss": 1.366883, "lr": 0.000667, "neg_dist": 3.180926, "pos_dist": 3.921809, "time_diff": 6.250000, "triplet": 1.040883}
[08/11 09:49:41][INFO] utils.logging:   91: {"_type": "train_iter", "epoch": "2/30", "eta": "0:21:05", "iter": "1401/8376", "loss": 1.176422, "lr": 0.000667, "neg_dist": 3.794339, "pos_dist": 4.146763, "time_diff": 7.270000, "triplet": 0.829156}
[08/11 09:49:42][INFO] utils.logging:   91: {"_type": "train_iter", "epoch": "2/30", "eta": "0:21:03", "iter": "1601/8376", "loss": 1.401332, "lr": 0.000667, "neg_dist": 3.875902, "pos_dist": 4.444933, "time_diff": 8.290000, "triplet": 1.072867}
[08/11 09:49:43][INFO] utils.logging:   91: {"_type": "train_iter", "epoch": "2/30", "eta": "0:21:02", "iter": "1801/8376", "loss": 1.380607, "lr": 0.000667, "neg_dist": 3.749394, "pos_dist": 4.487345, "time_diff": 9.330000, "triplet": 1.037951}
[08/11 09:49:44][INFO] utils.logging:   91: {"_type": "train_iter", "epoch": "2/30", "eta": "0:21:00", "iter": "2001/8376", "loss": 1.361090, "lr": 0.000667, "neg_dist": 3.237123, "pos_dist": 3.963396, "time_diff": 10.340000, "triplet": 1.026273}
[08/11 09:49:45][INFO] utils.logging:   91: {"_type": "train_iter", "epoch": "2/30", "eta": "0:20:58", "iter": "2201/8376", "loss": 1.536324, "lr": 0.000667, "neg_dist": 3.218313, "pos_dist": 4.098283, "time_diff": 11.350000, "triplet": 1.199708}
[08/11 09:49:46][INFO] utils.logging:   91: {"_type": "train_iter", "epoch": "2/30", "eta": "0:20:57", "iter": "2401/8376", "loss": 0.923080, "lr": 0.000667, "neg_dist": 3.158596, "pos_dist": 3.443728, "time_diff": 12.390000, "triplet": 0.613530}
[08/11 09:49:47][INFO] utils.logging:   91: {"_type": "train_iter", "epoch": "2/30", "eta": "0:20:55", "iter": "2601/8376", "loss": 0.994876, "lr": 0.000667, "neg_dist": 3.626559, "pos_dist": 3.950136, "time_diff": 13.410000, "triplet": 0.623578}
[08/11 09:49:48][INFO] utils.logging:   91: {"_type": "train_iter", "epoch": "2/30", "eta": "0:20:54", "iter": "2801/8376", "loss": 0.370556, "lr": 0.000667, "neg_dist": 3.392779, "pos_dist": 3.086924, "time_diff": 14.450000, "triplet": 0.116420}
[08/11 09:49:49][INFO] utils.logging:   91: {"_type": "train_iter", "epoch": "2/30", "eta": "0:20:53", "iter": "3001/8376", "loss": 1.142051, "lr": 0.000667, "neg_dist": 3.933856, "pos_dist": 4.327545, "time_diff": 15.500000, "triplet": 0.897744}
[08/11 09:49:50][INFO] utils.logging:   91: {"_type": "train_iter", "epoch": "2/30", "eta": "0:20:51", "iter": "3201/8376", "loss": 0.985926, "lr": 0.000667, "neg_dist": 3.157982, "pos_dist": 3.475296, "time_diff": 16.500000, "triplet": 0.663241}
[08/11 09:49:51][INFO] utils.logging:   91: {"_type": "train_iter", "epoch": "2/30", "eta": "0:20:51", "iter": "3401/8376", "loss": 1.360321, "lr": 0.000667, "neg_dist": 3.287705, "pos_dist": 3.984053, "time_diff": 17.580000, "triplet": 1.036143}
[08/11 09:49:53][INFO] utils.logging:   91: {"_type": "train_iter", "epoch": "2/30", "eta": "0:20:50", "iter": "3601/8376", "loss": 0.990910, "lr": 0.000667, "neg_dist": 3.162880, "pos_dist": 3.421000, "time_diff": 18.620000, "triplet": 0.637916}
[08/11 09:49:54][INFO] utils.logging:   91: {"_type": "train_iter", "epoch": "2/30", "eta": "0:20:48", "iter": "3801/8376", "loss": 0.933140, "lr": 0.000667, "neg_dist": 3.267623, "pos_dist": 3.541420, "time_diff": 19.640000, "triplet": 0.608205}
[08/11 09:49:55][INFO] utils.logging:   91: {"_type": "train_iter", "epoch": "2/30", "eta": "0:20:47", "iter": "4001/8376", "loss": 1.486355, "lr": 0.000667, "neg_dist": 3.733909, "pos_dist": 4.638562, "time_diff": 20.690000, "triplet": 1.204653}
[08/11 09:49:56][INFO] utils.logging:   91: {"_type": "train_iter", "epoch": "2/30", "eta": "0:20:46", "iter": "4201/8376", "loss": 0.634360, "lr": 0.000667, "neg_dist": 3.376810, "pos_dist": 3.412096, "time_diff": 21.720000, "triplet": 0.384833}
[08/11 09:49:57][INFO] utils.logging:   91: {"_type": "train_iter", "epoch": "2/30", "eta": "0:20:44", "iter": "4401/8376", "loss": 1.172194, "lr": 0.000667, "neg_dist": 3.298325, "pos_dist": 3.827818, "time_diff": 22.730000, "triplet": 0.899779}
[08/11 09:49:58][INFO] utils.logging:   91: {"_type": "train_iter", "epoch": "2/30", "eta": "0:20:43", "iter": "4601/8376", "loss": 0.836712, "lr": 0.000667, "neg_dist": 3.245924, "pos_dist": 3.461083, "time_diff": 23.770000, "triplet": 0.515159}
[08/11 09:49:59][INFO] utils.logging:   91: {"_type": "train_iter", "epoch": "2/30", "eta": "0:20:42", "iter": "4801/8376", "loss": 1.410214, "lr": 0.000667, "neg_dist": 3.256757, "pos_dist": 4.153732, "time_diff": 24.800000, "triplet": 1.205208}
[08/11 09:50:00][INFO] utils.logging:   91: {"_type": "train_iter", "epoch": "2/30", "eta": "0:20:40", "iter": "5001/8376", "loss": 1.267052, "lr": 0.000667, "neg_dist": 3.272218, "pos_dist": 3.899267, "time_diff": 25.810000, "triplet": 0.927049}
[08/11 09:50:01][INFO] utils.logging:   91: {"_type": "train_iter", "epoch": "2/30", "eta": "0:20:39", "iter": "5201/8376", "loss": 1.247637, "lr": 0.000667, "neg_dist": 3.660697, "pos_dist": 4.390329, "time_diff": 26.840000, "triplet": 1.029632}
[08/11 09:50:02][INFO] utils.logging:   91: {"_type": "train_iter", "epoch": "2/30", "eta": "0:20:37", "iter": "5401/8376", "loss": 1.454538, "lr": 0.000667, "neg_dist": 3.439914, "pos_dist": 4.214210, "time_diff": 27.830000, "triplet": 1.102831}
[08/11 09:50:03][INFO] utils.logging:   91: {"_type": "train_iter", "epoch": "2/30", "eta": "0:20:36", "iter": "5601/8376", "loss": 0.825149, "lr": 0.000667, "neg_dist": 3.416320, "pos_dist": 3.414044, "time_diff": 28.850000, "triplet": 0.569702}
[08/11 09:50:04][INFO] utils.logging:   91: {"_type": "train_iter", "epoch": "2/30", "eta": "0:20:34", "iter": "5801/8376", "loss": 1.355039, "lr": 0.000667, "neg_dist": 3.652050, "pos_dist": 4.320597, "time_diff": 29.870000, "triplet": 0.983152}
[08/11 09:50:05][INFO] utils.logging:   91: {"_type": "train_iter", "epoch": "2/30", "eta": "0:20:33", "iter": "6001/8376", "loss": 1.367667, "lr": 0.000667, "neg_dist": 3.577109, "pos_dist": 4.317657, "time_diff": 30.890000, "triplet": 1.040548}
[08/11 09:50:06][INFO] utils.logging:   91: {"_type": "train_iter", "epoch": "2/30", "eta": "0:20:31", "iter": "6201/8376", "loss": 1.444010, "lr": 0.000667, "neg_dist": 3.990414, "pos_dist": 4.568915, "time_diff": 31.900000, "triplet": 1.134950}
[08/11 09:50:07][INFO] utils.logging:   91: {"_type": "train_iter", "epoch": "2/30", "eta": "0:20:30", "iter": "6401/8376", "loss": 0.912538, "lr": 0.000667, "neg_dist": 3.874235, "pos_dist": 3.839235, "time_diff": 32.930000, "triplet": 0.581391}
[08/11 09:50:08][INFO] utils.logging:   91: {"_type": "train_iter", "epoch": "2/30", "eta": "0:20:29", "iter": "6601/8376", "loss": 1.001153, "lr": 0.000667, "neg_dist": 3.735520, "pos_dist": 4.182804, "time_diff": 33.990000, "triplet": 0.771772}
[08/11 09:50:09][INFO] utils.logging:   91: {"_type": "train_iter", "epoch": "2/30", "eta": "0:20:28", "iter": "6801/8376", "loss": 1.589235, "lr": 0.000667, "neg_dist": 3.523890, "pos_dist": 4.473813, "time_diff": 35.040000, "triplet": 1.267686}
[08/11 09:50:10][INFO] utils.logging:   91: {"_type": "train_iter", "epoch": "2/30", "eta": "0:20:27", "iter": "7001/8376", "loss": 1.130111, "lr": 0.000667, "neg_dist": 3.872619, "pos_dist": 4.402453, "time_diff": 36.060000, "triplet": 0.838166}
[08/11 09:50:11][INFO] utils.logging:   91: {"_type": "train_iter", "epoch": "2/30", "eta": "0:20:26", "iter": "7201/8376", "loss": 0.961837, "lr": 0.000667, "neg_dist": 3.076362, "pos_dist": 3.159679, "time_diff": 37.080000, "triplet": 0.640342}
[08/11 09:50:12][INFO] utils.logging:   91: {"_type": "train_iter", "epoch": "2/30", "eta": "0:20:25", "iter": "7401/8376", "loss": 1.771213, "lr": 0.000667, "neg_dist": 4.183041, "pos_dist": 5.304994, "time_diff": 38.120000, "triplet": 1.421953}
[08/11 09:50:13][INFO] utils.logging:   91: {"_type": "train_iter", "epoch": "2/30", "eta": "0:20:24", "iter": "7601/8376", "loss": 1.302079, "lr": 0.000667, "neg_dist": 3.244473, "pos_dist": 3.900227, "time_diff": 39.160000, "triplet": 0.955754}
[08/11 09:50:14][INFO] utils.logging:   91: {"_type": "train_iter", "epoch": "2/30", "eta": "0:20:23", "iter": "7801/8376", "loss": 1.149334, "lr": 0.000667, "neg_dist": 3.384091, "pos_dist": 3.790602, "time_diff": 40.200000, "triplet": 0.844296}
[08/11 09:50:15][INFO] utils.logging:   91: {"_type": "train_iter", "epoch": "2/30", "eta": "0:20:21", "iter": "8001/8376", "loss": 0.989202, "lr": 0.000667, "neg_dist": 4.088949, "pos_dist": 4.338799, "time_diff": 41.220000, "triplet": 0.711113}
[08/11 09:50:16][INFO] utils.logging:   91: {"_type": "train_iter", "epoch": "2/30", "eta": "0:20:20", "iter": "8201/8376", "loss": 1.570367, "lr": 0.000667, "neg_dist": 4.083675, "pos_dist": 4.987361, "time_diff": 42.250000, "triplet": 1.247879}
[08/11 09:50:17][INFO] utils.logging:   91: {"RAM": "14.52/125.63 GB", "_type": "train_epoch", "epoch": "2/30", "eta": "0:20:19", "gpu_mem": "0.39 GB", "loss": 1.229017, "lr": 0.000667, "neg_dist": 3.586915, "pos_dist": 4.140979, "time_diff": 43.170000, "triplet": 0.931265}
[08/11 09:50:18][INFO] utils.logging:   91: {"_type": "val_epoch", "epoch": "2/30", "loss": 1.247410}
[08/11 09:50:18][INFO] __main__:  153: Best checkpoint: output/frame_selector/ssv2_ViT-B16_BiMHM/frame_selector_best.pth (loss=1.247410)
[08/11 09:50:18][INFO] __main__:  430: New best val loss: 1.247410 at epoch 1
[08/11 09:50:18][INFO] utils.logging:   91: {"_type": "train_iter", "epoch": "3/30", "eta": "0:20:28", "iter": "1/8376", "loss": 1.230693, "lr": 0.001000, "neg_dist": 3.452675, "pos_dist": 4.049819, "time_diff": 0.080000, "triplet": 0.897144}
[08/11 09:50:19][INFO] utils.logging:   91: {"_type": "train_iter", "epoch": "3/30", "eta": "0:20:27", "iter": "201/8376", "loss": 1.163577, "lr": 0.001000, "neg_dist": 3.935759, "pos_dist": 4.513527, "time_diff": 1.130000, "triplet": 0.878662}
[08/11 09:50:20][INFO] utils.logging:   91: {"_type": "train_iter", "epoch": "3/30", "eta": "0:20:26", "iter": "401/8376", "loss": 0.796522, "lr": 0.001000, "neg_dist": 3.222714, "pos_dist": 3.364686, "time_diff": 2.150000, "triplet": 0.441972}
[08/11 09:50:21][INFO] utils.logging:   91: {"_type": "train_iter", "epoch": "3/30", "eta": "0:20:24", "iter": "601/8376", "loss": 1.254154, "lr": 0.001000, "neg_dist": 4.563732, "pos_dist": 5.271901, "time_diff": 3.160000, "triplet": 1.044927}
[08/11 09:50:22][INFO] utils.logging:   91: {"_type": "train_iter", "epoch": "3/30", "eta": "0:20:23", "iter": "801/8376", "loss": 1.356220, "lr": 0.001000, "neg_dist": 3.667934, "pos_dist": 4.345164, "time_diff": 4.180000, "triplet": 0.998927}
[08/11 09:50:23][INFO] utils.logging:   91: {"_type": "train_iter", "epoch": "3/30", "eta": "0:20:21", "iter": "1001/8376", "loss": 0.821571, "lr": 0.001000, "neg_dist": 3.886000, "pos_dist": 3.999300, "time_diff": 5.200000, "triplet": 0.578211}
[08/11 09:50:24][INFO] utils.logging:   91: {"_type": "train_iter", "epoch": "3/30", "eta": "0:20:20", "iter": "1201/8376", "loss": 0.976515, "lr": 0.001000, "neg_dist": 4.133617, "pos_dist": 4.328794, "time_diff": 6.200000, "triplet": 0.722107}
[08/11 09:50:25][INFO] utils.logging:   91: {"_type": "train_iter", "epoch": "3/30", "eta": "0:20:18", "iter": "1401/8376", "loss": 1.362101, "lr": 0.001000, "neg_dist": 3.547918, "pos_dist": 4.223744, "time_diff": 7.210000, "triplet": 1.005707}
[08/11 09:50:26][INFO] utils.logging:   91: {"_type": "train_iter", "epoch": "3/30", "eta": "0:20:17", "iter": "1601/8376", "loss": 1.504056, "lr": 0.001000, "neg_dist": 2.905208, "pos_dist": 3.773566, "time_diff": 8.240000, "triplet": 1.168358}
[08/11 09:50:27][INFO] utils.logging:   91: {"_type": "train_iter", "epoch": "3/30", "eta": "0:20:16", "iter": "1801/8376", "loss": 2.145166, "lr": 0.001000, "neg_dist": 4.134042, "pos_dist": 5.751804, "time_diff": 9.280000, "triplet": 1.917762}
[08/11 09:50:28][INFO] utils.logging:   91: {"_type": "train_iter", "epoch": "3/30", "eta": "0:20:14", "iter": "2001/8376", "loss": 1.162542, "lr": 0.001000, "neg_dist": 4.519687, "pos_dist": 4.916380, "time_diff": 10.290000, "triplet": 0.861540}
[08/11 09:50:29][INFO] utils.logging:   91: {"_type": "train_iter", "epoch": "3/30", "eta": "0:20:13", "iter": "2201/8376", "loss": 0.825856, "lr": 0.001000, "neg_dist": 4.083855, "pos_dist": 4.305395, "time_diff": 11.320000, "triplet": 0.548120}
[08/11 09:50:30][INFO] utils.logging:   91: {"_type": "train_iter", "epoch": "3/30", "eta": "0:20:12", "iter": "2401/8376", "loss": 2.011400, "lr": 0.001000, "neg_dist": 3.872130, "pos_dist": 5.312083, "time_diff": 12.320000, "triplet": 1.739953}
[08/11 09:50:31][INFO] utils.logging:   91: {"_type": "train_iter", "epoch": "3/30", "eta": "0:20:11", "iter": "2601/8376", "loss": 1.319996, "lr": 0.001000, "neg_dist": 4.794595, "pos_dist": 5.506289, "time_diff": 13.360000, "triplet": 1.084044}
[08/11 09:50:32][INFO] utils.logging:   91: {"_type": "train_iter", "epoch": "3/30", "eta": "0:20:09", "iter": "2801/8376", "loss": 1.005857, "lr": 0.001000, "neg_dist": 3.088886, "pos_dist": 3.311819, "time_diff": 14.370000, "triplet": 0.797062}
[08/11 09:50:33][INFO] utils.logging:   91: {"_type": "train_iter", "epoch": "3/30", "eta": "0:20:08", "iter": "3001/8376", "loss": 0.960345, "lr": 0.001000, "neg_dist": 3.518754, "pos_dist": 3.941604, "time_diff": 15.430000, "triplet": 0.722850}
[08/11 09:50:34][INFO] utils.logging:   91: {"_type": "train_iter", "epoch": "3/30", "eta": "0:20:07", "iter": "3201/8376", "loss": 0.899944, "lr": 0.001000, "neg_dist": 4.739755, "pos_dist": 4.297088, "time_diff": 16.460000, "triplet": 0.611532}
[08/11 09:50:35][INFO] utils.logging:   91: {"_type": "train_iter", "epoch": "3/30", "eta": "0:20:06", "iter": "3401/8376", "loss": 1.228205, "lr": 0.001000, "neg_dist": 3.475060, "pos_dist": 4.076469, "time_diff": 17.470000, "triplet": 0.929396}
[08/11 09:50:36][INFO] utils.logging:   91: {"_type": "train_iter", "epoch": "3/30", "eta": "0:20:05", "iter": "3601/8376", "loss": 0.606174, "lr": 0.001000, "neg_dist": 3.553941, "pos_dist": 3.393878, "time_diff": 18.510000, "triplet": 0.286565}
[08/11 09:50:37][INFO] utils.logging:   91: {"_type": "train_iter", "epoch": "3/30", "eta": "0:20:03", "iter": "3801/8376", "loss": 1.045970, "lr": 0.001000, "neg_dist": 3.438479, "pos_dist": 3.813500, "time_diff": 19.530000, "triplet": 0.714365}
[08/11 09:50:38][INFO] utils.logging:   91: {"_type": "train_iter", "epoch": "3/30", "eta": "0:20:02", "iter": "4001/8376", "loss": 1.156660, "lr": 0.001000, "neg_dist": 3.285680, "pos_dist": 3.904329, "time_diff": 20.560000, "triplet": 0.918649}
[08/11 09:50:39][INFO] utils.logging:   91: {"_type": "train_iter", "epoch": "3/30", "eta": "0:20:01", "iter": "4201/8376", "loss": 1.104874, "lr": 0.001000, "neg_dist": 4.415110, "pos_dist": 4.921848, "time_diff": 21.580000, "triplet": 0.809721}
[08/11 09:50:40][INFO] utils.logging:   91: {"_type": "train_iter", "epoch": "3/30", "eta": "0:20:00", "iter": "4401/8376", "loss": 0.938601, "lr": 0.001000, "neg_dist": 4.975550, "pos_dist": 5.250470, "time_diff": 22.640000, "triplet": 0.630918}
[08/11 09:50:41][INFO] utils.logging:   91: {"_type": "train_iter", "epoch": "3/30", "eta": "0:19:59", "iter": "4601/8376", "loss": 1.491586, "lr": 0.001000, "neg_dist": 3.145980, "pos_dist": 4.056045, "time_diff": 23.670000, "triplet": 1.242606}
[08/11 09:50:42][INFO] utils.logging:   91: {"_type": "train_iter", "epoch": "3/30", "eta": "0:19:57", "iter": "4801/8376", "loss": 1.130003, "lr": 0.001000, "neg_dist": 3.421220, "pos_dist": 3.793386, "time_diff": 24.700000, "triplet": 0.788887}
[08/11 09:50:43][INFO] utils.logging:   91: {"_type": "train_iter", "epoch": "3/30", "eta": "0:19:56", "iter": "5001/8376", "loss": 0.811940, "lr": 0.001000, "neg_dist": 4.549220, "pos_dist": 4.681520, "time_diff": 25.720000, "triplet": 0.567857}
[08/11 09:50:44][INFO] utils.logging:   91: {"_type": "train_iter", "epoch": "3/30", "eta": "0:19:55", "iter": "5201/8376", "loss": 1.616179, "lr": 0.001000, "neg_dist": 4.124279, "pos_dist": 4.930732, "time_diff": 26.730000, "triplet": 1.191168}
[08/11 09:50:45][INFO] utils.logging:   91: {"_type": "train_iter", "epoch": "3/30", "eta": "0:19:54", "iter": "5401/8376", "loss": 1.321891, "lr": 0.001000, "neg_dist": 4.123638, "pos_dist": 4.738700, "time_diff": 27.750000, "triplet": 0.999993}
[08/11 09:50:46][INFO] utils.logging:   91: {"_type": "train_iter", "epoch": "3/30", "eta": "0:19:52", "iter": "5601/8376", "loss": 1.375782, "lr": 0.001000, "neg_dist": 3.588848, "pos_dist": 4.177493, "time_diff": 28.780000, "triplet": 1.045450}
[08/11 09:50:47][INFO] utils.logging:   91: {"_type": "train_iter", "epoch": "3/30", "eta": "0:19:51", "iter": "5801/8376", "loss": 1.329727, "lr": 0.001000, "neg_dist": 3.500256, "pos_dist": 3.949496, "time_diff": 29.800000, "triplet": 1.058729}
[08/11 09:50:48][INFO] utils.logging:   91: {"_type": "train_iter", "epoch": "3/30", "eta": "0:19:50", "iter": "6001/8376", "loss": 0.969177, "lr": 0.001000, "neg_dist": 3.505616, "pos_dist": 3.844009, "time_diff": 30.840000, "triplet": 0.664690}
[08/11 09:50:49][INFO] utils.logging:   91: {"_type": "train_iter", "epoch": "3/30", "eta": "0:19:49", "iter": "6201/8376", "loss": 1.090717, "lr": 0.001000, "neg_dist": 4.154574, "pos_dist": 4.551390, "time_diff": 31.860000, "triplet": 0.855720}
[08/11 09:50:50][INFO] utils.logging:   91: {"_type": "train_iter", "epoch": "3/30", "eta": "0:19:47", "iter": "6401/8376", "loss": 0.723997, "lr": 0.001000, "neg_dist": 3.442595, "pos_dist": 3.523398, "time_diff": 32.850000, "triplet": 0.417912}
[08/11 09:50:52][INFO] utils.logging:   91: {"_type": "train_iter", "epoch": "3/30", "eta": "0:19:46", "iter": "6601/8376", "loss": 1.175454, "lr": 0.001000, "neg_dist": 2.738598, "pos_dist": 3.277182, "time_diff": 33.890000, "triplet": 0.838584}
[08/11 09:50:53][INFO] utils.logging:   91: {"_type": "train_iter", "epoch": "3/30", "eta": "0:19:45", "iter": "6801/8376", "loss": 0.796322, "lr": 0.001000, "neg_dist": 3.179474, "pos_dist": 3.323677, "time_diff": 34.890000, "triplet": 0.530502}
[08/11 09:50:54][INFO] utils.logging:   91: {"_type": "train_iter", "epoch": "3/30", "eta": "0:19:43", "iter": "7001/8376", "loss": 1.110951, "lr": 0.001000, "neg_dist": 3.756995, "pos_dist": 4.357893, "time_diff": 35.900000, "triplet": 0.928393}
[08/11 09:50:55][INFO] utils.logging:   91: {"_type": "train_iter", "epoch": "3/30", "eta": "0:19:42", "iter": "7201/8376", "loss": 0.866329, "lr": 0.001000, "neg_dist": 3.470645, "pos_dist": 3.724041, "time_diff": 36.930000, "triplet": 0.553396}
[08/11 09:50:56][INFO] utils.logging:   91: {"_type": "train_iter", "epoch": "3/30", "eta": "0:19:41", "iter": "7401/8376", "loss": 1.130122, "lr": 0.001000, "neg_dist": 4.049186, "pos_dist": 3.922798, "time_diff": 37.950000, "triplet": 0.931046}
[08/11 09:50:57][INFO] utils.logging:   91: {"_type": "train_iter", "epoch": "3/30", "eta": "0:19:40", "iter": "7601/8376", "loss": 1.339565, "lr": 0.001000, "neg_dist": 3.714291, "pos_dist": 4.291845, "time_diff": 38.950000, "triplet": 1.061187}
[08/11 09:50:58][INFO] utils.logging:   91: {"_type": "train_iter", "epoch": "3/30", "eta": "0:19:38", "iter": "7801/8376", "loss": 1.792133, "lr": 0.001000, "neg_dist": 2.770610, "pos_dist": 3.908519, "time_diff": 39.980000, "triplet": 1.437909}
[08/11 09:50:59][INFO] utils.logging:   91: {"_type": "train_iter", "epoch": "3/30", "eta": "0:19:37", "iter": "8001/8376", "loss": 1.186253, "lr": 0.001000, "neg_dist": 3.016197, "pos_dist": 3.550277, "time_diff": 40.990000, "triplet": 0.834080}
[08/11 09:51:00][INFO] utils.logging:   91: {"_type": "train_iter", "epoch": "3/30", "eta": "0:19:36", "iter": "8201/8376", "loss": 1.031423, "lr": 0.001000, "neg_dist": 3.924237, "pos_dist": 4.298396, "time_diff": 42.020000, "triplet": 0.755721}
[08/11 09:51:01][INFO] utils.logging:   91: {"RAM": "14.52/125.63 GB", "_type": "train_epoch", "epoch": "3/30", "eta": "0:19:35", "gpu_mem": "0.39 GB", "loss": 1.231066, "lr": 0.001000, "neg_dist": 3.570709, "pos_dist": 4.130525, "time_diff": 42.940000, "triplet": 0.933638}
[08/11 09:51:01][INFO] utils.logging:   91: {"_type": "val_epoch", "epoch": "3/30", "loss": 1.216723}
[08/11 09:51:01][INFO] __main__:  153: Best checkpoint: output/frame_selector/ssv2_ViT-B16_BiMHM/frame_selector_best.pth (loss=1.216723)
[08/11 09:51:01][INFO] __main__:  430: New best val loss: 1.216723 at epoch 2
[08/11 09:51:01][INFO] utils.logging:   91: {"_type": "train_iter", "epoch": "4/30", "eta": "0:19:41", "iter": "1/8376", "loss": 1.035058, "lr": 0.000997, "neg_dist": 4.160358, "pos_dist": 4.496506, "time_diff": 0.070000, "triplet": 0.706120}
[08/11 09:51:02][INFO] utils.logging:   91: {"_type": "train_iter", "epoch": "4/30", "eta": "0:19:40", "iter": "201/8376", "loss": 1.618324, "lr": 0.000997, "neg_dist": 3.823473, "pos_dist": 4.868868, "time_diff": 1.140000, "triplet": 1.345395}
[08/11 09:51:03][INFO] utils.logging:   91: {"_type": "train_iter", "epoch": "4/30", "eta": "0:19:39", "iter": "401/8376", "loss": 1.376429, "lr": 0.000997, "neg_dist": 3.317675, "pos_dist": 4.056349, "time_diff": 2.150000, "triplet": 1.062684}
[08/11 09:51:04][INFO] utils.logging:   91: {"_type": "train_iter", "epoch": "4/30", "eta": "0:19:38", "iter": "601/8376", "loss": 0.820859, "lr": 0.000997, "neg_dist": 3.838305, "pos_dist": 3.860828, "time_diff": 3.160000, "triplet": 0.513947}
[08/11 09:51:05][INFO] utils.logging:   91: {"_type": "train_iter", "epoch": "4/30", "eta": "0:19:36", "iter": "801/8376", "loss": 1.165317, "lr": 0.000997, "neg_dist": 3.314345, "pos_dist": 3.905965, "time_diff": 4.190000, "triplet": 0.919308}
[08/11 09:51:06][INFO] utils.logging:   91: {"_type": "train_iter", "epoch": "4/30", "eta": "0:19:35", "iter": "1001/8376", "loss": 1.810147, "lr": 0.000997, "neg_dist": 3.382484, "pos_dist": 4.514360, "time_diff": 5.230000, "triplet": 1.431877}
[08/11 09:51:07][INFO] utils.logging:   91: {"_type": "train_iter", "epoch": "4/30", "eta": "0:19:34", "iter": "1201/8376", "loss": 1.103572, "lr": 0.000997, "neg_dist": 3.682334, "pos_dist": 4.171099, "time_diff": 6.260000, "triplet": 0.832913}
[08/11 09:51:08][INFO] utils.logging:   91: {"_type": "train_iter", "epoch": "4/30", "eta": "0:19:33", "iter": "1401/8376", "loss": 1.229483, "lr": 0.000997, "neg_dist": 3.445625, "pos_dist": 4.058706, "time_diff": 7.290000, "triplet": 0.913081}
[08/11 09:51:09][INFO] utils.logging:   91: {"_type": "train_iter", "epoch": "4/30", "eta": "0:19:32", "iter": "1601/8376", "loss": 0.907444, "lr": 0.000997, "neg_dist": 3.886124, "pos_dist": 4.054414, "time_diff": 8.290000, "triplet": 0.684598}
[08/11 09:51:10][INFO] utils.logging:   91: {"_type": "train_iter", "epoch": "4/30", "eta": "0:19:30", "iter": "1801/8376", "loss": 1.175682, "lr": 0.000997, "neg_dist": 2.861876, "pos_dist": 3.439888, "time_diff": 9.300000, "triplet": 0.878012}
[08/11 09:51:11][INFO] utils.logging:   91: {"_type": "train_iter", "epoch": "4/30", "eta": "0:19:29", "iter": "2001/8376", "loss": 1.369440, "lr": 0.000997, "neg_dist": 3.003148, "pos_dist": 3.736981, "time_diff": 10.310000, "triplet": 1.033834}
[08/11 09:51:12][INFO] utils.logging:   91: {"_type": "train_iter", "epoch": "4/30", "eta": "0:19:27", "iter": "2201/8376", "loss": 1.267954, "lr": 0.000997, "neg_dist": 3.852102, "pos_dist": 4.483020, "time_diff": 11.310000, "triplet": 0.990224}
[08/11 09:51:14][INFO] utils.logging:   91: {"_type": "train_iter", "epoch": "4/30", "eta": "0:19:26", "iter": "2401/8376", "loss": 0.641618, "lr": 0.000997, "neg_dist": 3.688075, "pos_dist": 3.440932, "time_diff": 12.350000, "triplet": 0.350327}
[08/11 09:51:15][INFO] utils.logging:   91: {"_type": "train_iter", "epoch": "4/30", "eta": "0:19:25", "iter": "2601/8376", "loss": 1.298387, "lr": 0.000997, "neg_dist": 3.485385, "pos_dist": 4.012934, "time_diff": 13.350000, "triplet": 0.892241}
[08/11 09:51:16][INFO] utils.logging:   91: {"_type": "train_iter", "epoch": "4/30", "eta": "0:19:24", "iter": "2801/8376", "loss": 0.950886, "lr": 0.000997, "neg_dist": 3.510534, "pos_dist": 3.864763, "time_diff": 14.390000, "triplet": 0.706246}
[08/11 09:51:17][INFO] utils.logging:   91: {"_type": "train_iter", "epoch": "4/30", "eta": "0:19:23", "iter": "3001/8376", "loss": 1.630517, "lr": 0.000997, "neg_dist": 3.434559, "pos_dist": 4.393000, "time_diff": 15.410000, "triplet": 1.270977}
[08/11 09:51:18][INFO] utils.logging:   91: {"_type": "train_iter", "epoch": "4/30", "eta": "0:19:22", "iter": "3201/8376", "loss": 1.155738, "lr": 0.000997, "neg_dist": 3.264608, "pos_dist": 3.655787, "time_diff": 16.430000, "triplet": 0.828022}
[08/11 09:51:19][INFO] utils.logging:   91: {"_type": "train_iter", "epoch": "4/30", "eta": "0:19:20", "iter": "3401/8376", "loss": 1.708166, "lr": 0.000997, "neg_dist": 3.417174, "pos_dist": 4.551969, "time_diff": 17.460000, "triplet": 1.434795}
[08/11 09:51:20][INFO] utils.logging:   91: {"_type": "train_iter", "epoch": "4/30", "eta": "0:19:19", "iter": "3601/8376", "loss": 0.785511, "lr": 0.000997, "neg_dist": 4.749267, "pos_dist": 4.843785, "time_diff": 18.490000, "triplet": 0.564985}
[08/11 09:51:21][INFO] utils.logging:   91: {"_type": "train_iter", "epoch": "4/30", "eta": "0:19:18", "iter": "3801/8376", "loss": 1.602300, "lr": 0.000997, "neg_dist": 3.264572, "pos_dist": 4.182939, "time_diff": 19.490000, "triplet": 1.232517}
[08/11 09:51:22][INFO] utils.logging:   91: {"_type": "train_iter", "epoch": "4/30", "eta": "0:19:17", "iter": "4001/8376", "loss": 0.903644, "lr": 0.000997, "neg_dist": 3.767106, "pos_dist": 3.633301, "time_diff": 20.520000, "triplet": 0.512882}
[08/11 09:51:23][INFO] utils.logging:   91: {"_type": "train_iter", "epoch": "4/30", "eta": "0:19:15", "iter": "4201/8376", "loss": 0.830565, "lr": 0.000997, "neg_dist": 3.465366, "pos_dist": 3.638181, "time_diff": 21.530000, "triplet": 0.488253}
[08/11 09:51:24][INFO] utils.logging:   91: {"_type": "train_iter", "epoch": "4/30", "eta": "0:19:14", "iter": "4401/8376", "loss": 1.303705, "lr": 0.000997, "neg_dist": 3.712383, "pos_dist": 4.056028, "time_diff": 22.560000, "triplet": 0.930602}
[08/11 09:51:25][INFO] utils.logging:   91: {"_type": "train_iter", "epoch": "4/30", "eta": "0:19:13", "iter": "4601/8376", "loss": 1.409668, "lr": 0.000997, "neg_dist": 4.218854, "pos_dist": 4.450553, "time_diff": 23.590000, "triplet": 1.076593}
[08/11 09:51:26][INFO] utils.logging:   91: {"_type": "train_iter", "epoch": "4/30", "eta": "0:19:12", "iter": "4801/8376", "loss": 0.974686, "lr": 0.000997, "neg_dist": 3.140961, "pos_dist": 3.380509, "time_diff": 24.610000, "triplet": 0.641479}
[08/11 09:51:27][INFO] utils.logging:   91: {"_type": "train_iter", "epoch": "4/30", "eta": "0:19:11", "iter": "5001/8376", "loss": 1.011403, "lr": 0.000997, "neg_dist": 3.179623, "pos_dist": 3.510364, "time_diff": 25.660000, "triplet": 0.780716}
[08/11 09:51:28][INFO] utils.logging:   91: {"_type": "train_iter", "epoch": "4/30", "eta": "0:19:10", "iter": "5201/8376", "loss": 1.081887, "lr": 0.000997, "neg_dist": 3.404765, "pos_dist": 3.797932, "time_diff": 26.660000, "triplet": 0.756492}
[08/11 09:51:29][INFO] utils.logging:   91: {"_type": "train_iter", "epoch": "4/30", "eta": "0:19:09", "iter": "5401/8376", "loss": 1.376688, "lr": 0.000997, "neg_dist": 3.960110, "pos_dist": 4.779165, "time_diff": 27.710000, "triplet": 1.131453}
[08/11 09:51:30][INFO] utils.logging:   91: {"_type": "train_iter", "epoch": "4/30", "eta": "0:19:07", "iter": "5601/8376", "loss": 1.049180, "lr": 0.000997, "neg_dist": 3.495282, "pos_dist": 3.975373, "time_diff": 28.730000, "triplet": 0.811194}
[08/11 09:51:31][INFO] utils.logging:   91: {"_type": "train_iter", "epoch": "4/30", "eta": "0:19:06", "iter": "5801/8376", "loss": 1.363528, "lr": 0.000997, "neg_dist": 3.321183, "pos_dist": 4.211960, "time_diff": 29.770000, "triplet": 1.190776}
[08/11 09:51:32][INFO] utils.logging:   91: {"_type": "train_iter", "epoch": "4/30", "eta": "0:19:05", "iter": "6001/8376", "loss": 1.117894, "lr": 0.000997, "neg_dist": 3.750270, "pos_dist": 4.103045, "time_diff": 30.810000, "triplet": 0.780608}
[08/11 09:51:33][INFO] utils.logging:   91: {"_type": "train_iter", "epoch": "4/30", "eta": "0:19:04", "iter": "6201/8376", "loss": 0.888578, "lr": 0.000997, "neg_dist": 3.460293, "pos_dist": 3.687595, "time_diff": 31.830000, "triplet": 0.565043}
[08/11 09:51:34][INFO] utils.logging:   91: {"_type": "train_iter", "epoch": "4/30", "eta": "0:19:03", "iter": "6401/8376", "loss": 1.330248, "lr": 0.000997, "neg_dist": 3.967687, "pos_dist": 4.620005, "time_diff": 32.850000, "triplet": 1.067070}
[08/11 09:51:35][INFO] utils.logging:   91: {"_type": "train_iter", "epoch": "4/30", "eta": "0:19:02", "iter": "6601/8376", "loss": 1.455467, "lr": 0.000997, "neg_dist": 3.192030, "pos_dist": 4.022919, "time_diff": 33.900000, "triplet": 1.130888}
[08/11 09:51:36][INFO] utils.logging:   91: {"_type": "train_iter", "epoch": "4/30", "eta": "0:19:01", "iter": "6801/8376", "loss": 1.152788, "lr": 0.000997, "neg_dist": 3.704314, "pos_dist": 4.104139, "time_diff": 34.930000, "triplet": 0.803864}
[08/11 09:51:37][INFO] utils.logging:   91: {"_type": "train_iter", "epoch": "4/30", "eta": "0:19:00", "iter": "7001/8376", "loss": 0.953736, "lr": 0.000997, "neg_dist": 3.390413, "pos_dist": 3.666858, "time_diff": 35.950000, "triplet": 0.576445}
[08/11 09:51:38][INFO] utils.logging:   91: {"_type": "train_iter", "epoch": "4/30", "eta": "0:18:59", "iter": "7201/8376", "loss": 1.403557, "lr": 0.000997, "neg_dist": 3.276948, "pos_dist": 4.115606, "time_diff": 36.970000, "triplet": 1.138658}
[08/11 09:51:39][INFO] utils.logging:   91: {"_type": "train_iter", "epoch": "4/30", "eta": "0:18:58", "iter": "7401/8376", "loss": 0.982441, "lr": 0.000997, "neg_dist": 3.197838, "pos_dist": 3.653442, "time_diff": 38.010000, "triplet": 0.755604}
[08/11 09:51:40][INFO] utils.logging:   91: {"_type": "train_iter", "epoch": "4/30", "eta": "0:18:56", "iter": "7601/8376", "loss": 1.549061, "lr": 0.000997, "neg_dist": 3.429180, "pos_dist": 4.366720, "time_diff": 39.010000, "triplet": 1.237540}
[08/11 09:51:41][INFO] utils.logging:   91: {"_type": "train_iter", "epoch": "4/30", "eta": "0:18:55", "iter": "7801/8376", "loss": 0.991429, "lr": 0.000997, "neg_dist": 4.124170, "pos_dist": 4.386546, "time_diff": 40.040000, "triplet": 0.678189}
[08/11 09:51:42][INFO] utils.logging:   91: {"_type": "train_iter", "epoch": "4/30", "eta": "0:18:54", "iter": "8001/8376", "loss": 1.253240, "lr": 0.000997, "neg_dist": 3.817919, "pos_dist": 4.493263, "time_diff": 41.090000, "triplet": 0.975344}
[08/11 09:51:43][INFO] utils.logging:   91: {"_type": "train_iter", "epoch": "4/30", "eta": "0:18:53", "iter": "8201/8376", "loss": 0.828797, "lr": 0.000997, "neg_dist": 3.228638, "pos_dist": 3.409788, "time_diff": 42.090000, "triplet": 0.607870}
[08/11 09:51:44][INFO] utils.logging:   91: {"RAM": "14.55/125.63 GB", "_type": "train_epoch", "epoch": "4/30", "eta": "0:18:52", "gpu_mem": "0.39 GB", "loss": 1.226364, "lr": 0.000997, "neg_dist": 3.568564, "pos_dist": 4.125056, "time_diff": 43.040000, "triplet": 0.931572}
[08/11 09:51:45][INFO] utils.logging:   91: {"_type": "val_epoch", "epoch": "4/30", "loss": 1.232283}
[08/11 09:51:45][INFO] utils.logging:   91: {"_type": "train_iter", "epoch": "5/30", "eta": "0:18:56", "iter": "1/8376", "loss": 1.509163, "lr": 0.000987, "neg_dist": 3.813315, "pos_dist": 4.667099, "time_diff": 0.070000, "triplet": 1.164439}
[08/11 09:51:46][INFO] utils.logging:   91: {"_type": "train_iter", "epoch": "5/30", "eta": "0:18:56", "iter": "201/8376", "loss": 0.573835, "lr": 0.000987, "neg_dist": 3.892900, "pos_dist": 3.486108, "time_diff": 1.150000, "triplet": 0.194017}
[08/11 09:51:47][INFO] utils.logging:   91: {"_type": "train_iter", "epoch": "5/30", "eta": "0:18:54", "iter": "401/8376", "loss": 1.305170, "lr": 0.000987, "neg_dist": 3.215450, "pos_dist": 3.903399, "time_diff": 2.180000, "triplet": 1.015938}
[08/11 09:51:48][INFO] utils.logging:   91: {"_type": "train_iter", "epoch": "5/30", "eta": "0:18:53", "iter": "601/8376", "loss": 1.215381, "lr": 0.000987, "neg_dist": 4.288528, "pos_dist": 4.841091, "time_diff": 3.220000, "triplet": 0.918302}
[08/11 09:51:49][INFO] utils.logging:   91: {"_type": "train_iter", "epoch": "5/30", "eta": "0:18:52", "iter": "801/8376", "loss": 1.380458, "lr": 0.000987, "neg_dist": 3.392793, "pos_dist": 4.242554, "time_diff": 4.230000, "triplet": 1.149761}
[08/11 09:51:50][INFO] utils.logging:   91: {"_type": "train_iter", "epoch": "5/30", "eta": "0:18:51", "iter": "1001/8376", "loss": 1.641047, "lr": 0.000987, "neg_dist": 3.651731, "pos_dist": 4.565875, "time_diff": 5.250000, "triplet": 1.365151}
[08/11 09:51:51][INFO] utils.logging:   91: {"_type": "train_iter", "epoch": "5/30", "eta": "0:18:50", "iter": "1201/8376", "loss": 0.890040, "lr": 0.000987, "neg_dist": 3.276965, "pos_dist": 3.424658, "time_diff": 6.260000, "triplet": 0.523242}
[08/11 09:51:52][INFO] utils.logging:   91: {"_type": "train_iter", "epoch": "5/30", "eta": "0:18:49", "iter": "1401/8376", "loss": 1.360372, "lr": 0.000987, "neg_dist": 3.504182, "pos_dist": 4.282410, "time_diff": 7.300000, "triplet": 1.084706}
[08/11 09:51:53][INFO] utils.logging:   91: {"_type": "train_iter", "epoch": "5/30", "eta": "0:18:48", "iter": "1601/8376", "loss": 1.051972, "lr": 0.000987, "neg_dist": 3.604478, "pos_dist": 4.100435, "time_diff": 8.350000, "triplet": 0.795957}
[08/11 09:51:54][INFO] utils.logging:   91: {"_type": "train_iter", "epoch": "5/30", "eta": "0:18:47", "iter": "1801/8376", "loss": 0.913513, "lr": 0.000987, "neg_dist": 2.984358, "pos_dist": 3.393723, "time_diff": 9.400000, "triplet": 0.715925}
[08/11 09:51:55][INFO] utils.logging:   91: {"_type": "train_iter", "epoch": "5/30", "eta": "0:18:46", "iter": "2001/8376", "loss": 1.339735, "lr": 0.000987, "neg_dist": 4.010184, "pos_dist": 4.707171, "time_diff": 10.440000, "triplet": 1.090324}
[08/11 09:51:56][INFO] utils.logging:   91: {"_type": "train_iter", "epoch": "5/30", "eta": "0:18:44", "iter": "2201/8376", "loss": 2.052489, "lr": 0.000987, "neg_dist": 3.129314, "pos_dist": 4.650850, "time_diff": 11.450000, "triplet": 1.821535}
[08/11 09:51:57][INFO] utils.logging:   91: {"_type": "train_iter", "epoch": "5/30", "eta": "0:18:43", "iter": "2401/8376", "loss": 1.013371, "lr": 0.000987, "neg_dist": 2.643554, "pos_dist": 2.962789, "time_diff": 12.490000, "triplet": 0.659265}
[08/11 09:51:58][INFO] utils.logging:   91: {"_type": "train_iter", "epoch": "5/30", "eta": "0:18:42", "iter": "2601/8376", "loss": 0.975402, "lr": 0.000987, "neg_dist": 3.652524, "pos_dist": 3.942516, "time_diff": 13.510000, "triplet": 0.676278}
[08/11 09:51:59][INFO] utils.logging:   91: {"_type": "train_iter", "epoch": "5/30", "eta": "0:18:41", "iter": "2801/8376", "loss": 1.102278, "lr": 0.000987, "neg_dist": 4.772148, "pos_dist": 5.276395, "time_diff": 14.540000, "triplet": 0.871717}
[08/11 09:52:00][INFO] utils.logging:   91: {"_type": "train_iter", "epoch": "5/30", "eta": "0:18:40", "iter": "3001/8376", "loss": 1.189605, "lr": 0.000987, "neg_dist": 3.547297, "pos_dist": 4.164422, "time_diff": 15.550000, "triplet": 0.917125}
[08/11 09:52:01][INFO] utils.logging:   91: {"_type": "train_iter", "epoch": "5/30", "eta": "0:18:39", "iter": "3201/8376", "loss": 1.097532, "lr": 0.000987, "neg_dist": 3.232909, "pos_dist": 3.728741, "time_diff": 16.580000, "triplet": 0.841895}
[08/11 09:52:02][INFO] utils.logging:   91: {"_type": "train_iter", "epoch": "5/30", "eta": "0:18:37", "iter": "3401/8376", "loss": 1.462197, "lr": 0.000987, "neg_dist": 3.667394, "pos_dist": 4.395773, "time_diff": 17.590000, "triplet": 1.126877}
[08/11 09:52:03][INFO] utils.logging:   91: {"_type": "train_iter", "epoch": "5/30", "eta": "0:18:36", "iter": "3601/8376", "loss": 1.748343, "lr": 0.000987, "neg_dist": 4.176250, "pos_dist": 5.214643, "time_diff": 18.630000, "triplet": 1.422474}
[08/11 09:52:04][INFO] utils.logging:   91: {"_type": "train_iter", "epoch": "5/30", "eta": "0:18:35", "iter": "3801/8376", "loss": 1.660194, "lr": 0.000987, "neg_dist": 3.807277, "pos_dist": 4.877410, "time_diff": 19.640000, "triplet": 1.387558}
[08/11 09:52:05][INFO] utils.logging:   91: {"_type": "train_iter", "epoch": "5/30", "eta": "0:18:34", "iter": "4001/8376", "loss": 1.303909, "lr": 0.000987, "neg_dist": 3.212856, "pos_dist": 3.963002, "time_diff": 20.630000, "triplet": 1.050146}
[08/11 09:52:06][INFO] utils.logging:   91: {"_type": "train_iter", "epoch": "5/30", "eta": "0:18:32", "iter": "4201/8376", "loss": 1.374722, "lr": 0.000987, "neg_dist": 3.400540, "pos_dist": 4.076236, "time_diff": 21.640000, "triplet": 0.975695}
[08/11 09:52:07][INFO] utils.logging:   91: {"_type": "train_iter", "epoch": "5/30", "eta": "0:18:31", "iter": "4401/8376", "loss": 1.488062, "lr": 0.000987, "neg_dist": 3.417326, "pos_dist": 4.396608, "time_diff": 22.660000, "triplet": 1.279282}
[08/11 09:52:08][INFO] utils.logging:   91: {"_type": "train_iter", "epoch": "5/30", "eta": "0:18:30", "iter": "4601/8376", "loss": 1.189087, "lr": 0.000987, "neg_dist": 3.911398, "pos_dist": 4.365116, "time_diff": 23.720000, "triplet": 0.873969}
[08/11 09:52:10][INFO] utils.logging:   91: {"_type": "train_iter", "epoch": "5/30", "eta": "0:18:29", "iter": "4801/8376", "loss": 1.250736, "lr": 0.000987, "neg_dist": 3.217386, "pos_dist": 3.825014, "time_diff": 24.740000, "triplet": 0.907627}
[08/11 09:52:11][INFO] utils.logging:   91: {"_type": "train_iter", "epoch": "5/30", "eta": "0:18:28", "iter": "5001/8376", "loss": 1.444177, "lr": 0.000987, "neg_dist": 3.471066, "pos_dist": 4.224624, "time_diff": 25.780000, "triplet": 1.053557}
[08/11 09:52:12][INFO] utils.logging:   91: {"_type": "train_iter", "epoch": "5/30", "eta": "0:18:27", "iter": "5201/8376", "loss": 1.265845, "lr": 0.000987, "neg_dist": 3.398633, "pos_dist": 3.792778, "time_diff": 26.790000, "triplet": 0.930196}
[08/11 09:52:13][INFO] utils.logging:   91: {"_type": "train_iter", "epoch": "5/30", "eta": "0:18:26", "iter": "5401/8376", "loss": 1.293667, "lr": 0.000987, "neg_dist": 3.482178, "pos_dist": 4.218762, "time_diff": 27.830000, "triplet": 1.049501}
[08/11 09:52:14][INFO] utils.logging:   91: {"_type": "train_iter", "epoch": "5/30", "eta": "0:18:25", "iter": "5601/8376", "loss": 1.502978, "lr": 0.000987, "neg_dist": 3.644190, "pos_dist": 4.557752, "time_diff": 28.860000, "triplet": 1.261666}
[08/11 09:52:15][INFO] utils.logging:   91: {"_type": "train_iter", "epoch": "5/30", "eta": "0:18:24", "iter": "5801/8376", "loss": 1.357099, "lr": 0.000987, "neg_dist": 3.019006, "pos_dist": 3.744306, "time_diff": 29.890000, "triplet": 1.027088}
[08/11 09:52:16][INFO] utils.logging:   91: {"_type": "train_iter", "epoch": "5/30", "eta": "0:18:22", "iter": "6001/8376", "loss": 1.696410, "lr": 0.000987, "neg_dist": 3.040297, "pos_dist": 4.087783, "time_diff": 30.890000, "triplet": 1.347486}
[08/11 09:52:17][INFO] utils.logging:   91: {"_type": "train_iter", "epoch": "5/30", "eta": "0:18:21", "iter": "6201/8376", "loss": 0.818874, "lr": 0.000987, "neg_dist": 3.455081, "pos_dist": 3.592603, "time_diff": 31.910000, "triplet": 0.507142}
[08/11 09:52:18][INFO] utils.logging:   91: {"_type": "train_iter", "epoch": "5/30", "eta": "0:18:20", "iter": "6401/8376", "loss": 1.094339, "lr": 0.000987, "neg_dist": 3.776041, "pos_dist": 4.348495, "time_diff": 32.920000, "triplet": 0.872455}
[08/11 09:52:19][INFO] utils.logging:   91: {"_type": "train_iter", "epoch": "5/30", "eta": "0:18:19", "iter": "6601/8376", "loss": 1.810470, "lr": 0.000987, "neg_dist": 3.241368, "pos_dist": 4.358777, "time_diff": 33.950000, "triplet": 1.417410}
[08/11 09:52:20][INFO] utils.logging:   91: {"_type": "train_iter", "epoch": "5/30", "eta": "0:18:18", "iter": "6801/8376", "loss": 1.434586, "lr": 0.000987, "neg_dist": 4.272711, "pos_dist": 4.825466, "time_diff": 34.980000, "triplet": 1.057868}
[08/11 09:52:21][INFO] utils.logging:   91: {"_type": "train_iter", "epoch": "5/30", "eta": "0:18:17", "iter": "7001/8376", "loss": 1.411970, "lr": 0.000987, "neg_dist": 3.907972, "pos_dist": 4.684208, "time_diff": 35.990000, "triplet": 1.076235}
[08/11 09:52:22][INFO] utils.logging:   91: {"_type": "train_iter", "epoch": "5/30", "eta": "0:18:15", "iter": "7201/8376", "loss": 1.315952, "lr": 0.000987, "neg_dist": 3.558233, "pos_dist": 3.997330, "time_diff": 37.010000, "triplet": 0.924185}
[08/11 09:52:23][INFO] utils.logging:   91: {"_type": "train_iter", "epoch": "5/30", "eta": "0:18:14", "iter": "7401/8376", "loss": 1.797725, "lr": 0.000987, "neg_dist": 4.004252, "pos_dist": 5.198817, "time_diff": 38.030000, "triplet": 1.494565}
[08/11 09:52:24][INFO] utils.logging:   91: {"_type": "train_iter", "epoch": "5/30", "eta": "0:18:13", "iter": "7601/8376", "loss": 1.486282, "lr": 0.000987, "neg_dist": 3.429731, "pos_dist": 4.338775, "time_diff": 39.050000, "triplet": 1.270295}
[08/11 09:52:25][INFO] utils.logging:   91: {"_type": "train_iter", "epoch": "5/30", "eta": "0:18:12", "iter": "7801/8376", "loss": 1.049722, "lr": 0.000987, "neg_dist": 3.254061, "pos_dist": 3.727144, "time_diff": 40.060000, "triplet": 0.787509}
[08/11 09:52:26][INFO] utils.logging:   91: {"_type": "train_iter", "epoch": "5/30", "eta": "0:18:11", "iter": "8001/8376", "loss": 1.635875, "lr": 0.000987, "neg_dist": 3.683188, "pos_dist": 4.743835, "time_diff": 41.130000, "triplet": 1.360648}
[08/11 09:52:27][INFO] utils.logging:   91: {"_type": "train_iter", "epoch": "5/30", "eta": "0:18:10", "iter": "8201/8376", "loss": 1.222387, "lr": 0.000987, "neg_dist": 4.118459, "pos_dist": 4.707832, "time_diff": 42.150000, "triplet": 0.904170}
[08/11 09:52:28][INFO] utils.logging:   91: {"RAM": "14.49/125.63 GB", "_type": "train_epoch", "epoch": "5/30", "eta": "0:18:09", "gpu_mem": "0.39 GB", "loss": 1.232122, "lr": 0.000987, "neg_dist": 3.573657, "pos_dist": 4.138817, "time_diff": 43.040000, "triplet": 0.937819}
[08/11 09:52:28][INFO] utils.logging:   91: {"_type": "val_epoch", "epoch": "5/30", "loss": 1.209813}
[08/11 09:52:28][INFO] __main__:  153: Best checkpoint: output/frame_selector/ssv2_ViT-B16_BiMHM/frame_selector_best.pth (loss=1.209813)
[08/11 09:52:28][INFO] __main__:  430: New best val loss: 1.209813 at epoch 4
[08/11 09:52:28][INFO] utils.logging:   91: {"_type": "train_iter", "epoch": "6/30", "eta": "0:18:12", "iter": "1/8376", "loss": 1.005177, "lr": 0.000970, "neg_dist": 3.384851, "pos_dist": 3.697064, "time_diff": 0.070000, "triplet": 0.717372}
[08/11 09:52:30][INFO] utils.logging:   91: {"_type": "train_iter", "epoch": "6/30", "eta": "0:18:11", "iter": "201/8376", "loss": 1.372229, "lr": 0.000970, "neg_dist": 3.511803, "pos_dist": 4.197522, "time_diff": 1.140000, "triplet": 1.023229}
[08/11 09:52:31][INFO] utils.logging:   91: {"_type": "train_iter", "epoch": "6/30", "eta": "0:18:10", "iter": "401/8376", "loss": 1.146691, "lr": 0.000970, "neg_dist": 3.729495, "pos_dist": 4.155880, "time_diff": 2.180000, "triplet": 0.794749}
[08/11 09:52:32][INFO] utils.logging:   91: {"_type": "train_iter", "epoch": "6/30", "eta": "0:18:09", "iter": "601/8376", "loss": 1.281531, "lr": 0.000970, "neg_dist": 3.100301, "pos_dist": 3.769467, "time_diff": 3.200000, "triplet": 0.983795}
[08/11 09:52:33][INFO] utils.logging:   91: {"_type": "train_iter", "epoch": "6/30", "eta": "0:18:08", "iter": "801/8376", "loss": 0.534525, "lr": 0.000970, "neg_dist": 3.761033, "pos_dist": 3.269547, "time_diff": 4.230000, "triplet": 0.231410}
[08/11 09:52:34][INFO] utils.logging:   91: {"_type": "train_iter", "epoch": "6/30", "eta": "0:18:07", "iter": "1001/8376", "loss": 1.176734, "lr": 0.000970, "neg_dist": 3.191139, "pos_dist": 3.775843, "time_diff": 5.230000, "triplet": 0.884704}
[08/11 09:52:35][INFO] utils.logging:   91: {"_type": "train_iter", "epoch": "6/30", "eta": "0:18:06", "iter": "1201/8376", "loss": 1.254259, "lr": 0.000970, "neg_dist": 3.157094, "pos_dist": 3.863377, "time_diff": 6.270000, "triplet": 1.006282}
[08/11 09:52:36][INFO] utils.logging:   91: {"_type": "train_iter", "epoch": "6/30", "eta": "0:18:04", "iter": "1401/8376", "loss": 1.372969, "lr": 0.000970, "neg_dist": 3.246170, "pos_dist": 3.978820, "time_diff": 7.280000, "triplet": 1.032651}
[08/11 09:52:37][INFO] utils.logging:   91: {"_type": "train_iter", "epoch": "6/30", "eta": "0:18:03", "iter": "1601/8376", "loss": 1.115294, "lr": 0.000970, "neg_dist": 3.748454, "pos_dist": 4.221627, "time_diff": 8.310000, "triplet": 0.840484}
[08/11 09:52:38][INFO] utils.logging:   91: {"_type": "train_iter", "epoch": "6/30", "eta": "0:18:02", "iter": "1801/8376", "loss": 0.891649, "lr": 0.000970, "neg_dist": 3.701156, "pos_dist": 3.967641, "time_diff": 9.320000, "triplet": 0.632326}
[08/11 09:52:39][INFO] utils.logging:   91: {"_type": "train_iter", "epoch": "6/30", "eta": "0:18:01", "iter": "2001/8376", "loss": 1.118740, "lr": 0.000970, "neg_dist": 4.659717, "pos_dist": 5.008570, "time_diff": 10.350000, "triplet": 0.754864}
[08/11 09:52:40][INFO] utils.logging:   91: {"_type": "train_iter", "epoch": "6/30", "eta": "0:18:00", "iter": "2201/8376", "loss": 1.129994, "lr": 0.000970, "neg_dist": 3.962080, "pos_dist": 4.234624, "time_diff": 11.360000, "triplet": 0.836332}
[08/11 09:52:41][INFO] utils.logging:   91: {"_type": "train_iter", "epoch": "6/30", "eta": "0:17:59", "iter": "2401/8376", "loss": 1.233874, "lr": 0.000970, "neg_dist": 2.951526, "pos_dist": 3.580896, "time_diff": 12.390000, "triplet": 0.929371}
[08/11 09:52:42][INFO] utils.logging:   91: {"_type": "train_iter", "epoch": "6/30", "eta": "0:17:58", "iter": "2601/8376", "loss": 1.248729, "lr": 0.000970, "neg_dist": 3.171193, "pos_dist": 3.825618, "time_diff": 13.400000, "triplet": 0.958852}
[08/11 09:52:43][INFO] utils.logging:   91: {"_type": "train_iter", "epoch": "6/30", "eta": "0:17:56", "iter": "2801/8376", "loss": 0.897780, "lr": 0.000970, "neg_dist": 3.015635, "pos_dist": 3.307865, "time_diff": 14.430000, "triplet": 0.631328}
[08/11 09:52:44][INFO] utils.logging:   91: {"_type": "train_iter", "epoch": "6/30", "eta": "0:17:55", "iter": "3001/8376", "loss": 1.113770, "lr": 0.000970, "neg_dist": 3.011072, "pos_dist": 3.330366, "time_diff": 15.430000, "triplet": 0.792400}
[08/11 09:52:45][INFO] utils.logging:   91: {"_type": "train_iter", "epoch": "6/30", "eta": "0:17:54", "iter": "3201/8376", "loss": 0.802024, "lr": 0.000970, "neg_dist": 3.319672, "pos_dist": 3.321537, "time_diff": 16.480000, "triplet": 0.523414}
[08/11 09:52:46][INFO] utils.logging:   91: {"_type": "train_iter", "epoch": "6/30", "eta": "0:17:53", "iter": "3401/8376", "loss": 1.452223, "lr": 0.000970, "neg_dist": 3.553581, "pos_dist": 4.448958, "time_diff": 17.490000, "triplet": 1.195378}
[08/11 09:52:47][INFO] utils.logging:   91: {"_type": "train_iter", "epoch": "6/30", "eta": "0:17:52", "iter": "3601/8376", "loss": 1.232838, "lr": 0.000970, "neg_dist": 3.721096, "pos_dist": 4.339234, "time_diff": 18.490000, "triplet": 0.929935}
[08/11 09:52:48][INFO] utils.logging:   91: {"_type": "train_iter", "epoch": "6/30", "eta": "0:17:51", "iter": "3801/8376", "loss": 1.166452, "lr": 0.000970, "neg_dist": 3.318757, "pos_dist": 3.938252, "time_diff": 19.530000, "triplet": 0.919495}
[08/11 09:52:49][INFO] utils.logging:   91: {"_type": "train_iter", "epoch": "6/30", "eta": "0:17:49", "iter": "4001/8376", "loss": 1.130744, "lr": 0.000970, "neg_dist": 3.503767, "pos_dist": 3.944913, "time_diff": 20.520000, "triplet": 0.904942}
[08/11 09:52:50][INFO] utils.logging:   91: {"_type": "train_iter", "epoch": "6/30", "eta": "0:17:48", "iter": "4201/8376", "loss": 0.794766, "lr": 0.000970, "neg_dist": 4.422592, "pos_dist": 4.507810, "time_diff": 21.550000, "triplet": 0.530894}
[08/11 09:52:51][INFO] utils.logging:   91: {"_type": "train_iter", "epoch": "6/30", "eta": "0:17:47", "iter": "4401/8376", "loss": 1.169776, "lr": 0.000970, "neg_dist": 3.260431, "pos_dist": 3.633564, "time_diff": 22.560000, "triplet": 0.879460}
[08/11 09:52:52][INFO] utils.logging:   91: {"_type": "train_iter", "epoch": "6/30", "eta": "0:17:46", "iter": "4601/8376", "loss": 0.870660, "lr": 0.000970, "neg_dist": 2.930646, "pos_dist": 3.301109, "time_diff": 23.580000, "triplet": 0.691409}
[08/11 09:52:53][INFO] utils.logging:   91: {"_type": "train_iter", "epoch": "6/30", "eta": "0:17:45", "iter": "4801/8376", "loss": 1.223928, "lr": 0.000970, "neg_dist": 3.997025, "pos_dist": 4.706720, "time_diff": 24.590000, "triplet": 1.009695}
[08/11 09:52:54][INFO] utils.logging:   91: {"_type": "train_iter", "epoch": "6/30", "eta": "0:17:44", "iter": "5001/8376", "loss": 1.161082, "lr": 0.000970, "neg_dist": 3.030882, "pos_dist": 3.587430, "time_diff": 25.650000, "triplet": 0.868467}
[08/11 09:52:55][INFO] utils.logging:   91: {"_type": "train_iter", "epoch": "6/30", "eta": "0:17:43", "iter": "5201/8376", "loss": 1.624803, "lr": 0.000970, "neg_dist": 3.702538, "pos_dist": 4.764946, "time_diff": 26.680000, "triplet": 1.362409}
[08/11 09:52:56][INFO] utils.logging:   91: {"_type": "train_iter", "epoch": "6/30", "eta": "0:17:42", "iter": "5401/8376", "loss": 1.141434, "lr": 0.000970, "neg_dist": 3.308344, "pos_dist": 3.830994, "time_diff": 27.710000, "triplet": 0.822650}
[08/11 09:52:57][INFO] utils.logging:   91: {"_type": "train_iter", "epoch": "6/30", "eta": "0:17:41", "iter": "5601/8376", "loss": 1.486198, "lr": 0.000970, "neg_dist": 3.509006, "pos_dist": 4.353236, "time_diff": 28.730000, "triplet": 1.144230}
[08/11 09:52:58][INFO] utils.logging:   91: {"_type": "train_iter", "epoch": "6/30", "eta": "0:17:39", "iter": "5801/8376", "loss": 1.245662, "lr": 0.000970, "neg_dist": 3.799113, "pos_dist": 4.530692, "time_diff": 29.750000, "triplet": 1.047457}
[08/11 09:52:59][INFO] utils.logging:   91: {"_type": "train_iter", "epoch": "6/30", "eta": "0:17:38", "iter": "6001/8376", "loss": 1.191125, "lr": 0.000970, "neg_dist": 3.407337, "pos_dist": 3.804638, "time_diff": 30.770000, "triplet": 0.987684}
[08/11 09:53:00][INFO] utils.logging:   91: {"_type": "train_iter", "epoch": "6/30", "eta": "0:17:37", "iter": "6201/8376", "loss": 1.687023, "lr": 0.000970, "neg_dist": 3.669855, "pos_dist": 4.619222, "time_diff": 31.780000, "triplet": 1.322403}
[08/11 09:53:01][INFO] utils.logging:   91: {"_type": "train_iter", "epoch": "6/30", "eta": "0:17:36", "iter": "6401/8376", "loss": 1.285701, "lr": 0.000970, "neg_dist": 3.143525, "pos_dist": 3.764627, "time_diff": 32.830000, "triplet": 0.921102}
[08/11 09:53:02][INFO] utils.logging:   91: {"_type": "train_iter", "epoch": "6/30", "eta": "0:17:35", "iter": "6601/8376", "loss": 0.873412, "lr": 0.000970, "neg_dist": 3.401236, "pos_dist": 3.482080, "time_diff": 33.830000, "triplet": 0.479263}
[08/11 09:53:03][INFO] utils.logging:   91: {"_type": "train_iter", "epoch": "6/30", "eta": "0:17:34", "iter": "6801/8376", "loss": 1.088524, "lr": 0.000970, "neg_dist": 3.816485, "pos_dist": 4.367145, "time_diff": 34.870000, "triplet": 0.856283}
[08/11 09:53:04][INFO] utils.logging:   91: {"_type": "train_iter", "epoch": "6/30", "eta": "0:17:33", "iter": "7001/8376", "loss": 0.990137, "lr": 0.000970, "neg_dist": 3.580816, "pos_dist": 3.929953, "time_diff": 35.880000, "triplet": 0.675000}
[08/11 09:53:05][INFO] utils.logging:   91: {"_type": "train_iter", "epoch": "6/30", "eta": "0:17:32", "iter": "7201/8376", "loss": 1.642054, "lr": 0.000970, "neg_dist": 3.327695, "pos_dist": 4.414965, "time_diff": 36.940000, "triplet": 1.387269}
[08/11 09:53:06][INFO] utils.logging:   91: {"_type": "train_iter", "epoch": "6/30", "eta": "0:17:31", "iter": "7401/8376", "loss": 1.139517, "lr": 0.000970, "neg_dist": 3.107810, "pos_dist": 3.405101, "time_diff": 37.960000, "triplet": 0.782889}
[08/11 09:53:07][INFO] utils.logging:   91: {"_type": "train_iter", "epoch": "6/30", "eta": "0:17:30", "iter": "7601/8376", "loss": 1.667338, "lr": 0.000970, "neg_dist": 4.141461, "pos_dist": 5.064126, "time_diff": 38.990000, "triplet": 1.275793}
[08/11 09:53:08][INFO] utils.logging:   91: {"_type": "train_iter", "epoch": "6/30", "eta": "0:17:29", "iter": "7801/8376", "loss": 1.250466, "lr": 0.000970, "neg_dist": 4.519268, "pos_dist": 5.140403, "time_diff": 40.030000, "triplet": 1.022929}
[08/11 09:53:09][INFO] utils.logging:   91: {"_type": "train_iter", "epoch": "6/30", "eta": "0:17:27", "iter": "8001/8376", "loss": 1.214170, "lr": 0.000970, "neg_dist": 3.625498, "pos_dist": 4.004157, "time_diff": 41.060000, "triplet": 0.866120}
[08/11 09:53:10][INFO] utils.logging:   91: {"_type": "train_iter", "epoch": "6/30", "eta": "0:17:26", "iter": "8201/8376", "loss": 1.711991, "lr": 0.000970, "neg_dist": 3.689552, "pos_dist": 4.760535, "time_diff": 42.080000, "triplet": 1.370982}
[08/11 09:53:11][INFO] __main__:  150: Checkpoint: output/frame_selector/ssv2_ViT-B16_BiMHM/frame_selector_epoch0005.pth
[08/11 09:53:11][INFO] utils.logging:   91: {"RAM": "14.49/125.63 GB", "_type": "train_epoch", "epoch": "6/30", "eta": "0:17:25", "gpu_mem": "0.39 GB", "loss": 1.225322, "lr": 0.000970, "neg_dist": 3.566197, "pos_dist": 4.124931, "time_diff": 43.020000, "triplet": 0.932256}
[08/11 09:53:12][INFO] utils.logging:   91: {"_type": "val_epoch", "epoch": "6/30", "loss": 1.228430}
[08/11 09:53:12][INFO] utils.logging:   91: {"_type": "train_iter", "epoch": "7/30", "eta": "0:17:28", "iter": "1/8376", "loss": 0.785649, "lr": 0.000947, "neg_dist": 3.745212, "pos_dist": 3.753052, "time_diff": 0.070000, "triplet": 0.494036}
[08/11 09:53:13][INFO] utils.logging:   91: {"_type": "train_iter", "epoch": "7/30", "eta": "0:17:27", "iter": "201/8376", "loss": 0.787907, "lr": 0.000947, "neg_dist": 3.293533, "pos_dist": 3.485798, "time_diff": 1.120000, "triplet": 0.523658}
[08/11 09:53:14][INFO] utils.logging:   91: {"_type": "train_iter", "epoch": "7/30", "eta": "0:17:26", "iter": "401/8376", "loss": 1.715763, "lr": 0.000947, "neg_dist": 3.666686, "pos_dist": 4.728730, "time_diff": 2.150000, "triplet": 1.418554}
[08/11 09:53:15][INFO] utils.logging:   91: {"_type": "train_iter", "epoch": "7/30", "eta": "0:17:25", "iter": "601/8376", "loss": 1.226106, "lr": 0.000947, "neg_dist": 4.844862, "pos_dist": 5.451430, "time_diff": 3.180000, "triplet": 0.983634}
[08/11 09:53:16][INFO] utils.logging:   91: {"_type": "train_iter", "epoch": "7/30", "eta": "0:17:24", "iter": "801/8376", "loss": 1.448142, "lr": 0.000947, "neg_dist": 3.463337, "pos_dist": 4.386373, "time_diff": 4.210000, "triplet": 1.223035}
[08/11 09:53:17][INFO] utils.logging:   91: {"_type": "train_iter", "epoch": "7/30", "eta": "0:17:23", "iter": "1001/8376", "loss": 1.153306, "lr": 0.000947, "neg_dist": 3.137215, "pos_dist": 3.700310, "time_diff": 5.230000, "triplet": 0.880347}
[08/11 09:53:18][INFO] utils.logging:   91: {"_type": "train_iter", "epoch": "7/30", "eta": "0:17:22", "iter": "1201/8376", "loss": 0.699951, "lr": 0.000947, "neg_dist": 3.491631, "pos_dist": 3.442896, "time_diff": 6.260000, "triplet": 0.407690}
[08/11 09:53:19][INFO] utils.logging:   91: {"_type": "train_iter", "epoch": "7/30", "eta": "0:17:20", "iter": "1401/8376", "loss": 2.003458, "lr": 0.000947, "neg_dist": 4.004665, "pos_dist": 5.377130, "time_diff": 7.280000, "triplet": 1.672465}
[08/11 09:53:20][INFO] utils.logging:   91: {"_type": "train_iter", "epoch": "7/30", "eta": "0:17:19", "iter": "1601/8376", "loss": 0.993082, "lr": 0.000947, "neg_dist": 3.364326, "pos_dist": 3.648189, "time_diff": 8.300000, "triplet": 0.698654}
[08/11 09:53:21][INFO] utils.logging:   91: {"_type": "train_iter", "epoch": "7/30", "eta": "0:17:18", "iter": "1801/8376", "loss": 1.057059, "lr": 0.000947, "neg_dist": 3.615404, "pos_dist": 3.975816, "time_diff": 9.330000, "triplet": 0.758829}
[08/11 09:53:22][INFO] utils.logging:   91: {"_type": "train_iter", "epoch": "7/30", "eta": "0:17:17", "iter": "2001/8376", "loss": 1.144210, "lr": 0.000947, "neg_dist": 3.175243, "pos_dist": 3.705229, "time_diff": 10.350000, "triplet": 0.868293}
[08/11 09:53:23][INFO] utils.logging:   91: {"_type": "train_iter", "epoch": "7/30", "eta": "0:17:16", "iter": "2201/8376", "loss": 1.396503, "lr": 0.000947, "neg_dist": 3.607749, "pos_dist": 4.184249, "time_diff": 11.360000, "triplet": 1.171260}
[08/11 09:53:24][INFO] utils.logging:   91: {"_type": "train_iter", "epoch": "7/30", "eta": "0:17:15", "iter": "2401/8376", "loss": 0.783287, "lr": 0.000947, "neg_dist": 3.682049, "pos_dist": 3.632077, "time_diff": 12.370000, "triplet": 0.457494}
[08/11 09:53:25][INFO] utils.logging:   91: {"_type": "train_iter", "epoch": "7/30", "eta": "0:17:14", "iter": "2601/8376", "loss": 1.261445, "lr": 0.000947, "neg_dist": 3.389676, "pos_dist": 4.158197, "time_diff": 13.380000, "triplet": 1.068521}
[08/11 09:53:26][INFO] utils.logging:   91: {"_type": "train_iter", "epoch": "7/30", "eta": "0:17:12", "iter": "2801/8376", "loss": 1.123421, "lr": 0.000947, "neg_dist": 3.496787, "pos_dist": 3.931131, "time_diff": 14.390000, "triplet": 0.784057}
[08/11 09:53:27][INFO] utils.logging:   91: {"_type": "train_iter", "epoch": "7/30", "eta": "0:17:11", "iter": "3001/8376", "loss": 0.982356, "lr": 0.000947, "neg_dist": 3.242015, "pos_dist": 3.548939, "time_diff": 15.430000, "triplet": 0.667252}
[08/11 09:53:28][INFO] utils.logging:   91: {"_type": "train_iter", "epoch": "7/30", "eta": "0:17:10", "iter": "3201/8376", "loss": 1.475302, "lr": 0.000947, "neg_dist": 3.208415, "pos_dist": 4.045574, "time_diff": 16.430000, "triplet": 1.137159}
[08/11 09:53:29][INFO] utils.logging:   91: {"_type": "train_iter", "epoch": "7/30", "eta": "0:17:09", "iter": "3401/8376", "loss": 1.330250, "lr": 0.000947, "neg_dist": 3.643225, "pos_dist": 4.323427, "time_diff": 17.440000, "triplet": 0.980203}
[08/11 09:53:30][INFO] utils.logging:   91: {"_type": "train_iter", "epoch": "7/30", "eta": "0:17:08", "iter": "3601/8376", "loss": 0.769127, "lr": 0.000947, "neg_dist": 3.621078, "pos_dist": 3.456036, "time_diff": 18.450000, "triplet": 0.427177}
[08/11 09:53:32][INFO] utils.logging:   91: {"_type": "train_iter", "epoch": "7/30", "eta": "0:17:07", "iter": "3801/8376", "loss": 1.543805, "lr": 0.000947, "neg_dist": 3.067463, "pos_dist": 4.039431, "time_diff": 19.490000, "triplet": 1.271968}
[08/11 09:53:33][INFO] utils.logging:   91: {"_type": "train_iter", "epoch": "7/30", "eta": "0:17:06", "iter": "4001/8376", "loss": 0.981140, "lr": 0.000947, "neg_dist": 3.886125, "pos_dist": 4.194473, "time_diff": 20.500000, "triplet": 0.694208}
[08/11 09:53:34][INFO] utils.logging:   91: {"_type": "train_iter", "epoch": "7/30", "eta": "0:17:05", "iter": "4201/8376", "loss": 1.641528, "lr": 0.000947, "neg_dist": 3.804190, "pos_dist": 4.885481, "time_diff": 21.520000, "triplet": 1.381290}
[08/11 09:53:35][INFO] utils.logging:   91: {"_type": "train_iter", "epoch": "7/30", "eta": "0:17:03", "iter": "4401/8376", "loss": 1.841681, "lr": 0.000947, "neg_dist": 3.749389, "pos_dist": 5.011140, "time_diff": 22.540000, "triplet": 1.561751}
[08/11 09:53:36][INFO] utils.logging:   91: {"_type": "train_iter", "epoch": "7/30", "eta": "0:17:02", "iter": "4601/8376", "loss": 1.735586, "lr": 0.000947, "neg_dist": 3.013178, "pos_dist": 4.157460, "time_diff": 23.560000, "triplet": 1.468164}
[08/11 09:53:37][INFO] utils.logging:   91: {"_type": "train_iter", "epoch": "7/30", "eta": "0:17:01", "iter": "4801/8376", "loss": 1.340087, "lr": 0.000947, "neg_dist": 3.048695, "pos_dist": 3.799460, "time_diff": 24.590000, "triplet": 1.059119}
[08/11 09:53:38][INFO] utils.logging:   91: {"_type": "train_iter", "epoch": "7/30", "eta": "0:17:00", "iter": "5001/8376", "loss": 1.310658, "lr": 0.000947, "neg_dist": 3.818302, "pos_dist": 4.563848, "time_diff": 25.610000, "triplet": 1.045547}
[08/11 09:53:39][INFO] utils.logging:   91: {"_type": "train_iter", "epoch": "7/30", "eta": "0:16:59", "iter": "5201/8376", "loss": 1.263766, "lr": 0.000947, "neg_dist": 3.426166, "pos_dist": 4.034950, "time_diff": 26.630000, "triplet": 0.928060}
[08/11 09:53:40][INFO] utils.logging:   91: {"_type": "train_iter", "epoch": "7/30", "eta": "0:16:58", "iter": "5401/8376", "loss": 1.453833, "lr": 0.000947, "neg_dist": 3.050444, "pos_dist": 3.944728, "time_diff": 27.660000, "triplet": 1.233872}
[08/11 09:53:41][INFO] utils.logging:   91: {"_type": "train_iter", "epoch": "7/30", "eta": "0:16:57", "iter": "5601/8376", "loss": 1.444387, "lr": 0.000947, "neg_dist": 3.645840, "pos_dist": 4.423160, "time_diff": 28.690000, "triplet": 1.101028}
[08/11 09:53:42][INFO] utils.logging:   91: {"_type": "train_iter", "epoch": "7/30", "eta": "0:16:56", "iter": "5801/8376", "loss": 1.486110, "lr": 0.000947, "neg_dist": 3.280838, "pos_dist": 4.063905, "time_diff": 29.700000, "triplet": 1.102074}
[08/11 09:53:43][INFO] utils.logging:   91: {"_type": "train_iter", "epoch": "7/30", "eta": "0:16:55", "iter": "6001/8376", "loss": 0.899104, "lr": 0.000947, "neg_dist": 3.725008, "pos_dist": 3.950201, "time_diff": 30.720000, "triplet": 0.579982}
[08/11 09:53:44][INFO] utils.logging:   91: {"_type": "train_iter", "epoch": "7/30", "eta": "0:16:53", "iter": "6201/8376", "loss": 1.087415, "lr": 0.000947, "neg_dist": 4.597269, "pos_dist": 4.913800, "time_diff": 31.740000, "triplet": 0.738686}
[08/11 09:53:45][INFO] utils.logging:   91: {"_type": "train_iter", "epoch": "7/30", "eta": "0:16:52", "iter": "6401/8376", "loss": 0.857021, "lr": 0.000947, "neg_dist": 3.420036, "pos_dist": 3.515510, "time_diff": 32.800000, "triplet": 0.528834}
[08/11 09:53:46][INFO] utils.logging:   91: {"_type": "train_iter", "epoch": "7/30", "eta": "0:16:51", "iter": "6601/8376", "loss": 0.784069, "lr": 0.000947, "neg_dist": 4.183212, "pos_dist": 4.269460, "time_diff": 33.830000, "triplet": 0.569501}
[08/11 09:53:47][INFO] utils.logging:   91: {"_type": "train_iter", "epoch": "7/30", "eta": "0:16:50", "iter": "6801/8376", "loss": 1.229631, "lr": 0.000947, "neg_dist": 3.309621, "pos_dist": 3.998405, "time_diff": 34.880000, "triplet": 0.988784}
[08/11 09:53:48][INFO] utils.logging:   91: {"_type": "train_iter", "epoch": "7/30", "eta": "0:16:49", "iter": "7001/8376", "loss": 1.701199, "lr": 0.000947, "neg_dist": 3.117041, "pos_dist": 4.265078, "time_diff": 35.890000, "triplet": 1.448037}
[08/11 09:53:49][INFO] utils.logging:   91: {"_type": "train_iter", "epoch": "7/30", "eta": "0:16:48", "iter": "7201/8376", "loss": 1.260430, "lr": 0.000947, "neg_dist": 3.471537, "pos_dist": 4.239738, "time_diff": 36.910000, "triplet": 1.068201}
[08/11 09:53:50][INFO] utils.logging:   91: {"_type": "train_iter", "epoch": "7/30", "eta": "0:16:47", "iter": "7401/8376", "loss": 1.673201, "lr": 0.000947, "neg_dist": 3.526397, "pos_dist": 4.662642, "time_diff": 37.900000, "triplet": 1.436245}
[08/11 09:53:51][INFO] utils.logging:   91: {"_type": "train_iter", "epoch": "7/30", "eta": "0:16:46", "iter": "7601/8376", "loss": 0.567270, "lr": 0.000947, "neg_dist": 3.222572, "pos_dist": 3.106721, "time_diff": 38.900000, "triplet": 0.309206}
[08/11 09:53:52][INFO] utils.logging:   91: {"_type": "train_iter", "epoch": "7/30", "eta": "0:16:45", "iter": "7801/8376", "loss": 0.916746, "lr": 0.000947, "neg_dist": 3.097914, "pos_dist": 3.062170, "time_diff": 39.940000, "triplet": 0.569853}
[08/11 09:53:53][INFO] utils.logging:   91: {"_type": "train_iter", "epoch": "7/30", "eta": "0:16:44", "iter": "8001/8376", "loss": 1.537003, "lr": 0.000947, "neg_dist": 3.533878, "pos_dist": 4.568629, "time_diff": 40.990000, "triplet": 1.334751}
[08/11 09:53:54][INFO] utils.logging:   91: {"_type": "train_iter", "epoch": "7/30", "eta": "0:16:43", "iter": "8201/8376", "loss": 1.256769, "lr": 0.000947, "neg_dist": 3.444913, "pos_dist": 4.143350, "time_diff": 42.050000, "triplet": 0.998436}
[08/11 09:53:55][INFO] utils.logging:   91: {"RAM": "14.48/125.63 GB", "_type": "train_epoch", "epoch": "7/30", "eta": "0:16:42", "gpu_mem": "0.39 GB", "loss": 1.229406, "lr": 0.000947, "neg_dist": 3.584596, "pos_dist": 4.147732, "time_diff": 42.970000, "triplet": 0.937359}
[08/11 09:53:56][INFO] utils.logging:   91: {"_type": "val_epoch", "epoch": "7/30", "loss": 1.258890}
[08/11 09:53:56][INFO] utils.logging:   91: {"_type": "train_iter", "epoch": "8/30", "eta": "0:16:44", "iter": "1/8376", "loss": 0.932459, "lr": 0.000918, "neg_dist": 3.793575, "pos_dist": 4.086617, "time_diff": 0.070000, "triplet": 0.593041}
[08/11 09:53:57][INFO] utils.logging:   91: {"_type": "train_iter", "epoch": "8/30", "eta": "0:16:43", "iter": "201/8376", "loss": 1.466186, "lr": 0.000918, "neg_dist": 3.555157, "pos_dist": 4.412304, "time_diff": 1.120000, "triplet": 1.197558}
[08/11 09:53:58][INFO] utils.logging:   91: {"_type": "train_iter", "epoch": "8/30", "eta": "0:16:42", "iter": "401/8376", "loss": 1.090669, "lr": 0.000918, "neg_dist": 3.896985, "pos_dist": 4.391069, "time_diff": 2.200000, "triplet": 0.816975}
[08/11 09:53:59][INFO] utils.logging:   91: {"_type": "train_iter", "epoch": "8/30", "eta": "0:16:41", "iter": "601/8376", "loss": 1.104178, "lr": 0.000918, "neg_dist": 4.255661, "pos_dist": 4.799824, "time_diff": 3.220000, "triplet": 0.844162}
[08/11 09:54:00][INFO] utils.logging:   91: {"_type": "train_iter", "epoch": "8/30", "eta": "0:16:40", "iter": "801/8376", "loss": 1.059674, "lr": 0.000918, "neg_dist": 3.578386, "pos_dist": 3.976560, "time_diff": 4.260000, "triplet": 0.781106}
[08/11 09:54:01][INFO] utils.logging:   91: {"_type": "train_iter", "epoch": "8/30", "eta": "0:16:39", "iter": "1001/8376", "loss": 2.023401, "lr": 0.000918, "neg_dist": 3.103553, "pos_dist": 4.471620, "time_diff": 5.270000, "triplet": 1.668067}
[08/11 09:54:02][INFO] utils.logging:   91: {"_type": "train_iter", "epoch": "8/30", "eta": "0:16:38", "iter": "1201/8376", "loss": 1.009732, "lr": 0.000918, "neg_dist": 3.574615, "pos_dist": 3.923402, "time_diff": 6.290000, "triplet": 0.662912}
[08/11 09:54:03][INFO] utils.logging:   91: {"_type": "train_iter", "epoch": "8/30", "eta": "0:16:37", "iter": "1401/8376", "loss": 1.253367, "lr": 0.000918, "neg_dist": 2.907158, "pos_dist": 3.552815, "time_diff": 7.320000, "triplet": 0.945656}
[08/11 09:54:04][INFO] utils.logging:   91: {"_type": "train_iter", "epoch": "8/30", "eta": "0:16:36", "iter": "1601/8376", "loss": 1.110932, "lr": 0.000918, "neg_dist": 3.463796, "pos_dist": 3.966593, "time_diff": 8.360000, "triplet": 0.802797}
[08/11 09:54:05][INFO] utils.logging:   91: {"_type": "train_iter", "epoch": "8/30", "eta": "0:16:35", "iter": "1801/8376", "loss": 1.097402, "lr": 0.000918, "neg_dist": 3.303267, "pos_dist": 3.703911, "time_diff": 9.400000, "triplet": 0.825122}
[08/11 09:54:06][INFO] utils.logging:   91: {"_type": "train_iter", "epoch": "8/30", "eta": "0:16:33", "iter": "2001/8376", "loss": 1.153746, "lr": 0.000918, "neg_dist": 3.933706, "pos_dist": 4.476472, "time_diff": 10.410000, "triplet": 0.842766}
[08/11 09:54:07][INFO] utils.logging:   91: {"_type": "train_iter", "epoch": "8/30", "eta": "0:16:32", "iter": "2201/8376", "loss": 1.071341, "lr": 0.000918, "neg_dist": 3.256282, "pos_dist": 3.690809, "time_diff": 11.440000, "triplet": 0.783622}
[08/11 09:54:08][INFO] utils.logging:   91: {"_type": "train_iter", "epoch": "8/30", "eta": "0:16:31", "iter": "2401/8376", "loss": 1.366585, "lr": 0.000918, "neg_dist": 3.620050, "pos_dist": 4.375219, "time_diff": 12.440000, "triplet": 1.060349}
[08/11 09:54:09][INFO] utils.logging:   91: {"_type": "train_iter", "epoch": "8/30", "eta": "0:16:30", "iter": "2601/8376", "loss": 1.402077, "lr": 0.000918, "neg_dist": 3.545932, "pos_dist": 4.122978, "time_diff": 13.470000, "triplet": 1.105802}
[08/11 09:54:10][INFO] utils.logging:   91: {"_type": "train_iter", "epoch": "8/30", "eta": "0:16:29", "iter": "2801/8376", "loss": 1.180761, "lr": 0.000918, "neg_dist": 3.268090, "pos_dist": 3.808081, "time_diff": 14.480000, "triplet": 0.913833}
[08/11 09:54:11][INFO] utils.logging:   91: {"_type": "train_iter", "epoch": "8/30", "eta": "0:16:28", "iter": "3001/8376", "loss": 1.327930, "lr": 0.000918, "neg_dist": 3.920013, "pos_dist": 4.601481, "time_diff": 15.530000, "triplet": 1.017588}
[08/11 09:54:12][INFO] utils.logging:   91: {"_type": "train_iter", "epoch": "8/30", "eta": "0:16:27", "iter": "3201/8376", "loss": 0.950863, "lr": 0.000918, "neg_dist": 3.940188, "pos_dist": 4.204165, "time_diff": 16.560000, "triplet": 0.631342}
[08/11 09:54:13][INFO] utils.logging:   91: {"_type": "train_iter", "epoch": "8/30", "eta": "0:16:26", "iter": "3401/8376", "loss": 1.385160, "lr": 0.000918, "neg_dist": 3.215485, "pos_dist": 4.008125, "time_diff": 17.570000, "triplet": 1.092641}
[08/11 09:54:14][INFO] utils.logging:   91: {"_type": "train_iter", "epoch": "8/30", "eta": "0:16:25", "iter": "3601/8376", "loss": 1.555188, "lr": 0.000918, "neg_dist": 4.138522, "pos_dist": 5.139740, "time_diff": 18.590000, "triplet": 1.301218}
[08/11 09:54:15][INFO] utils.logging:   91: {"_type": "train_iter", "epoch": "8/30", "eta": "0:16:24", "iter": "3801/8376", "loss": 1.597695, "lr": 0.000918, "neg_dist": 3.768003, "pos_dist": 4.755782, "time_diff": 19.640000, "triplet": 1.315409}
[08/11 09:54:16][INFO] utils.logging:   91: {"_type": "train_iter", "epoch": "8/30", "eta": "0:16:22", "iter": "4001/8376", "loss": 1.413943, "lr": 0.000918, "neg_dist": 4.000838, "pos_dist": 4.849821, "time_diff": 20.660000, "triplet": 1.148983}
[08/11 09:54:17][INFO] utils.logging:   91: {"_type": "train_iter", "epoch": "8/30", "eta": "0:16:21", "iter": "4201/8376", "loss": 1.178446, "lr": 0.000918, "neg_dist": 3.713434, "pos_dist": 4.274190, "time_diff": 21.660000, "triplet": 0.907062}
[08/11 09:54:18][INFO] utils.logging:   91: {"_type": "train_iter", "epoch": "8/30", "eta": "0:16:20", "iter": "4401/8376", "loss": 1.237777, "lr": 0.000918, "neg_dist": 3.944981, "pos_dist": 4.537426, "time_diff": 22.700000, "triplet": 0.896058}
[08/11 09:54:19][INFO] utils.logging:   91: {"_type": "train_iter", "epoch": "8/30", "eta": "0:16:19", "iter": "4601/8376", "loss": 1.537988, "lr": 0.000918, "neg_dist": 3.337069, "pos_dist": 4.331800, "time_diff": 23.710000, "triplet": 1.294731}
[08/11 09:54:20][INFO] utils.logging:   91: {"_type": "train_iter", "epoch": "8/30", "eta": "0:16:18", "iter": "4801/8376", "loss": 1.294398, "lr": 0.000918, "neg_dist": 2.918332, "pos_dist": 3.653964, "time_diff": 24.730000, "triplet": 1.035632}
[08/11 09:54:21][INFO] utils.logging:   91: {"_type": "train_iter", "epoch": "8/30", "eta": "0:16:17", "iter": "5001/8376", "loss": 1.403548, "lr": 0.000918, "neg_dist": 3.690393, "pos_dist": 4.326379, "time_diff": 25.760000, "triplet": 1.023624}
[08/11 09:54:22][INFO] utils.logging:   91: {"_type": "train_iter", "epoch": "8/30", "eta": "0:16:16", "iter": "5201/8376", "loss": 1.802296, "lr": 0.000918, "neg_dist": 3.329641, "pos_dist": 4.517901, "time_diff": 26.800000, "triplet": 1.488260}
[08/11 09:54:23][INFO] utils.logging:   91: {"_type": "train_iter", "epoch": "8/30", "eta": "0:16:15", "iter": "5401/8376", "loss": 1.586906, "lr": 0.000918, "neg_dist": 4.037447, "pos_dist": 4.800397, "time_diff": 27.820000, "triplet": 1.298635}
[08/11 09:54:24][INFO] utils.logging:   91: {"_type": "train_iter", "epoch": "8/30", "eta": "0:16:14", "iter": "5601/8376", "loss": 1.199928, "lr": 0.000918, "neg_dist": 3.370528, "pos_dist": 3.944129, "time_diff": 28.880000, "triplet": 0.873601}
[08/11 09:54:26][INFO] utils.logging:   91: {"_type": "train_iter", "epoch": "8/30", "eta": "0:16:13", "iter": "5801/8376", "loss": 1.143919, "lr": 0.000918, "neg_dist": 3.696922, "pos_dist": 4.231253, "time_diff": 29.890000, "triplet": 0.841885}
[08/11 09:54:27][INFO] utils.logging:   91: {"_type": "train_iter", "epoch": "8/30", "eta": "0:16:12", "iter": "6001/8376", "loss": 1.501390, "lr": 0.000918, "neg_dist": 3.729908, "pos_dist": 4.548454, "time_diff": 30.920000, "triplet": 1.129854}
[08/11 09:54:28][INFO] utils.logging:   91: {"_type": "train_iter", "epoch": "8/30", "eta": "0:16:10", "iter": "6201/8376", "loss": 1.624185, "lr": 0.000918, "neg_dist": 3.389582, "pos_dist": 4.417274, "time_diff": 31.950000, "triplet": 1.327692}
[08/11 09:54:29][INFO] utils.logging:   91: {"_type": "train_iter", "epoch": "8/30", "eta": "0:16:09", "iter": "6401/8376", "loss": 1.413233, "lr": 0.000918, "neg_dist": 3.459309, "pos_dist": 4.358898, "time_diff": 32.990000, "triplet": 1.199589}
[08/11 09:54:30][INFO] utils.logging:   91: {"_type": "train_iter", "epoch": "8/30", "eta": "0:16:08", "iter": "6601/8376", "loss": 1.503976, "lr": 0.000918, "neg_dist": 3.473328, "pos_dist": 4.367788, "time_diff": 34.020000, "triplet": 1.252508}
[08/11 09:54:31][INFO] utils.logging:   91: {"_type": "train_iter", "epoch": "8/30", "eta": "0:16:07", "iter": "6801/8376", "loss": 1.169099, "lr": 0.000918, "neg_dist": 2.941098, "pos_dist": 3.455590, "time_diff": 35.060000, "triplet": 0.870884}
[08/11 09:54:32][INFO] utils.logging:   91: {"_type": "train_iter", "epoch": "8/30", "eta": "0:16:06", "iter": "7001/8376", "loss": 0.909146, "lr": 0.000918, "neg_dist": 3.696857, "pos_dist": 3.837807, "time_diff": 36.070000, "triplet": 0.584911}
[08/11 09:54:33][INFO] utils.logging:   91: {"_type": "train_iter", "epoch": "8/30", "eta": "0:16:05", "iter": "7201/8376", "loss": 1.283250, "lr": 0.000918, "neg_dist": 4.050671, "pos_dist": 4.729193, "time_diff": 37.090000, "triplet": 0.978522}
[08/11 09:54:34][INFO] utils.logging:   91: {"_type": "train_iter", "epoch": "8/30", "eta": "0:16:04", "iter": "7401/8376", "loss": 1.036857, "lr": 0.000918, "neg_dist": 3.916994, "pos_dist": 4.295723, "time_diff": 38.140000, "triplet": 0.772099}
[08/11 09:54:35][INFO] utils.logging:   91: {"_type": "train_iter", "epoch": "8/30", "eta": "0:16:03", "iter": "7601/8376", "loss": 1.876081, "lr": 0.000918, "neg_dist": 4.180675, "pos_dist": 5.540246, "time_diff": 39.150000, "triplet": 1.659571}
[08/11 09:54:36][INFO] utils.logging:   91: {"_type": "train_iter", "epoch": "8/30", "eta": "0:16:02", "iter": "7801/8376", "loss": 1.239085, "lr": 0.000918, "neg_dist": 3.568981, "pos_dist": 4.216905, "time_diff": 40.200000, "triplet": 0.952761}
[08/11 09:54:37][INFO] utils.logging:   91: {"_type": "train_iter", "epoch": "8/30", "eta": "0:16:01", "iter": "8001/8376", "loss": 1.297980, "lr": 0.000918, "neg_dist": 3.098728, "pos_dist": 3.813769, "time_diff": 41.200000, "triplet": 1.015041}
[08/11 09:54:38][INFO] utils.logging:   91: {"_type": "train_iter", "epoch": "8/30", "eta": "0:16:00", "iter": "8201/8376", "loss": 1.670041, "lr": 0.000918, "neg_dist": 4.295511, "pos_dist": 5.303823, "time_diff": 42.280000, "triplet": 1.439384}
[08/11 09:54:39][INFO] utils.logging:   91: {"RAM": "14.48/125.63 GB", "_type": "train_epoch", "epoch": "8/30", "eta": "0:15:59", "gpu_mem": "0.39 GB", "loss": 1.218311, "lr": 0.000918, "neg_dist": 3.576404, "pos_dist": 4.127777, "time_diff": 43.210000, "triplet": 0.926328}
[08/11 09:54:39][INFO] utils.logging:   91: {"_type": "val_epoch", "epoch": "8/30", "loss": 1.214455}
[08/11 09:54:39][INFO] utils.logging:   91: {"_type": "train_iter", "epoch": "9/30", "eta": "0:16:01", "iter": "1/8376", "loss": 1.425167, "lr": 0.000883, "neg_dist": 3.326278, "pos_dist": 4.151970, "time_diff": 0.070000, "triplet": 1.125692}
[08/11 09:54:41][INFO] utils.logging:   91: {"_type": "train_iter", "epoch": "9/30", "eta": "0:16:00", "iter": "201/8376", "loss": 1.597718, "lr": 0.000883, "neg_dist": 3.166308, "pos_dist": 4.042523, "time_diff": 1.110000, "triplet": 1.176216}
[08/11 09:54:42][INFO] utils.logging:   91: {"_type": "train_iter", "epoch": "9/30", "eta": "0:15:59", "iter": "401/8376", "loss": 1.067130, "lr": 0.000883, "neg_dist": 3.747167, "pos_dist": 4.062826, "time_diff": 2.130000, "triplet": 0.697284}
[08/11 09:54:43][INFO] utils.logging:   91: {"_type": "train_iter", "epoch": "9/30", "eta": "0:15:58", "iter": "601/8376", "loss": 1.561890, "lr": 0.000883, "neg_dist": 3.483195, "pos_dist": 4.496417, "time_diff": 3.170000, "triplet": 1.313222}
[08/11 09:54:44][INFO] utils.logging:   91: {"_type": "train_iter", "epoch": "9/30", "eta": "0:15:56", "iter": "801/8376", "loss": 1.837893, "lr": 0.000883, "neg_dist": 3.461551, "pos_dist": 4.626442, "time_diff": 4.200000, "triplet": 1.464891}
[08/11 09:54:45][INFO] utils.logging:   91: {"_type": "train_iter", "epoch": "9/30", "eta": "0:15:55", "iter": "1001/8376", "loss": 0.698523, "lr": 0.000883, "neg_dist": 3.149890, "pos_dist": 3.220806, "time_diff": 5.240000, "triplet": 0.377556}
[08/11 09:54:46][INFO] utils.logging:   91: {"_type": "train_iter", "epoch": "9/30", "eta": "0:15:54", "iter": "1201/8376", "loss": 2.009315, "lr": 0.000883, "neg_dist": 3.236738, "pos_dist": 4.525747, "time_diff": 6.250000, "triplet": 1.700652}
[08/11 09:54:47][INFO] utils.logging:   91: {"_type": "train_iter", "epoch": "9/30", "eta": "0:15:53", "iter": "1401/8376", "loss": 1.431622, "lr": 0.000883, "neg_dist": 3.488933, "pos_dist": 4.275670, "time_diff": 7.310000, "triplet": 1.130836}
[08/11 09:54:48][INFO] utils.logging:   91: {"_type": "train_iter", "epoch": "9/30", "eta": "0:15:52", "iter": "1601/8376", "loss": 1.093100, "lr": 0.000883, "neg_dist": 3.037096, "pos_dist": 3.478202, "time_diff": 8.330000, "triplet": 0.741106}
[08/11 09:54:49][INFO] utils.logging:   91: {"_type": "train_iter", "epoch": "9/30", "eta": "0:15:51", "iter": "1801/8376", "loss": 1.863638, "lr": 0.000883, "neg_dist": 3.297376, "pos_dist": 4.538177, "time_diff": 9.370000, "triplet": 1.540800}
[08/11 09:54:50][INFO] utils.logging:   91: {"_type": "train_iter", "epoch": "9/30", "eta": "0:15:50", "iter": "2001/8376", "loss": 1.423211, "lr": 0.000883, "neg_dist": 4.295835, "pos_dist": 4.998877, "time_diff": 10.380000, "triplet": 1.113054}
[08/11 09:54:51][INFO] utils.logging:   91: {"_type": "train_iter", "epoch": "9/30", "eta": "0:15:49", "iter": "2201/8376", "loss": 0.839508, "lr": 0.000883, "neg_dist": 3.100489, "pos_dist": 3.364361, "time_diff": 11.400000, "triplet": 0.632569}
[08/11 09:54:52][INFO] utils.logging:   91: {"_type": "train_iter", "epoch": "9/30", "eta": "0:15:48", "iter": "2401/8376", "loss": 1.011644, "lr": 0.000883, "neg_dist": 3.299577, "pos_dist": 3.731715, "time_diff": 12.430000, "triplet": 0.739301}
[08/11 09:54:53][INFO] utils.logging:   91: {"_type": "train_iter", "epoch": "9/30", "eta": "0:15:47", "iter": "2601/8376", "loss": 1.371649, "lr": 0.000883, "neg_dist": 3.642938, "pos_dist": 4.490525, "time_diff": 13.450000, "triplet": 1.154681}
[08/11 09:54:54][INFO] utils.logging:   91: {"_type": "train_iter", "epoch": "9/30", "eta": "0:15:46", "iter": "2801/8376", "loss": 1.064701, "lr": 0.000883, "neg_dist": 3.343164, "pos_dist": 3.656027, "time_diff": 14.450000, "triplet": 0.755221}
[08/11 09:54:55][INFO] utils.logging:   91: {"_type": "train_iter", "epoch": "9/30", "eta": "0:15:44", "iter": "3001/8376", "loss": 1.062317, "lr": 0.000883, "neg_dist": 3.775864, "pos_dist": 4.241998, "time_diff": 15.470000, "triplet": 0.766822}
[08/11 09:54:56][INFO] utils.logging:   91: {"_type": "train_iter", "epoch": "9/30", "eta": "0:15:43", "iter": "3201/8376", "loss": 1.035991, "lr": 0.000883, "neg_dist": 3.320097, "pos_dist": 3.790569, "time_diff": 16.490000, "triplet": 0.808895}
[08/11 09:54:57][INFO] utils.logging:   91: {"_type": "train_iter", "epoch": "9/30", "eta": "0:15:42", "iter": "3401/8376", "loss": 1.188770, "lr": 0.000883, "neg_dist": 3.112599, "pos_dist": 3.759939, "time_diff": 17.520000, "triplet": 0.956343}
[08/11 09:54:58][INFO] utils.logging:   91: {"_type": "train_iter", "epoch": "9/30", "eta": "0:15:41", "iter": "3601/8376", "loss": 0.915543, "lr": 0.000883, "neg_dist": 3.525713, "pos_dist": 3.420988, "time_diff": 18.560000, "triplet": 0.528652}
[08/11 09:54:59][INFO] utils.logging:   91: {"_type": "train_iter", "epoch": "9/30", "eta": "0:15:40", "iter": "3801/8376", "loss": 0.898281, "lr": 0.000883, "neg_dist": 4.208953, "pos_dist": 4.449323, "time_diff": 19.540000, "triplet": 0.587121}
[08/11 09:55:00][INFO] utils.logging:   91: {"_type": "train_iter", "epoch": "9/30", "eta": "0:15:39", "iter": "4001/8376", "loss": 1.415134, "lr": 0.000883, "neg_dist": 3.253784, "pos_dist": 4.107378, "time_diff": 20.550000, "triplet": 1.153593}
[08/11 09:55:01][INFO] utils.logging:   91: {"_type": "train_iter", "epoch": "9/30", "eta": "0:15:38", "iter": "4201/8376", "loss": 1.400526, "lr": 0.000883, "neg_dist": 2.936383, "pos_dist": 3.714002, "time_diff": 21.560000, "triplet": 1.077619}
[08/11 09:55:02][INFO] utils.logging:   91: {"_type": "train_iter", "epoch": "9/30", "eta": "0:15:37", "iter": "4401/8376", "loss": 1.002453, "lr": 0.000883, "neg_dist": 2.446054, "pos_dist": 2.849451, "time_diff": 22.600000, "triplet": 0.764647}
[08/11 09:55:03][INFO] utils.logging:   91: {"_type": "train_iter", "epoch": "9/30", "eta": "0:15:36", "iter": "4601/8376", "loss": 1.052703, "lr": 0.000883, "neg_dist": 3.622456, "pos_dist": 4.092749, "time_diff": 23.620000, "triplet": 0.792344}
[08/11 09:55:04][INFO] utils.logging:   91: {"_type": "train_iter", "epoch": "9/30", "eta": "0:15:35", "iter": "4801/8376", "loss": 1.237516, "lr": 0.000883, "neg_dist": 2.516862, "pos_dist": 3.094425, "time_diff": 24.640000, "triplet": 0.877563}
[08/11 09:55:05][INFO] utils.logging:   91: {"_type": "train_iter", "epoch": "9/30", "eta": "0:15:33", "iter": "5001/8376", "loss": 1.054946, "lr": 0.000883, "neg_dist": 3.366683, "pos_dist": 3.768738, "time_diff": 25.640000, "triplet": 0.748782}
[08/11 09:55:06][INFO] utils.logging:   91: {"_type": "train_iter", "epoch": "9/30", "eta": "0:15:32", "iter": "5201/8376", "loss": 1.096775, "lr": 0.000883, "neg_dist": 3.989039, "pos_dist": 4.492408, "time_diff": 26.650000, "triplet": 0.803368}
[08/11 09:55:07][INFO] utils.logging:   91: {"_type": "train_iter", "epoch": "9/30", "eta": "0:15:31", "iter": "5401/8376", "loss": 0.793518, "lr": 0.000883, "neg_dist": 3.993829, "pos_dist": 4.063423, "time_diff": 27.660000, "triplet": 0.535055}
[08/11 09:55:08][INFO] utils.logging:   91: {"_type": "train_iter", "epoch": "9/30", "eta": "0:15:30", "iter": "5601/8376", "loss": 1.022531, "lr": 0.000883, "neg_dist": 3.159494, "pos_dist": 3.621073, "time_diff": 28.700000, "triplet": 0.761579}
[08/11 09:55:09][INFO] utils.logging:   91: {"_type": "train_iter", "epoch": "9/30", "eta": "0:15:29", "iter": "5801/8376", "loss": 1.344288, "lr": 0.000883, "neg_dist": 3.341159, "pos_dist": 4.061618, "time_diff": 29.770000, "triplet": 1.040136}
[08/11 09:55:10][INFO] utils.logging:   91: {"_type": "train_iter", "epoch": "9/30", "eta": "0:15:28", "iter": "6001/8376", "loss": 1.258304, "lr": 0.000883, "neg_dist": 3.760531, "pos_dist": 4.382490, "time_diff": 30.770000, "triplet": 0.933890}
[08/11 09:55:11][INFO] utils.logging:   91: {"_type": "train_iter", "epoch": "9/30", "eta": "0:15:27", "iter": "6201/8376", "loss": 1.030596, "lr": 0.000883, "neg_dist": 3.433633, "pos_dist": 3.800194, "time_diff": 31.780000, "triplet": 0.666561}
[08/11 09:55:12][INFO] utils.logging:   91: {"_type": "train_iter", "epoch": "9/30", "eta": "0:15:26", "iter": "6401/8376", "loss": 1.052964, "lr": 0.000883, "neg_dist": 3.321794, "pos_dist": 3.673190, "time_diff": 32.800000, "triplet": 0.692820}
[08/11 09:55:13][INFO] utils.logging:   91: {"_type": "train_iter", "epoch": "9/30", "eta": "0:15:25", "iter": "6601/8376", "loss": 1.070379, "lr": 0.000883, "neg_dist": 3.444037, "pos_dist": 3.892210, "time_diff": 33.800000, "triplet": 0.809269}
[08/11 09:55:14][INFO] utils.logging:   91: {"_type": "train_iter", "epoch": "9/30", "eta": "0:15:24", "iter": "6801/8376", "loss": 0.977597, "lr": 0.000883, "neg_dist": 3.305376, "pos_dist": 3.666374, "time_diff": 34.840000, "triplet": 0.660998}
[08/11 09:55:15][INFO] utils.logging:   91: {"_type": "train_iter", "epoch": "9/30", "eta": "0:15:23", "iter": "7001/8376", "loss": 0.896159, "lr": 0.000883, "neg_dist": 3.318350, "pos_dist": 3.624768, "time_diff": 35.870000, "triplet": 0.612293}
[08/11 09:55:16][INFO] utils.logging:   91: {"_type": "train_iter", "epoch": "9/30", "eta": "0:15:21", "iter": "7201/8376", "loss": 0.839499, "lr": 0.000883, "neg_dist": 3.325120, "pos_dist": 3.601124, "time_diff": 36.870000, "triplet": 0.622057}
[08/11 09:55:17][INFO] utils.logging:   91: {"_type": "train_iter", "epoch": "9/30", "eta": "0:15:20", "iter": "7401/8376", "loss": 1.151548, "lr": 0.000883, "neg_dist": 3.442031, "pos_dist": 4.060889, "time_diff": 37.900000, "triplet": 0.918858}
[08/11 09:55:18][INFO] utils.logging:   91: {"_type": "train_iter", "epoch": "9/30", "eta": "0:15:19", "iter": "7601/8376", "loss": 1.388986, "lr": 0.000883, "neg_dist": 3.185170, "pos_dist": 4.065384, "time_diff": 38.910000, "triplet": 1.180214}
[08/11 09:55:19][INFO] utils.logging:   91: {"_type": "train_iter", "epoch": "9/30", "eta": "0:15:18", "iter": "7801/8376", "loss": 1.462784, "lr": 0.000883, "neg_dist": 4.484864, "pos_dist": 5.294201, "time_diff": 39.960000, "triplet": 1.148813}
[08/11 09:55:20][INFO] utils.logging:   91: {"_type": "train_iter", "epoch": "9/30", "eta": "0:15:17", "iter": "8001/8376", "loss": 1.292021, "lr": 0.000883, "neg_dist": 3.771255, "pos_dist": 4.107527, "time_diff": 40.960000, "triplet": 0.946743}
[08/11 09:55:21][INFO] utils.logging:   91: {"_type": "train_iter", "epoch": "9/30", "eta": "0:15:16", "iter": "8201/8376", "loss": 1.214685, "lr": 0.000883, "neg_dist": 3.364438, "pos_dist": 4.077740, "time_diff": 41.980000, "triplet": 1.013801}
[08/11 09:55:22][INFO] utils.logging:   91: {"RAM": "14.49/125.63 GB", "_type": "train_epoch", "epoch": "9/30", "eta": "0:15:15", "gpu_mem": "0.39 GB", "loss": 1.222529, "lr": 0.000883, "neg_dist": 3.560042, "pos_dist": 4.116850, "time_diff": 42.920000, "triplet": 0.931498}
[08/11 09:55:23][INFO] utils.logging:   91: {"_type": "val_epoch", "epoch": "9/30", "loss": 1.227302}
[08/11 09:55:23][INFO] utils.logging:   91: {"_type": "train_iter", "epoch": "10/30", "eta": "0:15:17", "iter": "1/8376", "loss": 0.743458, "lr": 0.000843, "neg_dist": 3.428588, "pos_dist": 3.589782, "time_diff": 0.070000, "triplet": 0.495507}
[08/11 09:55:24][INFO] utils.logging:   91: {"_type": "train_iter", "epoch": "10/30", "eta": "0:15:16", "iter": "201/8376", "loss": 1.998072, "lr": 0.000843, "neg_dist": 3.835286, "pos_dist": 5.231027, "time_diff": 1.140000, "triplet": 1.695741}
[08/11 09:55:25][INFO] utils.logging:   91: {"_type": "train_iter", "epoch": "10/30", "eta": "0:15:15", "iter": "401/8376", "loss": 1.034197, "lr": 0.000843, "neg_dist": 3.124393, "pos_dist": 3.399708, "time_diff": 2.150000, "triplet": 0.764094}
[08/11 09:55:26][INFO] utils.logging:   91: {"_type": "train_iter", "epoch": "10/30", "eta": "0:15:13", "iter": "601/8376", "loss": 1.287105, "lr": 0.000843, "neg_dist": 3.357228, "pos_dist": 3.942160, "time_diff": 3.170000, "triplet": 0.970568}
[08/11 09:55:27][INFO] utils.logging:   91: {"_type": "train_iter", "epoch": "10/30", "eta": "0:15:12", "iter": "801/8376", "loss": 1.138630, "lr": 0.000843, "neg_dist": 3.981961, "pos_dist": 4.152802, "time_diff": 4.170000, "triplet": 0.749305}
[08/11 09:55:28][INFO] utils.logging:   91: {"_type": "train_iter", "epoch": "10/30", "eta": "0:15:11", "iter": "1001/8376", "loss": 0.975258, "lr": 0.000843, "neg_dist": 3.811815, "pos_dist": 3.510970, "time_diff": 5.220000, "triplet": 0.638461}
[08/11 09:55:29][INFO] utils.logging:   91: {"_type": "train_iter", "epoch": "10/30", "eta": "0:15:10", "iter": "1201/8376", "loss": 1.172250, "lr": 0.000843, "neg_dist": 4.108417, "pos_dist": 4.700788, "time_diff": 6.240000, "triplet": 0.892371}
[08/11 09:55:30][INFO] utils.logging:   91: {"_type": "train_iter", "epoch": "10/30", "eta": "0:15:09", "iter": "1401/8376", "loss": 1.421369, "lr": 0.000843, "neg_dist": 4.147587, "pos_dist": 4.972201, "time_diff": 7.280000, "triplet": 1.124614}
[08/11 09:55:31][INFO] utils.logging:   91: {"_type": "train_iter", "epoch": "10/30", "eta": "0:15:08", "iter": "1601/8376", "loss": 1.424031, "lr": 0.000843, "neg_dist": 2.769484, "pos_dist": 3.590829, "time_diff": 8.310000, "triplet": 1.121345}
[08/11 09:55:32][INFO] utils.logging:   91: {"_type": "train_iter", "epoch": "10/30", "eta": "0:15:07", "iter": "1801/8376", "loss": 0.789114, "lr": 0.000843, "neg_dist": 3.933365, "pos_dist": 4.012845, "time_diff": 9.340000, "triplet": 0.410505}
[08/11 09:55:33][INFO] utils.logging:   91: {"_type": "train_iter", "epoch": "10/30", "eta": "0:15:06", "iter": "2001/8376", "loss": 1.051114, "lr": 0.000843, "neg_dist": 3.699018, "pos_dist": 3.763752, "time_diff": 10.370000, "triplet": 0.788282}
[08/11 09:55:34][INFO] utils.logging:   91: {"_type": "train_iter", "epoch": "10/30", "eta": "0:15:05", "iter": "2201/8376", "loss": 1.014381, "lr": 0.000843, "neg_dist": 3.366710, "pos_dist": 3.589453, "time_diff": 11.380000, "triplet": 0.717785}
[08/11 09:55:35][INFO] utils.logging:   91: {"_type": "train_iter", "epoch": "10/30", "eta": "0:15:04", "iter": "2401/8376", "loss": 0.906528, "lr": 0.000843, "neg_dist": 3.203725, "pos_dist": 3.553451, "time_diff": 12.410000, "triplet": 0.666551}
[08/11 09:55:36][INFO] utils.logging:   91: {"_type": "train_iter", "epoch": "10/30", "eta": "0:15:03", "iter": "2601/8376", "loss": 0.953851, "lr": 0.000843, "neg_dist": 3.735167, "pos_dist": 3.677866, "time_diff": 13.430000, "triplet": 0.692916}
[08/11 09:55:37][INFO] utils.logging:   91: {"_type": "train_iter", "epoch": "10/30", "eta": "0:15:02", "iter": "2801/8376", "loss": 1.221574, "lr": 0.000843, "neg_dist": 3.884447, "pos_dist": 4.524022, "time_diff": 14.450000, "triplet": 1.007252}
[08/11 09:55:38][INFO] utils.logging:   91: {"_type": "train_iter", "epoch": "10/30", "eta": "0:15:00", "iter": "3001/8376", "loss": 1.341701, "lr": 0.000843, "neg_dist": 3.930337, "pos_dist": 4.651816, "time_diff": 15.470000, "triplet": 1.126782}
[08/11 09:55:39][INFO] utils.logging:   91: {"_type": "train_iter", "epoch": "10/30", "eta": "0:14:59", "iter": "3201/8376", "loss": 1.692606, "lr": 0.000843, "neg_dist": 3.382636, "pos_dist": 4.370691, "time_diff": 16.520000, "triplet": 1.288056}
[08/11 09:55:40][INFO] utils.logging:   91: {"_type": "train_iter", "epoch": "10/30", "eta": "0:14:58", "iter": "3401/8376", "loss": 1.467103, "lr": 0.000843, "neg_dist": 3.246711, "pos_dist": 4.104586, "time_diff": 17.500000, "triplet": 1.157876}
[08/11 09:55:41][INFO] utils.logging:   91: {"_type": "train_iter", "epoch": "10/30", "eta": "0:14:57", "iter": "3601/8376", "loss": 0.769844, "lr": 0.000843, "neg_dist": 3.350587, "pos_dist": 3.505028, "time_diff": 18.510000, "triplet": 0.510954}
[08/11 09:55:42][INFO] utils.logging:   91: {"_type": "train_iter", "epoch": "10/30", "eta": "0:14:56", "iter": "3801/8376", "loss": 1.149684, "lr": 0.000843, "neg_dist": 3.526750, "pos_dist": 4.054367, "time_diff": 19.520000, "triplet": 0.827618}
[08/11 09:55:43][INFO] utils.logging:   91: {"_type": "train_iter", "epoch": "10/30", "eta": "0:14:55", "iter": "4001/8376", "loss": 0.868861, "lr": 0.000843, "neg_dist": 3.132313, "pos_dist": 3.289635, "time_diff": 20.530000, "triplet": 0.587164}
[08/11 09:55:44][INFO] utils.logging:   91: {"_type": "train_iter", "epoch": "10/30", "eta": "0:14:54", "iter": "4201/8376", "loss": 1.462453, "lr": 0.000843, "neg_dist": 3.930856, "pos_dist": 4.719090, "time_diff": 21.560000, "triplet": 1.147316}
[08/11 09:55:46][INFO] utils.logging:   91: {"_type": "train_iter", "epoch": "10/30", "eta": "0:14:53", "iter": "4401/8376", "loss": 1.293870, "lr": 0.000843, "neg_dist": 3.269250, "pos_dist": 4.021485, "time_diff": 22.600000, "triplet": 1.065889}
[08/11 09:55:47][INFO] utils.logging:   91: {"_type": "train_iter", "epoch": "10/30", "eta": "0:14:52", "iter": "4601/8376", "loss": 1.065690, "lr": 0.000843, "neg_dist": 3.427515, "pos_dist": 3.941570, "time_diff": 23.620000, "triplet": 0.861260}
[08/11 09:55:48][INFO] utils.logging:   91: {"_type": "train_iter", "epoch": "10/30", "eta": "0:14:51", "iter": "4801/8376", "loss": 1.568833, "lr": 0.000843, "neg_dist": 3.144601, "pos_dist": 4.125473, "time_diff": 24.640000, "triplet": 1.280872}
[08/11 09:55:49][INFO] utils.logging:   91: {"_type": "train_iter", "epoch": "10/30", "eta": "0:14:50", "iter": "5001/8376", "loss": 1.281713, "lr": 0.000843, "neg_dist": 2.939602, "pos_dist": 3.510578, "time_diff": 25.650000, "triplet": 0.935121}
[08/11 09:55:50][INFO] utils.logging:   91: {"_type": "train_iter", "epoch": "10/30", "eta": "0:14:48", "iter": "5201/8376", "loss": 1.139431, "lr": 0.000843, "neg_dist": 3.814278, "pos_dist": 4.237940, "time_diff": 26.650000, "triplet": 0.814122}
[08/11 09:55:51][INFO] utils.logging:   91: {"_type": "train_iter", "epoch": "10/30", "eta": "0:14:47", "iter": "5401/8376", "loss": 1.110815, "lr": 0.000843, "neg_dist": 3.121823, "pos_dist": 3.580032, "time_diff": 27.660000, "triplet": 0.775250}
[08/11 09:55:52][INFO] utils.logging:   91: {"_type": "train_iter", "epoch": "10/30", "eta": "0:14:46", "iter": "5601/8376", "loss": 1.758526, "lr": 0.000843, "neg_dist": 3.938105, "pos_dist": 5.088072, "time_diff": 28.680000, "triplet": 1.449966}
[08/11 09:55:53][INFO] utils.logging:   91: {"_type": "train_iter", "epoch": "10/30", "eta": "0:14:45", "iter": "5801/8376", "loss": 1.078327, "lr": 0.000843, "neg_dist": 3.160974, "pos_dist": 3.577754, "time_diff": 29.740000, "triplet": 0.716780}
[08/11 09:55:54][INFO] utils.logging:   91: {"_type": "train_iter", "epoch": "10/30", "eta": "0:14:44", "iter": "6001/8376", "loss": 1.321934, "lr": 0.000843, "neg_dist": 3.357067, "pos_dist": 4.020101, "time_diff": 30.740000, "triplet": 0.990932}
[08/11 09:55:55][INFO] utils.logging:   91: {"_type": "train_iter", "epoch": "10/30", "eta": "0:14:43", "iter": "6201/8376", "loss": 0.867446, "lr": 0.000843, "neg_dist": 4.093301, "pos_dist": 4.184654, "time_diff": 31.770000, "triplet": 0.625350}
[08/11 09:55:56][INFO] utils.logging:   91: {"_type": "train_iter", "epoch": "10/30", "eta": "0:14:42", "iter": "6401/8376", "loss": 0.535981, "lr": 0.000843, "neg_dist": 4.843784, "pos_dist": 4.077184, "time_diff": 32.770000, "triplet": 0.242197}
[08/11 09:55:57][INFO] utils.logging:   91: {"_type": "train_iter", "epoch": "10/30", "eta": "0:14:41", "iter": "6601/8376", "loss": 1.030610, "lr": 0.000843, "neg_dist": 2.873243, "pos_dist": 3.307188, "time_diff": 33.800000, "triplet": 0.743040}
[08/11 09:55:58][INFO] utils.logging:   91: {"_type": "train_iter", "epoch": "10/30", "eta": "0:14:40", "iter": "6801/8376", "loss": 1.324540, "lr": 0.000843, "neg_dist": 3.395773, "pos_dist": 4.110867, "time_diff": 34.800000, "triplet": 1.015094}
[08/11 09:55:59][INFO] utils.logging:   91: {"_type": "train_iter", "epoch": "10/30", "eta": "0:14:39", "iter": "7001/8376", "loss": 1.042482, "lr": 0.000843, "neg_dist": 3.443888, "pos_dist": 3.850514, "time_diff": 35.830000, "triplet": 0.783661}
[08/11 09:56:00][INFO] utils.logging:   91: {"_type": "train_iter", "epoch": "10/30", "eta": "0:14:38", "iter": "7201/8376", "loss": 1.194241, "lr": 0.000843, "neg_dist": 4.287885, "pos_dist": 4.844885, "time_diff": 36.840000, "triplet": 0.857000}
[08/11 09:56:01][INFO] utils.logging:   91: {"_type": "train_iter", "epoch": "10/30", "eta": "0:14:36", "iter": "7401/8376", "loss": 1.559326, "lr": 0.000843, "neg_dist": 4.287330, "pos_dist": 5.263012, "time_diff": 37.830000, "triplet": 1.275682}
[08/11 09:56:02][INFO] utils.logging:   91: {"_type": "train_iter", "epoch": "10/30", "eta": "0:14:35", "iter": "7601/8376", "loss": 1.170862, "lr": 0.000843, "neg_dist": 3.590731, "pos_dist": 4.210104, "time_diff": 38.870000, "triplet": 0.919373}
[08/11 09:56:03][INFO] utils.logging:   91: {"_type": "train_iter", "epoch": "10/30", "eta": "0:14:34", "iter": "7801/8376", "loss": 0.801745, "lr": 0.000843, "neg_dist": 3.365583, "pos_dist": 3.397415, "time_diff": 39.900000, "triplet": 0.479151}
[08/11 09:56:04][INFO] utils.logging:   91: {"_type": "train_iter", "epoch": "10/30", "eta": "0:14:33", "iter": "8001/8376", "loss": 1.221396, "lr": 0.000843, "neg_dist": 2.929693, "pos_dist": 3.511767, "time_diff": 40.910000, "triplet": 0.938482}
[08/11 09:56:05][INFO] utils.logging:   91: {"_type": "train_iter", "epoch": "10/30", "eta": "0:14:32", "iter": "8201/8376", "loss": 0.984738, "lr": 0.000843, "neg_dist": 3.402559, "pos_dist": 3.776963, "time_diff": 41.910000, "triplet": 0.674404}
[08/11 09:56:06][INFO] utils.logging:   91: {"RAM": "14.50/125.63 GB", "_type": "train_epoch", "epoch": "10/30", "eta": "0:14:31", "gpu_mem": "0.39 GB", "loss": 1.214071, "lr": 0.000843, "neg_dist": 3.570148, "pos_dist": 4.118182, "time_diff": 42.820000, "triplet": 0.923038}
[08/11 09:56:06][INFO] utils.logging:   91: {"_type": "val_epoch", "epoch": "10/30", "loss": 1.207733}
[08/11 09:56:06][INFO] __main__:  153: Best checkpoint: output/frame_selector/ssv2_ViT-B16_BiMHM/frame_selector_best.pth (loss=1.207733)
[08/11 09:56:06][INFO] __main__:  430: New best val loss: 1.207733 at epoch 9
[08/11 09:56:06][INFO] utils.logging:   91: {"_type": "train_iter", "epoch": "11/30", "eta": "0:14:32", "iter": "1/8376", "loss": 0.775069, "lr": 0.000799, "neg_dist": 3.614663, "pos_dist": 3.317343, "time_diff": 0.070000, "triplet": 0.467940}
[08/11 09:56:07][INFO] utils.logging:   91: {"_type": "train_iter", "epoch": "11/30", "eta": "0:14:31", "iter": "201/8376", "loss": 1.355060, "lr": 0.000799, "neg_dist": 3.765457, "pos_dist": 4.309680, "time_diff": 1.150000, "triplet": 1.029578}
[08/11 09:56:08][INFO] utils.logging:   91: {"_type": "train_iter", "epoch": "11/30", "eta": "0:14:30", "iter": "401/8376", "loss": 1.908231, "lr": 0.000799, "neg_dist": 3.263290, "pos_dist": 4.574367, "time_diff": 2.160000, "triplet": 1.611077}
[08/11 09:56:10][INFO] utils.logging:   91: {"_type": "train_iter", "epoch": "11/30", "eta": "0:14:29", "iter": "601/8376", "loss": 0.907087, "lr": 0.000799, "neg_dist": 3.487707, "pos_dist": 3.767724, "time_diff": 3.190000, "triplet": 0.620144}
[08/11 09:56:11][INFO] utils.logging:   91: {"_type": "train_iter", "epoch": "11/30", "eta": "0:14:28", "iter": "801/8376", "loss": 1.199633, "lr": 0.000799, "neg_dist": 3.036816, "pos_dist": 3.618301, "time_diff": 4.210000, "triplet": 0.899116}
[08/11 09:56:12][INFO] utils.logging:   91: {"_type": "train_iter", "epoch": "11/30", "eta": "0:14:27", "iter": "1001/8376", "loss": 1.218539, "lr": 0.000799, "neg_dist": 3.079674, "pos_dist": 3.605551, "time_diff": 5.220000, "triplet": 0.893951}
[08/11 09:56:13][INFO] utils.logging:   91: {"_type": "train_iter", "epoch": "11/30", "eta": "0:14:26", "iter": "1201/8376", "loss": 0.891303, "lr": 0.000799, "neg_dist": 3.703063, "pos_dist": 4.076497, "time_diff": 6.240000, "triplet": 0.673434}
[08/11 09:56:14][INFO] utils.logging:   91: {"_type": "train_iter", "epoch": "11/30", "eta": "0:14:25", "iter": "1401/8376", "loss": 0.583060, "lr": 0.000799, "neg_dist": 3.545526, "pos_dist": 3.095851, "time_diff": 7.260000, "triplet": 0.303427}
[08/11 09:56:15][INFO] utils.logging:   91: {"_type": "train_iter", "epoch": "11/30", "eta": "0:14:24", "iter": "1601/8376", "loss": 1.822842, "lr": 0.000799, "neg_dist": 3.968177, "pos_dist": 5.195679, "time_diff": 8.300000, "triplet": 1.527503}
[08/11 09:56:16][INFO] utils.logging:   91: {"_type": "train_iter", "epoch": "11/30", "eta": "0:14:23", "iter": "1801/8376", "loss": 1.102906, "lr": 0.000799, "neg_dist": 3.363122, "pos_dist": 3.906087, "time_diff": 9.330000, "triplet": 0.842965}
[08/11 09:56:17][INFO] utils.logging:   91: {"_type": "train_iter", "epoch": "11/30", "eta": "0:14:22", "iter": "2001/8376", "loss": 1.504965, "lr": 0.000799, "neg_dist": 3.694652, "pos_dist": 4.660923, "time_diff": 10.360000, "triplet": 1.266271}
[08/11 09:56:18][INFO] utils.logging:   91: {"_type": "train_iter", "epoch": "11/30", "eta": "0:14:21", "iter": "2201/8376", "loss": 1.101445, "lr": 0.000799, "neg_dist": 4.595592, "pos_dist": 5.055776, "time_diff": 11.360000, "triplet": 0.810451}
[08/11 09:56:19][INFO] utils.logging:   91: {"_type": "train_iter", "epoch": "11/30", "eta": "0:14:20", "iter": "2401/8376", "loss": 0.759348, "lr": 0.000799, "neg_dist": 3.252226, "pos_dist": 3.410254, "time_diff": 12.360000, "triplet": 0.510694}
[08/11 09:56:20][INFO] utils.logging:   91: {"_type": "train_iter", "epoch": "11/30", "eta": "0:14:18", "iter": "2601/8376", "loss": 0.948103, "lr": 0.000799, "neg_dist": 3.277412, "pos_dist": 3.668952, "time_diff": 13.370000, "triplet": 0.694108}
[08/11 09:56:21][INFO] utils.logging:   91: {"_type": "train_iter", "epoch": "11/30", "eta": "0:14:17", "iter": "2801/8376", "loss": 1.275641, "lr": 0.000799, "neg_dist": 3.275610, "pos_dist": 3.996094, "time_diff": 14.420000, "triplet": 1.020484}
[08/11 09:56:22][INFO] utils.logging:   91: {"_type": "train_iter", "epoch": "11/30", "eta": "0:14:16", "iter": "3001/8376", "loss": 1.094137, "lr": 0.000799, "neg_dist": 3.580312, "pos_dist": 3.945556, "time_diff": 15.440000, "triplet": 0.786140}
[08/11 09:56:23][INFO] utils.logging:   91: {"_type": "train_iter", "epoch": "11/30", "eta": "0:14:15", "iter": "3201/8376", "loss": 0.813516, "lr": 0.000799, "neg_dist": 3.593347, "pos_dist": 3.690343, "time_diff": 16.450000, "triplet": 0.473773}
[08/11 09:56:24][INFO] utils.logging:   91: {"_type": "train_iter", "epoch": "11/30", "eta": "0:14:14", "iter": "3401/8376", "loss": 1.018492, "lr": 0.000799, "neg_dist": 3.894870, "pos_dist": 4.225004, "time_diff": 17.470000, "triplet": 0.812239}
[08/11 09:56:25][INFO] utils.logging:   91: {"_type": "train_iter", "epoch": "11/30", "eta": "0:14:13", "iter": "3601/8376", "loss": 1.047317, "lr": 0.000799, "neg_dist": 4.133400, "pos_dist": 4.541378, "time_diff": 18.520000, "triplet": 0.829628}
[08/11 09:56:26][INFO] utils.logging:   91: {"_type": "train_iter", "epoch": "11/30", "eta": "0:14:12", "iter": "3801/8376", "loss": 1.290975, "lr": 0.000799, "neg_dist": 3.896860, "pos_dist": 4.534409, "time_diff": 19.560000, "triplet": 0.946221}
[08/11 09:56:27][INFO] utils.logging:   91: {"_type": "train_iter", "epoch": "11/30", "eta": "0:14:11", "iter": "4001/8376", "loss": 1.355351, "lr": 0.000799, "neg_dist": 3.219767, "pos_dist": 3.943858, "time_diff": 20.570000, "triplet": 1.037568}
[08/11 09:56:28][INFO] utils.logging:   91: {"_type": "train_iter", "epoch": "11/30", "eta": "0:14:10", "iter": "4201/8376", "loss": 1.878608, "lr": 0.000799, "neg_dist": 3.109297, "pos_dist": 4.412636, "time_diff": 21.610000, "triplet": 1.603339}
[08/11 09:56:29][INFO] utils.logging:   91: {"_type": "train_iter", "epoch": "11/30", "eta": "0:14:09", "iter": "4401/8376", "loss": 1.103415, "lr": 0.000799, "neg_dist": 3.855220, "pos_dist": 4.230639, "time_diff": 22.620000, "triplet": 0.864553}
[08/11 09:56:30][INFO] utils.logging:   91: {"_type": "train_iter", "epoch": "11/30", "eta": "0:14:08", "iter": "4601/8376", "loss": 0.986662, "lr": 0.000799, "neg_dist": 3.154509, "pos_dist": 3.579656, "time_diff": 23.650000, "triplet": 0.796719}
[08/11 09:56:31][INFO] utils.logging:   91: {"_type": "train_iter", "epoch": "11/30", "eta": "0:14:07", "iter": "4801/8376", "loss": 1.240126, "lr": 0.000799, "neg_dist": 3.679000, "pos_dist": 4.280407, "time_diff": 24.680000, "triplet": 0.901407}
[08/11 09:56:32][INFO] utils.logging:   91: {"_type": "train_iter", "epoch": "11/30", "eta": "0:14:06", "iter": "5001/8376", "loss": 1.888946, "lr": 0.000799, "neg_dist": 4.006011, "pos_dist": 5.208456, "time_diff": 25.710000, "triplet": 1.502444}
[08/11 09:56:33][INFO] utils.logging:   91: {"_type": "train_iter", "epoch": "11/30", "eta": "0:14:04", "iter": "5201/8376", "loss": 0.733476, "lr": 0.000799, "neg_dist": 3.155960, "pos_dist": 3.281409, "time_diff": 26.710000, "triplet": 0.455160}
[08/11 09:56:34][INFO] utils.logging:   91: {"_type": "train_iter", "epoch": "11/30", "eta": "0:14:03", "iter": "5401/8376", "loss": 1.739228, "lr": 0.000799, "neg_dist": 4.182039, "pos_dist": 5.190668, "time_diff": 27.720000, "triplet": 1.436851}
[08/11 09:56:35][INFO] utils.logging:   91: {"_type": "train_iter", "epoch": "11/30", "eta": "0:14:02", "iter": "5601/8376", "loss": 1.752398, "lr": 0.000799, "neg_dist": 4.044681, "pos_dist": 5.236112, "time_diff": 28.740000, "triplet": 1.510415}
[08/11 09:56:36][INFO] utils.logging:   91: {"_type": "train_iter", "epoch": "11/30", "eta": "0:14:01", "iter": "5801/8376", "loss": 1.586503, "lr": 0.000799, "neg_dist": 3.334265, "pos_dist": 4.255638, "time_diff": 29.770000, "triplet": 1.221373}
[08/11 09:56:37][INFO] utils.logging:   91: {"_type": "train_iter", "epoch": "11/30", "eta": "0:14:00", "iter": "6001/8376", "loss": 0.638321, "lr": 0.000799, "neg_dist": 3.234152, "pos_dist": 3.041720, "time_diff": 30.790000, "triplet": 0.344762}
[08/11 09:56:38][INFO] utils.logging:   91: {"_type": "train_iter", "epoch": "11/30", "eta": "0:13:59", "iter": "6201/8376", "loss": 1.088142, "lr": 0.000799, "neg_dist": 3.499033, "pos_dist": 3.795435, "time_diff": 31.830000, "triplet": 0.711033}
[08/11 09:56:39][INFO] utils.logging:   91: {"_type": "train_iter", "epoch": "11/30", "eta": "0:13:58", "iter": "6401/8376", "loss": 1.212090, "lr": 0.000799, "neg_dist": 3.195872, "pos_dist": 3.858082, "time_diff": 32.850000, "triplet": 0.962210}
[08/11 09:56:40][INFO] utils.logging:   91: {"_type": "train_iter", "epoch": "11/30", "eta": "0:13:57", "iter": "6601/8376", "loss": 0.877115, "lr": 0.000799, "neg_dist": 3.412062, "pos_dist": 3.384259, "time_diff": 33.860000, "triplet": 0.608470}
[08/11 09:56:41][INFO] utils.logging:   91: {"_type": "train_iter", "epoch": "11/30", "eta": "0:13:56", "iter": "6801/8376", "loss": 1.270030, "lr": 0.000799, "neg_dist": 3.095864, "pos_dist": 3.723644, "time_diff": 34.870000, "triplet": 0.942506}
[08/11 09:56:42][INFO] utils.logging:   91: {"_type": "train_iter", "epoch": "11/30", "eta": "0:13:55", "iter": "7001/8376", "loss": 1.304141, "lr": 0.000799, "neg_dist": 3.912321, "pos_dist": 4.673490, "time_diff": 35.860000, "triplet": 1.063111}
[08/11 09:56:43][INFO] utils.logging:   91: {"_type": "train_iter", "epoch": "11/30", "eta": "0:13:54", "iter": "7201/8376", "loss": 1.644651, "lr": 0.000799, "neg_dist": 3.388314, "pos_dist": 4.415160, "time_diff": 36.870000, "triplet": 1.326845}
[08/11 09:56:44][INFO] utils.logging:   91: {"_type": "train_iter", "epoch": "11/30", "eta": "0:13:53", "iter": "7401/8376", "loss": 0.956049, "lr": 0.000799, "neg_dist": 3.546947, "pos_dist": 3.864059, "time_diff": 37.870000, "triplet": 0.663647}
[08/11 09:56:45][INFO] utils.logging:   91: {"_type": "train_iter", "epoch": "11/30", "eta": "0:13:51", "iter": "7601/8376", "loss": 1.546690, "lr": 0.000799, "neg_dist": 3.005094, "pos_dist": 4.000611, "time_diff": 38.910000, "triplet": 1.295517}
[08/11 09:56:46][INFO] utils.logging:   91: {"_type": "train_iter", "epoch": "11/30", "eta": "0:13:50", "iter": "7801/8376", "loss": 1.075012, "lr": 0.000799, "neg_dist": 2.878028, "pos_dist": 3.390870, "time_diff": 39.930000, "triplet": 0.812842}
[08/11 09:56:47][INFO] utils.logging:   91: {"_type": "train_iter", "epoch": "11/30", "eta": "0:13:49", "iter": "8001/8376", "loss": 1.665265, "lr": 0.000799, "neg_dist": 3.342364, "pos_dist": 4.496919, "time_diff": 40.960000, "triplet": 1.454555}
[08/11 09:56:48][INFO] utils.logging:   91: {"_type": "train_iter", "epoch": "11/30", "eta": "0:13:48", "iter": "8201/8376", "loss": 1.334003, "lr": 0.000799, "neg_dist": 4.031519, "pos_dist": 4.654664, "time_diff": 41.970000, "triplet": 0.925752}
[08/11 09:56:49][INFO] __main__:  150: Checkpoint: output/frame_selector/ssv2_ViT-B16_BiMHM/frame_selector_epoch0010.pth
[08/11 09:56:49][INFO] utils.logging:   91: {"RAM": "14.50/125.63 GB", "_type": "train_epoch", "epoch": "11/30", "eta": "0:13:47", "gpu_mem": "0.39 GB", "loss": 1.218623, "lr": 0.000799, "neg_dist": 3.561192, "pos_dist": 4.114666, "time_diff": 42.880000, "triplet": 0.928291}
[08/11 09:56:50][INFO] utils.logging:   91: {"_type": "val_epoch", "epoch": "11/30", "loss": 1.243848}
[08/11 09:56:50][INFO] utils.logging:   91: {"_type": "train_iter", "epoch": "12/30", "eta": "0:13:48", "iter": "1/8376", "loss": 1.277187, "lr": 0.000750, "neg_dist": 4.054783, "pos_dist": 4.685177, "time_diff": 0.070000, "triplet": 0.979598}
[08/11 09:56:51][INFO] utils.logging:   91: {"_type": "train_iter", "epoch": "12/30", "eta": "0:13:47", "iter": "201/8376", "loss": 1.115939, "lr": 0.000750, "neg_dist": 4.321564, "pos_dist": 4.536981, "time_diff": 1.120000, "triplet": 0.750059}
[08/11 09:56:52][INFO] utils.logging:   91: {"_type": "train_iter", "epoch": "12/30", "eta": "0:13:46", "iter": "401/8376", "loss": 0.976845, "lr": 0.000750, "neg_dist": 3.743935, "pos_dist": 4.066797, "time_diff": 2.130000, "triplet": 0.662917}
[08/11 09:56:53][INFO] utils.logging:   91: {"_type": "train_iter", "epoch": "12/30", "eta": "0:13:45", "iter": "601/8376", "loss": 1.500762, "lr": 0.000750, "neg_dist": 3.944609, "pos_dist": 4.913387, "time_diff": 3.150000, "triplet": 1.268779}
[08/11 09:56:54][INFO] utils.logging:   91: {"_type": "train_iter", "epoch": "12/30", "eta": "0:13:44", "iter": "801/8376", "loss": 1.603579, "lr": 0.000750, "neg_dist": 3.812554, "pos_dist": 4.786683, "time_diff": 4.190000, "triplet": 1.295764}
[08/11 09:56:55][INFO] utils.logging:   91: {"_type": "train_iter", "epoch": "12/30", "eta": "0:13:43", "iter": "1001/8376", "loss": 1.108491, "lr": 0.000750, "neg_dist": 4.133381, "pos_dist": 4.545708, "time_diff": 5.210000, "triplet": 0.759997}
[08/11 09:56:56][INFO] utils.logging:   91: {"_type": "train_iter", "epoch": "12/30", "eta": "0:13:42", "iter": "1201/8376", "loss": 1.309118, "lr": 0.000750, "neg_dist": 3.955357, "pos_dist": 4.668533, "time_diff": 6.250000, "triplet": 1.013177}
[08/11 09:56:57][INFO] utils.logging:   91: {"_type": "train_iter", "epoch": "12/30", "eta": "0:13:41", "iter": "1401/8376", "loss": 1.224236, "lr": 0.000750, "neg_dist": 3.733854, "pos_dist": 4.253138, "time_diff": 7.260000, "triplet": 0.923910}
[08/11 09:56:58][INFO] utils.logging:   91: {"_type": "train_iter", "epoch": "12/30", "eta": "0:13:40", "iter": "1601/8376", "loss": 1.038923, "lr": 0.000750, "neg_dist": 2.915256, "pos_dist": 3.344989, "time_diff": 8.290000, "triplet": 0.775842}
[08/11 09:56:59][INFO] utils.logging:   91: {"_type": "train_iter", "epoch": "12/30", "eta": "0:13:39", "iter": "1801/8376", "loss": 1.168177, "lr": 0.000750, "neg_dist": 3.721017, "pos_dist": 4.280395, "time_diff": 9.330000, "triplet": 0.886079}
[08/11 09:57:00][INFO] utils.logging:   91: {"_type": "train_iter", "epoch": "12/30", "eta": "0:13:38", "iter": "2001/8376", "loss": 1.350037, "lr": 0.000750, "neg_dist": 4.519491, "pos_dist": 5.291803, "time_diff": 10.350000, "triplet": 1.121312}
[08/11 09:57:01][INFO] utils.logging:   91: {"_type": "train_iter", "epoch": "12/30", "eta": "0:13:37", "iter": "2201/8376", "loss": 0.832285, "lr": 0.000750, "neg_dist": 3.152609, "pos_dist": 3.387438, "time_diff": 11.360000, "triplet": 0.534829}
[08/11 09:57:02][INFO] utils.logging:   91: {"_type": "train_iter", "epoch": "12/30", "eta": "0:13:36", "iter": "2401/8376", "loss": 1.452908, "lr": 0.000750, "neg_dist": 3.744428, "pos_dist": 4.561900, "time_diff": 12.390000, "triplet": 1.201440}
[08/11 09:57:03][INFO] utils.logging:   91: {"_type": "train_iter", "epoch": "12/30", "eta": "0:13:35", "iter": "2601/8376", "loss": 0.969157, "lr": 0.000750, "neg_dist": 3.756939, "pos_dist": 4.089300, "time_diff": 13.430000, "triplet": 0.649664}
[08/11 09:57:04][INFO] utils.logging:   91: {"_type": "train_iter", "epoch": "12/30", "eta": "0:13:34", "iter": "2801/8376", "loss": 1.048943, "lr": 0.000750, "neg_dist": 3.235883, "pos_dist": 3.564298, "time_diff": 14.440000, "triplet": 0.800272}
[08/11 09:57:05][INFO] utils.logging:   91: {"_type": "train_iter", "epoch": "12/30", "eta": "0:13:32", "iter": "3001/8376", "loss": 1.337095, "lr": 0.000750, "neg_dist": 3.949435, "pos_dist": 4.588071, "time_diff": 15.470000, "triplet": 1.033925}
[08/11 09:57:06][INFO] utils.logging:   91: {"_type": "train_iter", "epoch": "12/30", "eta": "0:13:31", "iter": "3201/8376", "loss": 1.810137, "lr": 0.000750, "neg_dist": 3.715523, "pos_dist": 4.957750, "time_diff": 16.480000, "triplet": 1.542227}
[08/11 09:57:07][INFO] utils.logging:   91: {"_type": "train_iter", "epoch": "12/30", "eta": "0:13:30", "iter": "3401/8376", "loss": 1.340751, "lr": 0.000750, "neg_dist": 3.895794, "pos_dist": 4.528358, "time_diff": 17.520000, "triplet": 1.014221}
[08/11 09:57:08][INFO] utils.logging:   91: {"_type": "train_iter", "epoch": "12/30", "eta": "0:13:29", "iter": "3601/8376", "loss": 0.852363, "lr": 0.000750, "neg_dist": 3.440449, "pos_dist": 3.321757, "time_diff": 18.550000, "triplet": 0.527665}
[08/11 09:57:09][INFO] utils.logging:   91: {"_type": "train_iter", "epoch": "12/30", "eta": "0:13:28", "iter": "3801/8376", "loss": 0.972407, "lr": 0.000750, "neg_dist": 3.499846, "pos_dist": 3.848997, "time_diff": 19.580000, "triplet": 0.649151}
[08/11 09:57:10][INFO] utils.logging:   91: {"_type": "train_iter", "epoch": "12/30", "eta": "0:13:27", "iter": "4001/8376", "loss": 1.044542, "lr": 0.000750, "neg_dist": 4.069532, "pos_dist": 4.259010, "time_diff": 20.590000, "triplet": 0.743217}
[08/11 09:57:11][INFO] utils.logging:   91: {"_type": "train_iter", "epoch": "12/30", "eta": "0:13:26", "iter": "4201/8376", "loss": 2.230917, "lr": 0.000750, "neg_dist": 3.826322, "pos_dist": 5.457301, "time_diff": 21.620000, "triplet": 1.938757}
[08/11 09:57:12][INFO] utils.logging:   91: {"_type": "train_iter", "epoch": "12/30", "eta": "0:13:25", "iter": "4401/8376", "loss": 0.691319, "lr": 0.000750, "neg_dist": 3.268413, "pos_dist": 3.044119, "time_diff": 22.650000, "triplet": 0.347976}
[08/11 09:57:13][INFO] utils.logging:   91: {"_type": "train_iter", "epoch": "12/30", "eta": "0:13:24", "iter": "4601/8376", "loss": 0.984672, "lr": 0.000750, "neg_dist": 3.556096, "pos_dist": 3.952290, "time_diff": 23.670000, "triplet": 0.726125}
[08/11 09:57:15][INFO] utils.logging:   91: {"_type": "train_iter", "epoch": "12/30", "eta": "0:13:23", "iter": "4801/8376", "loss": 1.524209, "lr": 0.000750, "neg_dist": 3.734704, "pos_dist": 4.607966, "time_diff": 24.690000, "triplet": 1.173263}
[08/11 09:57:16][INFO] utils.logging:   91: {"_type": "train_iter", "epoch": "12/30", "eta": "0:13:22", "iter": "5001/8376", "loss": 1.330980, "lr": 0.000750, "neg_dist": 3.766103, "pos_dist": 4.480937, "time_diff": 25.750000, "triplet": 1.070713}
[08/11 09:57:17][INFO] utils.logging:   91: {"_type": "train_iter", "epoch": "12/30", "eta": "0:13:21", "iter": "5201/8376", "loss": 1.335401, "lr": 0.000750, "neg_dist": 3.103102, "pos_dist": 3.808546, "time_diff": 26.790000, "triplet": 1.005444}
[08/11 09:57:18][INFO] utils.logging:   91: {"_type": "train_iter", "epoch": "12/30", "eta": "0:13:20", "iter": "5401/8376", "loss": 1.394530, "lr": 0.000750, "neg_dist": 3.559120, "pos_dist": 4.311313, "time_diff": 27.790000, "triplet": 1.052192}
[08/11 09:57:19][INFO] utils.logging:   91: {"_type": "train_iter", "epoch": "12/30", "eta": "0:13:19", "iter": "5601/8376", "loss": 1.004025, "lr": 0.000750, "neg_dist": 4.173677, "pos_dist": 4.534415, "time_diff": 28.850000, "triplet": 0.708742}
[08/11 09:57:20][INFO] utils.logging:   91: {"_type": "train_iter", "epoch": "12/30", "eta": "0:13:18", "iter": "5801/8376", "loss": 2.150803, "lr": 0.000750, "neg_dist": 3.419380, "pos_dist": 4.925026, "time_diff": 29.870000, "triplet": 1.805646}
[08/11 09:57:21][INFO] utils.logging:   91: {"_type": "train_iter", "epoch": "12/30", "eta": "0:13:17", "iter": "6001/8376", "loss": 1.234096, "lr": 0.000750, "neg_dist": 3.391794, "pos_dist": 3.964032, "time_diff": 30.880000, "triplet": 0.964264}
[08/11 09:57:22][INFO] utils.logging:   91: {"_type": "train_iter", "epoch": "12/30", "eta": "0:13:15", "iter": "6201/8376", "loss": 1.423207, "lr": 0.000750, "neg_dist": 3.402083, "pos_dist": 4.163528, "time_diff": 31.910000, "triplet": 1.080712}
[08/11 09:57:23][INFO] utils.logging:   91: {"_type": "train_iter", "epoch": "12/30", "eta": "0:13:14", "iter": "6401/8376", "loss": 1.707038, "lr": 0.000750, "neg_dist": 3.633383, "pos_dist": 4.761351, "time_diff": 32.940000, "triplet": 1.427967}
[08/11 09:57:24][INFO] utils.logging:   91: {"_type": "train_iter", "epoch": "12/30", "eta": "0:13:13", "iter": "6601/8376", "loss": 1.315637, "lr": 0.000750, "neg_dist": 3.116813, "pos_dist": 3.903755, "time_diff": 33.960000, "triplet": 1.086942}
[08/11 09:57:25][INFO] utils.logging:   91: {"_type": "train_iter", "epoch": "12/30", "eta": "0:13:12", "iter": "6801/8376", "loss": 1.503314, "lr": 0.000750, "neg_dist": 3.583350, "pos_dist": 4.494022, "time_diff": 34.980000, "triplet": 1.245960}
[08/11 09:57:26][INFO] utils.logging:   91: {"_type": "train_iter", "epoch": "12/30", "eta": "0:13:11", "iter": "7001/8376", "loss": 1.073872, "lr": 0.000750, "neg_dist": 3.334384, "pos_dist": 3.807847, "time_diff": 36.020000, "triplet": 0.829996}
[08/11 09:57:27][INFO] utils.logging:   91: {"_type": "train_iter", "epoch": "12/30", "eta": "0:13:10", "iter": "7201/8376", "loss": 1.050848, "lr": 0.000750, "neg_dist": 3.320409, "pos_dist": 3.611770, "time_diff": 37.030000, "triplet": 0.742248}
[08/11 09:57:28][INFO] utils.logging:   91: {"_type": "train_iter", "epoch": "12/30", "eta": "0:13:09", "iter": "7401/8376", "loss": 1.086904, "lr": 0.000750, "neg_dist": 3.414777, "pos_dist": 3.806337, "time_diff": 38.060000, "triplet": 0.768771}
[08/11 09:57:29][INFO] utils.logging:   91: {"_type": "train_iter", "epoch": "12/30", "eta": "0:13:08", "iter": "7601/8376", "loss": 0.893624, "lr": 0.000750, "neg_dist": 3.064190, "pos_dist": 3.314744, "time_diff": 39.070000, "triplet": 0.617543}
[08/11 09:57:30][INFO] utils.logging:   91: {"_type": "train_iter", "epoch": "12/30", "eta": "0:13:07", "iter": "7801/8376", "loss": 0.783165, "lr": 0.000750, "neg_dist": 3.750575, "pos_dist": 3.723567, "time_diff": 40.100000, "triplet": 0.428118}
[08/11 09:57:31][INFO] utils.logging:   91: {"_type": "train_iter", "epoch": "12/30", "eta": "0:13:06", "iter": "8001/8376", "loss": 1.804542, "lr": 0.000750, "neg_dist": 3.652393, "pos_dist": 4.817547, "time_diff": 41.120000, "triplet": 1.465154}
[08/11 09:57:32][INFO] utils.logging:   91: {"_type": "train_iter", "epoch": "12/30", "eta": "0:13:05", "iter": "8201/8376", "loss": 1.347260, "lr": 0.000750, "neg_dist": 3.931602, "pos_dist": 4.686316, "time_diff": 42.140000, "triplet": 1.077447}
[08/11 09:57:33][INFO] utils.logging:   91: {"RAM": "14.52/125.63 GB", "_type": "train_epoch", "epoch": "12/30", "eta": "0:13:04", "gpu_mem": "0.39 GB", "loss": 1.220254, "lr": 0.000750, "neg_dist": 3.559514, "pos_dist": 4.115348, "time_diff": 43.070000, "triplet": 0.930118}
[08/11 09:57:33][INFO] utils.logging:   91: {"_type": "val_epoch", "epoch": "12/30", "loss": 1.199074}
[08/11 09:57:33][INFO] __main__:  153: Best checkpoint: output/frame_selector/ssv2_ViT-B16_BiMHM/frame_selector_best.pth (loss=1.199074)
[08/11 09:57:33][INFO] __main__:  430: New best val loss: 1.199074 at epoch 11
[08/11 09:57:34][INFO] utils.logging:   91: {"_type": "train_iter", "epoch": "13/30", "eta": "0:13:05", "iter": "1/8376", "loss": 1.069363, "lr": 0.000698, "neg_dist": 3.595236, "pos_dist": 3.918685, "time_diff": 0.070000, "triplet": 0.700529}
[08/11 09:57:35][INFO] utils.logging:   91: {"_type": "train_iter", "epoch": "13/30", "eta": "0:13:04", "iter": "201/8376", "loss": 1.441653, "lr": 0.000698, "neg_dist": 3.140599, "pos_dist": 3.936048, "time_diff": 1.150000, "triplet": 1.095449}
[08/11 09:57:36][INFO] utils.logging:   91: {"_type": "train_iter", "epoch": "13/30", "eta": "0:13:03", "iter": "401/8376", "loss": 1.115333, "lr": 0.000698, "neg_dist": 3.015929, "pos_dist": 3.314225, "time_diff": 2.190000, "triplet": 0.895157}
[08/11 09:57:37][INFO] utils.logging:   91: {"_type": "train_iter", "epoch": "13/30", "eta": "0:13:02", "iter": "601/8376", "loss": 0.976746, "lr": 0.000698, "neg_dist": 4.418122, "pos_dist": 4.591657, "time_diff": 3.200000, "triplet": 0.585701}
[08/11 09:57:38][INFO] utils.logging:   91: {"_type": "train_iter", "epoch": "13/30", "eta": "0:13:01", "iter": "801/8376", "loss": 1.363498, "lr": 0.000698, "neg_dist": 3.095662, "pos_dist": 3.802914, "time_diff": 4.230000, "triplet": 1.027404}
[08/11 09:57:39][INFO] utils.logging:   91: {"_type": "train_iter", "epoch": "13/30", "eta": "0:13:00", "iter": "1001/8376", "loss": 0.710826, "lr": 0.000698, "neg_dist": 3.428288, "pos_dist": 3.482080, "time_diff": 5.290000, "triplet": 0.401788}
[08/11 09:57:40][INFO] utils.logging:   91: {"_type": "train_iter", "epoch": "13/30", "eta": "0:12:59", "iter": "1201/8376", "loss": 1.511875, "lr": 0.000698, "neg_dist": 4.003531, "pos_dist": 4.842310, "time_diff": 6.320000, "triplet": 1.162444}
[08/11 09:57:41][INFO] utils.logging:   91: {"_type": "train_iter", "epoch": "13/30", "eta": "0:12:58", "iter": "1401/8376", "loss": 1.836024, "lr": 0.000698, "neg_dist": 3.287200, "pos_dist": 4.469014, "time_diff": 7.370000, "triplet": 1.481813}
[08/11 09:57:42][INFO] utils.logging:   91: {"_type": "train_iter", "epoch": "13/30", "eta": "0:12:57", "iter": "1601/8376", "loss": 1.238702, "lr": 0.000698, "neg_dist": 3.213710, "pos_dist": 3.910355, "time_diff": 8.380000, "triplet": 0.996645}
[08/11 09:57:43][INFO] utils.logging:   91: {"_type": "train_iter", "epoch": "13/30", "eta": "0:12:55", "iter": "1801/8376", "loss": 1.253131, "lr": 0.000698, "neg_dist": 2.973357, "pos_dist": 3.622747, "time_diff": 9.430000, "triplet": 0.949390}
[08/11 09:57:44][INFO] utils.logging:   91: {"_type": "train_iter", "epoch": "13/30", "eta": "0:12:54", "iter": "2001/8376", "loss": 0.822806, "lr": 0.000698, "neg_dist": 3.165072, "pos_dist": 3.446747, "time_diff": 10.430000, "triplet": 0.581675}
[08/11 09:57:45][INFO] utils.logging:   91: {"_type": "train_iter", "epoch": "13/30", "eta": "0:12:53", "iter": "2201/8376", "loss": 1.079889, "lr": 0.000698, "neg_dist": 3.623934, "pos_dist": 4.180286, "time_diff": 11.450000, "triplet": 0.857404}
[08/11 09:57:46][INFO] utils.logging:   91: {"_type": "train_iter", "epoch": "13/30", "eta": "0:12:52", "iter": "2401/8376", "loss": 1.261361, "lr": 0.000698, "neg_dist": 3.504920, "pos_dist": 4.213084, "time_diff": 12.480000, "triplet": 1.008163}
[08/11 09:57:47][INFO] utils.logging:   91: {"_type": "train_iter", "epoch": "13/30", "eta": "0:12:51", "iter": "2601/8376", "loss": 1.085338, "lr": 0.000698, "neg_dist": 3.900296, "pos_dist": 4.292971, "time_diff": 13.500000, "triplet": 0.854592}
[08/11 09:57:48][INFO] utils.logging:   91: {"_type": "train_iter", "epoch": "13/30", "eta": "0:12:50", "iter": "2801/8376", "loss": 1.188808, "lr": 0.000698, "neg_dist": 3.385102, "pos_dist": 4.028882, "time_diff": 14.530000, "triplet": 0.948663}
[08/11 09:57:49][INFO] utils.logging:   91: {"_type": "train_iter", "epoch": "13/30", "eta": "0:12:49", "iter": "3001/8376", "loss": 0.973226, "lr": 0.000698, "neg_dist": 3.425499, "pos_dist": 3.700736, "time_diff": 15.560000, "triplet": 0.672607}
[08/11 09:57:50][INFO] utils.logging:   91: {"_type": "train_iter", "epoch": "13/30", "eta": "0:12:48", "iter": "3201/8376", "loss": 1.473369, "lr": 0.000698, "neg_dist": 3.315174, "pos_dist": 4.130636, "time_diff": 16.580000, "triplet": 1.125235}
[08/11 09:57:51][INFO] utils.logging:   91: {"_type": "train_iter", "epoch": "13/30", "eta": "0:12:47", "iter": "3401/8376", "loss": 0.553198, "lr": 0.000698, "neg_dist": 3.984635, "pos_dist": 3.809839, "time_diff": 17.590000, "triplet": 0.318155}
[08/11 09:57:52][INFO] utils.logging:   91: {"_type": "train_iter", "epoch": "13/30", "eta": "0:12:46", "iter": "3601/8376", "loss": 1.146354, "lr": 0.000698, "neg_dist": 3.708327, "pos_dist": 4.206760, "time_diff": 18.650000, "triplet": 0.798433}
[08/11 09:57:53][INFO] utils.logging:   91: {"_type": "train_iter", "epoch": "13/30", "eta": "0:12:45", "iter": "3801/8376", "loss": 1.105686, "lr": 0.000698, "neg_dist": 3.407649, "pos_dist": 3.897404, "time_diff": 19.700000, "triplet": 0.807701}
[08/11 09:57:54][INFO] utils.logging:   91: {"_type": "train_iter", "epoch": "13/30", "eta": "0:12:44", "iter": "4001/8376", "loss": 1.007028, "lr": 0.000698, "neg_dist": 3.308415, "pos_dist": 3.711255, "time_diff": 20.710000, "triplet": 0.702840}
[08/11 09:57:55][INFO] utils.logging:   91: {"_type": "train_iter", "epoch": "13/30", "eta": "0:12:43", "iter": "4201/8376", "loss": 0.999910, "lr": 0.000698, "neg_dist": 3.162721, "pos_dist": 3.288369, "time_diff": 21.740000, "triplet": 0.746214}
[08/11 09:57:56][INFO] utils.logging:   91: {"_type": "train_iter", "epoch": "13/30", "eta": "0:12:42", "iter": "4401/8376", "loss": 1.346477, "lr": 0.000698, "neg_dist": 3.992781, "pos_dist": 4.737548, "time_diff": 22.770000, "triplet": 1.048245}
[08/11 09:57:57][INFO] utils.logging:   91: {"_type": "train_iter", "epoch": "13/30", "eta": "0:12:41", "iter": "4601/8376", "loss": 1.439038, "lr": 0.000698, "neg_dist": 4.086374, "pos_dist": 4.874506, "time_diff": 23.760000, "triplet": 1.114856}
[08/11 09:57:58][INFO] utils.logging:   91: {"_type": "train_iter", "epoch": "13/30", "eta": "0:12:39", "iter": "4801/8376", "loss": 1.200507, "lr": 0.000698, "neg_dist": 3.590017, "pos_dist": 4.125683, "time_diff": 24.790000, "triplet": 0.873412}
[08/11 09:57:59][INFO] utils.logging:   91: {"_type": "train_iter", "epoch": "13/30", "eta": "0:12:38", "iter": "5001/8376", "loss": 0.998269, "lr": 0.000698, "neg_dist": 3.868043, "pos_dist": 4.019773, "time_diff": 25.820000, "triplet": 0.652381}
[08/11 09:58:00][INFO] utils.logging:   91: {"_type": "train_iter", "epoch": "13/30", "eta": "0:12:37", "iter": "5201/8376", "loss": 1.150733, "lr": 0.000698, "neg_dist": 3.087412, "pos_dist": 3.621270, "time_diff": 26.840000, "triplet": 0.855436}
[08/11 09:58:01][INFO] utils.logging:   91: {"_type": "train_iter", "epoch": "13/30", "eta": "0:12:36", "iter": "5401/8376", "loss": 1.264600, "lr": 0.000698, "neg_dist": 4.039688, "pos_dist": 4.689231, "time_diff": 27.850000, "triplet": 0.979376}
[08/11 09:58:02][INFO] utils.logging:   91: {"_type": "train_iter", "epoch": "13/30", "eta": "0:12:35", "iter": "5601/8376", "loss": 1.518239, "lr": 0.000698, "neg_dist": 4.048381, "pos_dist": 4.764493, "time_diff": 28.870000, "triplet": 1.089732}
[08/11 09:58:03][INFO] utils.logging:   91: {"_type": "train_iter", "epoch": "13/30", "eta": "0:12:34", "iter": "5801/8376", "loss": 0.950326, "lr": 0.000698, "neg_dist": 3.651448, "pos_dist": 4.061082, "time_diff": 29.860000, "triplet": 0.744900}
[08/11 09:58:04][INFO] utils.logging:   91: {"_type": "train_iter", "epoch": "13/30", "eta": "0:12:33", "iter": "6001/8376", "loss": 1.291105, "lr": 0.000698, "neg_dist": 2.787453, "pos_dist": 3.478955, "time_diff": 30.900000, "triplet": 0.991502}
[08/11 09:58:05][INFO] utils.logging:   91: {"_type": "train_iter", "epoch": "13/30", "eta": "0:12:32", "iter": "6201/8376", "loss": 1.359474, "lr": 0.000698, "neg_dist": 3.377810, "pos_dist": 4.032494, "time_diff": 31.900000, "triplet": 1.017263}
[08/11 09:58:06][INFO] utils.logging:   91: {"_type": "train_iter", "epoch": "13/30", "eta": "0:12:31", "iter": "6401/8376", "loss": 0.842099, "lr": 0.000698, "neg_dist": 3.172840, "pos_dist": 3.462776, "time_diff": 32.920000, "triplet": 0.649559}
[08/11 09:58:07][INFO] utils.logging:   91: {"_type": "train_iter", "epoch": "13/30", "eta": "0:12:30", "iter": "6601/8376", "loss": 1.455275, "lr": 0.000698, "neg_dist": 3.598787, "pos_dist": 4.449879, "time_diff": 33.970000, "triplet": 1.151091}
[08/11 09:58:08][INFO] utils.logging:   91: {"_type": "train_iter", "epoch": "13/30", "eta": "0:12:29", "iter": "6801/8376", "loss": 1.003174, "lr": 0.000698, "neg_dist": 3.358846, "pos_dist": 3.703294, "time_diff": 34.960000, "triplet": 0.644448}
[08/11 09:58:10][INFO] utils.logging:   91: {"_type": "train_iter", "epoch": "13/30", "eta": "0:12:28", "iter": "7001/8376", "loss": 1.315753, "lr": 0.000698, "neg_dist": 2.818859, "pos_dist": 3.451826, "time_diff": 36.040000, "triplet": 1.001439}
[08/11 09:58:11][INFO] utils.logging:   91: {"_type": "train_iter", "epoch": "13/30", "eta": "0:12:27", "iter": "7201/8376", "loss": 1.238559, "lr": 0.000698, "neg_dist": 3.489676, "pos_dist": 4.196330, "time_diff": 37.050000, "triplet": 1.006654}
[08/11 09:58:12][INFO] utils.logging:   91: {"_type": "train_iter", "epoch": "13/30", "eta": "0:12:26", "iter": "7401/8376", "loss": 1.575399, "lr": 0.000698, "neg_dist": 3.456265, "pos_dist": 4.398836, "time_diff": 38.070000, "triplet": 1.242571}
[08/11 09:58:13][INFO] utils.logging:   91: {"_type": "train_iter", "epoch": "13/30", "eta": "0:12:25", "iter": "7601/8376", "loss": 1.011408, "lr": 0.000698, "neg_dist": 3.291976, "pos_dist": 3.605963, "time_diff": 39.090000, "triplet": 0.679809}
[08/11 09:58:14][INFO] utils.logging:   91: {"_type": "train_iter", "epoch": "13/30", "eta": "0:12:23", "iter": "7801/8376", "loss": 1.262485, "lr": 0.000698, "neg_dist": 3.154958, "pos_dist": 3.800856, "time_diff": 40.120000, "triplet": 0.945898}
[08/11 09:58:15][INFO] utils.logging:   91: {"_type": "train_iter", "epoch": "13/30", "eta": "0:12:22", "iter": "8001/8376", "loss": 0.846497, "lr": 0.000698, "neg_dist": 3.772867, "pos_dist": 3.964867, "time_diff": 41.130000, "triplet": 0.501864}
[08/11 09:58:16][INFO] utils.logging:   91: {"_type": "train_iter", "epoch": "13/30", "eta": "0:12:21", "iter": "8201/8376", "loss": 1.016632, "lr": 0.000698, "neg_dist": 4.006081, "pos_dist": 4.366042, "time_diff": 42.150000, "triplet": 0.712513}
[08/11 09:58:17][INFO] utils.logging:   91: {"RAM": "14.50/125.63 GB", "_type": "train_epoch", "epoch": "13/30", "eta": "0:12:20", "gpu_mem": "0.39 GB", "loss": 1.217426, "lr": 0.000698, "neg_dist": 3.565573, "pos_dist": 4.120505, "time_diff": 43.060000, "triplet": 0.928187}
[08/11 09:58:17][INFO] utils.logging:   91: {"_type": "val_epoch", "epoch": "13/30", "loss": 1.235600}
[08/11 09:58:17][INFO] utils.logging:   91: {"_type": "train_iter", "epoch": "14/30", "eta": "0:12:21", "iter": "1/8376", "loss": 0.912039, "lr": 0.000643, "neg_dist": 3.769269, "pos_dist": 3.998508, "time_diff": 0.070000, "triplet": 0.630997}
[08/11 09:58:18][INFO] utils.logging:   91: {"_type": "train_iter", "epoch": "14/30", "eta": "0:12:20", "iter": "201/8376", "loss": 0.602066, "lr": 0.000643, "neg_dist": 3.231546, "pos_dist": 3.012842, "time_diff": 1.140000, "triplet": 0.357927}
[08/11 09:58:19][INFO] utils.logging:   91: {"_type": "train_iter", "epoch": "14/30", "eta": "0:12:19", "iter": "401/8376", "loss": 0.314978, "lr": 0.000643, "neg_dist": 3.575151, "pos_dist": 3.021803, "time_diff": 2.150000, "triplet": 0.072984}
[08/11 09:58:20][INFO] utils.logging:   91: {"_type": "train_iter", "epoch": "14/30", "eta": "0:12:18", "iter": "601/8376", "loss": 1.627711, "lr": 0.000643, "neg_dist": 3.820246, "pos_dist": 4.844430, "time_diff": 3.180000, "triplet": 1.324184}
[08/11 09:58:21][INFO] utils.logging:   91: {"_type": "train_iter", "epoch": "14/30", "eta": "0:12:17", "iter": "801/8376", "loss": 1.105297, "lr": 0.000643, "neg_dist": 3.701754, "pos_dist": 4.214840, "time_diff": 4.200000, "triplet": 0.820479}
[08/11 09:58:22][INFO] utils.logging:   91: {"_type": "train_iter", "epoch": "14/30", "eta": "0:12:16", "iter": "1001/8376", "loss": 1.889775, "lr": 0.000643, "neg_dist": 3.960753, "pos_dist": 5.235818, "time_diff": 5.240000, "triplet": 1.575064}
[08/11 09:58:23][INFO] utils.logging:   91: {"_type": "train_iter", "epoch": "14/30", "eta": "0:12:15", "iter": "1201/8376", "loss": 1.152678, "lr": 0.000643, "neg_dist": 3.305861, "pos_dist": 3.789994, "time_diff": 6.260000, "triplet": 0.813494}
[08/11 09:58:24][INFO] utils.logging:   91: {"_type": "train_iter", "epoch": "14/30", "eta": "0:12:14", "iter": "1401/8376", "loss": 1.707753, "lr": 0.000643, "neg_dist": 3.685092, "pos_dist": 4.859940, "time_diff": 7.280000, "triplet": 1.474847}
[08/11 09:58:25][INFO] utils.logging:   91: {"_type": "train_iter", "epoch": "14/30", "eta": "0:12:13", "iter": "1601/8376", "loss": 1.104201, "lr": 0.000643, "neg_dist": 3.387154, "pos_dist": 3.894927, "time_diff": 8.300000, "triplet": 0.852074}
[08/11 09:58:26][INFO] utils.logging:   91: {"_type": "train_iter", "epoch": "14/30", "eta": "0:12:12", "iter": "1801/8376", "loss": 0.877227, "lr": 0.000643, "neg_dist": 3.499882, "pos_dist": 3.896110, "time_diff": 9.340000, "triplet": 0.721914}
[08/11 09:58:27][INFO] utils.logging:   91: {"_type": "train_iter", "epoch": "14/30", "eta": "0:12:11", "iter": "2001/8376", "loss": 1.380063, "lr": 0.000643, "neg_dist": 4.178002, "pos_dist": 4.874471, "time_diff": 10.360000, "triplet": 1.077615}
[08/11 09:58:29][INFO] utils.logging:   91: {"_type": "train_iter", "epoch": "14/30", "eta": "0:12:10", "iter": "2201/8376", "loss": 1.265589, "lr": 0.000643, "neg_dist": 3.817293, "pos_dist": 4.488078, "time_diff": 11.370000, "triplet": 0.975118}
[08/11 09:58:30][INFO] utils.logging:   91: {"_type": "train_iter", "epoch": "14/30", "eta": "0:12:09", "iter": "2401/8376", "loss": 1.356831, "lr": 0.000643, "neg_dist": 4.033854, "pos_dist": 4.813025, "time_diff": 12.450000, "triplet": 1.118087}
[08/11 09:58:31][INFO] utils.logging:   91: {"_type": "train_iter", "epoch": "14/30", "eta": "0:12:08", "iter": "2601/8376", "loss": 1.051983, "lr": 0.000643, "neg_dist": 3.057863, "pos_dist": 3.392377, "time_diff": 13.450000, "triplet": 0.779438}
[08/11 09:58:32][INFO] utils.logging:   91: {"_type": "train_iter", "epoch": "14/30", "eta": "0:12:06", "iter": "2801/8376", "loss": 1.288313, "lr": 0.000643, "neg_dist": 3.658115, "pos_dist": 4.320378, "time_diff": 14.480000, "triplet": 1.007914}
[08/11 09:58:33][INFO] utils.logging:   91: {"_type": "train_iter", "epoch": "14/30", "eta": "0:12:05", "iter": "3001/8376", "loss": 1.668129, "lr": 0.000643, "neg_dist": 3.858544, "pos_dist": 4.903631, "time_diff": 15.500000, "triplet": 1.345087}
[08/11 09:58:34][INFO] utils.logging:   91: {"_type": "train_iter", "epoch": "14/30", "eta": "0:12:04", "iter": "3201/8376", "loss": 1.695276, "lr": 0.000643, "neg_dist": 3.105528, "pos_dist": 4.162439, "time_diff": 16.530000, "triplet": 1.356912}
[08/11 09:58:35][INFO] utils.logging:   91: {"_type": "train_iter", "epoch": "14/30", "eta": "0:12:03", "iter": "3401/8376", "loss": 1.139722, "lr": 0.000643, "neg_dist": 3.869399, "pos_dist": 4.351166, "time_diff": 17.540000, "triplet": 0.816994}
[08/11 09:58:36][INFO] utils.logging:   91: {"_type": "train_iter", "epoch": "14/30", "eta": "0:12:02", "iter": "3601/8376", "loss": 0.503777, "lr": 0.000643, "neg_dist": 4.144715, "pos_dist": 3.728354, "time_diff": 18.550000, "triplet": 0.291589}
[08/11 09:58:37][INFO] utils.logging:   91: {"_type": "train_iter", "epoch": "14/30", "eta": "0:12:01", "iter": "3801/8376", "loss": 1.182508, "lr": 0.000643, "neg_dist": 4.163976, "pos_dist": 4.531693, "time_diff": 19.560000, "triplet": 0.846307}
[08/11 09:58:38][INFO] utils.logging:   91: {"_type": "train_iter", "epoch": "14/30", "eta": "0:12:00", "iter": "4001/8376", "loss": 1.294993, "lr": 0.000643, "neg_dist": 3.366890, "pos_dist": 3.625401, "time_diff": 20.620000, "triplet": 0.974793}
[08/11 09:58:39][INFO] utils.logging:   91: {"_type": "train_iter", "epoch": "14/30", "eta": "0:11:59", "iter": "4201/8376", "loss": 1.415407, "lr": 0.000643, "neg_dist": 3.566413, "pos_dist": 4.334933, "time_diff": 21.630000, "triplet": 1.068520}
[08/11 09:58:40][INFO] utils.logging:   91: {"_type": "train_iter", "epoch": "14/30", "eta": "0:11:58", "iter": "4401/8376", "loss": 1.897700, "lr": 0.000643, "neg_dist": 3.584794, "pos_dist": 4.893517, "time_diff": 22.680000, "triplet": 1.608722}
[08/11 09:58:41][INFO] utils.logging:   91: {"_type": "train_iter", "epoch": "14/30", "eta": "0:11:57", "iter": "4601/8376", "loss": 1.187154, "lr": 0.000643, "neg_dist": 3.341120, "pos_dist": 3.916033, "time_diff": 23.710000, "triplet": 0.930258}
[08/11 09:58:42][INFO] utils.logging:   91: {"_type": "train_iter", "epoch": "14/30", "eta": "0:11:56", "iter": "4801/8376", "loss": 1.526767, "lr": 0.000643, "neg_dist": 3.651500, "pos_dist": 4.511509, "time_diff": 24.760000, "triplet": 1.160009}
[08/11 09:58:43][INFO] utils.logging:   91: {"_type": "train_iter", "epoch": "14/30", "eta": "0:11:55", "iter": "5001/8376", "loss": 1.057119, "lr": 0.000643, "neg_dist": 3.327041, "pos_dist": 3.816313, "time_diff": 25.780000, "triplet": 0.793128}
[08/11 09:58:44][INFO] utils.logging:   91: {"_type": "train_iter", "epoch": "14/30", "eta": "0:11:54", "iter": "5201/8376", "loss": 1.300871, "lr": 0.000643, "neg_dist": 3.890018, "pos_dist": 4.517052, "time_diff": 26.810000, "triplet": 0.927034}
[08/11 09:58:45][INFO] utils.logging:   91: {"_type": "train_iter", "epoch": "14/30", "eta": "0:11:53", "iter": "5401/8376", "loss": 1.596054, "lr": 0.000643, "neg_dist": 3.550445, "pos_dist": 4.516522, "time_diff": 27.860000, "triplet": 1.266077}
[08/11 09:58:46][INFO] utils.logging:   91: {"_type": "train_iter", "epoch": "14/30", "eta": "0:11:52", "iter": "5601/8376", "loss": 1.092394, "lr": 0.000643, "neg_dist": 3.588521, "pos_dist": 4.004052, "time_diff": 28.870000, "triplet": 0.739983}
[08/11 09:58:47][INFO] utils.logging:   91: {"_type": "train_iter", "epoch": "14/30", "eta": "0:11:51", "iter": "5801/8376", "loss": 1.457711, "lr": 0.000643, "neg_dist": 3.551329, "pos_dist": 4.410612, "time_diff": 29.910000, "triplet": 1.159283}
[08/11 09:58:48][INFO] utils.logging:   91: {"_type": "train_iter", "epoch": "14/30", "eta": "0:11:50", "iter": "6001/8376", "loss": 1.383400, "lr": 0.000643, "neg_dist": 2.959778, "pos_dist": 3.801757, "time_diff": 30.910000, "triplet": 1.141979}
[08/11 09:58:49][INFO] utils.logging:   91: {"_type": "train_iter", "epoch": "14/30", "eta": "0:11:48", "iter": "6201/8376", "loss": 1.285507, "lr": 0.000643, "neg_dist": 2.899010, "pos_dist": 3.485924, "time_diff": 31.940000, "triplet": 0.889605}
[08/11 09:58:50][INFO] utils.logging:   91: {"_type": "train_iter", "epoch": "14/30", "eta": "0:11:47", "iter": "6401/8376", "loss": 1.099781, "lr": 0.000643, "neg_dist": 3.036406, "pos_dist": 3.479885, "time_diff": 32.940000, "triplet": 0.761724}
[08/11 09:58:51][INFO] utils.logging:   91: {"_type": "train_iter", "epoch": "14/30", "eta": "0:11:46", "iter": "6601/8376", "loss": 1.276873, "lr": 0.000643, "neg_dist": 2.993484, "pos_dist": 3.590882, "time_diff": 34.000000, "triplet": 0.897399}
[08/11 09:58:52][INFO] utils.logging:   91: {"_type": "train_iter", "epoch": "14/30", "eta": "0:11:45", "iter": "6801/8376", "loss": 0.493223, "lr": 0.000643, "neg_dist": 3.179509, "pos_dist": 3.117501, "time_diff": 35.010000, "triplet": 0.298662}
[08/11 09:58:53][INFO] utils.logging:   91: {"_type": "train_iter", "epoch": "14/30", "eta": "0:11:44", "iter": "7001/8376", "loss": 1.348971, "lr": 0.000643, "neg_dist": 3.844162, "pos_dist": 4.679974, "time_diff": 36.030000, "triplet": 1.144556}
[08/11 09:58:54][INFO] utils.logging:   91: {"_type": "train_iter", "epoch": "14/30", "eta": "0:11:43", "iter": "7201/8376", "loss": 1.604837, "lr": 0.000643, "neg_dist": 3.823041, "pos_dist": 4.635404, "time_diff": 37.060000, "triplet": 1.300573}
[08/11 09:58:55][INFO] utils.logging:   91: {"_type": "train_iter", "epoch": "14/30", "eta": "0:11:42", "iter": "7401/8376", "loss": 1.543269, "lr": 0.000643, "neg_dist": 3.758698, "pos_dist": 4.653151, "time_diff": 38.090000, "triplet": 1.194453}
[08/11 09:58:56][INFO] utils.logging:   91: {"_type": "train_iter", "epoch": "14/30", "eta": "0:11:41", "iter": "7601/8376", "loss": 1.244136, "lr": 0.000643, "neg_dist": 4.161451, "pos_dist": 4.784519, "time_diff": 39.110000, "triplet": 0.998063}
[08/11 09:58:57][INFO] utils.logging:   91: {"_type": "train_iter", "epoch": "14/30", "eta": "0:11:40", "iter": "7801/8376", "loss": 1.958573, "lr": 0.000643, "neg_dist": 4.236154, "pos_dist": 5.566918, "time_diff": 40.170000, "triplet": 1.678760}
[08/11 09:58:58][INFO] utils.logging:   91: {"_type": "train_iter", "epoch": "14/30", "eta": "0:11:39", "iter": "8001/8376", "loss": 1.228098, "lr": 0.000643, "neg_dist": 3.482214, "pos_dist": 4.059108, "time_diff": 41.200000, "triplet": 0.906704}
[08/11 09:58:59][INFO] utils.logging:   91: {"_type": "train_iter", "epoch": "14/30", "eta": "0:11:38", "iter": "8201/8376", "loss": 1.615803, "lr": 0.000643, "neg_dist": 2.882585, "pos_dist": 3.837203, "time_diff": 42.240000, "triplet": 1.254618}
[08/11 09:59:00][INFO] utils.logging:   91: {"RAM": "14.56/125.63 GB", "_type": "train_epoch", "epoch": "14/30", "eta": "0:11:37", "gpu_mem": "0.39 GB", "loss": 1.217485, "lr": 0.000643, "neg_dist": 3.576136, "pos_dist": 4.127127, "time_diff": 43.170000, "triplet": 0.928204}
[08/11 09:59:01][INFO] utils.logging:   91: {"_type": "val_epoch", "epoch": "14/30", "loss": 1.232661}
[08/11 09:59:01][INFO] utils.logging:   91: {"_type": "train_iter", "epoch": "15/30", "eta": "0:11:38", "iter": "1/8376", "loss": 1.099081, "lr": 0.000587, "neg_dist": 3.880003, "pos_dist": 4.401411, "time_diff": 0.070000, "triplet": 0.857380}
[08/11 09:59:02][INFO] utils.logging:   91: {"_type": "train_iter", "epoch": "15/30", "eta": "0:11:37", "iter": "201/8376", "loss": 1.059603, "lr": 0.000587, "neg_dist": 3.566708, "pos_dist": 3.841808, "time_diff": 1.140000, "triplet": 0.773758}
[08/11 09:59:03][INFO] utils.logging:   91: {"_type": "train_iter", "epoch": "15/30", "eta": "0:11:36", "iter": "401/8376", "loss": 1.177221, "lr": 0.000587, "neg_dist": 3.659110, "pos_dist": 4.253386, "time_diff": 2.160000, "triplet": 0.957695}
[08/11 09:59:04][INFO] utils.logging:   91: {"_type": "train_iter", "epoch": "15/30", "eta": "0:11:35", "iter": "601/8376", "loss": 1.024837, "lr": 0.000587, "neg_dist": 3.205769, "pos_dist": 3.702652, "time_diff": 3.220000, "triplet": 0.796883}
[08/11 09:59:05][INFO] utils.logging:   91: {"_type": "train_iter", "epoch": "15/30", "eta": "0:11:34", "iter": "801/8376", "loss": 0.713611, "lr": 0.000587, "neg_dist": 3.751251, "pos_dist": 3.329086, "time_diff": 4.240000, "triplet": 0.502005}
[08/11 09:59:06][INFO] utils.logging:   91: {"_type": "train_iter", "epoch": "15/30", "eta": "0:11:33", "iter": "1001/8376", "loss": 1.279588, "lr": 0.000587, "neg_dist": 2.928580, "pos_dist": 3.659353, "time_diff": 5.270000, "triplet": 1.030773}
[08/11 09:59:07][INFO] utils.logging:   91: {"_type": "train_iter", "epoch": "15/30", "eta": "0:11:32", "iter": "1201/8376", "loss": 1.260329, "lr": 0.000587, "neg_dist": 3.269989, "pos_dist": 3.900352, "time_diff": 6.290000, "triplet": 0.930362}
[08/11 09:59:08][INFO] utils.logging:   91: {"_type": "train_iter", "epoch": "15/30", "eta": "0:11:30", "iter": "1401/8376", "loss": 1.649947, "lr": 0.000587, "neg_dist": 3.860287, "pos_dist": 4.945017, "time_diff": 7.320000, "triplet": 1.384730}
[08/11 09:59:09][INFO] utils.logging:   91: {"_type": "train_iter", "epoch": "15/30", "eta": "0:11:29", "iter": "1601/8376", "loss": 1.238703, "lr": 0.000587, "neg_dist": 3.358858, "pos_dist": 3.861871, "time_diff": 8.340000, "triplet": 0.962645}
[08/11 09:59:10][INFO] utils.logging:   91: {"_type": "train_iter", "epoch": "15/30", "eta": "0:11:28", "iter": "1801/8376", "loss": 0.518789, "lr": 0.000587, "neg_dist": 3.687360, "pos_dist": 3.470241, "time_diff": 9.350000, "triplet": 0.188583}
[08/11 09:59:11][INFO] utils.logging:   91: {"_type": "train_iter", "epoch": "15/30", "eta": "0:11:27", "iter": "2001/8376", "loss": 1.218273, "lr": 0.000587, "neg_dist": 3.773036, "pos_dist": 4.322199, "time_diff": 10.370000, "triplet": 0.895221}
[08/11 09:59:12][INFO] utils.logging:   91: {"_type": "train_iter", "epoch": "15/30", "eta": "0:11:26", "iter": "2201/8376", "loss": 1.350643, "lr": 0.000587, "neg_dist": 3.397596, "pos_dist": 4.066305, "time_diff": 11.400000, "triplet": 0.998782}
[08/11 09:59:13][INFO] utils.logging:   91: {"_type": "train_iter", "epoch": "15/30", "eta": "0:11:25", "iter": "2401/8376", "loss": 1.225431, "lr": 0.000587, "neg_dist": 3.353834, "pos_dist": 4.048668, "time_diff": 12.460000, "triplet": 0.994833}
[08/11 09:59:14][INFO] utils.logging:   91: {"_type": "train_iter", "epoch": "15/30", "eta": "0:11:24", "iter": "2601/8376", "loss": 1.197659, "lr": 0.000587, "neg_dist": 3.006858, "pos_dist": 3.617244, "time_diff": 13.470000, "triplet": 0.920073}
[08/11 09:59:15][INFO] utils.logging:   91: {"_type": "train_iter", "epoch": "15/30", "eta": "0:11:23", "iter": "2801/8376", "loss": 0.967201, "lr": 0.000587, "neg_dist": 3.297473, "pos_dist": 3.487417, "time_diff": 14.510000, "triplet": 0.661958}
[08/11 09:59:16][INFO] utils.logging:   91: {"_type": "train_iter", "epoch": "15/30", "eta": "0:11:22", "iter": "3001/8376", "loss": 1.123087, "lr": 0.000587, "neg_dist": 4.217673, "pos_dist": 4.757556, "time_diff": 15.520000, "triplet": 0.869422}
[08/11 09:59:17][INFO] utils.logging:   91: {"_type": "train_iter", "epoch": "15/30", "eta": "0:11:21", "iter": "3201/8376", "loss": 1.286649, "lr": 0.000587, "neg_dist": 4.127823, "pos_dist": 4.794281, "time_diff": 16.540000, "triplet": 0.966457}
[08/11 09:59:18][INFO] utils.logging:   91: {"_type": "train_iter", "epoch": "15/30", "eta": "0:11:20", "iter": "3401/8376", "loss": 1.186810, "lr": 0.000587, "neg_dist": 3.138256, "pos_dist": 3.597585, "time_diff": 17.550000, "triplet": 0.883631}
[08/11 09:59:20][INFO] utils.logging:   91: {"_type": "train_iter", "epoch": "15/30", "eta": "0:11:19", "iter": "3601/8376", "loss": 1.247051, "lr": 0.000587, "neg_dist": 3.757696, "pos_dist": 4.410333, "time_diff": 18.610000, "triplet": 0.970347}
[08/11 09:59:21][INFO] utils.logging:   91: {"_type": "train_iter", "epoch": "15/30", "eta": "0:11:18", "iter": "3801/8376", "loss": 1.860990, "lr": 0.000587, "neg_dist": 3.700329, "pos_dist": 4.969268, "time_diff": 19.620000, "triplet": 1.568939}
[08/11 09:59:22][INFO] utils.logging:   91: {"_type": "train_iter", "epoch": "15/30", "eta": "0:11:17", "iter": "4001/8376", "loss": 1.146111, "lr": 0.000587, "neg_dist": 3.712018, "pos_dist": 4.323294, "time_diff": 20.650000, "triplet": 0.915875}
[08/11 09:59:23][INFO] utils.logging:   91: {"_type": "train_iter", "epoch": "15/30", "eta": "0:11:16", "iter": "4201/8376", "loss": 1.661098, "lr": 0.000587, "neg_dist": 4.043139, "pos_dist": 5.091276, "time_diff": 21.660000, "triplet": 1.348138}
[08/11 09:59:24][INFO] utils.logging:   91: {"_type": "train_iter", "epoch": "15/30", "eta": "0:11:15", "iter": "4401/8376", "loss": 1.693119, "lr": 0.000587, "neg_dist": 3.490537, "pos_dist": 4.661448, "time_diff": 22.660000, "triplet": 1.470911}
[08/11 09:59:25][INFO] utils.logging:   91: {"_type": "train_iter", "epoch": "15/30", "eta": "0:11:14", "iter": "4601/8376", "loss": 1.023553, "lr": 0.000587, "neg_dist": 3.162348, "pos_dist": 3.531841, "time_diff": 23.710000, "triplet": 0.736658}
[08/11 09:59:26][INFO] utils.logging:   91: {"_type": "train_iter", "epoch": "15/30", "eta": "0:11:12", "iter": "4801/8376", "loss": 1.306766, "lr": 0.000587, "neg_dist": 3.882729, "pos_dist": 4.387938, "time_diff": 24.740000, "triplet": 0.984606}
[08/11 09:59:27][INFO] utils.logging:   91: {"_type": "train_iter", "epoch": "15/30", "eta": "0:11:11", "iter": "5001/8376", "loss": 1.383376, "lr": 0.000587, "neg_dist": 3.555877, "pos_dist": 4.433939, "time_diff": 25.770000, "triplet": 1.178062}
[08/11 09:59:28][INFO] utils.logging:   91: {"_type": "train_iter", "epoch": "15/30", "eta": "0:11:10", "iter": "5201/8376", "loss": 1.707181, "lr": 0.000587, "neg_dist": 4.246865, "pos_dist": 5.139525, "time_diff": 26.800000, "triplet": 1.426152}
[08/11 09:59:29][INFO] utils.logging:   91: {"_type": "train_iter", "epoch": "15/30", "eta": "0:11:09", "iter": "5401/8376", "loss": 1.335024, "lr": 0.000587, "neg_dist": 3.922489, "pos_dist": 4.579657, "time_diff": 27.830000, "triplet": 0.957169}
[08/11 09:59:30][INFO] utils.logging:   91: {"_type": "train_iter", "epoch": "15/30", "eta": "0:11:08", "iter": "5601/8376", "loss": 1.844476, "lr": 0.000587, "neg_dist": 3.040506, "pos_dist": 4.314663, "time_diff": 28.870000, "triplet": 1.574157}
[08/11 09:59:31][INFO] utils.logging:   91: {"_type": "train_iter", "epoch": "15/30", "eta": "0:11:07", "iter": "5801/8376", "loss": 0.970800, "lr": 0.000587, "neg_dist": 2.895229, "pos_dist": 3.177578, "time_diff": 29.900000, "triplet": 0.634197}
[08/11 09:59:32][INFO] utils.logging:   91: {"_type": "train_iter", "epoch": "15/30", "eta": "0:11:06", "iter": "6001/8376", "loss": 1.137415, "lr": 0.000587, "neg_dist": 3.098560, "pos_dist": 3.742249, "time_diff": 30.920000, "triplet": 0.943689}
[08/11 09:59:33][INFO] utils.logging:   91: {"_type": "train_iter", "epoch": "15/30", "eta": "0:11:05", "iter": "6201/8376", "loss": 1.300655, "lr": 0.000587, "neg_dist": 3.971601, "pos_dist": 4.448452, "time_diff": 31.940000, "triplet": 0.981539}
[08/11 09:59:34][INFO] utils.logging:   91: {"_type": "train_iter", "epoch": "15/30", "eta": "0:11:04", "iter": "6401/8376", "loss": 0.931713, "lr": 0.000587, "neg_dist": 3.657311, "pos_dist": 3.866547, "time_diff": 32.960000, "triplet": 0.629605}
[08/11 09:59:35][INFO] utils.logging:   91: {"_type": "train_iter", "epoch": "15/30", "eta": "0:11:03", "iter": "6601/8376", "loss": 0.896218, "lr": 0.000587, "neg_dist": 4.217129, "pos_dist": 4.337501, "time_diff": 33.980000, "triplet": 0.701075}
[08/11 09:59:36][INFO] utils.logging:   91: {"_type": "train_iter", "epoch": "15/30", "eta": "0:11:02", "iter": "6801/8376", "loss": 1.285441, "lr": 0.000587, "neg_dist": 3.623428, "pos_dist": 4.256524, "time_diff": 34.990000, "triplet": 0.988057}
[08/11 09:59:37][INFO] utils.logging:   91: {"_type": "train_iter", "epoch": "15/30", "eta": "0:11:01", "iter": "7001/8376", "loss": 0.960284, "lr": 0.000587, "neg_dist": 3.357784, "pos_dist": 3.682934, "time_diff": 36.020000, "triplet": 0.688988}
[08/11 09:59:38][INFO] utils.logging:   91: {"_type": "train_iter", "epoch": "15/30", "eta": "0:11:00", "iter": "7201/8376", "loss": 1.258700, "lr": 0.000587, "neg_dist": 3.170165, "pos_dist": 3.745577, "time_diff": 37.040000, "triplet": 0.897947}
[08/11 09:59:39][INFO] utils.logging:   91: {"_type": "train_iter", "epoch": "15/30", "eta": "0:10:59", "iter": "7401/8376", "loss": 1.097214, "lr": 0.000587, "neg_dist": 4.173183, "pos_dist": 4.607231, "time_diff": 38.060000, "triplet": 0.843723}
[08/11 09:59:40][INFO] utils.logging:   91: {"_type": "train_iter", "epoch": "15/30", "eta": "0:10:58", "iter": "7601/8376", "loss": 1.220622, "lr": 0.000587, "neg_dist": 4.713980, "pos_dist": 5.256124, "time_diff": 39.090000, "triplet": 0.963728}
[08/11 09:59:41][INFO] utils.logging:   91: {"_type": "train_iter", "epoch": "15/30", "eta": "0:10:57", "iter": "7801/8376", "loss": 1.546336, "lr": 0.000587, "neg_dist": 3.473242, "pos_dist": 4.361570, "time_diff": 40.100000, "triplet": 1.274187}
[08/11 09:59:42][INFO] utils.logging:   91: {"_type": "train_iter", "epoch": "15/30", "eta": "0:10:56", "iter": "8001/8376", "loss": 0.907380, "lr": 0.000587, "neg_dist": 2.763713, "pos_dist": 3.088354, "time_diff": 41.130000, "triplet": 0.633529}
[08/11 09:59:43][INFO] utils.logging:   91: {"_type": "train_iter", "epoch": "15/30", "eta": "0:10:54", "iter": "8201/8376", "loss": 1.084767, "lr": 0.000587, "neg_dist": 2.939791, "pos_dist": 3.414182, "time_diff": 42.150000, "triplet": 0.794631}
[08/11 09:59:44][INFO] utils.logging:   91: {"RAM": "14.50/125.63 GB", "_type": "train_epoch", "epoch": "15/30", "eta": "0:10:54", "gpu_mem": "0.39 GB", "loss": 1.218538, "lr": 0.000587, "neg_dist": 3.561657, "pos_dist": 4.116925, "time_diff": 43.080000, "triplet": 0.928970}
[08/11 09:59:45][INFO] utils.logging:   91: {"_type": "val_epoch", "epoch": "15/30", "loss": 1.260714}
[08/11 09:59:45][INFO] utils.logging:   91: {"_type": "train_iter", "epoch": "16/30", "eta": "0:10:54", "iter": "1/8376", "loss": 1.469327, "lr": 0.000529, "neg_dist": 3.089086, "pos_dist": 4.007721, "time_diff": 0.080000, "triplet": 1.218635}
[08/11 09:59:46][INFO] utils.logging:   91: {"_type": "train_iter", "epoch": "16/30", "eta": "0:10:53", "iter": "201/8376", "loss": 1.171264, "lr": 0.000529, "neg_dist": 3.274747, "pos_dist": 3.762467, "time_diff": 1.110000, "triplet": 0.811625}
[08/11 09:59:47][INFO] utils.logging:   91: {"_type": "train_iter", "epoch": "16/30", "eta": "0:10:52", "iter": "401/8376", "loss": 1.275717, "lr": 0.000529, "neg_dist": 4.328198, "pos_dist": 4.983124, "time_diff": 2.130000, "triplet": 0.974941}
[08/11 09:59:48][INFO] utils.logging:   91: {"_type": "train_iter", "epoch": "16/30", "eta": "0:10:51", "iter": "601/8376", "loss": 0.915992, "lr": 0.000529, "neg_dist": 3.281540, "pos_dist": 3.373133, "time_diff": 3.180000, "triplet": 0.557325}
[08/11 09:59:49][INFO] utils.logging:   91: {"_type": "train_iter", "epoch": "16/30", "eta": "0:10:50", "iter": "801/8376", "loss": 1.465232, "lr": 0.000529, "neg_dist": 3.162334, "pos_dist": 3.970572, "time_diff": 4.200000, "triplet": 1.122109}
[08/11 09:59:50][INFO] utils.logging:   91: {"_type": "train_iter", "epoch": "16/30", "eta": "0:10:49", "iter": "1001/8376", "loss": 1.007984, "lr": 0.000529, "neg_dist": 3.807392, "pos_dist": 4.112772, "time_diff": 5.240000, "triplet": 0.643598}
[08/11 09:59:51][INFO] utils.logging:   91: {"_type": "train_iter", "epoch": "16/30", "eta": "0:10:48", "iter": "1201/8376", "loss": 0.924471, "lr": 0.000529, "neg_dist": 3.764381, "pos_dist": 3.665547, "time_diff": 6.300000, "triplet": 0.646173}
[08/11 09:59:52][INFO] utils.logging:   91: {"_type": "train_iter", "epoch": "16/30", "eta": "0:10:47", "iter": "1401/8376", "loss": 1.404780, "lr": 0.000529, "neg_dist": 3.119908, "pos_dist": 3.925598, "time_diff": 7.310000, "triplet": 1.105690}
[08/11 09:59:53][INFO] utils.logging:   91: {"_type": "train_iter", "epoch": "16/30", "eta": "0:10:46", "iter": "1601/8376", "loss": 1.102460, "lr": 0.000529, "neg_dist": 4.243960, "pos_dist": 4.795928, "time_diff": 8.350000, "triplet": 0.872303}
[08/11 09:59:54][INFO] utils.logging:   91: {"_type": "train_iter", "epoch": "16/30", "eta": "0:10:45", "iter": "1801/8376", "loss": 1.134481, "lr": 0.000529, "neg_dist": 3.853590, "pos_dist": 4.383829, "time_diff": 9.370000, "triplet": 0.860312}
[08/11 09:59:55][INFO] utils.logging:   91: {"_type": "train_iter", "epoch": "16/30", "eta": "0:10:44", "iter": "2001/8376", "loss": 1.597549, "lr": 0.000529, "neg_dist": 3.828687, "pos_dist": 4.821830, "time_diff": 10.390000, "triplet": 1.318954}
[08/11 09:59:56][INFO] utils.logging:   91: {"_type": "train_iter", "epoch": "16/30", "eta": "0:10:43", "iter": "2201/8376", "loss": 0.703181, "lr": 0.000529, "neg_dist": 3.372386, "pos_dist": 3.374957, "time_diff": 11.410000, "triplet": 0.458889}
[08/11 09:59:57][INFO] utils.logging:   91: {"_type": "train_iter", "epoch": "16/30", "eta": "0:10:42", "iter": "2401/8376", "loss": 1.264901, "lr": 0.000529, "neg_dist": 2.889540, "pos_dist": 3.556926, "time_diff": 12.430000, "triplet": 0.972273}
[08/11 09:59:58][INFO] utils.logging:   91: {"_type": "train_iter", "epoch": "16/30", "eta": "0:10:41", "iter": "2601/8376", "loss": 0.901412, "lr": 0.000529, "neg_dist": 3.908635, "pos_dist": 3.756650, "time_diff": 13.470000, "triplet": 0.610656}
[08/11 09:59:59][INFO] utils.logging:   91: {"_type": "train_iter", "epoch": "16/30", "eta": "0:10:39", "iter": "2801/8376", "loss": 1.355939, "lr": 0.000529, "neg_dist": 4.128681, "pos_dist": 4.787445, "time_diff": 14.490000, "triplet": 1.006097}
[08/11 10:00:00][INFO] utils.logging:   91: {"_type": "train_iter", "epoch": "16/30", "eta": "0:10:38", "iter": "3001/8376", "loss": 0.975956, "lr": 0.000529, "neg_dist": 3.842846, "pos_dist": 4.147534, "time_diff": 15.510000, "triplet": 0.724919}
[08/11 10:00:01][INFO] utils.logging:   91: {"_type": "train_iter", "epoch": "16/30", "eta": "0:10:37", "iter": "3201/8376", "loss": 0.917258, "lr": 0.000529, "neg_dist": 3.346229, "pos_dist": 3.577895, "time_diff": 16.510000, "triplet": 0.586770}
[08/11 10:00:02][INFO] utils.logging:   91: {"_type": "train_iter", "epoch": "16/30", "eta": "0:10:36", "iter": "3401/8376", "loss": 0.915758, "lr": 0.000529, "neg_dist": 3.972116, "pos_dist": 4.081118, "time_diff": 17.530000, "triplet": 0.571592}
[08/11 10:00:03][INFO] utils.logging:   91: {"_type": "train_iter", "epoch": "16/30", "eta": "0:10:35", "iter": "3601/8376", "loss": 1.265359, "lr": 0.000529, "neg_dist": 3.076626, "pos_dist": 3.772012, "time_diff": 18.550000, "triplet": 0.995385}
[08/11 10:00:04][INFO] utils.logging:   91: {"_type": "train_iter", "epoch": "16/30", "eta": "0:10:34", "iter": "3801/8376", "loss": 0.745570, "lr": 0.000529, "neg_dist": 3.339705, "pos_dist": 3.348301, "time_diff": 19.610000, "triplet": 0.416219}
[08/11 10:00:05][INFO] utils.logging:   91: {"_type": "train_iter", "epoch": "16/30", "eta": "0:10:33", "iter": "4001/8376", "loss": 1.696732, "lr": 0.000529, "neg_dist": 4.227743, "pos_dist": 5.351158, "time_diff": 20.620000, "triplet": 1.423415}
[08/11 10:00:06][INFO] utils.logging:   91: {"_type": "train_iter", "epoch": "16/30", "eta": "0:10:32", "iter": "4201/8376", "loss": 1.444542, "lr": 0.000529, "neg_dist": 3.400957, "pos_dist": 4.218614, "time_diff": 21.640000, "triplet": 1.117657}
[08/11 10:00:07][INFO] utils.logging:   91: {"_type": "train_iter", "epoch": "16/30", "eta": "0:10:31", "iter": "4401/8376", "loss": 1.057706, "lr": 0.000529, "neg_dist": 3.063422, "pos_dist": 3.472695, "time_diff": 22.660000, "triplet": 0.748537}
[08/11 10:00:08][INFO] utils.logging:   91: {"_type": "train_iter", "epoch": "16/30", "eta": "0:10:30", "iter": "4601/8376", "loss": 1.156333, "lr": 0.000529, "neg_dist": 3.181224, "pos_dist": 3.646271, "time_diff": 23.700000, "triplet": 0.773420}
[08/11 10:00:09][INFO] utils.logging:   91: {"_type": "train_iter", "epoch": "16/30", "eta": "0:10:29", "iter": "4801/8376", "loss": 1.466519, "lr": 0.000529, "neg_dist": 3.430969, "pos_dist": 4.247958, "time_diff": 24.710000, "triplet": 1.129438}
[08/11 10:00:10][INFO] utils.logging:   91: {"_type": "train_iter", "epoch": "16/30", "eta": "0:10:28", "iter": "5001/8376", "loss": 1.095896, "lr": 0.000529, "neg_dist": 4.338120, "pos_dist": 4.527684, "time_diff": 25.740000, "triplet": 0.718680}
[08/11 10:00:11][INFO] utils.logging:   91: {"_type": "train_iter", "epoch": "16/30", "eta": "0:10:27", "iter": "5201/8376", "loss": 1.048660, "lr": 0.000529, "neg_dist": 3.117209, "pos_dist": 3.495741, "time_diff": 26.760000, "triplet": 0.763884}
[08/11 10:00:12][INFO] utils.logging:   91: {"_type": "train_iter", "epoch": "16/30", "eta": "0:10:26", "iter": "5401/8376", "loss": 1.029903, "lr": 0.000529, "neg_dist": 3.482676, "pos_dist": 3.903981, "time_diff": 27.780000, "triplet": 0.778121}
[08/11 10:00:13][INFO] utils.logging:   91: {"_type": "train_iter", "epoch": "16/30", "eta": "0:10:25", "iter": "5601/8376", "loss": 1.500356, "lr": 0.000529, "neg_dist": 3.056982, "pos_dist": 3.984296, "time_diff": 28.800000, "triplet": 1.233661}
[08/11 10:00:14][INFO] utils.logging:   91: {"_type": "train_iter", "epoch": "16/30", "eta": "0:10:24", "iter": "5801/8376", "loss": 1.295831, "lr": 0.000529, "neg_dist": 3.608945, "pos_dist": 4.253382, "time_diff": 29.800000, "triplet": 0.977325}
[08/11 10:00:15][INFO] utils.logging:   91: {"_type": "train_iter", "epoch": "16/30", "eta": "0:10:22", "iter": "6001/8376", "loss": 1.191485, "lr": 0.000529, "neg_dist": 3.064766, "pos_dist": 3.669779, "time_diff": 30.810000, "triplet": 0.909791}
[08/11 10:00:16][INFO] utils.logging:   91: {"_type": "train_iter", "epoch": "16/30", "eta": "0:10:21", "iter": "6201/8376", "loss": 1.568290, "lr": 0.000529, "neg_dist": 3.505987, "pos_dist": 4.405121, "time_diff": 31.840000, "triplet": 1.265481}
[08/11 10:00:17][INFO] utils.logging:   91: {"_type": "train_iter", "epoch": "16/30", "eta": "0:10:20", "iter": "6401/8376", "loss": 1.274814, "lr": 0.000529, "neg_dist": 3.804643, "pos_dist": 4.489740, "time_diff": 32.870000, "triplet": 0.985097}
[08/11 10:00:18][INFO] utils.logging:   91: {"_type": "train_iter", "epoch": "16/30", "eta": "0:10:19", "iter": "6601/8376", "loss": 1.150084, "lr": 0.000529, "neg_dist": 3.269230, "pos_dist": 3.833570, "time_diff": 33.890000, "triplet": 0.864340}
[08/11 10:00:19][INFO] utils.logging:   91: {"_type": "train_iter", "epoch": "16/30", "eta": "0:10:18", "iter": "6801/8376", "loss": 1.213180, "lr": 0.000529, "neg_dist": 3.813048, "pos_dist": 4.389685, "time_diff": 34.900000, "triplet": 0.951841}
[08/11 10:00:20][INFO] utils.logging:   91: {"_type": "train_iter", "epoch": "16/30", "eta": "0:10:17", "iter": "7001/8376", "loss": 1.147107, "lr": 0.000529, "neg_dist": 3.147587, "pos_dist": 3.704542, "time_diff": 35.910000, "triplet": 0.884691}
[08/11 10:00:22][INFO] utils.logging:   91: {"_type": "train_iter", "epoch": "16/30", "eta": "0:10:16", "iter": "7201/8376", "loss": 0.824358, "lr": 0.000529, "neg_dist": 3.510880, "pos_dist": 3.348958, "time_diff": 36.940000, "triplet": 0.506159}
[08/11 10:00:23][INFO] utils.logging:   91: {"_type": "train_iter", "epoch": "16/30", "eta": "0:10:15", "iter": "7401/8376", "loss": 1.112814, "lr": 0.000529, "neg_dist": 3.626699, "pos_dist": 4.070737, "time_diff": 37.960000, "triplet": 0.812060}
[08/11 10:00:24][INFO] utils.logging:   91: {"_type": "train_iter", "epoch": "16/30", "eta": "0:10:14", "iter": "7601/8376", "loss": 1.693573, "lr": 0.000529, "neg_dist": 3.722670, "pos_dist": 4.852473, "time_diff": 38.990000, "triplet": 1.429803}
[08/11 10:00:25][INFO] utils.logging:   91: {"_type": "train_iter", "epoch": "16/30", "eta": "0:10:13", "iter": "7801/8376", "loss": 1.323432, "lr": 0.000529, "neg_dist": 3.539080, "pos_dist": 4.109005, "time_diff": 39.990000, "triplet": 1.021333}
[08/11 10:00:26][INFO] utils.logging:   91: {"_type": "train_iter", "epoch": "16/30", "eta": "0:10:12", "iter": "8001/8376", "loss": 1.078175, "lr": 0.000529, "neg_dist": 2.697348, "pos_dist": 3.132024, "time_diff": 41.030000, "triplet": 0.734675}
[08/11 10:00:27][INFO] utils.logging:   91: {"_type": "train_iter", "epoch": "16/30", "eta": "0:10:11", "iter": "8201/8376", "loss": 0.994845, "lr": 0.000529, "neg_dist": 3.362797, "pos_dist": 3.697946, "time_diff": 42.080000, "triplet": 0.773608}
[08/11 10:00:28][INFO] __main__:  150: Checkpoint: output/frame_selector/ssv2_ViT-B16_BiMHM/frame_selector_epoch0015.pth
[08/11 10:00:28][INFO] utils.logging:   91: {"RAM": "14.51/125.63 GB", "_type": "train_epoch", "epoch": "16/30", "eta": "0:10:10", "gpu_mem": "0.39 GB", "loss": 1.215052, "lr": 0.000529, "neg_dist": 3.564024, "pos_dist": 4.113413, "time_diff": 43.000000, "triplet": 0.925337}
[08/11 10:00:28][INFO] utils.logging:   91: {"_type": "val_epoch", "epoch": "16/30", "loss": 1.258450}
[08/11 10:00:28][INFO] utils.logging:   91: {"_type": "train_iter", "epoch": "17/30", "eta": "0:10:11", "iter": "1/8376", "loss": 1.189619, "lr": 0.000471, "neg_dist": 2.835410, "pos_dist": 3.372384, "time_diff": 0.080000, "triplet": 0.836974}
[08/11 10:00:29][INFO] utils.logging:   91: {"_type": "train_iter", "epoch": "17/30", "eta": "0:10:09", "iter": "201/8376", "loss": 1.186301, "lr": 0.000471, "neg_dist": 3.760192, "pos_dist": 4.430738, "time_diff": 1.140000, "triplet": 0.988487}
[08/11 10:00:30][INFO] utils.logging:   91: {"_type": "train_iter", "epoch": "17/30", "eta": "0:10:08", "iter": "401/8376", "loss": 1.645745, "lr": 0.000471, "neg_dist": 3.492676, "pos_dist": 4.573195, "time_diff": 2.180000, "triplet": 1.380519}
[08/11 10:00:31][INFO] utils.logging:   91: {"_type": "train_iter", "epoch": "17/30", "eta": "0:10:07", "iter": "601/8376", "loss": 1.460103, "lr": 0.000471, "neg_dist": 4.062179, "pos_dist": 4.897460, "time_diff": 3.190000, "triplet": 1.138036}
[08/11 10:00:32][INFO] utils.logging:   91: {"_type": "train_iter", "epoch": "17/30", "eta": "0:10:06", "iter": "801/8376", "loss": 1.306750, "lr": 0.000471, "neg_dist": 3.323500, "pos_dist": 3.962813, "time_diff": 4.230000, "triplet": 0.945218}
[08/11 10:00:33][INFO] utils.logging:   91: {"_type": "train_iter", "epoch": "17/30", "eta": "0:10:05", "iter": "1001/8376", "loss": 1.947656, "lr": 0.000471, "neg_dist": 3.238552, "pos_dist": 4.534379, "time_diff": 5.230000, "triplet": 1.595828}
[08/11 10:00:34][INFO] utils.logging:   91: {"_type": "train_iter", "epoch": "17/30", "eta": "0:10:04", "iter": "1201/8376", "loss": 1.640947, "lr": 0.000471, "neg_dist": 3.564972, "pos_dist": 4.612726, "time_diff": 6.250000, "triplet": 1.347754}
[08/11 10:00:35][INFO] utils.logging:   91: {"_type": "train_iter", "epoch": "17/30", "eta": "0:10:03", "iter": "1401/8376", "loss": 1.241500, "lr": 0.000471, "neg_dist": 3.714116, "pos_dist": 4.417565, "time_diff": 7.270000, "triplet": 1.003449}
[08/11 10:00:36][INFO] utils.logging:   91: {"_type": "train_iter", "epoch": "17/30", "eta": "0:10:02", "iter": "1601/8376", "loss": 1.513813, "lr": 0.000471, "neg_dist": 3.791294, "pos_dist": 4.485163, "time_diff": 8.290000, "triplet": 1.203870}
[08/11 10:00:38][INFO] utils.logging:   91: {"_type": "train_iter", "epoch": "17/30", "eta": "0:10:01", "iter": "1801/8376", "loss": 0.538782, "lr": 0.000471, "neg_dist": 3.354591, "pos_dist": 3.232906, "time_diff": 9.350000, "triplet": 0.285134}
[08/11 10:00:39][INFO] utils.logging:   91: {"_type": "train_iter", "epoch": "17/30", "eta": "0:10:00", "iter": "2001/8376", "loss": 0.925230, "lr": 0.000471, "neg_dist": 3.365240, "pos_dist": 3.686049, "time_diff": 10.380000, "triplet": 0.662138}
[08/11 10:00:40][INFO] utils.logging:   91: {"_type": "train_iter", "epoch": "17/30", "eta": "0:09:59", "iter": "2201/8376", "loss": 1.323537, "lr": 0.000471, "neg_dist": 4.022699, "pos_dist": 4.639134, "time_diff": 11.400000, "triplet": 1.000530}
[08/11 10:00:41][INFO] utils.logging:   91: {"_type": "train_iter", "epoch": "17/30", "eta": "0:09:58", "iter": "2401/8376", "loss": 0.723547, "lr": 0.000471, "neg_dist": 2.917063, "pos_dist": 3.088843, "time_diff": 12.420000, "triplet": 0.527256}
[08/11 10:00:42][INFO] utils.logging:   91: {"_type": "train_iter", "epoch": "17/30", "eta": "0:09:57", "iter": "2601/8376", "loss": 1.032278, "lr": 0.000471, "neg_dist": 3.731341, "pos_dist": 4.061031, "time_diff": 13.440000, "triplet": 0.723323}
[08/11 10:00:43][INFO] utils.logging:   91: {"_type": "train_iter", "epoch": "17/30", "eta": "0:09:56", "iter": "2801/8376", "loss": 0.783688, "lr": 0.000471, "neg_dist": 3.627524, "pos_dist": 3.604627, "time_diff": 14.470000, "triplet": 0.488338}
[08/11 10:00:44][INFO] utils.logging:   91: {"_type": "train_iter", "epoch": "17/30", "eta": "0:09:55", "iter": "3001/8376", "loss": 1.006831, "lr": 0.000471, "neg_dist": 3.806460, "pos_dist": 4.078611, "time_diff": 15.500000, "triplet": 0.710178}
[08/11 10:00:45][INFO] utils.logging:   91: {"_type": "train_iter", "epoch": "17/30", "eta": "0:09:54", "iter": "3201/8376", "loss": 1.476737, "lr": 0.000471, "neg_dist": 4.032043, "pos_dist": 4.812992, "time_diff": 16.500000, "triplet": 1.099839}
[08/11 10:00:46][INFO] utils.logging:   91: {"_type": "train_iter", "epoch": "17/30", "eta": "0:09:53", "iter": "3401/8376", "loss": 1.340035, "lr": 0.000471, "neg_dist": 3.738413, "pos_dist": 4.331150, "time_diff": 17.540000, "triplet": 0.965777}
[08/11 10:00:47][INFO] utils.logging:   91: {"_type": "train_iter", "epoch": "17/30", "eta": "0:09:52", "iter": "3601/8376", "loss": 1.385650, "lr": 0.000471, "neg_dist": 3.860956, "pos_dist": 4.653327, "time_diff": 18.560000, "triplet": 1.092372}
[08/11 10:00:48][INFO] utils.logging:   91: {"_type": "train_iter", "epoch": "17/30", "eta": "0:09:50", "iter": "3801/8376", "loss": 1.553946, "lr": 0.000471, "neg_dist": 3.232757, "pos_dist": 4.190253, "time_diff": 19.610000, "triplet": 1.257496}
[08/11 10:00:49][INFO] utils.logging:   91: {"_type": "train_iter", "epoch": "17/30", "eta": "0:09:49", "iter": "4001/8376", "loss": 0.626828, "lr": 0.000471, "neg_dist": 3.764505, "pos_dist": 3.748156, "time_diff": 20.630000, "triplet": 0.307369}
[08/11 10:00:50][INFO] utils.logging:   91: {"_type": "train_iter", "epoch": "17/30", "eta": "0:09:48", "iter": "4201/8376", "loss": 0.908326, "lr": 0.000471, "neg_dist": 4.433390, "pos_dist": 4.745540, "time_diff": 21.670000, "triplet": 0.617724}
[08/11 10:00:51][INFO] utils.logging:   91: {"_type": "train_iter", "epoch": "17/30", "eta": "0:09:47", "iter": "4401/8376", "loss": 1.410371, "lr": 0.000471, "neg_dist": 3.478468, "pos_dist": 4.287788, "time_diff": 22.690000, "triplet": 1.123575}
[08/11 10:00:52][INFO] utils.logging:   91: {"_type": "train_iter", "epoch": "17/30", "eta": "0:09:46", "iter": "4601/8376", "loss": 1.242705, "lr": 0.000471, "neg_dist": 4.368446, "pos_dist": 4.849436, "time_diff": 23.710000, "triplet": 0.937703}
[08/11 10:00:53][INFO] utils.logging:   91: {"_type": "train_iter", "epoch": "17/30", "eta": "0:09:45", "iter": "4801/8376", "loss": 0.762543, "lr": 0.000471, "neg_dist": 4.019161, "pos_dist": 4.019197, "time_diff": 24.740000, "triplet": 0.439623}
[08/11 10:00:54][INFO] utils.logging:   91: {"_type": "train_iter", "epoch": "17/30", "eta": "0:09:44", "iter": "5001/8376", "loss": 1.238677, "lr": 0.000471, "neg_dist": 3.877031, "pos_dist": 4.551822, "time_diff": 25.780000, "triplet": 0.974791}
[08/11 10:00:55][INFO] utils.logging:   91: {"_type": "train_iter", "epoch": "17/30", "eta": "0:09:43", "iter": "5201/8376", "loss": 1.436323, "lr": 0.000471, "neg_dist": 2.667243, "pos_dist": 3.533673, "time_diff": 26.800000, "triplet": 1.166430}
[08/11 10:00:56][INFO] utils.logging:   91: {"_type": "train_iter", "epoch": "17/30", "eta": "0:09:42", "iter": "5401/8376", "loss": 1.334228, "lr": 0.000471, "neg_dist": 2.937895, "pos_dist": 3.459120, "time_diff": 27.810000, "triplet": 1.053154}
[08/11 10:00:57][INFO] utils.logging:   91: {"_type": "train_iter", "epoch": "17/30", "eta": "0:09:41", "iter": "5601/8376", "loss": 1.441317, "lr": 0.000471, "neg_dist": 4.031453, "pos_dist": 4.859530, "time_diff": 28.840000, "triplet": 1.157448}
[08/11 10:00:58][INFO] utils.logging:   91: {"_type": "train_iter", "epoch": "17/30", "eta": "0:09:40", "iter": "5801/8376", "loss": 1.013294, "lr": 0.000471, "neg_dist": 3.525894, "pos_dist": 3.886385, "time_diff": 29.840000, "triplet": 0.744397}
[08/11 10:00:59][INFO] utils.logging:   91: {"_type": "train_iter", "epoch": "17/30", "eta": "0:09:39", "iter": "6001/8376", "loss": 0.695219, "lr": 0.000471, "neg_dist": 3.544572, "pos_dist": 3.535654, "time_diff": 30.870000, "triplet": 0.514748}
[08/11 10:01:00][INFO] utils.logging:   91: {"_type": "train_iter", "epoch": "17/30", "eta": "0:09:38", "iter": "6201/8376", "loss": 1.135520, "lr": 0.000471, "neg_dist": 3.313957, "pos_dist": 3.646188, "time_diff": 31.890000, "triplet": 0.768345}
[08/11 10:01:01][INFO] utils.logging:   91: {"_type": "train_iter", "epoch": "17/30", "eta": "0:09:37", "iter": "6401/8376", "loss": 1.916798, "lr": 0.000471, "neg_dist": 3.616788, "pos_dist": 4.931966, "time_diff": 32.910000, "triplet": 1.615179}
[08/11 10:01:02][INFO] utils.logging:   91: {"_type": "train_iter", "epoch": "17/30", "eta": "0:09:36", "iter": "6601/8376", "loss": 1.348498, "lr": 0.000471, "neg_dist": 3.076424, "pos_dist": 3.897063, "time_diff": 33.910000, "triplet": 1.120638}
[08/11 10:01:03][INFO] utils.logging:   91: {"_type": "train_iter", "epoch": "17/30", "eta": "0:09:35", "iter": "6801/8376", "loss": 1.482819, "lr": 0.000471, "neg_dist": 3.543636, "pos_dist": 4.388577, "time_diff": 34.960000, "triplet": 1.180216}
[08/11 10:01:04][INFO] utils.logging:   91: {"_type": "train_iter", "epoch": "17/30", "eta": "0:09:34", "iter": "7001/8376", "loss": 1.508619, "lr": 0.000471, "neg_dist": 3.840162, "pos_dist": 4.744462, "time_diff": 36.000000, "triplet": 1.204300}
[08/11 10:01:05][INFO] utils.logging:   91: {"_type": "train_iter", "epoch": "17/30", "eta": "0:09:33", "iter": "7201/8376", "loss": 1.348279, "lr": 0.000471, "neg_dist": 3.571149, "pos_dist": 4.405598, "time_diff": 37.020000, "triplet": 1.134449}
[08/11 10:01:06][INFO] utils.logging:   91: {"_type": "train_iter", "epoch": "17/30", "eta": "0:09:31", "iter": "7401/8376", "loss": 1.306062, "lr": 0.000471, "neg_dist": 3.517401, "pos_dist": 4.172589, "time_diff": 38.030000, "triplet": 1.001316}
[08/11 10:01:07][INFO] utils.logging:   91: {"_type": "train_iter", "epoch": "17/30", "eta": "0:09:30", "iter": "7601/8376", "loss": 1.213861, "lr": 0.000471, "neg_dist": 3.881642, "pos_dist": 4.535112, "time_diff": 39.070000, "triplet": 0.955493}
[08/11 10:01:08][INFO] utils.logging:   91: {"_type": "train_iter", "epoch": "17/30", "eta": "0:09:29", "iter": "7801/8376", "loss": 1.410138, "lr": 0.000471, "neg_dist": 3.568835, "pos_dist": 4.338829, "time_diff": 40.090000, "triplet": 1.069993}
[08/11 10:01:09][INFO] utils.logging:   91: {"_type": "train_iter", "epoch": "17/30", "eta": "0:09:28", "iter": "8001/8376", "loss": 1.597891, "lr": 0.000471, "neg_dist": 3.154524, "pos_dist": 4.157104, "time_diff": 41.120000, "triplet": 1.302580}
[08/11 10:01:10][INFO] utils.logging:   91: {"_type": "train_iter", "epoch": "17/30", "eta": "0:09:27", "iter": "8201/8376", "loss": 1.804556, "lr": 0.000471, "neg_dist": 2.996789, "pos_dist": 4.240556, "time_diff": 42.130000, "triplet": 1.543766}
[08/11 10:01:11][INFO] utils.logging:   91: {"RAM": "14.51/125.63 GB", "_type": "train_epoch", "epoch": "17/30", "eta": "0:09:26", "gpu_mem": "0.39 GB", "loss": 1.218988, "lr": 0.000471, "neg_dist": 3.570936, "pos_dist": 4.126251, "time_diff": 43.030000, "triplet": 0.930708}
[08/11 10:01:12][INFO] utils.logging:   91: {"_type": "val_epoch", "epoch": "17/30", "loss": 1.241307}
[08/11 10:01:12][INFO] utils.logging:   91: {"_type": "train_iter", "epoch": "18/30", "eta": "0:09:27", "iter": "1/8376", "loss": 1.191348, "lr": 0.000413, "neg_dist": 3.074569, "pos_dist": 3.617625, "time_diff": 0.080000, "triplet": 0.843055}
[08/11 10:01:13][INFO] utils.logging:   91: {"_type": "train_iter", "epoch": "18/30", "eta": "0:09:26", "iter": "201/8376", "loss": 2.150835, "lr": 0.000413, "neg_dist": 4.033598, "pos_dist": 5.609829, "time_diff": 1.130000, "triplet": 1.888097}
[08/11 10:01:14][INFO] utils.logging:   91: {"_type": "train_iter", "epoch": "18/30", "eta": "0:09:25", "iter": "401/8376", "loss": 1.039465, "lr": 0.000413, "neg_dist": 3.064974, "pos_dist": 3.577058, "time_diff": 2.150000, "triplet": 0.812084}
[08/11 10:01:15][INFO] utils.logging:   91: {"_type": "train_iter", "epoch": "18/30", "eta": "0:09:24", "iter": "601/8376", "loss": 0.801650, "lr": 0.000413, "neg_dist": 3.117185, "pos_dist": 3.310466, "time_diff": 3.160000, "triplet": 0.535495}
[08/11 10:01:16][INFO] utils.logging:   91: {"_type": "train_iter", "epoch": "18/30", "eta": "0:09:23", "iter": "801/8376", "loss": 1.333035, "lr": 0.000413, "neg_dist": 4.253459, "pos_dist": 4.640461, "time_diff": 4.180000, "triplet": 1.008536}
[08/11 10:01:17][INFO] utils.logging:   91: {"_type": "train_iter", "epoch": "18/30", "eta": "0:09:22", "iter": "1001/8376", "loss": 1.018668, "lr": 0.000413, "neg_dist": 3.653839, "pos_dist": 4.068516, "time_diff": 5.200000, "triplet": 0.714677}
[08/11 10:01:18][INFO] utils.logging:   91: {"_type": "train_iter", "epoch": "18/30", "eta": "0:09:20", "iter": "1201/8376", "loss": 1.181600, "lr": 0.000413, "neg_dist": 3.854922, "pos_dist": 4.346659, "time_diff": 6.200000, "triplet": 0.935686}
[08/11 10:01:19][INFO] utils.logging:   91: {"_type": "train_iter", "epoch": "18/30", "eta": "0:09:19", "iter": "1401/8376", "loss": 0.932019, "lr": 0.000413, "neg_dist": 3.552393, "pos_dist": 3.844417, "time_diff": 7.260000, "triplet": 0.629267}
[08/11 10:01:20][INFO] utils.logging:   91: {"_type": "train_iter", "epoch": "18/30", "eta": "0:09:18", "iter": "1601/8376", "loss": 1.086666, "lr": 0.000413, "neg_dist": 3.833464, "pos_dist": 4.241746, "time_diff": 8.290000, "triplet": 0.811386}
[08/11 10:01:21][INFO] utils.logging:   91: {"_type": "train_iter", "epoch": "18/30", "eta": "0:09:17", "iter": "1801/8376", "loss": 1.257338, "lr": 0.000413, "neg_dist": 3.250192, "pos_dist": 3.924411, "time_diff": 9.330000, "triplet": 0.974218}
[08/11 10:01:22][INFO] utils.logging:   91: {"_type": "train_iter", "epoch": "18/30", "eta": "0:09:16", "iter": "2001/8376", "loss": 1.159280, "lr": 0.000413, "neg_dist": 3.121881, "pos_dist": 3.669811, "time_diff": 10.370000, "triplet": 0.847931}
[08/11 10:01:23][INFO] utils.logging:   91: {"_type": "train_iter", "epoch": "18/30", "eta": "0:09:15", "iter": "2201/8376", "loss": 1.330207, "lr": 0.000413, "neg_dist": 3.508806, "pos_dist": 4.312598, "time_diff": 11.430000, "triplet": 1.103793}
[08/11 10:01:24][INFO] utils.logging:   91: {"_type": "train_iter", "epoch": "18/30", "eta": "0:09:14", "iter": "2401/8376", "loss": 1.197301, "lr": 0.000413, "neg_dist": 4.144335, "pos_dist": 4.670074, "time_diff": 12.460000, "triplet": 0.865496}
[08/11 10:01:25][INFO] utils.logging:   91: {"_type": "train_iter", "epoch": "18/30", "eta": "0:09:13", "iter": "2601/8376", "loss": 0.777141, "lr": 0.000413, "neg_dist": 3.166135, "pos_dist": 3.256680, "time_diff": 13.500000, "triplet": 0.490946}
[08/11 10:01:26][INFO] utils.logging:   91: {"_type": "train_iter", "epoch": "18/30", "eta": "0:09:12", "iter": "2801/8376", "loss": 1.325740, "lr": 0.000413, "neg_dist": 3.282382, "pos_dist": 3.971501, "time_diff": 14.490000, "triplet": 0.989119}
[08/11 10:01:27][INFO] utils.logging:   91: {"_type": "train_iter", "epoch": "18/30", "eta": "0:09:11", "iter": "3001/8376", "loss": 0.963874, "lr": 0.000413, "neg_dist": 3.974605, "pos_dist": 4.202545, "time_diff": 15.520000, "triplet": 0.635177}
[08/11 10:01:28][INFO] utils.logging:   91: {"_type": "train_iter", "epoch": "18/30", "eta": "0:09:10", "iter": "3201/8376", "loss": 1.344055, "lr": 0.000413, "neg_dist": 4.416026, "pos_dist": 5.199255, "time_diff": 16.530000, "triplet": 1.083229}
[08/11 10:01:29][INFO] utils.logging:   91: {"_type": "train_iter", "epoch": "18/30", "eta": "0:09:09", "iter": "3401/8376", "loss": 1.480111, "lr": 0.000413, "neg_dist": 3.158971, "pos_dist": 3.920050, "time_diff": 17.560000, "triplet": 1.122831}
[08/11 10:01:30][INFO] utils.logging:   91: {"_type": "train_iter", "epoch": "18/30", "eta": "0:09:08", "iter": "3601/8376", "loss": 1.499837, "lr": 0.000413, "neg_dist": 3.732219, "pos_dist": 4.395375, "time_diff": 18.590000, "triplet": 1.201674}
[08/11 10:01:31][INFO] utils.logging:   91: {"_type": "train_iter", "epoch": "18/30", "eta": "0:09:07", "iter": "3801/8376", "loss": 1.682842, "lr": 0.000413, "neg_dist": 4.475372, "pos_dist": 5.610788, "time_diff": 19.610000, "triplet": 1.435416}
[08/11 10:01:32][INFO] utils.logging:   91: {"_type": "train_iter", "epoch": "18/30", "eta": "0:09:06", "iter": "4001/8376", "loss": 1.765955, "lr": 0.000413, "neg_dist": 4.031543, "pos_dist": 5.118597, "time_diff": 20.620000, "triplet": 1.390868}
[08/11 10:01:33][INFO] utils.logging:   91: {"_type": "train_iter", "epoch": "18/30", "eta": "0:09:05", "iter": "4201/8376", "loss": 1.277906, "lr": 0.000413, "neg_dist": 3.218365, "pos_dist": 3.770090, "time_diff": 21.650000, "triplet": 0.927062}
[08/11 10:01:34][INFO] utils.logging:   91: {"_type": "train_iter", "epoch": "18/30", "eta": "0:09:04", "iter": "4401/8376", "loss": 1.467735, "lr": 0.000413, "neg_dist": 3.268283, "pos_dist": 4.131576, "time_diff": 22.710000, "triplet": 1.163293}
[08/11 10:01:36][INFO] utils.logging:   91: {"_type": "train_iter", "epoch": "18/30", "eta": "0:09:03", "iter": "4601/8376", "loss": 0.936524, "lr": 0.000413, "neg_dist": 2.727672, "pos_dist": 3.097073, "time_diff": 23.730000, "triplet": 0.669401}
[08/11 10:01:37][INFO] utils.logging:   91: {"_type": "train_iter", "epoch": "18/30", "eta": "0:09:02", "iter": "4801/8376", "loss": 1.471669, "lr": 0.000413, "neg_dist": 2.969548, "pos_dist": 3.872841, "time_diff": 24.730000, "triplet": 1.222953}
[08/11 10:01:38][INFO] utils.logging:   91: {"_type": "train_iter", "epoch": "18/30", "eta": "0:09:01", "iter": "5001/8376", "loss": 1.392122, "lr": 0.000413, "neg_dist": 3.203755, "pos_dist": 3.980869, "time_diff": 25.740000, "triplet": 1.079180}
[08/11 10:01:39][INFO] utils.logging:   91: {"_type": "train_iter", "epoch": "18/30", "eta": "0:08:59", "iter": "5201/8376", "loss": 1.580572, "lr": 0.000413, "neg_dist": 3.718261, "pos_dist": 4.680159, "time_diff": 26.750000, "triplet": 1.261898}
[08/11 10:01:40][INFO] utils.logging:   91: {"_type": "train_iter", "epoch": "18/30", "eta": "0:08:58", "iter": "5401/8376", "loss": 1.275751, "lr": 0.000413, "neg_dist": 3.568042, "pos_dist": 4.063173, "time_diff": 27.750000, "triplet": 1.007388}
[08/11 10:01:41][INFO] utils.logging:   91: {"_type": "train_iter", "epoch": "18/30", "eta": "0:08:57", "iter": "5601/8376", "loss": 1.200355, "lr": 0.000413, "neg_dist": 3.708904, "pos_dist": 4.277590, "time_diff": 28.780000, "triplet": 0.868686}
[08/11 10:01:42][INFO] utils.logging:   91: {"_type": "train_iter", "epoch": "18/30", "eta": "0:08:56", "iter": "5801/8376", "loss": 1.392898, "lr": 0.000413, "neg_dist": 3.929633, "pos_dist": 4.720956, "time_diff": 29.770000, "triplet": 1.122442}
[08/11 10:01:43][INFO] utils.logging:   91: {"_type": "train_iter", "epoch": "18/30", "eta": "0:08:55", "iter": "6001/8376", "loss": 1.180259, "lr": 0.000413, "neg_dist": 3.242091, "pos_dist": 3.795896, "time_diff": 30.860000, "triplet": 0.853806}
[08/11 10:01:44][INFO] utils.logging:   91: {"_type": "train_iter", "epoch": "18/30", "eta": "0:08:54", "iter": "6201/8376", "loss": 1.377867, "lr": 0.000413, "neg_dist": 2.924516, "pos_dist": 3.700732, "time_diff": 31.890000, "triplet": 1.076216}
[08/11 10:01:45][INFO] utils.logging:   91: {"_type": "train_iter", "epoch": "18/30", "eta": "0:08:53", "iter": "6401/8376", "loss": 1.405431, "lr": 0.000413, "neg_dist": 3.111640, "pos_dist": 3.946675, "time_diff": 32.930000, "triplet": 1.135035}
[08/11 10:01:46][INFO] utils.logging:   91: {"_type": "train_iter", "epoch": "18/30", "eta": "0:08:52", "iter": "6601/8376", "loss": 1.694963, "lr": 0.000413, "neg_dist": 4.554102, "pos_dist": 5.502337, "time_diff": 33.950000, "triplet": 1.403112}
[08/11 10:01:47][INFO] utils.logging:   91: {"_type": "train_iter", "epoch": "18/30", "eta": "0:08:51", "iter": "6801/8376", "loss": 1.133209, "lr": 0.000413, "neg_dist": 3.937138, "pos_dist": 4.441909, "time_diff": 35.000000, "triplet": 0.828517}
[08/11 10:01:48][INFO] utils.logging:   91: {"_type": "train_iter", "epoch": "18/30", "eta": "0:08:50", "iter": "7001/8376", "loss": 1.032995, "lr": 0.000413, "neg_dist": 3.515265, "pos_dist": 3.987203, "time_diff": 36.000000, "triplet": 0.801112}
[08/11 10:01:49][INFO] utils.logging:   91: {"_type": "train_iter", "epoch": "18/30", "eta": "0:08:49", "iter": "7201/8376", "loss": 1.810954, "lr": 0.000413, "neg_dist": 3.700957, "pos_dist": 4.973734, "time_diff": 37.020000, "triplet": 1.572777}
[08/11 10:01:50][INFO] utils.logging:   91: {"_type": "train_iter", "epoch": "18/30", "eta": "0:08:48", "iter": "7401/8376", "loss": 0.962727, "lr": 0.000413, "neg_dist": 3.738811, "pos_dist": 3.669228, "time_diff": 38.020000, "triplet": 0.742433}
[08/11 10:01:51][INFO] utils.logging:   91: {"_type": "train_iter", "epoch": "18/30", "eta": "0:08:47", "iter": "7601/8376", "loss": 1.471490, "lr": 0.000413, "neg_dist": 3.460665, "pos_dist": 4.304448, "time_diff": 39.060000, "triplet": 1.158637}
[08/11 10:01:52][INFO] utils.logging:   91: {"_type": "train_iter", "epoch": "18/30", "eta": "0:08:46", "iter": "7801/8376", "loss": 1.625555, "lr": 0.000413, "neg_dist": 3.901722, "pos_dist": 4.944589, "time_diff": 40.080000, "triplet": 1.397143}
[08/11 10:01:53][INFO] utils.logging:   91: {"_type": "train_iter", "epoch": "18/30", "eta": "0:08:45", "iter": "8001/8376", "loss": 1.712564, "lr": 0.000413, "neg_dist": 3.088356, "pos_dist": 4.103786, "time_diff": 41.080000, "triplet": 1.315430}
[08/11 10:01:54][INFO] utils.logging:   91: {"_type": "train_iter", "epoch": "18/30", "eta": "0:08:44", "iter": "8201/8376", "loss": 0.900211, "lr": 0.000413, "neg_dist": 4.111338, "pos_dist": 4.474788, "time_diff": 42.110000, "triplet": 0.663450}
[08/11 10:01:55][INFO] utils.logging:   91: {"RAM": "14.50/125.63 GB", "_type": "train_epoch", "epoch": "18/30", "eta": "0:08:43", "gpu_mem": "0.39 GB", "loss": 1.211064, "lr": 0.000413, "neg_dist": 3.560680, "pos_dist": 4.105673, "time_diff": 43.020000, "triplet": 0.922464}
[08/11 10:01:55][INFO] utils.logging:   91: {"_type": "val_epoch", "epoch": "18/30", "loss": 1.240518}
[08/11 10:01:55][INFO] utils.logging:   91: {"_type": "train_iter", "epoch": "19/30", "eta": "0:08:43", "iter": "1/8376", "loss": 1.449473, "lr": 0.000357, "neg_dist": 3.530867, "pos_dist": 4.368338, "time_diff": 0.070000, "triplet": 1.137471}
[08/11 10:01:57][INFO] utils.logging:   91: {"_type": "train_iter", "epoch": "19/30", "eta": "0:08:42", "iter": "201/8376", "loss": 0.727478, "lr": 0.000357, "neg_dist": 3.615203, "pos_dist": 3.627169, "time_diff": 1.120000, "triplet": 0.478227}
[08/11 10:01:58][INFO] utils.logging:   91: {"_type": "train_iter", "epoch": "19/30", "eta": "0:08:41", "iter": "401/8376", "loss": 1.316891, "lr": 0.000357, "neg_dist": 3.108212, "pos_dist": 3.798900, "time_diff": 2.130000, "triplet": 0.990687}
[08/11 10:01:59][INFO] utils.logging:   91: {"_type": "train_iter", "epoch": "19/30", "eta": "0:08:40", "iter": "601/8376", "loss": 1.323645, "lr": 0.000357, "neg_dist": 3.612006, "pos_dist": 4.038043, "time_diff": 3.150000, "triplet": 1.007202}
[08/11 10:02:00][INFO] utils.logging:   91: {"_type": "train_iter", "epoch": "19/30", "eta": "0:08:39", "iter": "801/8376", "loss": 1.323825, "lr": 0.000357, "neg_dist": 3.219397, "pos_dist": 3.872705, "time_diff": 4.180000, "triplet": 0.953309}
[08/11 10:02:01][INFO] utils.logging:   91: {"_type": "train_iter", "epoch": "19/30", "eta": "0:08:38", "iter": "1001/8376", "loss": 0.403536, "lr": 0.000357, "neg_dist": 4.265295, "pos_dist": 3.376990, "time_diff": 5.200000, "triplet": 0.089729}
[08/11 10:02:02][INFO] utils.logging:   91: {"_type": "train_iter", "epoch": "19/30", "eta": "0:08:37", "iter": "1201/8376", "loss": 1.490541, "lr": 0.000357, "neg_dist": 3.457280, "pos_dist": 4.336255, "time_diff": 6.220000, "triplet": 1.219156}
[08/11 10:02:03][INFO] utils.logging:   91: {"_type": "train_iter", "epoch": "19/30", "eta": "0:08:36", "iter": "1401/8376", "loss": 0.939494, "lr": 0.000357, "neg_dist": 3.173463, "pos_dist": 3.509921, "time_diff": 7.220000, "triplet": 0.637691}
[08/11 10:02:04][INFO] utils.logging:   91: {"_type": "train_iter", "epoch": "19/30", "eta": "0:08:35", "iter": "1601/8376", "loss": 0.817258, "lr": 0.000357, "neg_dist": 3.964331, "pos_dist": 4.151092, "time_diff": 8.240000, "triplet": 0.574623}
[08/11 10:02:05][INFO] utils.logging:   91: {"_type": "train_iter", "epoch": "19/30", "eta": "0:08:34", "iter": "1801/8376", "loss": 1.251414, "lr": 0.000357, "neg_dist": 3.186390, "pos_dist": 3.812178, "time_diff": 9.260000, "triplet": 0.925788}
[08/11 10:02:06][INFO] utils.logging:   91: {"_type": "train_iter", "epoch": "19/30", "eta": "0:08:33", "iter": "2001/8376", "loss": 1.378049, "lr": 0.000357, "neg_dist": 3.300898, "pos_dist": 4.100637, "time_diff": 10.280000, "triplet": 1.099740}
[08/11 10:02:07][INFO] utils.logging:   91: {"_type": "train_iter", "epoch": "19/30", "eta": "0:08:32", "iter": "2201/8376", "loss": 0.721684, "lr": 0.000357, "neg_dist": 3.442250, "pos_dist": 3.429810, "time_diff": 11.320000, "triplet": 0.532927}
[08/11 10:02:08][INFO] utils.logging:   91: {"_type": "train_iter", "epoch": "19/30", "eta": "0:08:31", "iter": "2401/8376", "loss": 1.416370, "lr": 0.000357, "neg_dist": 3.987235, "pos_dist": 4.724628, "time_diff": 12.330000, "triplet": 1.038526}
[08/11 10:02:09][INFO] utils.logging:   91: {"_type": "train_iter", "epoch": "19/30", "eta": "0:08:29", "iter": "2601/8376", "loss": 1.366634, "lr": 0.000357, "neg_dist": 3.374255, "pos_dist": 3.970565, "time_diff": 13.370000, "triplet": 0.990537}
[08/11 10:02:10][INFO] utils.logging:   91: {"_type": "train_iter", "epoch": "19/30", "eta": "0:08:28", "iter": "2801/8376", "loss": 0.992422, "lr": 0.000357, "neg_dist": 3.734071, "pos_dist": 4.105616, "time_diff": 14.400000, "triplet": 0.706130}
[08/11 10:02:11][INFO] utils.logging:   91: {"_type": "train_iter", "epoch": "19/30", "eta": "0:08:27", "iter": "3001/8376", "loss": 0.724930, "lr": 0.000357, "neg_dist": 3.565520, "pos_dist": 3.678506, "time_diff": 15.440000, "triplet": 0.478884}
[08/11 10:02:12][INFO] utils.logging:   91: {"_type": "train_iter", "epoch": "19/30", "eta": "0:08:26", "iter": "3201/8376", "loss": 0.960128, "lr": 0.000357, "neg_dist": 3.321414, "pos_dist": 3.695089, "time_diff": 16.430000, "triplet": 0.674682}
[08/11 10:02:13][INFO] utils.logging:   91: {"_type": "train_iter", "epoch": "19/30", "eta": "0:08:25", "iter": "3401/8376", "loss": 0.967673, "lr": 0.000357, "neg_dist": 3.576383, "pos_dist": 3.933359, "time_diff": 17.470000, "triplet": 0.696756}
[08/11 10:02:14][INFO] utils.logging:   91: {"_type": "train_iter", "epoch": "19/30", "eta": "0:08:24", "iter": "3601/8376", "loss": 0.991941, "lr": 0.000357, "neg_dist": 3.184893, "pos_dist": 3.402673, "time_diff": 18.490000, "triplet": 0.646422}
[08/11 10:02:15][INFO] utils.logging:   91: {"_type": "train_iter", "epoch": "19/30", "eta": "0:08:23", "iter": "3801/8376", "loss": 1.574839, "lr": 0.000357, "neg_dist": 3.856855, "pos_dist": 4.811068, "time_diff": 19.500000, "triplet": 1.326252}
[08/11 10:02:16][INFO] utils.logging:   91: {"_type": "train_iter", "epoch": "19/30", "eta": "0:08:22", "iter": "4001/8376", "loss": 1.400051, "lr": 0.000357, "neg_dist": 3.593007, "pos_dist": 4.312882, "time_diff": 20.530000, "triplet": 1.051308}
[08/11 10:02:17][INFO] utils.logging:   91: {"_type": "train_iter", "epoch": "19/30", "eta": "0:08:21", "iter": "4201/8376", "loss": 1.606172, "lr": 0.000357, "neg_dist": 3.201346, "pos_dist": 4.088102, "time_diff": 21.530000, "triplet": 1.219511}
[08/11 10:02:18][INFO] utils.logging:   91: {"_type": "train_iter", "epoch": "19/30", "eta": "0:08:20", "iter": "4401/8376", "loss": 1.396736, "lr": 0.000357, "neg_dist": 2.334035, "pos_dist": 3.192072, "time_diff": 22.590000, "triplet": 1.158037}
[08/11 10:02:19][INFO] utils.logging:   91: {"_type": "train_iter", "epoch": "19/30", "eta": "0:08:19", "iter": "4601/8376", "loss": 0.872738, "lr": 0.000357, "neg_dist": 3.620605, "pos_dist": 3.869435, "time_diff": 23.610000, "triplet": 0.548830}
[08/11 10:02:20][INFO] utils.logging:   91: {"_type": "train_iter", "epoch": "19/30", "eta": "0:08:18", "iter": "4801/8376", "loss": 0.806205, "lr": 0.000357, "neg_dist": 3.902366, "pos_dist": 3.859663, "time_diff": 24.630000, "triplet": 0.510144}
[08/11 10:02:21][INFO] utils.logging:   91: {"_type": "train_iter", "epoch": "19/30", "eta": "0:08:17", "iter": "5001/8376", "loss": 1.656330, "lr": 0.000357, "neg_dist": 3.108220, "pos_dist": 4.267374, "time_diff": 25.670000, "triplet": 1.459154}
[08/11 10:02:22][INFO] utils.logging:   91: {"_type": "train_iter", "epoch": "19/30", "eta": "0:08:16", "iter": "5201/8376", "loss": 0.645610, "lr": 0.000357, "neg_dist": 4.045995, "pos_dist": 3.869351, "time_diff": 26.720000, "triplet": 0.354945}
[08/11 10:02:23][INFO] utils.logging:   91: {"_type": "train_iter", "epoch": "19/30", "eta": "0:08:15", "iter": "5401/8376", "loss": 1.838694, "lr": 0.000357, "neg_dist": 3.566555, "pos_dist": 4.798771, "time_diff": 27.730000, "triplet": 1.532216}
[08/11 10:02:24][INFO] utils.logging:   91: {"_type": "train_iter", "epoch": "19/30", "eta": "0:08:14", "iter": "5601/8376", "loss": 1.525907, "lr": 0.000357, "neg_dist": 3.706362, "pos_dist": 4.714990, "time_diff": 28.760000, "triplet": 1.308628}
[08/11 10:02:25][INFO] utils.logging:   91: {"_type": "train_iter", "epoch": "19/30", "eta": "0:08:13", "iter": "5801/8376", "loss": 0.926272, "lr": 0.000357, "neg_dist": 3.207625, "pos_dist": 3.338978, "time_diff": 29.780000, "triplet": 0.577817}
[08/11 10:02:26][INFO] utils.logging:   91: {"_type": "train_iter", "epoch": "19/30", "eta": "0:08:12", "iter": "6001/8376", "loss": 1.085671, "lr": 0.000357, "neg_dist": 3.447730, "pos_dist": 3.873299, "time_diff": 30.810000, "triplet": 0.749401}
[08/11 10:02:27][INFO] utils.logging:   91: {"_type": "train_iter", "epoch": "19/30", "eta": "0:08:11", "iter": "6201/8376", "loss": 0.992688, "lr": 0.000357, "neg_dist": 3.393809, "pos_dist": 3.702497, "time_diff": 31.810000, "triplet": 0.650411}
[08/11 10:02:28][INFO] utils.logging:   91: {"_type": "train_iter", "epoch": "19/30", "eta": "0:08:09", "iter": "6401/8376", "loss": 1.474463, "lr": 0.000357, "neg_dist": 3.593615, "pos_dist": 4.399301, "time_diff": 32.820000, "triplet": 1.126836}
[08/11 10:02:29][INFO] utils.logging:   91: {"_type": "train_iter", "epoch": "19/30", "eta": "0:08:08", "iter": "6601/8376", "loss": 0.729285, "lr": 0.000357, "neg_dist": 3.317113, "pos_dist": 3.353330, "time_diff": 33.850000, "triplet": 0.447230}
[08/11 10:02:30][INFO] utils.logging:   91: {"_type": "train_iter", "epoch": "19/30", "eta": "0:08:07", "iter": "6801/8376", "loss": 1.514695, "lr": 0.000357, "neg_dist": 3.495706, "pos_dist": 4.457676, "time_diff": 34.910000, "triplet": 1.264489}
[08/11 10:02:31][INFO] utils.logging:   91: {"_type": "train_iter", "epoch": "19/30", "eta": "0:08:06", "iter": "7001/8376", "loss": 1.009923, "lr": 0.000357, "neg_dist": 2.841541, "pos_dist": 3.190872, "time_diff": 35.940000, "triplet": 0.677579}
[08/11 10:02:32][INFO] utils.logging:   91: {"_type": "train_iter", "epoch": "19/30", "eta": "0:08:05", "iter": "7201/8376", "loss": 1.098844, "lr": 0.000357, "neg_dist": 3.247297, "pos_dist": 3.828969, "time_diff": 36.950000, "triplet": 0.881673}
[08/11 10:02:33][INFO] utils.logging:   91: {"_type": "train_iter", "epoch": "19/30", "eta": "0:08:04", "iter": "7401/8376", "loss": 1.722828, "lr": 0.000357, "neg_dist": 3.036793, "pos_dist": 4.181796, "time_diff": 37.980000, "triplet": 1.445003}
[08/11 10:02:34][INFO] utils.logging:   91: {"_type": "train_iter", "epoch": "19/30", "eta": "0:08:03", "iter": "7601/8376", "loss": 1.061087, "lr": 0.000357, "neg_dist": 4.083943, "pos_dist": 4.543720, "time_diff": 38.990000, "triplet": 0.786573}
[08/11 10:02:35][INFO] utils.logging:   91: {"_type": "train_iter", "epoch": "19/30", "eta": "0:08:02", "iter": "7801/8376", "loss": 1.417615, "lr": 0.000357, "neg_dist": 3.350036, "pos_dist": 4.127212, "time_diff": 40.030000, "triplet": 1.094522}
[08/11 10:02:36][INFO] utils.logging:   91: {"_type": "train_iter", "epoch": "19/30", "eta": "0:08:01", "iter": "8001/8376", "loss": 1.088113, "lr": 0.000357, "neg_dist": 2.861230, "pos_dist": 3.373441, "time_diff": 41.070000, "triplet": 0.834681}
[08/11 10:02:37][INFO] utils.logging:   91: {"_type": "train_iter", "epoch": "19/30", "eta": "0:08:00", "iter": "8201/8376", "loss": 1.196335, "lr": 0.000357, "neg_dist": 3.517682, "pos_dist": 4.067361, "time_diff": 42.090000, "triplet": 0.912849}
[08/11 10:02:38][INFO] utils.logging:   91: {"RAM": "14.53/125.63 GB", "_type": "train_epoch", "epoch": "19/30", "eta": "0:07:59", "gpu_mem": "0.39 GB", "loss": 1.209076, "lr": 0.000357, "neg_dist": 3.565284, "pos_dist": 4.107408, "time_diff": 43.010000, "triplet": 0.920261}
[08/11 10:02:39][INFO] utils.logging:   91: {"_type": "val_epoch", "epoch": "19/30", "loss": 1.231422}
[08/11 10:02:39][INFO] utils.logging:   91: {"_type": "train_iter", "epoch": "20/30", "eta": "0:08:00", "iter": "1/8376", "loss": 1.354035, "lr": 0.000302, "neg_dist": 3.526146, "pos_dist": 4.327998, "time_diff": 0.070000, "triplet": 1.137644}
[08/11 10:02:40][INFO] utils.logging:   91: {"_type": "train_iter", "epoch": "20/30", "eta": "0:07:58", "iter": "201/8376", "loss": 1.616354, "lr": 0.000302, "neg_dist": 3.405050, "pos_dist": 4.333321, "time_diff": 1.130000, "triplet": 1.228271}
[08/11 10:02:41][INFO] utils.logging:   91: {"_type": "train_iter", "epoch": "20/30", "eta": "0:07:57", "iter": "401/8376", "loss": 1.059276, "lr": 0.000302, "neg_dist": 3.448576, "pos_dist": 3.895181, "time_diff": 2.180000, "triplet": 0.783587}
[08/11 10:02:42][INFO] utils.logging:   91: {"_type": "train_iter", "epoch": "20/30", "eta": "0:07:56", "iter": "601/8376", "loss": 1.436802, "lr": 0.000302, "neg_dist": 3.915246, "pos_dist": 4.780091, "time_diff": 3.200000, "triplet": 1.185682}
[08/11 10:02:43][INFO] utils.logging:   91: {"_type": "train_iter", "epoch": "20/30", "eta": "0:07:55", "iter": "801/8376", "loss": 1.205046, "lr": 0.000302, "neg_dist": 3.473730, "pos_dist": 4.037020, "time_diff": 4.250000, "triplet": 0.863290}
[08/11 10:02:44][INFO] utils.logging:   91: {"_type": "train_iter", "epoch": "20/30", "eta": "0:07:54", "iter": "1001/8376", "loss": 0.817213, "lr": 0.000302, "neg_dist": 3.163604, "pos_dist": 2.912034, "time_diff": 5.290000, "triplet": 0.564036}
[08/11 10:02:45][INFO] utils.logging:   91: {"_type": "train_iter", "epoch": "20/30", "eta": "0:07:53", "iter": "1201/8376", "loss": 1.290698, "lr": 0.000302, "neg_dist": 4.303864, "pos_dist": 4.983664, "time_diff": 6.290000, "triplet": 1.009850}
[08/11 10:02:46][INFO] utils.logging:   91: {"_type": "train_iter", "epoch": "20/30", "eta": "0:07:52", "iter": "1401/8376", "loss": 1.152871, "lr": 0.000302, "neg_dist": 3.749735, "pos_dist": 4.001529, "time_diff": 7.320000, "triplet": 0.829325}
[08/11 10:02:47][INFO] utils.logging:   91: {"_type": "train_iter", "epoch": "20/30", "eta": "0:07:51", "iter": "1601/8376", "loss": 1.299250, "lr": 0.000302, "neg_dist": 3.699603, "pos_dist": 4.336629, "time_diff": 8.350000, "triplet": 0.989814}
[08/11 10:02:48][INFO] utils.logging:   91: {"_type": "train_iter", "epoch": "20/30", "eta": "0:07:50", "iter": "1801/8376", "loss": 0.911934, "lr": 0.000302, "neg_dist": 3.758587, "pos_dist": 4.034359, "time_diff": 9.390000, "triplet": 0.677922}
[08/11 10:02:49][INFO] utils.logging:   91: {"_type": "train_iter", "epoch": "20/30", "eta": "0:07:49", "iter": "2001/8376", "loss": 0.975982, "lr": 0.000302, "neg_dist": 3.673011, "pos_dist": 3.980214, "time_diff": 10.440000, "triplet": 0.639994}
[08/11 10:02:50][INFO] utils.logging:   91: {"_type": "train_iter", "epoch": "20/30", "eta": "0:07:48", "iter": "2201/8376", "loss": 1.744697, "lr": 0.000302, "neg_dist": 3.744440, "pos_dist": 4.926163, "time_diff": 11.440000, "triplet": 1.481723}
[08/11 10:02:51][INFO] utils.logging:   91: {"_type": "train_iter", "epoch": "20/30", "eta": "0:07:47", "iter": "2401/8376", "loss": 1.613648, "lr": 0.000302, "neg_dist": 3.166591, "pos_dist": 4.130939, "time_diff": 12.460000, "triplet": 1.264348}
[08/11 10:02:52][INFO] utils.logging:   91: {"_type": "train_iter", "epoch": "20/30", "eta": "0:07:46", "iter": "2601/8376", "loss": 1.216182, "lr": 0.000302, "neg_dist": 3.933058, "pos_dist": 4.442037, "time_diff": 13.510000, "triplet": 0.856543}
[08/11 10:02:53][INFO] utils.logging:   91: {"_type": "train_iter", "epoch": "20/30", "eta": "0:07:45", "iter": "2801/8376", "loss": 1.062188, "lr": 0.000302, "neg_dist": 3.487171, "pos_dist": 3.571658, "time_diff": 14.510000, "triplet": 0.688617}
[08/11 10:02:55][INFO] utils.logging:   91: {"_type": "train_iter", "epoch": "20/30", "eta": "0:07:44", "iter": "3001/8376", "loss": 1.025019, "lr": 0.000302, "neg_dist": 4.398058, "pos_dist": 4.759033, "time_diff": 15.530000, "triplet": 0.726498}
[08/11 10:02:56][INFO] utils.logging:   91: {"_type": "train_iter", "epoch": "20/30", "eta": "0:07:43", "iter": "3201/8376", "loss": 1.851690, "lr": 0.000302, "neg_dist": 4.403819, "pos_dist": 5.727777, "time_diff": 16.550000, "triplet": 1.623958}
[08/11 10:02:57][INFO] utils.logging:   91: {"_type": "train_iter", "epoch": "20/30", "eta": "0:07:42", "iter": "3401/8376", "loss": 1.087134, "lr": 0.000302, "neg_dist": 3.357030, "pos_dist": 3.832465, "time_diff": 17.580000, "triplet": 0.802408}
[08/11 10:02:58][INFO] utils.logging:   91: {"_type": "train_iter", "epoch": "20/30", "eta": "0:07:41", "iter": "3601/8376", "loss": 0.874994, "lr": 0.000302, "neg_dist": 3.349908, "pos_dist": 3.675640, "time_diff": 18.610000, "triplet": 0.625731}
[08/11 10:02:59][INFO] utils.logging:   91: {"_type": "train_iter", "epoch": "20/30", "eta": "0:07:40", "iter": "3801/8376", "loss": 1.007782, "lr": 0.000302, "neg_dist": 5.308639, "pos_dist": 5.377336, "time_diff": 19.630000, "triplet": 0.762503}
[08/11 10:03:00][INFO] utils.logging:   91: {"_type": "train_iter", "epoch": "20/30", "eta": "0:07:39", "iter": "4001/8376", "loss": 1.132072, "lr": 0.000302, "neg_dist": 3.008780, "pos_dist": 3.573109, "time_diff": 20.640000, "triplet": 0.875515}
[08/11 10:03:01][INFO] utils.logging:   91: {"_type": "train_iter", "epoch": "20/30", "eta": "0:07:37", "iter": "4201/8376", "loss": 1.339475, "lr": 0.000302, "neg_dist": 3.072076, "pos_dist": 3.850887, "time_diff": 21.680000, "triplet": 1.078810}
[08/11 10:03:02][INFO] utils.logging:   91: {"_type": "train_iter", "epoch": "20/30", "eta": "0:07:36", "iter": "4401/8376", "loss": 1.467109, "lr": 0.000302, "neg_dist": 3.105459, "pos_dist": 3.997601, "time_diff": 22.700000, "triplet": 1.204907}
[08/11 10:03:03][INFO] utils.logging:   91: {"_type": "train_iter", "epoch": "20/30", "eta": "0:07:35", "iter": "4601/8376", "loss": 1.033736, "lr": 0.000302, "neg_dist": 3.179749, "pos_dist": 3.631124, "time_diff": 23.720000, "triplet": 0.751375}
[08/11 10:03:04][INFO] utils.logging:   91: {"_type": "train_iter", "epoch": "20/30", "eta": "0:07:34", "iter": "4801/8376", "loss": 1.045289, "lr": 0.000302, "neg_dist": 2.688951, "pos_dist": 3.207661, "time_diff": 24.750000, "triplet": 0.823882}
[08/11 10:03:05][INFO] utils.logging:   91: {"_type": "train_iter", "epoch": "20/30", "eta": "0:07:33", "iter": "5001/8376", "loss": 1.166839, "lr": 0.000302, "neg_dist": 3.373747, "pos_dist": 3.910746, "time_diff": 25.760000, "triplet": 0.836999}
[08/11 10:03:06][INFO] utils.logging:   91: {"_type": "train_iter", "epoch": "20/30", "eta": "0:07:32", "iter": "5201/8376", "loss": 1.283229, "lr": 0.000302, "neg_dist": 3.562472, "pos_dist": 4.282948, "time_diff": 26.780000, "triplet": 1.020476}
[08/11 10:03:07][INFO] utils.logging:   91: {"_type": "train_iter", "epoch": "20/30", "eta": "0:07:31", "iter": "5401/8376", "loss": 1.412550, "lr": 0.000302, "neg_dist": 3.615186, "pos_dist": 4.254615, "time_diff": 27.790000, "triplet": 1.055068}
[08/11 10:03:08][INFO] utils.logging:   91: {"_type": "train_iter", "epoch": "20/30", "eta": "0:07:30", "iter": "5601/8376", "loss": 1.185745, "lr": 0.000302, "neg_dist": 3.202910, "pos_dist": 3.813164, "time_diff": 28.810000, "triplet": 0.922731}
[08/11 10:03:09][INFO] utils.logging:   91: {"_type": "train_iter", "epoch": "20/30", "eta": "0:07:29", "iter": "5801/8376", "loss": 1.286292, "lr": 0.000302, "neg_dist": 3.283996, "pos_dist": 3.948676, "time_diff": 29.860000, "triplet": 1.009373}
[08/11 10:03:10][INFO] utils.logging:   91: {"_type": "train_iter", "epoch": "20/30", "eta": "0:07:28", "iter": "6001/8376", "loss": 1.028408, "lr": 0.000302, "neg_dist": 3.190086, "pos_dist": 3.578716, "time_diff": 30.920000, "triplet": 0.723283}
[08/11 10:03:11][INFO] utils.logging:   91: {"_type": "train_iter", "epoch": "20/30", "eta": "0:07:27", "iter": "6201/8376", "loss": 1.309667, "lr": 0.000302, "neg_dist": 3.681210, "pos_dist": 4.396690, "time_diff": 31.930000, "triplet": 1.015480}
[08/11 10:03:12][INFO] utils.logging:   91: {"_type": "train_iter", "epoch": "20/30", "eta": "0:07:26", "iter": "6401/8376", "loss": 1.554217, "lr": 0.000302, "neg_dist": 3.599188, "pos_dist": 4.530539, "time_diff": 32.950000, "triplet": 1.231351}
[08/11 10:03:13][INFO] utils.logging:   91: {"_type": "train_iter", "epoch": "20/30", "eta": "0:07:25", "iter": "6601/8376", "loss": 1.668084, "lr": 0.000302, "neg_dist": 3.695595, "pos_dist": 4.588872, "time_diff": 33.970000, "triplet": 1.350798}
[08/11 10:03:14][INFO] utils.logging:   91: {"_type": "train_iter", "epoch": "20/30", "eta": "0:07:24", "iter": "6801/8376", "loss": 0.990551, "lr": 0.000302, "neg_dist": 3.817255, "pos_dist": 4.102166, "time_diff": 35.000000, "triplet": 0.712933}
[08/11 10:03:15][INFO] utils.logging:   91: {"_type": "train_iter", "epoch": "20/30", "eta": "0:07:23", "iter": "7001/8376", "loss": 1.176108, "lr": 0.000302, "neg_dist": 4.048933, "pos_dist": 4.521601, "time_diff": 36.020000, "triplet": 0.808004}
[08/11 10:03:16][INFO] utils.logging:   91: {"_type": "train_iter", "epoch": "20/30", "eta": "0:07:22", "iter": "7201/8376", "loss": 0.547159, "lr": 0.000302, "neg_dist": 2.890811, "pos_dist": 2.861763, "time_diff": 37.020000, "triplet": 0.312595}
[08/11 10:03:17][INFO] utils.logging:   91: {"_type": "train_iter", "epoch": "20/30", "eta": "0:07:21", "iter": "7401/8376", "loss": 1.205820, "lr": 0.000302, "neg_dist": 3.940558, "pos_dist": 4.369661, "time_diff": 38.060000, "triplet": 0.909308}
[08/11 10:03:18][INFO] utils.logging:   91: {"_type": "train_iter", "epoch": "20/30", "eta": "0:07:20", "iter": "7601/8376", "loss": 1.252036, "lr": 0.000302, "neg_dist": 3.307502, "pos_dist": 4.029905, "time_diff": 39.060000, "triplet": 1.022403}
[08/11 10:03:19][INFO] utils.logging:   91: {"_type": "train_iter", "epoch": "20/30", "eta": "0:07:19", "iter": "7801/8376", "loss": 0.631730, "lr": 0.000302, "neg_dist": 3.591549, "pos_dist": 3.560495, "time_diff": 40.090000, "triplet": 0.435048}
[08/11 10:03:20][INFO] utils.logging:   91: {"_type": "train_iter", "epoch": "20/30", "eta": "0:07:18", "iter": "8001/8376", "loss": 0.941554, "lr": 0.000302, "neg_dist": 3.463182, "pos_dist": 3.794814, "time_diff": 41.130000, "triplet": 0.682830}
[08/11 10:03:21][INFO] utils.logging:   91: {"_type": "train_iter", "epoch": "20/30", "eta": "0:07:16", "iter": "8201/8376", "loss": 0.937925, "lr": 0.000302, "neg_dist": 3.272078, "pos_dist": 3.617471, "time_diff": 42.170000, "triplet": 0.723279}
[08/11 10:03:22][INFO] utils.logging:   91: {"RAM": "14.52/125.63 GB", "_type": "train_epoch", "epoch": "20/30", "eta": "0:07:16", "gpu_mem": "0.39 GB", "loss": 1.214003, "lr": 0.000302, "neg_dist": 3.561679, "pos_dist": 4.110294, "time_diff": 43.080000, "triplet": 0.925865}
[08/11 10:03:23][INFO] utils.logging:   91: {"_type": "val_epoch", "epoch": "20/30", "loss": 1.191369}
[08/11 10:03:23][INFO] __main__:  153: Best checkpoint: output/frame_selector/ssv2_ViT-B16_BiMHM/frame_selector_best.pth (loss=1.191369)
[08/11 10:03:23][INFO] __main__:  430: New best val loss: 1.191369 at epoch 19
[08/11 10:03:23][INFO] utils.logging:   91: {"_type": "train_iter", "epoch": "21/30", "eta": "0:07:16", "iter": "1/8376", "loss": 0.787580, "lr": 0.000250, "neg_dist": 3.563515, "pos_dist": 3.587677, "time_diff": 0.080000, "triplet": 0.444257}
[08/11 10:03:24][INFO] utils.logging:   91: {"_type": "train_iter", "epoch": "21/30", "eta": "0:07:15", "iter": "201/8376", "loss": 1.447120, "lr": 0.000250, "neg_dist": 3.862211, "pos_dist": 4.551803, "time_diff": 1.130000, "triplet": 1.135872}
[08/11 10:03:25][INFO] utils.logging:   91: {"_type": "train_iter", "epoch": "21/30", "eta": "0:07:14", "iter": "401/8376", "loss": 1.455464, "lr": 0.000250, "neg_dist": 3.776919, "pos_dist": 4.557497, "time_diff": 2.180000, "triplet": 1.092846}
[08/11 10:03:26][INFO] utils.logging:   91: {"_type": "train_iter", "epoch": "21/30", "eta": "0:07:13", "iter": "601/8376", "loss": 1.804894, "lr": 0.000250, "neg_dist": 4.253687, "pos_dist": 5.551720, "time_diff": 3.210000, "triplet": 1.598033}
[08/11 10:03:27][INFO] utils.logging:   91: {"_type": "train_iter", "epoch": "21/30", "eta": "0:07:12", "iter": "801/8376", "loss": 1.467815, "lr": 0.000250, "neg_dist": 3.192052, "pos_dist": 4.087941, "time_diff": 4.210000, "triplet": 1.195889}
[08/11 10:03:28][INFO] utils.logging:   91: {"_type": "train_iter", "epoch": "21/30", "eta": "0:07:11", "iter": "1001/8376", "loss": 1.422374, "lr": 0.000250, "neg_dist": 3.212548, "pos_dist": 4.080785, "time_diff": 5.260000, "triplet": 1.168237}
[08/11 10:03:29][INFO] utils.logging:   91: {"_type": "train_iter", "epoch": "21/30", "eta": "0:07:10", "iter": "1201/8376", "loss": 1.236868, "lr": 0.000250, "neg_dist": 3.124522, "pos_dist": 3.760885, "time_diff": 6.290000, "triplet": 0.966798}
[08/11 10:03:30][INFO] utils.logging:   91: {"_type": "train_iter", "epoch": "21/30", "eta": "0:07:09", "iter": "1401/8376", "loss": 1.316980, "lr": 0.000250, "neg_dist": 3.341297, "pos_dist": 3.966664, "time_diff": 7.350000, "triplet": 0.991576}
[08/11 10:03:31][INFO] utils.logging:   91: {"_type": "train_iter", "epoch": "21/30", "eta": "0:07:08", "iter": "1601/8376", "loss": 1.570648, "lr": 0.000250, "neg_dist": 3.511568, "pos_dist": 4.441852, "time_diff": 8.380000, "triplet": 1.230284}
[08/11 10:03:32][INFO] utils.logging:   91: {"_type": "train_iter", "epoch": "21/30", "eta": "0:07:06", "iter": "1801/8376", "loss": 0.983202, "lr": 0.000250, "neg_dist": 3.380360, "pos_dist": 3.669812, "time_diff": 9.390000, "triplet": 0.624890}
[08/11 10:03:33][INFO] utils.logging:   91: {"_type": "train_iter", "epoch": "21/30", "eta": "0:07:05", "iter": "2001/8376", "loss": 1.326190, "lr": 0.000250, "neg_dist": 3.206832, "pos_dist": 3.958157, "time_diff": 10.420000, "triplet": 1.056159}
[08/11 10:03:34][INFO] utils.logging:   91: {"_type": "train_iter", "epoch": "21/30", "eta": "0:07:04", "iter": "2201/8376", "loss": 1.172887, "lr": 0.000250, "neg_dist": 4.523156, "pos_dist": 4.817844, "time_diff": 11.430000, "triplet": 0.879690}
[08/11 10:03:35][INFO] utils.logging:   91: {"_type": "train_iter", "epoch": "21/30", "eta": "0:07:03", "iter": "2401/8376", "loss": 1.523524, "lr": 0.000250, "neg_dist": 3.914529, "pos_dist": 4.826384, "time_diff": 12.430000, "triplet": 1.216899}
[08/11 10:03:36][INFO] utils.logging:   91: {"_type": "train_iter", "epoch": "21/30", "eta": "0:07:02", "iter": "2601/8376", "loss": 1.421887, "lr": 0.000250, "neg_dist": 3.314692, "pos_dist": 4.126377, "time_diff": 13.450000, "triplet": 1.140981}
[08/11 10:03:37][INFO] utils.logging:   91: {"_type": "train_iter", "epoch": "21/30", "eta": "0:07:01", "iter": "2801/8376", "loss": 1.495712, "lr": 0.000250, "neg_dist": 2.886806, "pos_dist": 3.731635, "time_diff": 14.460000, "triplet": 1.171571}
[08/11 10:03:38][INFO] utils.logging:   91: {"_type": "train_iter", "epoch": "21/30", "eta": "0:07:00", "iter": "3001/8376", "loss": 0.905876, "lr": 0.000250, "neg_dist": 3.434614, "pos_dist": 3.607653, "time_diff": 15.480000, "triplet": 0.654304}
[08/11 10:03:39][INFO] utils.logging:   91: {"_type": "train_iter", "epoch": "21/30", "eta": "0:06:59", "iter": "3201/8376", "loss": 1.624243, "lr": 0.000250, "neg_dist": 3.341834, "pos_dist": 4.353444, "time_diff": 16.510000, "triplet": 1.311609}
[08/11 10:03:40][INFO] utils.logging:   91: {"_type": "train_iter", "epoch": "21/30", "eta": "0:06:58", "iter": "3401/8376", "loss": 1.453105, "lr": 0.000250, "neg_dist": 3.078646, "pos_dist": 3.884577, "time_diff": 17.530000, "triplet": 1.105931}
[08/11 10:03:41][INFO] utils.logging:   91: {"_type": "train_iter", "epoch": "21/30", "eta": "0:06:57", "iter": "3601/8376", "loss": 1.006266, "lr": 0.000250, "neg_dist": 3.262247, "pos_dist": 3.725796, "time_diff": 18.550000, "triplet": 0.763548}
[08/11 10:03:42][INFO] utils.logging:   91: {"_type": "train_iter", "epoch": "21/30", "eta": "0:06:56", "iter": "3801/8376", "loss": 1.065081, "lr": 0.000250, "neg_dist": 3.299076, "pos_dist": 3.776103, "time_diff": 19.580000, "triplet": 0.777026}
[08/11 10:03:43][INFO] utils.logging:   91: {"_type": "train_iter", "epoch": "21/30", "eta": "0:06:55", "iter": "4001/8376", "loss": 1.577699, "lr": 0.000250, "neg_dist": 3.325715, "pos_dist": 4.317151, "time_diff": 20.600000, "triplet": 1.291436}
[08/11 10:03:44][INFO] utils.logging:   91: {"_type": "train_iter", "epoch": "21/30", "eta": "0:06:54", "iter": "4201/8376", "loss": 0.537233, "lr": 0.000250, "neg_dist": 3.764090, "pos_dist": 3.583657, "time_diff": 21.610000, "triplet": 0.346253}
[08/11 10:03:45][INFO] utils.logging:   91: {"_type": "train_iter", "epoch": "21/30", "eta": "0:06:53", "iter": "4401/8376", "loss": 1.503186, "lr": 0.000250, "neg_dist": 3.617885, "pos_dist": 4.516583, "time_diff": 22.630000, "triplet": 1.198699}
[08/11 10:03:46][INFO] utils.logging:   91: {"_type": "train_iter", "epoch": "21/30", "eta": "0:06:52", "iter": "4601/8376", "loss": 1.549682, "lr": 0.000250, "neg_dist": 3.654628, "pos_dist": 4.484736, "time_diff": 23.640000, "triplet": 1.317569}
[08/11 10:03:47][INFO] utils.logging:   91: {"_type": "train_iter", "epoch": "21/30", "eta": "0:06:51", "iter": "4801/8376", "loss": 1.649913, "lr": 0.000250, "neg_dist": 3.457877, "pos_dist": 4.421858, "time_diff": 24.630000, "triplet": 1.263981}
[08/11 10:03:48][INFO] utils.logging:   91: {"_type": "train_iter", "epoch": "21/30", "eta": "0:06:50", "iter": "5001/8376", "loss": 1.120867, "lr": 0.000250, "neg_dist": 3.412868, "pos_dist": 3.913641, "time_diff": 25.680000, "triplet": 0.840401}
[08/11 10:03:49][INFO] utils.logging:   91: {"_type": "train_iter", "epoch": "21/30", "eta": "0:06:49", "iter": "5201/8376", "loss": 0.929642, "lr": 0.000250, "neg_dist": 3.018079, "pos_dist": 3.268118, "time_diff": 26.690000, "triplet": 0.616632}
[08/11 10:03:50][INFO] utils.logging:   91: {"_type": "train_iter", "epoch": "21/30", "eta": "0:06:48", "iter": "5401/8376", "loss": 1.245949, "lr": 0.000250, "neg_dist": 3.883002, "pos_dist": 4.510178, "time_diff": 27.710000, "triplet": 0.927176}
[08/11 10:03:51][INFO] utils.logging:   91: {"_type": "train_iter", "epoch": "21/30", "eta": "0:06:46", "iter": "5601/8376", "loss": 1.255454, "lr": 0.000250, "neg_dist": 3.747493, "pos_dist": 4.448395, "time_diff": 28.710000, "triplet": 1.000902}
[08/11 10:03:52][INFO] utils.logging:   91: {"_type": "train_iter", "epoch": "21/30", "eta": "0:06:45", "iter": "5801/8376", "loss": 1.098405, "lr": 0.000250, "neg_dist": 3.672258, "pos_dist": 4.068764, "time_diff": 29.710000, "triplet": 0.696505}
[08/11 10:03:53][INFO] utils.logging:   91: {"_type": "train_iter", "epoch": "21/30", "eta": "0:06:44", "iter": "6001/8376", "loss": 0.869966, "lr": 0.000250, "neg_dist": 3.638430, "pos_dist": 3.936231, "time_diff": 30.710000, "triplet": 0.597801}
[08/11 10:03:54][INFO] utils.logging:   91: {"_type": "train_iter", "epoch": "21/30", "eta": "0:06:43", "iter": "6201/8376", "loss": 1.078997, "lr": 0.000250, "neg_dist": 3.513028, "pos_dist": 3.938213, "time_diff": 31.740000, "triplet": 0.761612}
[08/11 10:03:55][INFO] utils.logging:   91: {"_type": "train_iter", "epoch": "21/30", "eta": "0:06:42", "iter": "6401/8376", "loss": 1.599113, "lr": 0.000250, "neg_dist": 3.347308, "pos_dist": 4.250740, "time_diff": 32.740000, "triplet": 1.203432}
[08/11 10:03:56][INFO] utils.logging:   91: {"_type": "train_iter", "epoch": "21/30", "eta": "0:06:41", "iter": "6601/8376", "loss": 1.303339, "lr": 0.000250, "neg_dist": 3.846698, "pos_dist": 4.595630, "time_diff": 33.760000, "triplet": 1.048931}
[08/11 10:03:57][INFO] utils.logging:   91: {"_type": "train_iter", "epoch": "21/30", "eta": "0:06:40", "iter": "6801/8376", "loss": 1.165239, "lr": 0.000250, "neg_dist": 3.929792, "pos_dist": 4.433888, "time_diff": 34.760000, "triplet": 0.846095}
[08/11 10:03:58][INFO] utils.logging:   91: {"_type": "train_iter", "epoch": "21/30", "eta": "0:06:39", "iter": "7001/8376", "loss": 1.042485, "lr": 0.000250, "neg_dist": 3.732348, "pos_dist": 4.179888, "time_diff": 35.810000, "triplet": 0.785800}
[08/11 10:03:59][INFO] utils.logging:   91: {"_type": "train_iter", "epoch": "21/30", "eta": "0:06:38", "iter": "7201/8376", "loss": 1.675447, "lr": 0.000250, "neg_dist": 4.403330, "pos_dist": 5.511219, "time_diff": 36.840000, "triplet": 1.460363}
[08/11 10:04:00][INFO] utils.logging:   91: {"_type": "train_iter", "epoch": "21/30", "eta": "0:06:37", "iter": "7401/8376", "loss": 1.118919, "lr": 0.000250, "neg_dist": 3.572049, "pos_dist": 4.093246, "time_diff": 37.850000, "triplet": 0.847542}
[08/11 10:04:02][INFO] utils.logging:   91: {"_type": "train_iter", "epoch": "21/30", "eta": "0:06:36", "iter": "7601/8376", "loss": 1.095655, "lr": 0.000250, "neg_dist": 3.165154, "pos_dist": 3.592789, "time_diff": 38.880000, "triplet": 0.756072}
[08/11 10:04:03][INFO] utils.logging:   91: {"_type": "train_iter", "epoch": "21/30", "eta": "0:06:35", "iter": "7801/8376", "loss": 0.808240, "lr": 0.000250, "neg_dist": 3.430148, "pos_dist": 3.686454, "time_diff": 39.890000, "triplet": 0.601174}
[08/11 10:04:04][INFO] utils.logging:   91: {"_type": "train_iter", "epoch": "21/30", "eta": "0:06:34", "iter": "8001/8376", "loss": 0.972780, "lr": 0.000250, "neg_dist": 3.658691, "pos_dist": 3.930157, "time_diff": 40.910000, "triplet": 0.672979}
[08/11 10:04:05][INFO] utils.logging:   91: {"_type": "train_iter", "epoch": "21/30", "eta": "0:06:33", "iter": "8201/8376", "loss": 1.382025, "lr": 0.000250, "neg_dist": 3.777348, "pos_dist": 4.508426, "time_diff": 41.970000, "triplet": 1.091485}
[08/11 10:04:06][INFO] __main__:  150: Checkpoint: output/frame_selector/ssv2_ViT-B16_BiMHM/frame_selector_epoch0020.pth
[08/11 10:04:06][INFO] utils.logging:   91: {"RAM": "14.53/125.63 GB", "_type": "train_epoch", "epoch": "21/30", "eta": "0:06:32", "gpu_mem": "0.39 GB", "loss": 1.218353, "lr": 0.000250, "neg_dist": 3.565113, "pos_dist": 4.119522, "time_diff": 42.890000, "triplet": 0.931145}
[08/11 10:04:06][INFO] utils.logging:   91: {"_type": "val_epoch", "epoch": "21/30", "loss": 1.237340}
[08/11 10:04:06][INFO] utils.logging:   91: {"_type": "train_iter", "epoch": "22/30", "eta": "0:06:32", "iter": "1/8376", "loss": 1.582004, "lr": 0.000201, "neg_dist": 3.640045, "pos_dist": 4.600805, "time_diff": 0.070000, "triplet": 1.260760}
[08/11 10:04:07][INFO] utils.logging:   91: {"_type": "train_iter", "epoch": "22/30", "eta": "0:06:31", "iter": "201/8376", "loss": 0.697467, "lr": 0.000201, "neg_dist": 2.831101, "pos_dist": 2.962330, "time_diff": 1.120000, "triplet": 0.487884}
[08/11 10:04:08][INFO] utils.logging:   91: {"_type": "train_iter", "epoch": "22/30", "eta": "0:06:30", "iter": "401/8376", "loss": 1.448437, "lr": 0.000201, "neg_dist": 4.339840, "pos_dist": 5.099094, "time_diff": 2.120000, "triplet": 1.142659}
[08/11 10:04:09][INFO] utils.logging:   91: {"_type": "train_iter", "epoch": "22/30", "eta": "0:06:29", "iter": "601/8376", "loss": 1.065432, "lr": 0.000201, "neg_dist": 3.114327, "pos_dist": 3.558510, "time_diff": 3.150000, "triplet": 0.744183}
[08/11 10:04:10][INFO] utils.logging:   91: {"_type": "train_iter", "epoch": "22/30", "eta": "0:06:28", "iter": "801/8376", "loss": 1.218273, "lr": 0.000201, "neg_dist": 3.068252, "pos_dist": 3.637376, "time_diff": 4.180000, "triplet": 0.869124}
[08/11 10:04:11][INFO] utils.logging:   91: {"_type": "train_iter", "epoch": "22/30", "eta": "0:06:27", "iter": "1001/8376", "loss": 1.168312, "lr": 0.000201, "neg_dist": 3.133659, "pos_dist": 3.729125, "time_diff": 5.180000, "triplet": 0.895466}
[08/11 10:04:12][INFO] utils.logging:   91: {"_type": "train_iter", "epoch": "22/30", "eta": "0:06:26", "iter": "1201/8376", "loss": 1.555544, "lr": 0.000201, "neg_dist": 3.423452, "pos_dist": 4.408587, "time_diff": 6.220000, "triplet": 1.285136}
[08/11 10:04:13][INFO] utils.logging:   91: {"_type": "train_iter", "epoch": "22/30", "eta": "0:06:25", "iter": "1401/8376", "loss": 1.368843, "lr": 0.000201, "neg_dist": 3.538918, "pos_dist": 4.092010, "time_diff": 7.230000, "triplet": 1.042028}
[08/11 10:04:14][INFO] utils.logging:   91: {"_type": "train_iter", "epoch": "22/30", "eta": "0:06:24", "iter": "1601/8376", "loss": 1.447330, "lr": 0.000201, "neg_dist": 3.720441, "pos_dist": 4.573891, "time_diff": 8.240000, "triplet": 1.153450}
[08/11 10:04:15][INFO] utils.logging:   91: {"_type": "train_iter", "epoch": "22/30", "eta": "0:06:23", "iter": "1801/8376", "loss": 1.060970, "lr": 0.000201, "neg_dist": 3.007255, "pos_dist": 3.468115, "time_diff": 9.270000, "triplet": 0.760861}
[08/11 10:04:16][INFO] utils.logging:   91: {"_type": "train_iter", "epoch": "22/30", "eta": "0:06:22", "iter": "2001/8376", "loss": 0.534445, "lr": 0.000201, "neg_dist": 3.707744, "pos_dist": 3.536612, "time_diff": 10.300000, "triplet": 0.317946}
[08/11 10:04:17][INFO] utils.logging:   91: {"_type": "train_iter", "epoch": "22/30", "eta": "0:06:21", "iter": "2201/8376", "loss": 1.291754, "lr": 0.000201, "neg_dist": 3.215952, "pos_dist": 3.893824, "time_diff": 11.340000, "triplet": 0.977872}
[08/11 10:04:19][INFO] utils.logging:   91: {"_type": "train_iter", "epoch": "22/30", "eta": "0:06:20", "iter": "2401/8376", "loss": 0.972794, "lr": 0.000201, "neg_dist": 2.966177, "pos_dist": 3.310144, "time_diff": 12.380000, "triplet": 0.659230}
[08/11 10:04:20][INFO] utils.logging:   91: {"_type": "train_iter", "epoch": "22/30", "eta": "0:06:19", "iter": "2601/8376", "loss": 0.961220, "lr": 0.000201, "neg_dist": 3.579761, "pos_dist": 3.876211, "time_diff": 13.400000, "triplet": 0.596451}
[08/11 10:04:21][INFO] utils.logging:   91: {"_type": "train_iter", "epoch": "22/30", "eta": "0:06:18", "iter": "2801/8376", "loss": 1.125771, "lr": 0.000201, "neg_dist": 3.675424, "pos_dist": 4.189711, "time_diff": 14.450000, "triplet": 0.814287}
[08/11 10:04:22][INFO] utils.logging:   91: {"_type": "train_iter", "epoch": "22/30", "eta": "0:06:16", "iter": "3001/8376", "loss": 1.198509, "lr": 0.000201, "neg_dist": 3.464163, "pos_dist": 4.069067, "time_diff": 15.470000, "triplet": 0.904904}
[08/11 10:04:23][INFO] utils.logging:   91: {"_type": "train_iter", "epoch": "22/30", "eta": "0:06:15", "iter": "3201/8376", "loss": 0.956688, "lr": 0.000201, "neg_dist": 3.447658, "pos_dist": 3.643050, "time_diff": 16.510000, "triplet": 0.747647}
[08/11 10:04:24][INFO] utils.logging:   91: {"_type": "train_iter", "epoch": "22/30", "eta": "0:06:14", "iter": "3401/8376", "loss": 1.355400, "lr": 0.000201, "neg_dist": 3.037780, "pos_dist": 3.779865, "time_diff": 17.530000, "triplet": 1.042085}
[08/11 10:04:25][INFO] utils.logging:   91: {"_type": "train_iter", "epoch": "22/30", "eta": "0:06:13", "iter": "3601/8376", "loss": 1.191335, "lr": 0.000201, "neg_dist": 3.272588, "pos_dist": 3.812461, "time_diff": 18.570000, "triplet": 0.839874}
[08/11 10:04:26][INFO] utils.logging:   91: {"_type": "train_iter", "epoch": "22/30", "eta": "0:06:12", "iter": "3801/8376", "loss": 1.202708, "lr": 0.000201, "neg_dist": 3.487446, "pos_dist": 4.010684, "time_diff": 19.570000, "triplet": 0.942457}
[08/11 10:04:27][INFO] utils.logging:   91: {"_type": "train_iter", "epoch": "22/30", "eta": "0:06:11", "iter": "4001/8376", "loss": 1.445237, "lr": 0.000201, "neg_dist": 4.041926, "pos_dist": 4.807613, "time_diff": 20.580000, "triplet": 1.110500}
[08/11 10:04:28][INFO] utils.logging:   91: {"_type": "train_iter", "epoch": "22/30", "eta": "0:06:10", "iter": "4201/8376", "loss": 1.205231, "lr": 0.000201, "neg_dist": 3.226623, "pos_dist": 3.829106, "time_diff": 21.600000, "triplet": 0.984757}
[08/11 10:04:29][INFO] utils.logging:   91: {"_type": "train_iter", "epoch": "22/30", "eta": "0:06:09", "iter": "4401/8376", "loss": 0.705184, "lr": 0.000201, "neg_dist": 3.503293, "pos_dist": 3.637068, "time_diff": 22.610000, "triplet": 0.498135}
[08/11 10:04:30][INFO] utils.logging:   91: {"_type": "train_iter", "epoch": "22/30", "eta": "0:06:08", "iter": "4601/8376", "loss": 1.160167, "lr": 0.000201, "neg_dist": 3.790650, "pos_dist": 4.340838, "time_diff": 23.630000, "triplet": 0.900337}
[08/11 10:04:31][INFO] utils.logging:   91: {"_type": "train_iter", "epoch": "22/30", "eta": "0:06:07", "iter": "4801/8376", "loss": 0.846150, "lr": 0.000201, "neg_dist": 3.552697, "pos_dist": 3.826708, "time_diff": 24.640000, "triplet": 0.591145}
[08/11 10:04:32][INFO] utils.logging:   91: {"_type": "train_iter", "epoch": "22/30", "eta": "0:06:06", "iter": "5001/8376", "loss": 1.423348, "lr": 0.000201, "neg_dist": 3.179522, "pos_dist": 3.945856, "time_diff": 25.650000, "triplet": 1.102869}
[08/11 10:04:33][INFO] utils.logging:   91: {"_type": "train_iter", "epoch": "22/30", "eta": "0:06:05", "iter": "5201/8376", "loss": 1.149930, "lr": 0.000201, "neg_dist": 3.515793, "pos_dist": 4.164681, "time_diff": 26.720000, "triplet": 0.952793}
[08/11 10:04:34][INFO] utils.logging:   91: {"_type": "train_iter", "epoch": "22/30", "eta": "0:06:04", "iter": "5401/8376", "loss": 1.314556, "lr": 0.000201, "neg_dist": 3.599368, "pos_dist": 4.363575, "time_diff": 27.740000, "triplet": 1.064207}
[08/11 10:04:35][INFO] utils.logging:   91: {"_type": "train_iter", "epoch": "22/30", "eta": "0:06:03", "iter": "5601/8376", "loss": 1.110732, "lr": 0.000201, "neg_dist": 3.846369, "pos_dist": 4.229580, "time_diff": 28.770000, "triplet": 0.833007}
[08/11 10:04:36][INFO] utils.logging:   91: {"_type": "train_iter", "epoch": "22/30", "eta": "0:06:02", "iter": "5801/8376", "loss": 1.325084, "lr": 0.000201, "neg_dist": 2.734904, "pos_dist": 3.495179, "time_diff": 29.790000, "triplet": 1.060275}
[08/11 10:04:37][INFO] utils.logging:   91: {"_type": "train_iter", "epoch": "22/30", "eta": "0:06:01", "iter": "6001/8376", "loss": 0.795613, "lr": 0.000201, "neg_dist": 3.833941, "pos_dist": 4.041004, "time_diff": 30.800000, "triplet": 0.620743}
[08/11 10:04:38][INFO] utils.logging:   91: {"_type": "train_iter", "epoch": "22/30", "eta": "0:06:00", "iter": "6201/8376", "loss": 1.029338, "lr": 0.000201, "neg_dist": 3.175978, "pos_dist": 3.528004, "time_diff": 31.820000, "triplet": 0.844573}
[08/11 10:04:39][INFO] utils.logging:   91: {"_type": "train_iter", "epoch": "22/30", "eta": "0:05:59", "iter": "6401/8376", "loss": 0.816634, "lr": 0.000201, "neg_dist": 3.614211, "pos_dist": 3.572664, "time_diff": 32.830000, "triplet": 0.471376}
[08/11 10:04:40][INFO] utils.logging:   91: {"_type": "train_iter", "epoch": "22/30", "eta": "0:05:58", "iter": "6601/8376", "loss": 1.237187, "lr": 0.000201, "neg_dist": 2.903666, "pos_dist": 3.552474, "time_diff": 33.840000, "triplet": 0.948808}
[08/11 10:04:41][INFO] utils.logging:   91: {"_type": "train_iter", "epoch": "22/30", "eta": "0:05:57", "iter": "6801/8376", "loss": 1.121643, "lr": 0.000201, "neg_dist": 3.246428, "pos_dist": 3.740835, "time_diff": 34.860000, "triplet": 0.794407}
[08/11 10:04:42][INFO] utils.logging:   91: {"_type": "train_iter", "epoch": "22/30", "eta": "0:05:55", "iter": "7001/8376", "loss": 1.061285, "lr": 0.000201, "neg_dist": 3.212783, "pos_dist": 3.669581, "time_diff": 35.880000, "triplet": 0.756798}
[08/11 10:04:43][INFO] utils.logging:   91: {"_type": "train_iter", "epoch": "22/30", "eta": "0:05:54", "iter": "7201/8376", "loss": 1.324157, "lr": 0.000201, "neg_dist": 3.910990, "pos_dist": 4.654513, "time_diff": 36.890000, "triplet": 1.074202}
[08/11 10:04:44][INFO] utils.logging:   91: {"_type": "train_iter", "epoch": "22/30", "eta": "0:05:53", "iter": "7401/8376", "loss": 1.363190, "lr": 0.000201, "neg_dist": 3.959803, "pos_dist": 4.691984, "time_diff": 37.910000, "triplet": 1.032181}
[08/11 10:04:45][INFO] utils.logging:   91: {"_type": "train_iter", "epoch": "22/30", "eta": "0:05:52", "iter": "7601/8376", "loss": 1.389668, "lr": 0.000201, "neg_dist": 4.100792, "pos_dist": 4.781811, "time_diff": 38.920000, "triplet": 1.125559}
[08/11 10:04:46][INFO] utils.logging:   91: {"_type": "train_iter", "epoch": "22/30", "eta": "0:05:51", "iter": "7801/8376", "loss": 1.396904, "lr": 0.000201, "neg_dist": 3.619838, "pos_dist": 4.463509, "time_diff": 39.940000, "triplet": 1.143671}
[08/11 10:04:47][INFO] utils.logging:   91: {"_type": "train_iter", "epoch": "22/30", "eta": "0:05:50", "iter": "8001/8376", "loss": 1.071792, "lr": 0.000201, "neg_dist": 3.635609, "pos_dist": 4.039605, "time_diff": 40.950000, "triplet": 0.710329}
[08/11 10:04:48][INFO] utils.logging:   91: {"_type": "train_iter", "epoch": "22/30", "eta": "0:05:49", "iter": "8201/8376", "loss": 1.111372, "lr": 0.000201, "neg_dist": 3.099751, "pos_dist": 3.633669, "time_diff": 41.950000, "triplet": 0.833917}
[08/11 10:04:49][INFO] utils.logging:   91: {"RAM": "14.54/125.63 GB", "_type": "train_epoch", "epoch": "22/30", "eta": "0:05:48", "gpu_mem": "0.39 GB", "loss": 1.205594, "lr": 0.000201, "neg_dist": 3.567548, "pos_dist": 4.105304, "time_diff": 42.870000, "triplet": 0.917291}
[08/11 10:04:50][INFO] utils.logging:   91: {"_type": "val_epoch", "epoch": "22/30", "loss": 1.248386}
[08/11 10:04:50][INFO] utils.logging:   91: {"_type": "train_iter", "epoch": "23/30", "eta": "0:05:48", "iter": "1/8376", "loss": 1.397270, "lr": 0.000157, "neg_dist": 4.251134, "pos_dist": 4.987977, "time_diff": 0.070000, "triplet": 1.107843}
[08/11 10:04:51][INFO] utils.logging:   91: {"_type": "train_iter", "epoch": "23/30", "eta": "0:05:47", "iter": "201/8376", "loss": 0.956964, "lr": 0.000157, "neg_dist": 3.465479, "pos_dist": 3.789892, "time_diff": 1.120000, "triplet": 0.641573}
[08/11 10:04:52][INFO] utils.logging:   91: {"_type": "train_iter", "epoch": "23/30", "eta": "0:05:46", "iter": "401/8376", "loss": 1.346478, "lr": 0.000157, "neg_dist": 4.251516, "pos_dist": 4.864491, "time_diff": 2.130000, "triplet": 1.032763}
[08/11 10:04:53][INFO] utils.logging:   91: {"_type": "train_iter", "epoch": "23/30", "eta": "0:05:45", "iter": "601/8376", "loss": 1.219799, "lr": 0.000157, "neg_dist": 2.963843, "pos_dist": 3.630347, "time_diff": 3.160000, "triplet": 0.966504}
[08/11 10:04:54][INFO] utils.logging:   91: {"_type": "train_iter", "epoch": "23/30", "eta": "0:05:44", "iter": "801/8376", "loss": 0.714190, "lr": 0.000157, "neg_dist": 3.480221, "pos_dist": 3.653724, "time_diff": 4.200000, "triplet": 0.505720}
[08/11 10:04:55][INFO] utils.logging:   91: {"_type": "train_iter", "epoch": "23/30", "eta": "0:05:43", "iter": "1001/8376", "loss": 1.407606, "lr": 0.000157, "neg_dist": 3.431318, "pos_dist": 4.279868, "time_diff": 5.270000, "triplet": 1.162656}
[08/11 10:04:56][INFO] utils.logging:   91: {"_type": "train_iter", "epoch": "23/30", "eta": "0:05:42", "iter": "1201/8376", "loss": 1.522170, "lr": 0.000157, "neg_dist": 3.561551, "pos_dist": 4.543628, "time_diff": 6.290000, "triplet": 1.282076}
[08/11 10:04:57][INFO] utils.logging:   91: {"_type": "train_iter", "epoch": "23/30", "eta": "0:05:41", "iter": "1401/8376", "loss": 1.254289, "lr": 0.000157, "neg_dist": 4.140597, "pos_dist": 4.826328, "time_diff": 7.330000, "triplet": 0.985731}
[08/11 10:04:58][INFO] utils.logging:   91: {"_type": "train_iter", "epoch": "23/30", "eta": "0:05:40", "iter": "1601/8376", "loss": 0.610401, "lr": 0.000157, "neg_dist": 3.709621, "pos_dist": 3.351789, "time_diff": 8.360000, "triplet": 0.328754}
[08/11 10:04:59][INFO] utils.logging:   91: {"_type": "train_iter", "epoch": "23/30", "eta": "0:05:39", "iter": "1801/8376", "loss": 1.051102, "lr": 0.000157, "neg_dist": 4.442040, "pos_dist": 4.830793, "time_diff": 9.390000, "triplet": 0.696961}
[08/11 10:05:00][INFO] utils.logging:   91: {"_type": "train_iter", "epoch": "23/30", "eta": "0:05:38", "iter": "2001/8376", "loss": 1.495666, "lr": 0.000157, "neg_dist": 3.991735, "pos_dist": 4.786996, "time_diff": 10.430000, "triplet": 1.206766}
[08/11 10:05:01][INFO] utils.logging:   91: {"_type": "train_iter", "epoch": "23/30", "eta": "0:05:37", "iter": "2201/8376", "loss": 1.191856, "lr": 0.000157, "neg_dist": 4.299491, "pos_dist": 4.843894, "time_diff": 11.440000, "triplet": 0.867770}
[08/11 10:05:02][INFO] utils.logging:   91: {"_type": "train_iter", "epoch": "23/30", "eta": "0:05:36", "iter": "2401/8376", "loss": 0.409699, "lr": 0.000157, "neg_dist": 4.279311, "pos_dist": 3.334625, "time_diff": 12.480000, "triplet": 0.143470}
[08/11 10:05:03][INFO] utils.logging:   91: {"_type": "train_iter", "epoch": "23/30", "eta": "0:05:35", "iter": "2601/8376", "loss": 1.477729, "lr": 0.000157, "neg_dist": 4.521779, "pos_dist": 5.409503, "time_diff": 13.540000, "triplet": 1.187724}
[08/11 10:05:04][INFO] utils.logging:   91: {"_type": "train_iter", "epoch": "23/30", "eta": "0:05:34", "iter": "2801/8376", "loss": 1.754957, "lr": 0.000157, "neg_dist": 3.307561, "pos_dist": 4.450897, "time_diff": 14.550000, "triplet": 1.443336}
[08/11 10:05:05][INFO] utils.logging:   91: {"_type": "train_iter", "epoch": "23/30", "eta": "0:05:33", "iter": "3001/8376", "loss": 1.375202, "lr": 0.000157, "neg_dist": 3.990425, "pos_dist": 4.602072, "time_diff": 15.570000, "triplet": 1.170285}
[08/11 10:05:06][INFO] utils.logging:   91: {"_type": "train_iter", "epoch": "23/30", "eta": "0:05:32", "iter": "3201/8376", "loss": 0.737312, "lr": 0.000157, "neg_dist": 4.271732, "pos_dist": 4.232814, "time_diff": 16.620000, "triplet": 0.503366}
[08/11 10:05:07][INFO] utils.logging:   91: {"_type": "train_iter", "epoch": "23/30", "eta": "0:05:31", "iter": "3401/8376", "loss": 0.821630, "lr": 0.000157, "neg_dist": 4.581445, "pos_dist": 4.611162, "time_diff": 17.670000, "triplet": 0.464978}
[08/11 10:05:08][INFO] utils.logging:   91: {"_type": "train_iter", "epoch": "23/30", "eta": "0:05:30", "iter": "3601/8376", "loss": 1.905289, "lr": 0.000157, "neg_dist": 3.464167, "pos_dist": 4.741663, "time_diff": 18.700000, "triplet": 1.577496}
[08/11 10:05:09][INFO] utils.logging:   91: {"_type": "train_iter", "epoch": "23/30", "eta": "0:05:29", "iter": "3801/8376", "loss": 1.385520, "lr": 0.000157, "neg_dist": 3.995635, "pos_dist": 4.879306, "time_diff": 19.730000, "triplet": 1.183671}
[08/11 10:05:10][INFO] utils.logging:   91: {"_type": "train_iter", "epoch": "23/30", "eta": "0:05:28", "iter": "4001/8376", "loss": 1.395763, "lr": 0.000157, "neg_dist": 3.949729, "pos_dist": 4.510175, "time_diff": 20.750000, "triplet": 0.988907}
[08/11 10:05:11][INFO] utils.logging:   91: {"_type": "train_iter", "epoch": "23/30", "eta": "0:05:27", "iter": "4201/8376", "loss": 1.082314, "lr": 0.000157, "neg_dist": 3.957697, "pos_dist": 4.262843, "time_diff": 21.760000, "triplet": 0.834540}
[08/11 10:05:12][INFO] utils.logging:   91: {"_type": "train_iter", "epoch": "23/30", "eta": "0:05:25", "iter": "4401/8376", "loss": 1.199314, "lr": 0.000157, "neg_dist": 3.634642, "pos_dist": 4.169257, "time_diff": 22.760000, "triplet": 0.916200}
[08/11 10:05:13][INFO] utils.logging:   91: {"_type": "train_iter", "epoch": "23/30", "eta": "0:05:24", "iter": "4601/8376", "loss": 1.703037, "lr": 0.000157, "neg_dist": 3.383168, "pos_dist": 4.451093, "time_diff": 23.780000, "triplet": 1.367925}
[08/11 10:05:14][INFO] utils.logging:   91: {"_type": "train_iter", "epoch": "23/30", "eta": "0:05:23", "iter": "4801/8376", "loss": 1.168655, "lr": 0.000157, "neg_dist": 3.783517, "pos_dist": 4.172778, "time_diff": 24.790000, "triplet": 0.906442}
[08/11 10:05:15][INFO] utils.logging:   91: {"_type": "train_iter", "epoch": "23/30", "eta": "0:05:22", "iter": "5001/8376", "loss": 1.309551, "lr": 0.000157, "neg_dist": 4.003455, "pos_dist": 4.587043, "time_diff": 25.800000, "triplet": 0.905715}
[08/11 10:05:16][INFO] utils.logging:   91: {"_type": "train_iter", "epoch": "23/30", "eta": "0:05:21", "iter": "5201/8376", "loss": 1.635743, "lr": 0.000157, "neg_dist": 3.184446, "pos_dist": 4.261386, "time_diff": 26.830000, "triplet": 1.376940}
[08/11 10:05:17][INFO] utils.logging:   91: {"_type": "train_iter", "epoch": "23/30", "eta": "0:05:20", "iter": "5401/8376", "loss": 1.323177, "lr": 0.000157, "neg_dist": 3.321412, "pos_dist": 4.025578, "time_diff": 27.840000, "triplet": 1.004167}
[08/11 10:05:18][INFO] utils.logging:   91: {"_type": "train_iter", "epoch": "23/30", "eta": "0:05:19", "iter": "5601/8376", "loss": 1.150522, "lr": 0.000157, "neg_dist": 3.555306, "pos_dist": 3.871433, "time_diff": 28.840000, "triplet": 0.739298}
[08/11 10:05:19][INFO] utils.logging:   91: {"_type": "train_iter", "epoch": "23/30", "eta": "0:05:18", "iter": "5801/8376", "loss": 1.281398, "lr": 0.000157, "neg_dist": 3.788425, "pos_dist": 4.480176, "time_diff": 29.850000, "triplet": 0.991750}
[08/11 10:05:20][INFO] utils.logging:   91: {"_type": "train_iter", "epoch": "23/30", "eta": "0:05:17", "iter": "6001/8376", "loss": 2.111847, "lr": 0.000157, "neg_dist": 3.595146, "pos_dist": 4.924902, "time_diff": 30.880000, "triplet": 1.803792}
[08/11 10:05:21][INFO] utils.logging:   91: {"_type": "train_iter", "epoch": "23/30", "eta": "0:05:16", "iter": "6201/8376", "loss": 0.828592, "lr": 0.000157, "neg_dist": 3.931033, "pos_dist": 4.192492, "time_diff": 31.910000, "triplet": 0.577080}
[08/11 10:05:23][INFO] utils.logging:   91: {"_type": "train_iter", "epoch": "23/30", "eta": "0:05:15", "iter": "6401/8376", "loss": 1.075549, "lr": 0.000157, "neg_dist": 2.858880, "pos_dist": 3.327966, "time_diff": 32.940000, "triplet": 0.769086}
[08/11 10:05:24][INFO] utils.logging:   91: {"_type": "train_iter", "epoch": "23/30", "eta": "0:05:14", "iter": "6601/8376", "loss": 1.719100, "lr": 0.000157, "neg_dist": 4.469135, "pos_dist": 5.659501, "time_diff": 33.980000, "triplet": 1.490366}
[08/11 10:05:25][INFO] utils.logging:   91: {"_type": "train_iter", "epoch": "23/30", "eta": "0:05:13", "iter": "6801/8376", "loss": 1.885200, "lr": 0.000157, "neg_dist": 3.623018, "pos_dist": 4.903556, "time_diff": 34.990000, "triplet": 1.580538}
[08/11 10:05:26][INFO] utils.logging:   91: {"_type": "train_iter", "epoch": "23/30", "eta": "0:05:12", "iter": "7001/8376", "loss": 1.606700, "lr": 0.000157, "neg_dist": 3.407692, "pos_dist": 4.338519, "time_diff": 36.020000, "triplet": 1.230827}
[08/11 10:05:27][INFO] utils.logging:   91: {"_type": "train_iter", "epoch": "23/30", "eta": "0:05:11", "iter": "7201/8376", "loss": 1.327195, "lr": 0.000157, "neg_dist": 3.287281, "pos_dist": 3.930920, "time_diff": 37.040000, "triplet": 0.980616}
[08/11 10:05:28][INFO] utils.logging:   91: {"_type": "train_iter", "epoch": "23/30", "eta": "0:05:10", "iter": "7401/8376", "loss": 1.100690, "lr": 0.000157, "neg_dist": 3.786505, "pos_dist": 4.241746, "time_diff": 38.070000, "triplet": 0.793149}
[08/11 10:05:29][INFO] utils.logging:   91: {"_type": "train_iter", "epoch": "23/30", "eta": "0:05:09", "iter": "7601/8376", "loss": 1.397274, "lr": 0.000157, "neg_dist": 3.094146, "pos_dist": 3.932671, "time_diff": 39.070000, "triplet": 1.163593}
[08/11 10:05:30][INFO] utils.logging:   91: {"_type": "train_iter", "epoch": "23/30", "eta": "0:05:08", "iter": "7801/8376", "loss": 0.764660, "lr": 0.000157, "neg_dist": 3.464730, "pos_dist": 3.362561, "time_diff": 40.110000, "triplet": 0.488388}
[08/11 10:05:31][INFO] utils.logging:   91: {"_type": "train_iter", "epoch": "23/30", "eta": "0:05:07", "iter": "8001/8376", "loss": 0.892454, "lr": 0.000157, "neg_dist": 4.705675, "pos_dist": 3.966437, "time_diff": 41.120000, "triplet": 0.611659}
[08/11 10:05:32][INFO] utils.logging:   91: {"_type": "train_iter", "epoch": "23/30", "eta": "0:05:06", "iter": "8201/8376", "loss": 1.347519, "lr": 0.000157, "neg_dist": 3.135988, "pos_dist": 3.877092, "time_diff": 42.150000, "triplet": 1.061692}
[08/11 10:05:33][INFO] utils.logging:   91: {"RAM": "14.50/125.63 GB", "_type": "train_epoch", "epoch": "23/30", "eta": "0:05:05", "gpu_mem": "0.39 GB", "loss": 1.208700, "lr": 0.000157, "neg_dist": 3.572827, "pos_dist": 4.116221, "time_diff": 43.070000, "triplet": 0.921521}
[08/11 10:05:33][INFO] utils.logging:   91: {"_type": "val_epoch", "epoch": "23/30", "loss": 1.238395}
[08/11 10:05:33][INFO] utils.logging:   91: {"_type": "train_iter", "epoch": "24/30", "eta": "0:05:05", "iter": "1/8376", "loss": 1.080647, "lr": 0.000117, "neg_dist": 2.903873, "pos_dist": 3.351315, "time_diff": 0.070000, "triplet": 0.747441}
[08/11 10:05:34][INFO] utils.logging:   91: {"_type": "train_iter", "epoch": "24/30", "eta": "0:05:04", "iter": "201/8376", "loss": 1.560119, "lr": 0.000117, "neg_dist": 3.691556, "pos_dist": 4.352080, "time_diff": 1.110000, "triplet": 1.245660}
[08/11 10:05:35][INFO] utils.logging:   91: {"_type": "train_iter", "epoch": "24/30", "eta": "0:05:03", "iter": "401/8376", "loss": 0.879506, "lr": 0.000117, "neg_dist": 3.790518, "pos_dist": 4.113737, "time_diff": 2.120000, "triplet": 0.623219}
[08/11 10:05:36][INFO] utils.logging:   91: {"_type": "train_iter", "epoch": "24/30", "eta": "0:05:02", "iter": "601/8376", "loss": 1.191561, "lr": 0.000117, "neg_dist": 3.872133, "pos_dist": 4.422859, "time_diff": 3.150000, "triplet": 0.922300}
[08/11 10:05:37][INFO] utils.logging:   91: {"_type": "train_iter", "epoch": "24/30", "eta": "0:05:01", "iter": "801/8376", "loss": 0.663985, "lr": 0.000117, "neg_dist": 2.932468, "pos_dist": 2.908061, "time_diff": 4.160000, "triplet": 0.443835}
[08/11 10:05:38][INFO] utils.logging:   91: {"_type": "train_iter", "epoch": "24/30", "eta": "0:05:00", "iter": "1001/8376", "loss": 1.254981, "lr": 0.000117, "neg_dist": 3.674666, "pos_dist": 4.319094, "time_diff": 5.190000, "triplet": 0.944428}
[08/11 10:05:39][INFO] utils.logging:   91: {"_type": "train_iter", "epoch": "24/30", "eta": "0:04:59", "iter": "1201/8376", "loss": 1.201519, "lr": 0.000117, "neg_dist": 3.340826, "pos_dist": 4.006083, "time_diff": 6.230000, "triplet": 1.011718}
[08/11 10:05:41][INFO] utils.logging:   91: {"_type": "train_iter", "epoch": "24/30", "eta": "0:04:58", "iter": "1401/8376", "loss": 0.930939, "lr": 0.000117, "neg_dist": 3.843457, "pos_dist": 3.583391, "time_diff": 7.290000, "triplet": 0.686793}
[08/11 10:05:42][INFO] utils.logging:   91: {"_type": "train_iter", "epoch": "24/30", "eta": "0:04:57", "iter": "1601/8376", "loss": 1.797174, "lr": 0.000117, "neg_dist": 3.718482, "pos_dist": 4.930638, "time_diff": 8.300000, "triplet": 1.512156}
[08/11 10:05:43][INFO] utils.logging:   91: {"_type": "train_iter", "epoch": "24/30", "eta": "0:04:55", "iter": "1801/8376", "loss": 1.141962, "lr": 0.000117, "neg_dist": 4.217335, "pos_dist": 4.658341, "time_diff": 9.330000, "triplet": 0.763965}
[08/11 10:05:44][INFO] utils.logging:   91: {"_type": "train_iter", "epoch": "24/30", "eta": "0:04:54", "iter": "2001/8376", "loss": 1.059454, "lr": 0.000117, "neg_dist": 3.219682, "pos_dist": 3.579751, "time_diff": 10.360000, "triplet": 0.746918}
[08/11 10:05:45][INFO] utils.logging:   91: {"_type": "train_iter", "epoch": "24/30", "eta": "0:04:53", "iter": "2201/8376", "loss": 0.721972, "lr": 0.000117, "neg_dist": 3.389649, "pos_dist": 3.573240, "time_diff": 11.380000, "triplet": 0.485433}
[08/11 10:05:46][INFO] utils.logging:   91: {"_type": "train_iter", "epoch": "24/30", "eta": "0:04:52", "iter": "2401/8376", "loss": 1.123366, "lr": 0.000117, "neg_dist": 4.149641, "pos_dist": 4.636277, "time_diff": 12.430000, "triplet": 0.883150}
[08/11 10:05:47][INFO] utils.logging:   91: {"_type": "train_iter", "epoch": "24/30", "eta": "0:04:51", "iter": "2601/8376", "loss": 1.529165, "lr": 0.000117, "neg_dist": 3.671019, "pos_dist": 4.661114, "time_diff": 13.450000, "triplet": 1.290095}
[08/11 10:05:48][INFO] utils.logging:   91: {"_type": "train_iter", "epoch": "24/30", "eta": "0:04:50", "iter": "2801/8376", "loss": 1.808060, "lr": 0.000117, "neg_dist": 3.070344, "pos_dist": 4.357773, "time_diff": 14.500000, "triplet": 1.587428}
[08/11 10:05:49][INFO] utils.logging:   91: {"_type": "train_iter", "epoch": "24/30", "eta": "0:04:49", "iter": "3001/8376", "loss": 1.711431, "lr": 0.000117, "neg_dist": 4.023127, "pos_dist": 5.006560, "time_diff": 15.530000, "triplet": 1.398349}
[08/11 10:05:50][INFO] utils.logging:   91: {"_type": "train_iter", "epoch": "24/30", "eta": "0:04:48", "iter": "3201/8376", "loss": 0.939150, "lr": 0.000117, "neg_dist": 3.105023, "pos_dist": 3.385705, "time_diff": 16.570000, "triplet": 0.615451}
[08/11 10:05:51][INFO] utils.logging:   91: {"_type": "train_iter", "epoch": "24/30", "eta": "0:04:47", "iter": "3401/8376", "loss": 1.706513, "lr": 0.000117, "neg_dist": 4.570457, "pos_dist": 5.651037, "time_diff": 17.580000, "triplet": 1.406258}
[08/11 10:05:52][INFO] utils.logging:   91: {"_type": "train_iter", "epoch": "24/30", "eta": "0:04:46", "iter": "3601/8376", "loss": 1.438079, "lr": 0.000117, "neg_dist": 3.566804, "pos_dist": 4.339195, "time_diff": 18.630000, "triplet": 1.133526}
[08/11 10:05:53][INFO] utils.logging:   91: {"_type": "train_iter", "epoch": "24/30", "eta": "0:04:45", "iter": "3801/8376", "loss": 1.399786, "lr": 0.000117, "neg_dist": 2.800520, "pos_dist": 3.538210, "time_diff": 19.640000, "triplet": 1.107685}
[08/11 10:05:54][INFO] utils.logging:   91: {"_type": "train_iter", "epoch": "24/30", "eta": "0:04:44", "iter": "4001/8376", "loss": 0.861665, "lr": 0.000117, "neg_dist": 3.591434, "pos_dist": 3.724809, "time_diff": 20.680000, "triplet": 0.582370}
[08/11 10:05:55][INFO] utils.logging:   91: {"_type": "train_iter", "epoch": "24/30", "eta": "0:04:43", "iter": "4201/8376", "loss": 1.381393, "lr": 0.000117, "neg_dist": 3.284439, "pos_dist": 3.780678, "time_diff": 21.680000, "triplet": 1.076154}
[08/11 10:05:56][INFO] utils.logging:   91: {"_type": "train_iter", "epoch": "24/30", "eta": "0:04:42", "iter": "4401/8376", "loss": 1.667488, "lr": 0.000117, "neg_dist": 4.062262, "pos_dist": 5.114242, "time_diff": 22.690000, "triplet": 1.351980}
[08/11 10:05:57][INFO] utils.logging:   91: {"_type": "train_iter", "epoch": "24/30", "eta": "0:04:41", "iter": "4601/8376", "loss": 1.382631, "lr": 0.000117, "neg_dist": 4.016269, "pos_dist": 4.793890, "time_diff": 23.730000, "triplet": 1.077621}
[08/11 10:05:58][INFO] utils.logging:   91: {"_type": "train_iter", "epoch": "24/30", "eta": "0:04:40", "iter": "4801/8376", "loss": 0.774163, "lr": 0.000117, "neg_dist": 3.425619, "pos_dist": 3.633876, "time_diff": 24.740000, "triplet": 0.528387}
[08/11 10:05:59][INFO] utils.logging:   91: {"_type": "train_iter", "epoch": "24/30", "eta": "0:04:39", "iter": "5001/8376", "loss": 0.801487, "lr": 0.000117, "neg_dist": 3.810596, "pos_dist": 3.936124, "time_diff": 25.770000, "triplet": 0.456912}
[08/11 10:06:00][INFO] utils.logging:   91: {"_type": "train_iter", "epoch": "24/30", "eta": "0:04:38", "iter": "5201/8376", "loss": 1.193365, "lr": 0.000117, "neg_dist": 3.623673, "pos_dist": 4.189066, "time_diff": 26.810000, "triplet": 0.982601}
[08/11 10:06:01][INFO] utils.logging:   91: {"_type": "train_iter", "epoch": "24/30", "eta": "0:04:37", "iter": "5401/8376", "loss": 1.418173, "lr": 0.000117, "neg_dist": 3.711277, "pos_dist": 4.344478, "time_diff": 27.850000, "triplet": 1.067106}
[08/11 10:06:02][INFO] utils.logging:   91: {"_type": "train_iter", "epoch": "24/30", "eta": "0:04:36", "iter": "5601/8376", "loss": 0.823276, "lr": 0.000117, "neg_dist": 3.404758, "pos_dist": 3.599886, "time_diff": 28.850000, "triplet": 0.523836}
[08/11 10:06:03][INFO] utils.logging:   91: {"_type": "train_iter", "epoch": "24/30", "eta": "0:04:35", "iter": "5801/8376", "loss": 1.047864, "lr": 0.000117, "neg_dist": 3.566379, "pos_dist": 4.004558, "time_diff": 29.860000, "triplet": 0.860102}
[08/11 10:06:04][INFO] utils.logging:   91: {"_type": "train_iter", "epoch": "24/30", "eta": "0:04:33", "iter": "6001/8376", "loss": 1.097497, "lr": 0.000117, "neg_dist": 3.365870, "pos_dist": 3.871471, "time_diff": 30.860000, "triplet": 0.806447}
[08/11 10:06:05][INFO] utils.logging:   91: {"_type": "train_iter", "epoch": "24/30", "eta": "0:04:32", "iter": "6201/8376", "loss": 0.995509, "lr": 0.000117, "neg_dist": 2.650688, "pos_dist": 3.069989, "time_diff": 31.890000, "triplet": 0.720874}
[08/11 10:06:06][INFO] utils.logging:   91: {"_type": "train_iter", "epoch": "24/30", "eta": "0:04:31", "iter": "6401/8376", "loss": 1.277799, "lr": 0.000117, "neg_dist": 3.330120, "pos_dist": 3.980806, "time_diff": 32.910000, "triplet": 1.024971}
[08/11 10:06:07][INFO] utils.logging:   91: {"_type": "train_iter", "epoch": "24/30", "eta": "0:04:30", "iter": "6601/8376", "loss": 1.071370, "lr": 0.000117, "neg_dist": 3.522221, "pos_dist": 3.989392, "time_diff": 33.960000, "triplet": 0.775199}
[08/11 10:06:08][INFO] utils.logging:   91: {"_type": "train_iter", "epoch": "24/30", "eta": "0:04:29", "iter": "6801/8376", "loss": 1.221407, "lr": 0.000117, "neg_dist": 2.974916, "pos_dist": 3.595531, "time_diff": 34.980000, "triplet": 0.920616}
[08/11 10:06:09][INFO] utils.logging:   91: {"_type": "train_iter", "epoch": "24/30", "eta": "0:04:28", "iter": "7001/8376", "loss": 0.824243, "lr": 0.000117, "neg_dist": 3.713083, "pos_dist": 3.938007, "time_diff": 36.000000, "triplet": 0.536670}
[08/11 10:06:10][INFO] utils.logging:   91: {"_type": "train_iter", "epoch": "24/30", "eta": "0:04:27", "iter": "7201/8376", "loss": 1.133461, "lr": 0.000117, "neg_dist": 3.447233, "pos_dist": 3.986368, "time_diff": 37.040000, "triplet": 0.839134}
[08/11 10:06:11][INFO] utils.logging:   91: {"_type": "train_iter", "epoch": "24/30", "eta": "0:04:26", "iter": "7401/8376", "loss": 1.136520, "lr": 0.000117, "neg_dist": 3.507662, "pos_dist": 4.106494, "time_diff": 38.060000, "triplet": 0.901546}
[08/11 10:06:12][INFO] utils.logging:   91: {"_type": "train_iter", "epoch": "24/30", "eta": "0:04:25", "iter": "7601/8376", "loss": 1.470494, "lr": 0.000117, "neg_dist": 3.421865, "pos_dist": 4.279998, "time_diff": 39.080000, "triplet": 1.158133}
[08/11 10:06:13][INFO] utils.logging:   91: {"_type": "train_iter", "epoch": "24/30", "eta": "0:04:24", "iter": "7801/8376", "loss": 1.148496, "lr": 0.000117, "neg_dist": 3.435248, "pos_dist": 4.075315, "time_diff": 40.100000, "triplet": 0.940068}
[08/11 10:06:14][INFO] utils.logging:   91: {"_type": "train_iter", "epoch": "24/30", "eta": "0:04:23", "iter": "8001/8376", "loss": 0.960401, "lr": 0.000117, "neg_dist": 3.003949, "pos_dist": 3.393753, "time_diff": 41.110000, "triplet": 0.689804}
[08/11 10:06:15][INFO] utils.logging:   91: {"_type": "train_iter", "epoch": "24/30", "eta": "0:04:22", "iter": "8201/8376", "loss": 1.015607, "lr": 0.000117, "neg_dist": 3.918336, "pos_dist": 4.243225, "time_diff": 42.140000, "triplet": 0.753335}
[08/11 10:06:16][INFO] utils.logging:   91: {"RAM": "14.50/125.63 GB", "_type": "train_epoch", "epoch": "24/30", "eta": "0:04:21", "gpu_mem": "0.39 GB", "loss": 1.216661, "lr": 0.000117, "neg_dist": 3.559770, "pos_dist": 4.114309, "time_diff": 43.090000, "triplet": 0.929700}
[08/11 10:06:17][INFO] utils.logging:   91: {"_type": "val_epoch", "epoch": "24/30", "loss": 1.199617}
[08/11 10:06:17][INFO] utils.logging:   91: {"_type": "train_iter", "epoch": "25/30", "eta": "0:04:21", "iter": "1/8376", "loss": 1.374392, "lr": 0.000082, "neg_dist": 3.941456, "pos_dist": 4.653000, "time_diff": 0.080000, "triplet": 1.079695}
[08/11 10:06:18][INFO] utils.logging:   91: {"_type": "train_iter", "epoch": "25/30", "eta": "0:04:20", "iter": "201/8376", "loss": 1.694830, "lr": 0.000082, "neg_dist": 3.138687, "pos_dist": 4.086162, "time_diff": 1.120000, "triplet": 1.412120}
[08/11 10:06:19][INFO] utils.logging:   91: {"_type": "train_iter", "epoch": "25/30", "eta": "0:04:19", "iter": "401/8376", "loss": 1.753346, "lr": 0.000082, "neg_dist": 3.552981, "pos_dist": 4.700828, "time_diff": 2.130000, "triplet": 1.447847}
[08/11 10:06:20][INFO] utils.logging:   91: {"_type": "train_iter", "epoch": "25/30", "eta": "0:04:18", "iter": "601/8376", "loss": 1.057555, "lr": 0.000082, "neg_dist": 2.835917, "pos_dist": 3.347289, "time_diff": 3.140000, "triplet": 0.835791}
[08/11 10:06:21][INFO] utils.logging:   91: {"_type": "train_iter", "epoch": "25/30", "eta": "0:04:17", "iter": "801/8376", "loss": 1.418535, "lr": 0.000082, "neg_dist": 3.389649, "pos_dist": 4.225824, "time_diff": 4.170000, "triplet": 1.136175}
[08/11 10:06:22][INFO] utils.logging:   91: {"_type": "train_iter", "epoch": "25/30", "eta": "0:04:16", "iter": "1001/8376", "loss": 1.889179, "lr": 0.000082, "neg_dist": 3.768995, "pos_dist": 5.007476, "time_diff": 5.210000, "triplet": 1.538481}
[08/11 10:06:23][INFO] utils.logging:   91: {"_type": "train_iter", "epoch": "25/30", "eta": "0:04:15", "iter": "1201/8376", "loss": 1.190284, "lr": 0.000082, "neg_dist": 3.699308, "pos_dist": 4.304923, "time_diff": 6.240000, "triplet": 0.937544}
[08/11 10:06:24][INFO] utils.logging:   91: {"_type": "train_iter", "epoch": "25/30", "eta": "0:04:14", "iter": "1401/8376", "loss": 0.989479, "lr": 0.000082, "neg_dist": 3.894348, "pos_dist": 4.199061, "time_diff": 7.270000, "triplet": 0.656760}
[08/11 10:06:25][INFO] utils.logging:   91: {"_type": "train_iter", "epoch": "25/30", "eta": "0:04:13", "iter": "1601/8376", "loss": 0.943696, "lr": 0.000082, "neg_dist": 3.322849, "pos_dist": 3.797011, "time_diff": 8.290000, "triplet": 0.774162}
[08/11 10:06:26][INFO] utils.logging:   91: {"_type": "train_iter", "epoch": "25/30", "eta": "0:04:12", "iter": "1801/8376", "loss": 1.077380, "lr": 0.000082, "neg_dist": 3.599699, "pos_dist": 3.788527, "time_diff": 9.310000, "triplet": 0.786744}
[08/11 10:06:27][INFO] utils.logging:   91: {"_type": "train_iter", "epoch": "25/30", "eta": "0:04:11", "iter": "2001/8376", "loss": 1.817546, "lr": 0.000082, "neg_dist": 4.829084, "pos_dist": 5.887950, "time_diff": 10.340000, "triplet": 1.449708}
[08/11 10:06:28][INFO] utils.logging:   91: {"_type": "train_iter", "epoch": "25/30", "eta": "0:04:10", "iter": "2201/8376", "loss": 1.338182, "lr": 0.000082, "neg_dist": 3.167281, "pos_dist": 3.960140, "time_diff": 11.360000, "triplet": 1.092859}
[08/11 10:06:29][INFO] utils.logging:   91: {"_type": "train_iter", "epoch": "25/30", "eta": "0:04:09", "iter": "2401/8376", "loss": 0.951410, "lr": 0.000082, "neg_dist": 2.964850, "pos_dist": 3.323478, "time_diff": 12.420000, "triplet": 0.660340}
[08/11 10:06:30][INFO] utils.logging:   91: {"_type": "train_iter", "epoch": "25/30", "eta": "0:04:08", "iter": "2601/8376", "loss": 1.363840, "lr": 0.000082, "neg_dist": 4.390619, "pos_dist": 5.184512, "time_diff": 13.450000, "triplet": 1.093892}
[08/11 10:06:31][INFO] utils.logging:   91: {"_type": "train_iter", "epoch": "25/30", "eta": "0:04:07", "iter": "2801/8376", "loss": 1.620865, "lr": 0.000082, "neg_dist": 3.486134, "pos_dist": 4.451299, "time_diff": 14.470000, "triplet": 1.265165}
[08/11 10:06:32][INFO] utils.logging:   91: {"_type": "train_iter", "epoch": "25/30", "eta": "0:04:06", "iter": "3001/8376", "loss": 1.066483, "lr": 0.000082, "neg_dist": 3.408388, "pos_dist": 3.888485, "time_diff": 15.480000, "triplet": 0.780097}
[08/11 10:06:33][INFO] utils.logging:   91: {"_type": "train_iter", "epoch": "25/30", "eta": "0:04:05", "iter": "3201/8376", "loss": 1.113539, "lr": 0.000082, "neg_dist": 3.925405, "pos_dist": 4.273213, "time_diff": 16.500000, "triplet": 0.786052}
[08/11 10:06:34][INFO] utils.logging:   91: {"_type": "train_iter", "epoch": "25/30", "eta": "0:04:03", "iter": "3401/8376", "loss": 0.449412, "lr": 0.000082, "neg_dist": 3.737204, "pos_dist": 3.371505, "time_diff": 17.520000, "triplet": 0.235384}
[08/11 10:06:35][INFO] utils.logging:   91: {"_type": "train_iter", "epoch": "25/30", "eta": "0:04:02", "iter": "3601/8376", "loss": 0.595500, "lr": 0.000082, "neg_dist": 3.587937, "pos_dist": 3.576678, "time_diff": 18.520000, "triplet": 0.349711}
[08/11 10:06:36][INFO] utils.logging:   91: {"_type": "train_iter", "epoch": "25/30", "eta": "0:04:01", "iter": "3801/8376", "loss": 1.109434, "lr": 0.000082, "neg_dist": 3.625036, "pos_dist": 4.202925, "time_diff": 19.540000, "triplet": 0.877889}
[08/11 10:06:37][INFO] utils.logging:   91: {"_type": "train_iter", "epoch": "25/30", "eta": "0:04:00", "iter": "4001/8376", "loss": 1.271812, "lr": 0.000082, "neg_dist": 3.678484, "pos_dist": 4.311237, "time_diff": 20.550000, "triplet": 1.033112}
[08/11 10:06:38][INFO] utils.logging:   91: {"_type": "train_iter", "epoch": "25/30", "eta": "0:03:59", "iter": "4201/8376", "loss": 1.415784, "lr": 0.000082, "neg_dist": 3.849055, "pos_dist": 4.665481, "time_diff": 21.580000, "triplet": 1.199206}
[08/11 10:06:40][INFO] utils.logging:   91: {"_type": "train_iter", "epoch": "25/30", "eta": "0:03:58", "iter": "4401/8376", "loss": 1.195114, "lr": 0.000082, "neg_dist": 3.507940, "pos_dist": 3.909214, "time_diff": 22.590000, "triplet": 0.843406}
[08/11 10:06:41][INFO] utils.logging:   91: {"_type": "train_iter", "epoch": "25/30", "eta": "0:03:57", "iter": "4601/8376", "loss": 1.014787, "lr": 0.000082, "neg_dist": 3.735695, "pos_dist": 3.773200, "time_diff": 23.610000, "triplet": 0.755259}
[08/11 10:06:42][INFO] utils.logging:   91: {"_type": "train_iter", "epoch": "25/30", "eta": "0:03:56", "iter": "4801/8376", "loss": 1.415614, "lr": 0.000082, "neg_dist": 3.436665, "pos_dist": 4.272233, "time_diff": 24.620000, "triplet": 1.135569}
[08/11 10:06:43][INFO] utils.logging:   91: {"_type": "train_iter", "epoch": "25/30", "eta": "0:03:55", "iter": "5001/8376", "loss": 0.970319, "lr": 0.000082, "neg_dist": 4.173560, "pos_dist": 4.180203, "time_diff": 25.640000, "triplet": 0.630798}
[08/11 10:06:44][INFO] utils.logging:   91: {"_type": "train_iter", "epoch": "25/30", "eta": "0:03:54", "iter": "5201/8376", "loss": 1.426122, "lr": 0.000082, "neg_dist": 3.530753, "pos_dist": 4.376805, "time_diff": 26.650000, "triplet": 1.146052}
[08/11 10:06:45][INFO] utils.logging:   91: {"_type": "train_iter", "epoch": "25/30", "eta": "0:03:53", "iter": "5401/8376", "loss": 1.550031, "lr": 0.000082, "neg_dist": 2.932549, "pos_dist": 3.803049, "time_diff": 27.670000, "triplet": 1.249026}
[08/11 10:06:46][INFO] utils.logging:   91: {"_type": "train_iter", "epoch": "25/30", "eta": "0:03:52", "iter": "5601/8376", "loss": 1.112338, "lr": 0.000082, "neg_dist": 3.739604, "pos_dist": 3.903132, "time_diff": 28.680000, "triplet": 0.887187}
[08/11 10:06:47][INFO] utils.logging:   91: {"_type": "train_iter", "epoch": "25/30", "eta": "0:03:51", "iter": "5801/8376", "loss": 0.993969, "lr": 0.000082, "neg_dist": 3.694732, "pos_dist": 3.955939, "time_diff": 29.690000, "triplet": 0.713757}
[08/11 10:06:48][INFO] utils.logging:   91: {"_type": "train_iter", "epoch": "25/30", "eta": "0:03:50", "iter": "6001/8376", "loss": 1.795099, "lr": 0.000082, "neg_dist": 3.742686, "pos_dist": 4.951666, "time_diff": 30.690000, "triplet": 1.508980}
[08/11 10:06:49][INFO] utils.logging:   91: {"_type": "train_iter", "epoch": "25/30", "eta": "0:03:49", "iter": "6201/8376", "loss": 0.889589, "lr": 0.000082, "neg_dist": 3.504281, "pos_dist": 3.681773, "time_diff": 31.710000, "triplet": 0.579411}
[08/11 10:06:50][INFO] utils.logging:   91: {"_type": "train_iter", "epoch": "25/30", "eta": "0:03:48", "iter": "6401/8376", "loss": 1.165021, "lr": 0.000082, "neg_dist": 3.723091, "pos_dist": 4.065242, "time_diff": 32.740000, "triplet": 0.797053}
[08/11 10:06:51][INFO] utils.logging:   91: {"_type": "train_iter", "epoch": "25/30", "eta": "0:03:47", "iter": "6601/8376", "loss": 1.432892, "lr": 0.000082, "neg_dist": 3.629656, "pos_dist": 4.316060, "time_diff": 33.750000, "triplet": 1.175902}
[08/11 10:06:52][INFO] utils.logging:   91: {"_type": "train_iter", "epoch": "25/30", "eta": "0:03:46", "iter": "6801/8376", "loss": 1.627034, "lr": 0.000082, "neg_dist": 3.353634, "pos_dist": 4.289261, "time_diff": 34.780000, "triplet": 1.339244}
[08/11 10:06:53][INFO] utils.logging:   91: {"_type": "train_iter", "epoch": "25/30", "eta": "0:03:45", "iter": "7001/8376", "loss": 0.910863, "lr": 0.000082, "neg_dist": 3.365841, "pos_dist": 3.291204, "time_diff": 35.790000, "triplet": 0.636261}
[08/11 10:06:54][INFO] utils.logging:   91: {"_type": "train_iter", "epoch": "25/30", "eta": "0:03:44", "iter": "7201/8376", "loss": 1.229736, "lr": 0.000082, "neg_dist": 3.062216, "pos_dist": 3.625478, "time_diff": 36.820000, "triplet": 0.897849}
[08/11 10:06:55][INFO] utils.logging:   91: {"_type": "train_iter", "epoch": "25/30", "eta": "0:03:43", "iter": "7401/8376", "loss": 1.712354, "lr": 0.000082, "neg_dist": 2.960419, "pos_dist": 4.070309, "time_diff": 37.840000, "triplet": 1.409889}
[08/11 10:06:56][INFO] utils.logging:   91: {"_type": "train_iter", "epoch": "25/30", "eta": "0:03:42", "iter": "7601/8376", "loss": 0.845174, "lr": 0.000082, "neg_dist": 3.391702, "pos_dist": 3.586730, "time_diff": 38.840000, "triplet": 0.564510}
[08/11 10:06:57][INFO] utils.logging:   91: {"_type": "train_iter", "epoch": "25/30", "eta": "0:03:40", "iter": "7801/8376", "loss": 1.302864, "lr": 0.000082, "neg_dist": 3.778169, "pos_dist": 4.382501, "time_diff": 39.860000, "triplet": 0.904332}
[08/11 10:06:58][INFO] utils.logging:   91: {"_type": "train_iter", "epoch": "25/30", "eta": "0:03:39", "iter": "8001/8376", "loss": 1.478111, "lr": 0.000082, "neg_dist": 3.021917, "pos_dist": 3.775311, "time_diff": 40.910000, "triplet": 1.189239}
[08/11 10:06:59][INFO] utils.logging:   91: {"_type": "train_iter", "epoch": "25/30", "eta": "0:03:38", "iter": "8201/8376", "loss": 1.650171, "lr": 0.000082, "neg_dist": 3.640798, "pos_dist": 4.693804, "time_diff": 41.910000, "triplet": 1.353006}
[08/11 10:07:00][INFO] utils.logging:   91: {"RAM": "14.51/125.63 GB", "_type": "train_epoch", "epoch": "25/30", "eta": "0:03:37", "gpu_mem": "0.39 GB", "loss": 1.209617, "lr": 0.000082, "neg_dist": 3.563957, "pos_dist": 4.109561, "time_diff": 42.840000, "triplet": 0.922823}
[08/11 10:07:00][INFO] utils.logging:   91: {"_type": "val_epoch", "epoch": "25/30", "loss": 1.208271}
[08/11 10:07:00][INFO] utils.logging:   91: {"_type": "train_iter", "epoch": "26/30", "eta": "0:03:38", "iter": "1/8376", "loss": 0.971920, "lr": 0.000053, "neg_dist": 3.880288, "pos_dist": 4.112154, "time_diff": 0.070000, "triplet": 0.670948}
[08/11 10:07:01][INFO] utils.logging:   91: {"_type": "train_iter", "epoch": "26/30", "eta": "0:03:37", "iter": "201/8376", "loss": 1.156363, "lr": 0.000053, "neg_dist": 3.769382, "pos_dist": 4.288807, "time_diff": 1.130000, "triplet": 0.893764}
[08/11 10:07:03][INFO] utils.logging:   91: {"_type": "train_iter", "epoch": "26/30", "eta": "0:03:36", "iter": "401/8376", "loss": 1.237561, "lr": 0.000053, "neg_dist": 3.780384, "pos_dist": 4.453776, "time_diff": 2.160000, "triplet": 0.973992}
[08/11 10:07:04][INFO] utils.logging:   91: {"_type": "train_iter", "epoch": "26/30", "eta": "0:03:34", "iter": "601/8376", "loss": 1.527313, "lr": 0.000053, "neg_dist": 3.868320, "pos_dist": 4.728108, "time_diff": 3.190000, "triplet": 1.273173}
[08/11 10:07:05][INFO] utils.logging:   91: {"_type": "train_iter", "epoch": "26/30", "eta": "0:03:33", "iter": "801/8376", "loss": 0.953968, "lr": 0.000053, "neg_dist": 4.134407, "pos_dist": 4.298830, "time_diff": 4.230000, "triplet": 0.670489}
[08/11 10:07:06][INFO] utils.logging:   91: {"_type": "train_iter", "epoch": "26/30", "eta": "0:03:32", "iter": "1001/8376", "loss": 1.130895, "lr": 0.000053, "neg_dist": 3.288581, "pos_dist": 3.855833, "time_diff": 5.260000, "triplet": 0.867251}
[08/11 10:07:07][INFO] utils.logging:   91: {"_type": "train_iter", "epoch": "26/30", "eta": "0:03:31", "iter": "1201/8376", "loss": 1.009264, "lr": 0.000053, "neg_dist": 3.332778, "pos_dist": 3.591448, "time_diff": 6.280000, "triplet": 0.636115}
[08/11 10:07:08][INFO] utils.logging:   91: {"_type": "train_iter", "epoch": "26/30", "eta": "0:03:30", "iter": "1401/8376", "loss": 1.312655, "lr": 0.000053, "neg_dist": 3.644802, "pos_dist": 4.382822, "time_diff": 7.280000, "triplet": 1.038020}
[08/11 10:07:09][INFO] utils.logging:   91: {"_type": "train_iter", "epoch": "26/30", "eta": "0:03:29", "iter": "1601/8376", "loss": 0.850828, "lr": 0.000053, "neg_dist": 3.664898, "pos_dist": 3.708631, "time_diff": 8.330000, "triplet": 0.482884}
[08/11 10:07:10][INFO] utils.logging:   91: {"_type": "train_iter", "epoch": "26/30", "eta": "0:03:28", "iter": "1801/8376", "loss": 1.247177, "lr": 0.000053, "neg_dist": 3.491472, "pos_dist": 4.067357, "time_diff": 9.390000, "triplet": 0.929127}
[08/11 10:07:11][INFO] utils.logging:   91: {"_type": "train_iter", "epoch": "26/30", "eta": "0:03:27", "iter": "2001/8376", "loss": 1.160418, "lr": 0.000053, "neg_dist": 3.642786, "pos_dist": 4.163547, "time_diff": 10.420000, "triplet": 0.881300}
[08/11 10:07:12][INFO] utils.logging:   91: {"_type": "train_iter", "epoch": "26/30", "eta": "0:03:26", "iter": "2201/8376", "loss": 1.446365, "lr": 0.000053, "neg_dist": 3.191868, "pos_dist": 4.078592, "time_diff": 11.430000, "triplet": 1.186725}
[08/11 10:07:13][INFO] utils.logging:   91: {"_type": "train_iter", "epoch": "26/30", "eta": "0:03:25", "iter": "2401/8376", "loss": 1.107590, "lr": 0.000053, "neg_dist": 3.134509, "pos_dist": 3.657780, "time_diff": 12.430000, "triplet": 0.830949}
[08/11 10:07:14][INFO] utils.logging:   91: {"_type": "train_iter", "epoch": "26/30", "eta": "0:03:24", "iter": "2601/8376", "loss": 1.418554, "lr": 0.000053, "neg_dist": 4.449762, "pos_dist": 5.159277, "time_diff": 13.450000, "triplet": 1.150719}
[08/11 10:07:15][INFO] utils.logging:   91: {"_type": "train_iter", "epoch": "26/30", "eta": "0:03:23", "iter": "2801/8376", "loss": 1.013813, "lr": 0.000053, "neg_dist": 3.279179, "pos_dist": 3.721034, "time_diff": 14.470000, "triplet": 0.741855}
[08/11 10:07:16][INFO] utils.logging:   91: {"_type": "train_iter", "epoch": "26/30", "eta": "0:03:22", "iter": "3001/8376", "loss": 1.266087, "lr": 0.000053, "neg_dist": 3.285522, "pos_dist": 3.858875, "time_diff": 15.530000, "triplet": 0.948018}
[08/11 10:07:17][INFO] utils.logging:   91: {"_type": "train_iter", "epoch": "26/30", "eta": "0:03:21", "iter": "3201/8376", "loss": 0.917388, "lr": 0.000053, "neg_dist": 3.616032, "pos_dist": 3.908510, "time_diff": 16.540000, "triplet": 0.680429}
[08/11 10:07:18][INFO] utils.logging:   91: {"_type": "train_iter", "epoch": "26/30", "eta": "0:03:20", "iter": "3401/8376", "loss": 1.459511, "lr": 0.000053, "neg_dist": 3.441661, "pos_dist": 4.306350, "time_diff": 17.570000, "triplet": 1.164689}
[08/11 10:07:19][INFO] utils.logging:   91: {"_type": "train_iter", "epoch": "26/30", "eta": "0:03:19", "iter": "3601/8376", "loss": 1.365318, "lr": 0.000053, "neg_dist": 3.249366, "pos_dist": 3.935732, "time_diff": 18.610000, "triplet": 1.037099}
[08/11 10:07:20][INFO] utils.logging:   91: {"_type": "train_iter", "epoch": "26/30", "eta": "0:03:18", "iter": "3801/8376", "loss": 1.282977, "lr": 0.000053, "neg_dist": 3.838341, "pos_dist": 4.450967, "time_diff": 19.630000, "triplet": 0.962184}
[08/11 10:07:21][INFO] utils.logging:   91: {"_type": "train_iter", "epoch": "26/30", "eta": "0:03:17", "iter": "4001/8376", "loss": 0.936024, "lr": 0.000053, "neg_dist": 3.853809, "pos_dist": 4.086231, "time_diff": 20.640000, "triplet": 0.645802}
[08/11 10:07:22][INFO] utils.logging:   91: {"_type": "train_iter", "epoch": "26/30", "eta": "0:03:16", "iter": "4201/8376", "loss": 1.267411, "lr": 0.000053, "neg_dist": 3.366235, "pos_dist": 3.902153, "time_diff": 21.660000, "triplet": 1.067935}
[08/11 10:07:23][INFO] utils.logging:   91: {"_type": "train_iter", "epoch": "26/30", "eta": "0:03:15", "iter": "4401/8376", "loss": 0.576329, "lr": 0.000053, "neg_dist": 3.572172, "pos_dist": 3.358553, "time_diff": 22.690000, "triplet": 0.292356}
[08/11 10:07:24][INFO] utils.logging:   91: {"_type": "train_iter", "epoch": "26/30", "eta": "0:03:14", "iter": "4601/8376", "loss": 0.735281, "lr": 0.000053, "neg_dist": 3.970202, "pos_dist": 4.116775, "time_diff": 23.690000, "triplet": 0.487370}
[08/11 10:07:25][INFO] utils.logging:   91: {"_type": "train_iter", "epoch": "26/30", "eta": "0:03:13", "iter": "4801/8376", "loss": 1.191736, "lr": 0.000053, "neg_dist": 3.380386, "pos_dist": 3.905519, "time_diff": 24.690000, "triplet": 0.875151}
[08/11 10:07:26][INFO] utils.logging:   91: {"_type": "train_iter", "epoch": "26/30", "eta": "0:03:11", "iter": "5001/8376", "loss": 1.336540, "lr": 0.000053, "neg_dist": 2.982456, "pos_dist": 3.733601, "time_diff": 25.700000, "triplet": 1.051145}
[08/11 10:07:27][INFO] utils.logging:   91: {"_type": "train_iter", "epoch": "26/30", "eta": "0:03:10", "iter": "5201/8376", "loss": 1.460531, "lr": 0.000053, "neg_dist": 3.133325, "pos_dist": 3.964888, "time_diff": 26.730000, "triplet": 1.131562}
[08/11 10:07:28][INFO] utils.logging:   91: {"_type": "train_iter", "epoch": "26/30", "eta": "0:03:09", "iter": "5401/8376", "loss": 1.758680, "lr": 0.000053, "neg_dist": 4.082581, "pos_dist": 5.071780, "time_diff": 27.740000, "triplet": 1.526417}
[08/11 10:07:29][INFO] utils.logging:   91: {"_type": "train_iter", "epoch": "26/30", "eta": "0:03:08", "iter": "5601/8376", "loss": 1.641248, "lr": 0.000053, "neg_dist": 2.792141, "pos_dist": 3.894166, "time_diff": 28.750000, "triplet": 1.402025}
[08/11 10:07:30][INFO] utils.logging:   91: {"_type": "train_iter", "epoch": "26/30", "eta": "0:03:07", "iter": "5801/8376", "loss": 0.901165, "lr": 0.000053, "neg_dist": 3.643167, "pos_dist": 3.862650, "time_diff": 29.790000, "triplet": 0.554408}
[08/11 10:07:31][INFO] utils.logging:   91: {"_type": "train_iter", "epoch": "26/30", "eta": "0:03:06", "iter": "6001/8376", "loss": 1.225709, "lr": 0.000053, "neg_dist": 3.414390, "pos_dist": 4.045922, "time_diff": 30.840000, "triplet": 0.931532}
[08/11 10:07:32][INFO] utils.logging:   91: {"_type": "train_iter", "epoch": "26/30", "eta": "0:03:05", "iter": "6201/8376", "loss": 1.113144, "lr": 0.000053, "neg_dist": 3.181884, "pos_dist": 3.679215, "time_diff": 31.840000, "triplet": 0.844695}
[08/11 10:07:33][INFO] utils.logging:   91: {"_type": "train_iter", "epoch": "26/30", "eta": "0:03:04", "iter": "6401/8376", "loss": 1.498525, "lr": 0.000053, "neg_dist": 3.909873, "pos_dist": 4.840090, "time_diff": 32.860000, "triplet": 1.256060}
[08/11 10:07:34][INFO] utils.logging:   91: {"_type": "train_iter", "epoch": "26/30", "eta": "0:03:03", "iter": "6601/8376", "loss": 0.880707, "lr": 0.000053, "neg_dist": 3.053086, "pos_dist": 3.092249, "time_diff": 33.890000, "triplet": 0.561237}
[08/11 10:07:35][INFO] utils.logging:   91: {"_type": "train_iter", "epoch": "26/30", "eta": "0:03:02", "iter": "6801/8376", "loss": 1.253489, "lr": 0.000053, "neg_dist": 3.411141, "pos_dist": 4.063718, "time_diff": 34.910000, "triplet": 0.952577}
[08/11 10:07:36][INFO] utils.logging:   91: {"_type": "train_iter", "epoch": "26/30", "eta": "0:03:01", "iter": "7001/8376", "loss": 1.233451, "lr": 0.000053, "neg_dist": 4.224069, "pos_dist": 4.927940, "time_diff": 35.920000, "triplet": 1.003871}
[08/11 10:07:37][INFO] utils.logging:   91: {"_type": "train_iter", "epoch": "26/30", "eta": "0:03:00", "iter": "7201/8376", "loss": 0.921482, "lr": 0.000053, "neg_dist": 3.295297, "pos_dist": 3.693991, "time_diff": 36.940000, "triplet": 0.698693}
[08/11 10:07:38][INFO] utils.logging:   91: {"_type": "train_iter", "epoch": "26/30", "eta": "0:02:59", "iter": "7401/8376", "loss": 1.229358, "lr": 0.000053, "neg_dist": 3.257420, "pos_dist": 3.918699, "time_diff": 37.940000, "triplet": 0.961280}
[08/11 10:07:39][INFO] utils.logging:   91: {"_type": "train_iter", "epoch": "26/30", "eta": "0:02:58", "iter": "7601/8376", "loss": 1.775681, "lr": 0.000053, "neg_dist": 3.994586, "pos_dist": 5.166267, "time_diff": 38.950000, "triplet": 1.471681}
[08/11 10:07:40][INFO] utils.logging:   91: {"_type": "train_iter", "epoch": "26/30", "eta": "0:02:57", "iter": "7801/8376", "loss": 1.321055, "lr": 0.000053, "neg_dist": 3.601954, "pos_dist": 4.207499, "time_diff": 39.950000, "triplet": 0.966861}
[08/11 10:07:41][INFO] utils.logging:   91: {"_type": "train_iter", "epoch": "26/30", "eta": "0:02:56", "iter": "8001/8376", "loss": 1.052045, "lr": 0.000053, "neg_dist": 3.203851, "pos_dist": 3.637866, "time_diff": 40.990000, "triplet": 0.745664}
[08/11 10:07:42][INFO] utils.logging:   91: {"_type": "train_iter", "epoch": "26/30", "eta": "0:02:55", "iter": "8201/8376", "loss": 1.453669, "lr": 0.000053, "neg_dist": 3.414767, "pos_dist": 4.277277, "time_diff": 42.020000, "triplet": 1.162511}
[08/11 10:07:43][INFO] __main__:  150: Checkpoint: output/frame_selector/ssv2_ViT-B16_BiMHM/frame_selector_epoch0025.pth
[08/11 10:07:43][INFO] utils.logging:   91: {"RAM": "14.50/125.63 GB", "_type": "train_epoch", "epoch": "26/30", "eta": "0:02:54", "gpu_mem": "0.39 GB", "loss": 1.207078, "lr": 0.000053, "neg_dist": 3.558529, "pos_dist": 4.100430, "time_diff": 42.930000, "triplet": 0.920080}
[08/11 10:07:44][INFO] utils.logging:   91: {"_type": "val_epoch", "epoch": "26/30", "loss": 1.230496}
[08/11 10:07:44][INFO] utils.logging:   91: {"_type": "train_iter", "epoch": "27/30", "eta": "0:02:54", "iter": "1/8376", "loss": 1.110723, "lr": 0.000030, "neg_dist": 2.607036, "pos_dist": 3.126692, "time_diff": 0.080000, "triplet": 0.819655}
[08/11 10:07:45][INFO] utils.logging:   91: {"_type": "train_iter", "epoch": "27/30", "eta": "0:02:53", "iter": "201/8376", "loss": 1.086129, "lr": 0.000030, "neg_dist": 4.412113, "pos_dist": 4.802519, "time_diff": 1.110000, "triplet": 0.755666}
[08/11 10:07:46][INFO] utils.logging:   91: {"_type": "train_iter", "epoch": "27/30", "eta": "0:02:52", "iter": "401/8376", "loss": 1.778563, "lr": 0.000030, "neg_dist": 4.292027, "pos_dist": 5.459600, "time_diff": 2.170000, "triplet": 1.495698}
[08/11 10:07:47][INFO] utils.logging:   91: {"_type": "train_iter", "epoch": "27/30", "eta": "0:02:51", "iter": "601/8376", "loss": 1.249364, "lr": 0.000030, "neg_dist": 3.589121, "pos_dist": 4.129808, "time_diff": 3.210000, "triplet": 0.984798}
[08/11 10:07:48][INFO] utils.logging:   91: {"_type": "train_iter", "epoch": "27/30", "eta": "0:02:50", "iter": "801/8376", "loss": 1.776551, "lr": 0.000030, "neg_dist": 3.575205, "pos_dist": 4.704947, "time_diff": 4.250000, "triplet": 1.429743}
[08/11 10:07:49][INFO] utils.logging:   91: {"_type": "train_iter", "epoch": "27/30", "eta": "0:02:49", "iter": "1001/8376", "loss": 1.235439, "lr": 0.000030, "neg_dist": 3.541312, "pos_dist": 3.926827, "time_diff": 5.260000, "triplet": 0.963933}
[08/11 10:07:50][INFO] utils.logging:   91: {"_type": "train_iter", "epoch": "27/30", "eta": "0:02:48", "iter": "1201/8376", "loss": 1.678158, "lr": 0.000030, "neg_dist": 4.596895, "pos_dist": 5.673301, "time_diff": 6.300000, "triplet": 1.376405}
[08/11 10:07:51][INFO] utils.logging:   91: {"_type": "train_iter", "epoch": "27/30", "eta": "0:02:47", "iter": "1401/8376", "loss": 1.175371, "lr": 0.000030, "neg_dist": 3.467817, "pos_dist": 4.051366, "time_diff": 7.330000, "triplet": 0.926427}
[08/11 10:07:52][INFO] utils.logging:   91: {"_type": "train_iter", "epoch": "27/30", "eta": "0:02:46", "iter": "1601/8376", "loss": 1.179271, "lr": 0.000030, "neg_dist": 4.181718, "pos_dist": 4.695078, "time_diff": 8.360000, "triplet": 0.865531}
[08/11 10:07:53][INFO] utils.logging:   91: {"_type": "train_iter", "epoch": "27/30", "eta": "0:02:45", "iter": "1801/8376", "loss": 1.351705, "lr": 0.000030, "neg_dist": 3.306885, "pos_dist": 4.013535, "time_diff": 9.390000, "triplet": 1.006650}
[08/11 10:07:54][INFO] utils.logging:   91: {"_type": "train_iter", "epoch": "27/30", "eta": "0:02:44", "iter": "2001/8376", "loss": 1.503747, "lr": 0.000030, "neg_dist": 3.484953, "pos_dist": 4.400707, "time_diff": 10.410000, "triplet": 1.215755}
[08/11 10:07:55][INFO] utils.logging:   91: {"_type": "train_iter", "epoch": "27/30", "eta": "0:02:42", "iter": "2201/8376", "loss": 1.462639, "lr": 0.000030, "neg_dist": 3.673908, "pos_dist": 4.492079, "time_diff": 11.440000, "triplet": 1.156284}
[08/11 10:07:56][INFO] utils.logging:   91: {"_type": "train_iter", "epoch": "27/30", "eta": "0:02:41", "iter": "2401/8376", "loss": 1.516201, "lr": 0.000030, "neg_dist": 3.326116, "pos_dist": 4.292376, "time_diff": 12.450000, "triplet": 1.266260}
[08/11 10:07:57][INFO] utils.logging:   91: {"_type": "train_iter", "epoch": "27/30", "eta": "0:02:40", "iter": "2601/8376", "loss": 1.223894, "lr": 0.000030, "neg_dist": 3.634444, "pos_dist": 4.307825, "time_diff": 13.490000, "triplet": 0.973381}
[08/11 10:07:58][INFO] utils.logging:   91: {"_type": "train_iter", "epoch": "27/30", "eta": "0:02:39", "iter": "2801/8376", "loss": 1.433109, "lr": 0.000030, "neg_dist": 3.767557, "pos_dist": 4.505741, "time_diff": 14.520000, "triplet": 1.188148}
[08/11 10:07:59][INFO] utils.logging:   91: {"_type": "train_iter", "epoch": "27/30", "eta": "0:02:38", "iter": "3001/8376", "loss": 1.451460, "lr": 0.000030, "neg_dist": 4.228256, "pos_dist": 5.054429, "time_diff": 15.560000, "triplet": 1.160518}
[08/11 10:08:00][INFO] utils.logging:   91: {"_type": "train_iter", "epoch": "27/30", "eta": "0:02:37", "iter": "3201/8376", "loss": 1.173254, "lr": 0.000030, "neg_dist": 3.488223, "pos_dist": 3.993598, "time_diff": 16.580000, "triplet": 0.902617}
[08/11 10:08:02][INFO] utils.logging:   91: {"_type": "train_iter", "epoch": "27/30", "eta": "0:02:36", "iter": "3401/8376", "loss": 1.438087, "lr": 0.000030, "neg_dist": 4.215391, "pos_dist": 4.949244, "time_diff": 17.650000, "triplet": 1.127530}
[08/11 10:08:03][INFO] utils.logging:   91: {"_type": "train_iter", "epoch": "27/30", "eta": "0:02:35", "iter": "3601/8376", "loss": 1.178916, "lr": 0.000030, "neg_dist": 3.064180, "pos_dist": 3.697919, "time_diff": 18.660000, "triplet": 0.933738}
[08/11 10:08:04][INFO] utils.logging:   91: {"_type": "train_iter", "epoch": "27/30", "eta": "0:02:34", "iter": "3801/8376", "loss": 1.365907, "lr": 0.000030, "neg_dist": 3.282863, "pos_dist": 4.124228, "time_diff": 19.750000, "triplet": 1.141365}
[08/11 10:08:05][INFO] utils.logging:   91: {"_type": "train_iter", "epoch": "27/30", "eta": "0:02:33", "iter": "4001/8376", "loss": 1.588515, "lr": 0.000030, "neg_dist": 3.749001, "pos_dist": 4.749759, "time_diff": 20.780000, "triplet": 1.345006}
[08/11 10:08:06][INFO] utils.logging:   91: {"_type": "train_iter", "epoch": "27/30", "eta": "0:02:32", "iter": "4201/8376", "loss": 1.741896, "lr": 0.000030, "neg_dist": 3.577813, "pos_dist": 4.759294, "time_diff": 21.800000, "triplet": 1.481480}
[08/11 10:08:07][INFO] utils.logging:   91: {"_type": "train_iter", "epoch": "27/30", "eta": "0:02:31", "iter": "4401/8376", "loss": 1.648725, "lr": 0.000030, "neg_dist": 3.648875, "pos_dist": 4.723334, "time_diff": 22.810000, "triplet": 1.384350}
[08/11 10:08:08][INFO] utils.logging:   91: {"_type": "train_iter", "epoch": "27/30", "eta": "0:02:30", "iter": "4601/8376", "loss": 1.482816, "lr": 0.000030, "neg_dist": 4.280059, "pos_dist": 5.035790, "time_diff": 23.830000, "triplet": 1.205329}
[08/11 10:08:09][INFO] utils.logging:   91: {"_type": "train_iter", "epoch": "27/30", "eta": "0:02:29", "iter": "4801/8376", "loss": 1.172844, "lr": 0.000030, "neg_dist": 3.306495, "pos_dist": 3.921780, "time_diff": 24.850000, "triplet": 0.930040}
[08/11 10:08:10][INFO] utils.logging:   91: {"_type": "train_iter", "epoch": "27/30", "eta": "0:02:28", "iter": "5001/8376", "loss": 1.257241, "lr": 0.000030, "neg_dist": 3.256651, "pos_dist": 3.957733, "time_diff": 25.870000, "triplet": 1.010682}
[08/11 10:08:11][INFO] utils.logging:   91: {"_type": "train_iter", "epoch": "27/30", "eta": "0:02:27", "iter": "5201/8376", "loss": 0.959846, "lr": 0.000030, "neg_dist": 3.240494, "pos_dist": 3.581701, "time_diff": 26.930000, "triplet": 0.641207}
[08/11 10:08:12][INFO] utils.logging:   91: {"_type": "train_iter", "epoch": "27/30", "eta": "0:02:26", "iter": "5401/8376", "loss": 1.544124, "lr": 0.000030, "neg_dist": 3.622162, "pos_dist": 4.445870, "time_diff": 27.950000, "triplet": 1.172749}
[08/11 10:08:13][INFO] utils.logging:   91: {"_type": "train_iter", "epoch": "27/30", "eta": "0:02:25", "iter": "5601/8376", "loss": 1.305376, "lr": 0.000030, "neg_dist": 4.430588, "pos_dist": 5.076437, "time_diff": 29.020000, "triplet": 0.993835}
[08/11 10:08:14][INFO] utils.logging:   91: {"_type": "train_iter", "epoch": "27/30", "eta": "0:02:24", "iter": "5801/8376", "loss": 0.974772, "lr": 0.000030, "neg_dist": 3.538599, "pos_dist": 3.836080, "time_diff": 30.040000, "triplet": 0.680169}
[08/11 10:08:15][INFO] utils.logging:   91: {"_type": "train_iter", "epoch": "27/30", "eta": "0:02:23", "iter": "6001/8376", "loss": 0.726158, "lr": 0.000030, "neg_dist": 3.206758, "pos_dist": 3.320810, "time_diff": 31.060000, "triplet": 0.458239}
[08/11 10:08:16][INFO] utils.logging:   91: {"_type": "train_iter", "epoch": "27/30", "eta": "0:02:22", "iter": "6201/8376", "loss": 1.015837, "lr": 0.000030, "neg_dist": 3.351181, "pos_dist": 3.603487, "time_diff": 32.060000, "triplet": 0.704512}
[08/11 10:08:17][INFO] utils.logging:   91: {"_type": "train_iter", "epoch": "27/30", "eta": "0:02:21", "iter": "6401/8376", "loss": 1.097766, "lr": 0.000030, "neg_dist": 3.111878, "pos_dist": 3.573690, "time_diff": 33.080000, "triplet": 0.785106}
[08/11 10:08:18][INFO] utils.logging:   91: {"_type": "train_iter", "epoch": "27/30", "eta": "0:02:20", "iter": "6601/8376", "loss": 1.473492, "lr": 0.000030, "neg_dist": 3.093035, "pos_dist": 3.960791, "time_diff": 34.100000, "triplet": 1.167756}
[08/11 10:08:19][INFO] utils.logging:   91: {"_type": "train_iter", "epoch": "27/30", "eta": "0:02:19", "iter": "6801/8376", "loss": 1.311664, "lr": 0.000030, "neg_dist": 3.773096, "pos_dist": 4.419259, "time_diff": 35.130000, "triplet": 0.989580}
[08/11 10:08:20][INFO] utils.logging:   91: {"_type": "train_iter", "epoch": "27/30", "eta": "0:02:17", "iter": "7001/8376", "loss": 1.601236, "lr": 0.000030, "neg_dist": 4.097243, "pos_dist": 5.060818, "time_diff": 36.140000, "triplet": 1.347867}
[08/11 10:08:21][INFO] utils.logging:   91: {"_type": "train_iter", "epoch": "27/30", "eta": "0:02:16", "iter": "7201/8376", "loss": 1.312626, "lr": 0.000030, "neg_dist": 3.755970, "pos_dist": 4.242920, "time_diff": 37.180000, "triplet": 1.041328}
[08/11 10:08:22][INFO] utils.logging:   91: {"_type": "train_iter", "epoch": "27/30", "eta": "0:02:15", "iter": "7401/8376", "loss": 0.946270, "lr": 0.000030, "neg_dist": 3.349168, "pos_dist": 3.553522, "time_diff": 38.190000, "triplet": 0.600203}
[08/11 10:08:23][INFO] utils.logging:   91: {"_type": "train_iter", "epoch": "27/30", "eta": "0:02:14", "iter": "7601/8376", "loss": 0.973690, "lr": 0.000030, "neg_dist": 2.974263, "pos_dist": 3.331389, "time_diff": 39.200000, "triplet": 0.657126}
[08/11 10:08:24][INFO] utils.logging:   91: {"_type": "train_iter", "epoch": "27/30", "eta": "0:02:13", "iter": "7801/8376", "loss": 1.086290, "lr": 0.000030, "neg_dist": 3.981037, "pos_dist": 4.401737, "time_diff": 40.220000, "triplet": 0.752725}
[08/11 10:08:25][INFO] utils.logging:   91: {"_type": "train_iter", "epoch": "27/30", "eta": "0:02:12", "iter": "8001/8376", "loss": 1.515317, "lr": 0.000030, "neg_dist": 3.193037, "pos_dist": 4.134606, "time_diff": 41.250000, "triplet": 1.256946}
[08/11 10:08:26][INFO] utils.logging:   91: {"_type": "train_iter", "epoch": "27/30", "eta": "0:02:11", "iter": "8201/8376", "loss": 1.456158, "lr": 0.000030, "neg_dist": 3.262177, "pos_dist": 4.136524, "time_diff": 42.280000, "triplet": 1.174347}
[08/11 10:08:27][INFO] utils.logging:   91: {"RAM": "14.53/125.63 GB", "_type": "train_epoch", "epoch": "27/30", "eta": "0:02:10", "gpu_mem": "0.39 GB", "loss": 1.211128, "lr": 0.000030, "neg_dist": 3.574110, "pos_dist": 4.120410, "time_diff": 43.210000, "triplet": 0.924274}
[08/11 10:08:28][INFO] utils.logging:   91: {"_type": "val_epoch", "epoch": "27/30", "loss": 1.276186}
[08/11 10:08:28][INFO] utils.logging:   91: {"_type": "train_iter", "epoch": "28/30", "eta": "0:02:10", "iter": "1/8376", "loss": 0.959456, "lr": 0.000013, "neg_dist": 4.207504, "pos_dist": 4.383325, "time_diff": 0.070000, "triplet": 0.668814}
[08/11 10:08:29][INFO] utils.logging:   91: {"_type": "train_iter", "epoch": "28/30", "eta": "0:02:09", "iter": "201/8376", "loss": 0.984505, "lr": 0.000013, "neg_dist": 2.932346, "pos_dist": 3.341944, "time_diff": 1.110000, "triplet": 0.714184}
[08/11 10:08:30][INFO] utils.logging:   91: {"_type": "train_iter", "epoch": "28/30", "eta": "0:02:08", "iter": "401/8376", "loss": 1.329254, "lr": 0.000013, "neg_dist": 3.920855, "pos_dist": 4.650845, "time_diff": 2.120000, "triplet": 1.054681}
[08/11 10:08:31][INFO] utils.logging:   91: {"_type": "train_iter", "epoch": "28/30", "eta": "0:02:07", "iter": "601/8376", "loss": 1.464006, "lr": 0.000013, "neg_dist": 3.452380, "pos_dist": 4.280142, "time_diff": 3.120000, "triplet": 1.154944}
[08/11 10:08:32][INFO] utils.logging:   91: {"_type": "train_iter", "epoch": "28/30", "eta": "0:02:06", "iter": "801/8376", "loss": 1.496971, "lr": 0.000013, "neg_dist": 3.653374, "pos_dist": 4.531099, "time_diff": 4.150000, "triplet": 1.243316}
[08/11 10:08:33][INFO] utils.logging:   91: {"_type": "train_iter", "epoch": "28/30", "eta": "0:02:05", "iter": "1001/8376", "loss": 1.650811, "lr": 0.000013, "neg_dist": 3.850631, "pos_dist": 4.778123, "time_diff": 5.170000, "triplet": 1.340072}
[08/11 10:08:34][INFO] utils.logging:   91: {"_type": "train_iter", "epoch": "28/30", "eta": "0:02:04", "iter": "1201/8376", "loss": 1.008347, "lr": 0.000013, "neg_dist": 3.848597, "pos_dist": 4.166004, "time_diff": 6.190000, "triplet": 0.672842}
[08/11 10:08:35][INFO] utils.logging:   91: {"_type": "train_iter", "epoch": "28/30", "eta": "0:02:03", "iter": "1401/8376", "loss": 1.166229, "lr": 0.000013, "neg_dist": 3.209571, "pos_dist": 3.771492, "time_diff": 7.220000, "triplet": 0.861921}
[08/11 10:08:36][INFO] utils.logging:   91: {"_type": "train_iter", "epoch": "28/30", "eta": "0:02:02", "iter": "1601/8376", "loss": 1.766277, "lr": 0.000013, "neg_dist": 3.440329, "pos_dist": 4.608963, "time_diff": 8.250000, "triplet": 1.468634}
[08/11 10:08:37][INFO] utils.logging:   91: {"_type": "train_iter", "epoch": "28/30", "eta": "0:02:01", "iter": "1801/8376", "loss": 1.007564, "lr": 0.000013, "neg_dist": 3.312847, "pos_dist": 3.674155, "time_diff": 9.310000, "triplet": 0.703837}
[08/11 10:08:38][INFO] utils.logging:   91: {"_type": "train_iter", "epoch": "28/30", "eta": "0:02:00", "iter": "2001/8376", "loss": 1.207869, "lr": 0.000013, "neg_dist": 4.408436, "pos_dist": 4.723237, "time_diff": 10.330000, "triplet": 0.938650}
[08/11 10:08:39][INFO] utils.logging:   91: {"_type": "train_iter", "epoch": "28/30", "eta": "0:01:59", "iter": "2201/8376", "loss": 1.201212, "lr": 0.000013, "neg_dist": 3.835335, "pos_dist": 4.411999, "time_diff": 11.350000, "triplet": 0.949417}
[08/11 10:08:40][INFO] utils.logging:   91: {"_type": "train_iter", "epoch": "28/30", "eta": "0:01:58", "iter": "2401/8376", "loss": 0.733862, "lr": 0.000013, "neg_dist": 3.317367, "pos_dist": 3.331718, "time_diff": 12.360000, "triplet": 0.385313}
[08/11 10:08:41][INFO] utils.logging:   91: {"_type": "train_iter", "epoch": "28/30", "eta": "0:01:57", "iter": "2601/8376", "loss": 1.125029, "lr": 0.000013, "neg_dist": 3.124797, "pos_dist": 3.581940, "time_diff": 13.390000, "triplet": 0.781487}
[08/11 10:08:42][INFO] utils.logging:   91: {"_type": "train_iter", "epoch": "28/30", "eta": "0:01:56", "iter": "2801/8376", "loss": 1.580091, "lr": 0.000013, "neg_dist": 3.571339, "pos_dist": 4.515016, "time_diff": 14.400000, "triplet": 1.282913}
[08/11 10:08:43][INFO] utils.logging:   91: {"_type": "train_iter", "epoch": "28/30", "eta": "0:01:55", "iter": "3001/8376", "loss": 1.514940, "lr": 0.000013, "neg_dist": 3.210388, "pos_dist": 4.122037, "time_diff": 15.430000, "triplet": 1.217569}
[08/11 10:08:44][INFO] utils.logging:   91: {"_type": "train_iter", "epoch": "28/30", "eta": "0:01:54", "iter": "3201/8376", "loss": 1.820893, "lr": 0.000013, "neg_dist": 3.091648, "pos_dist": 4.307559, "time_diff": 16.430000, "triplet": 1.515911}
[08/11 10:08:45][INFO] utils.logging:   91: {"_type": "train_iter", "epoch": "28/30", "eta": "0:01:53", "iter": "3401/8376", "loss": 1.242543, "lr": 0.000013, "neg_dist": 3.405757, "pos_dist": 4.081718, "time_diff": 17.460000, "triplet": 0.975961}
[08/11 10:08:46][INFO] utils.logging:   91: {"_type": "train_iter", "epoch": "28/30", "eta": "0:01:52", "iter": "3601/8376", "loss": 1.396317, "lr": 0.000013, "neg_dist": 3.882838, "pos_dist": 4.635592, "time_diff": 18.500000, "triplet": 1.052753}
[08/11 10:08:47][INFO] utils.logging:   91: {"_type": "train_iter", "epoch": "28/30", "eta": "0:01:51", "iter": "3801/8376", "loss": 1.447407, "lr": 0.000013, "neg_dist": 3.170156, "pos_dist": 4.022292, "time_diff": 19.500000, "triplet": 1.152135}
[08/11 10:08:48][INFO] utils.logging:   91: {"_type": "train_iter", "epoch": "28/30", "eta": "0:01:49", "iter": "4001/8376", "loss": 1.181265, "lr": 0.000013, "neg_dist": 3.517386, "pos_dist": 4.086260, "time_diff": 20.500000, "triplet": 0.916332}
[08/11 10:08:49][INFO] utils.logging:   91: {"_type": "train_iter", "epoch": "28/30", "eta": "0:01:48", "iter": "4201/8376", "loss": 1.329302, "lr": 0.000013, "neg_dist": 4.284643, "pos_dist": 4.938643, "time_diff": 21.530000, "triplet": 0.991732}
[08/11 10:08:50][INFO] utils.logging:   91: {"_type": "train_iter", "epoch": "28/30", "eta": "0:01:47", "iter": "4401/8376", "loss": 1.364672, "lr": 0.000013, "neg_dist": 4.108804, "pos_dist": 4.874219, "time_diff": 22.550000, "triplet": 1.091912}
[08/11 10:08:51][INFO] utils.logging:   91: {"_type": "train_iter", "epoch": "28/30", "eta": "0:01:46", "iter": "4601/8376", "loss": 1.559166, "lr": 0.000013, "neg_dist": 3.539090, "pos_dist": 4.551898, "time_diff": 23.570000, "triplet": 1.312808}
[08/11 10:08:52][INFO] utils.logging:   91: {"_type": "train_iter", "epoch": "28/30", "eta": "0:01:45", "iter": "4801/8376", "loss": 1.075824, "lr": 0.000013, "neg_dist": 3.167476, "pos_dist": 3.675966, "time_diff": 24.580000, "triplet": 0.808490}
[08/11 10:08:53][INFO] utils.logging:   91: {"_type": "train_iter", "epoch": "28/30", "eta": "0:01:44", "iter": "5001/8376", "loss": 1.322894, "lr": 0.000013, "neg_dist": 3.964235, "pos_dist": 4.646609, "time_diff": 25.580000, "triplet": 1.005970}
[08/11 10:08:54][INFO] utils.logging:   91: {"_type": "train_iter", "epoch": "28/30", "eta": "0:01:43", "iter": "5201/8376", "loss": 0.942424, "lr": 0.000013, "neg_dist": 2.889828, "pos_dist": 3.257401, "time_diff": 26.610000, "triplet": 0.681943}
[08/11 10:08:55][INFO] utils.logging:   91: {"_type": "train_iter", "epoch": "28/30", "eta": "0:01:42", "iter": "5401/8376", "loss": 0.968225, "lr": 0.000013, "neg_dist": 3.897657, "pos_dist": 4.165002, "time_diff": 27.620000, "triplet": 0.694436}
[08/11 10:08:56][INFO] utils.logging:   91: {"_type": "train_iter", "epoch": "28/30", "eta": "0:01:41", "iter": "5601/8376", "loss": 0.982991, "lr": 0.000013, "neg_dist": 3.783799, "pos_dist": 4.181772, "time_diff": 28.640000, "triplet": 0.697972}
[08/11 10:08:57][INFO] utils.logging:   91: {"_type": "train_iter", "epoch": "28/30", "eta": "0:01:40", "iter": "5801/8376", "loss": 0.869997, "lr": 0.000013, "neg_dist": 3.218748, "pos_dist": 3.316512, "time_diff": 29.650000, "triplet": 0.629666}
[08/11 10:08:58][INFO] utils.logging:   91: {"_type": "train_iter", "epoch": "28/30", "eta": "0:01:39", "iter": "6001/8376", "loss": 1.704725, "lr": 0.000013, "neg_dist": 3.263654, "pos_dist": 4.279065, "time_diff": 30.680000, "triplet": 1.315411}
[08/11 10:08:59][INFO] utils.logging:   91: {"_type": "train_iter", "epoch": "28/30", "eta": "0:01:38", "iter": "6201/8376", "loss": 1.416827, "lr": 0.000013, "neg_dist": 4.586130, "pos_dist": 5.147113, "time_diff": 31.680000, "triplet": 1.122059}
[08/11 10:09:00][INFO] utils.logging:   91: {"_type": "train_iter", "epoch": "28/30", "eta": "0:01:37", "iter": "6401/8376", "loss": 0.872380, "lr": 0.000013, "neg_dist": 3.931688, "pos_dist": 3.622350, "time_diff": 32.710000, "triplet": 0.597597}
[08/11 10:09:01][INFO] utils.logging:   91: {"_type": "train_iter", "epoch": "28/30", "eta": "0:01:36", "iter": "6601/8376", "loss": 1.734442, "lr": 0.000013, "neg_dist": 3.110961, "pos_dist": 4.222906, "time_diff": 33.740000, "triplet": 1.438044}
[08/11 10:09:02][INFO] utils.logging:   91: {"_type": "train_iter", "epoch": "28/30", "eta": "0:01:35", "iter": "6801/8376", "loss": 1.151945, "lr": 0.000013, "neg_dist": 3.826537, "pos_dist": 4.196270, "time_diff": 34.770000, "triplet": 0.836681}
[08/11 10:09:03][INFO] utils.logging:   91: {"_type": "train_iter", "epoch": "28/30", "eta": "0:01:34", "iter": "7001/8376", "loss": 0.970258, "lr": 0.000013, "neg_dist": 3.523913, "pos_dist": 3.836713, "time_diff": 35.800000, "triplet": 0.661587}
[08/11 10:09:04][INFO] utils.logging:   91: {"_type": "train_iter", "epoch": "28/30", "eta": "0:01:33", "iter": "7201/8376", "loss": 0.871160, "lr": 0.000013, "neg_dist": 3.775350, "pos_dist": 4.121847, "time_diff": 36.810000, "triplet": 0.654202}
[08/11 10:09:06][INFO] utils.logging:   91: {"_type": "train_iter", "epoch": "28/30", "eta": "0:01:32", "iter": "7401/8376", "loss": 0.765549, "lr": 0.000013, "neg_dist": 3.865254, "pos_dist": 3.886433, "time_diff": 37.830000, "triplet": 0.417801}
[08/11 10:09:07][INFO] utils.logging:   91: {"_type": "train_iter", "epoch": "28/30", "eta": "0:01:31", "iter": "7601/8376", "loss": 1.348565, "lr": 0.000013, "neg_dist": 3.118477, "pos_dist": 3.837481, "time_diff": 38.850000, "triplet": 1.036141}
[08/11 10:09:08][INFO] utils.logging:   91: {"_type": "train_iter", "epoch": "28/30", "eta": "0:01:30", "iter": "7801/8376", "loss": 1.244686, "lr": 0.000013, "neg_dist": 3.567756, "pos_dist": 4.298285, "time_diff": 39.860000, "triplet": 1.030528}
[08/11 10:09:09][INFO] utils.logging:   91: {"_type": "train_iter", "epoch": "28/30", "eta": "0:01:29", "iter": "8001/8376", "loss": 1.105209, "lr": 0.000013, "neg_dist": 3.368190, "pos_dist": 3.887743, "time_diff": 40.890000, "triplet": 0.822138}
[08/11 10:09:10][INFO] utils.logging:   91: {"_type": "train_iter", "epoch": "28/30", "eta": "0:01:28", "iter": "8201/8376", "loss": 1.020625, "lr": 0.000013, "neg_dist": 3.090943, "pos_dist": 3.440746, "time_diff": 41.940000, "triplet": 0.731530}
[08/11 10:09:11][INFO] utils.logging:   91: {"RAM": "14.52/125.63 GB", "_type": "train_epoch", "epoch": "28/30", "eta": "0:01:27", "gpu_mem": "0.39 GB", "loss": 1.209423, "lr": 0.000013, "neg_dist": 3.563613, "pos_dist": 4.110337, "time_diff": 42.870000, "triplet": 0.922937}
[08/11 10:09:11][INFO] utils.logging:   91: {"_type": "val_epoch", "epoch": "28/30", "loss": 1.243675}
[08/11 10:09:11][INFO] utils.logging:   91: {"_type": "train_iter", "epoch": "29/30", "eta": "0:01:27", "iter": "1/8376", "loss": 1.153777, "lr": 0.000003, "neg_dist": 4.770573, "pos_dist": 5.122211, "time_diff": 0.080000, "triplet": 0.788517}
[08/11 10:09:12][INFO] utils.logging:   91: {"_type": "train_iter", "epoch": "29/30", "eta": "0:01:26", "iter": "201/8376", "loss": 1.385120, "lr": 0.000003, "neg_dist": 3.426521, "pos_dist": 4.287602, "time_diff": 1.140000, "triplet": 1.161081}
[08/11 10:09:13][INFO] utils.logging:   91: {"_type": "train_iter", "epoch": "29/30", "eta": "0:01:25", "iter": "401/8376", "loss": 1.688650, "lr": 0.000003, "neg_dist": 3.716503, "pos_dist": 4.619707, "time_diff": 2.190000, "triplet": 1.333105}
[08/11 10:09:14][INFO] utils.logging:   91: {"_type": "train_iter", "epoch": "29/30", "eta": "0:01:24", "iter": "601/8376", "loss": 1.242384, "lr": 0.000003, "neg_dist": 3.538218, "pos_dist": 4.195454, "time_diff": 3.210000, "triplet": 0.957236}
[08/11 10:09:15][INFO] utils.logging:   91: {"_type": "train_iter", "epoch": "29/30", "eta": "0:01:23", "iter": "801/8376", "loss": 1.030646, "lr": 0.000003, "neg_dist": 3.308751, "pos_dist": 3.630901, "time_diff": 4.220000, "triplet": 0.717056}
[08/11 10:09:16][INFO] utils.logging:   91: {"_type": "train_iter", "epoch": "29/30", "eta": "0:01:22", "iter": "1001/8376", "loss": 1.538127, "lr": 0.000003, "neg_dist": 3.426330, "pos_dist": 4.283830, "time_diff": 5.250000, "triplet": 1.157500}
[08/11 10:09:17][INFO] utils.logging:   91: {"_type": "train_iter", "epoch": "29/30", "eta": "0:01:20", "iter": "1201/8376", "loss": 1.659037, "lr": 0.000003, "neg_dist": 3.492060, "pos_dist": 4.569956, "time_diff": 6.280000, "triplet": 1.377895}
[08/11 10:09:18][INFO] utils.logging:   91: {"_type": "train_iter", "epoch": "29/30", "eta": "0:01:19", "iter": "1401/8376", "loss": 1.263958, "lr": 0.000003, "neg_dist": 3.442933, "pos_dist": 3.784481, "time_diff": 7.340000, "triplet": 0.987618}
[08/11 10:09:19][INFO] utils.logging:   91: {"_type": "train_iter", "epoch": "29/30", "eta": "0:01:18", "iter": "1601/8376", "loss": 0.914821, "lr": 0.000003, "neg_dist": 3.834214, "pos_dist": 4.110709, "time_diff": 8.350000, "triplet": 0.584060}
[08/11 10:09:20][INFO] utils.logging:   91: {"_type": "train_iter", "epoch": "29/30", "eta": "0:01:17", "iter": "1801/8376", "loss": 0.927008, "lr": 0.000003, "neg_dist": 4.125912, "pos_dist": 4.328701, "time_diff": 9.360000, "triplet": 0.634248}
[08/11 10:09:22][INFO] utils.logging:   91: {"_type": "train_iter", "epoch": "29/30", "eta": "0:01:16", "iter": "2001/8376", "loss": 1.198455, "lr": 0.000003, "neg_dist": 3.506377, "pos_dist": 4.054984, "time_diff": 10.370000, "triplet": 0.876108}
[08/11 10:09:23][INFO] utils.logging:   91: {"_type": "train_iter", "epoch": "29/30", "eta": "0:01:15", "iter": "2201/8376", "loss": 1.471105, "lr": 0.000003, "neg_dist": 4.058528, "pos_dist": 4.992044, "time_diff": 11.390000, "triplet": 1.233516}
[08/11 10:09:24][INFO] utils.logging:   91: {"_type": "train_iter", "epoch": "29/30", "eta": "0:01:14", "iter": "2401/8376", "loss": 1.435653, "lr": 0.000003, "neg_dist": 3.305849, "pos_dist": 4.156338, "time_diff": 12.400000, "triplet": 1.150488}
[08/11 10:09:25][INFO] utils.logging:   91: {"_type": "train_iter", "epoch": "29/30", "eta": "0:01:13", "iter": "2601/8376", "loss": 1.239515, "lr": 0.000003, "neg_dist": 3.829216, "pos_dist": 4.409575, "time_diff": 13.420000, "triplet": 0.911661}
[08/11 10:09:26][INFO] utils.logging:   91: {"_type": "train_iter", "epoch": "29/30", "eta": "0:01:12", "iter": "2801/8376", "loss": 1.315219, "lr": 0.000003, "neg_dist": 2.676754, "pos_dist": 3.402936, "time_diff": 14.460000, "triplet": 1.026182}
[08/11 10:09:27][INFO] utils.logging:   91: {"_type": "train_iter", "epoch": "29/30", "eta": "0:01:11", "iter": "3001/8376", "loss": 1.043174, "lr": 0.000003, "neg_dist": 3.673086, "pos_dist": 4.150527, "time_diff": 15.460000, "triplet": 0.777440}
[08/11 10:09:28][INFO] utils.logging:   91: {"_type": "train_iter", "epoch": "29/30", "eta": "0:01:10", "iter": "3201/8376", "loss": 1.450547, "lr": 0.000003, "neg_dist": 3.391203, "pos_dist": 4.233989, "time_diff": 16.490000, "triplet": 1.165321}
[08/11 10:09:29][INFO] utils.logging:   91: {"_type": "train_iter", "epoch": "29/30", "eta": "0:01:09", "iter": "3401/8376", "loss": 1.888507, "lr": 0.000003, "neg_dist": 3.118693, "pos_dist": 4.397663, "time_diff": 17.490000, "triplet": 1.578970}
[08/11 10:09:30][INFO] utils.logging:   91: {"_type": "train_iter", "epoch": "29/30", "eta": "0:01:08", "iter": "3601/8376", "loss": 1.127648, "lr": 0.000003, "neg_dist": 3.892899, "pos_dist": 4.214195, "time_diff": 18.520000, "triplet": 0.827220}
[08/11 10:09:31][INFO] utils.logging:   91: {"_type": "train_iter", "epoch": "29/30", "eta": "0:01:07", "iter": "3801/8376", "loss": 0.789367, "lr": 0.000003, "neg_dist": 3.321829, "pos_dist": 3.440746, "time_diff": 19.550000, "triplet": 0.471839}
[08/11 10:09:32][INFO] utils.logging:   91: {"_type": "train_iter", "epoch": "29/30", "eta": "0:01:06", "iter": "4001/8376", "loss": 1.125406, "lr": 0.000003, "neg_dist": 4.493626, "pos_dist": 4.713754, "time_diff": 20.570000, "triplet": 0.879965}
[08/11 10:09:33][INFO] utils.logging:   91: {"_type": "train_iter", "epoch": "29/30", "eta": "0:01:05", "iter": "4201/8376", "loss": 1.449727, "lr": 0.000003, "neg_dist": 3.145290, "pos_dist": 3.998369, "time_diff": 21.590000, "triplet": 1.153078}
[08/11 10:09:34][INFO] utils.logging:   91: {"_type": "train_iter", "epoch": "29/30", "eta": "0:01:04", "iter": "4401/8376", "loss": 1.180591, "lr": 0.000003, "neg_dist": 3.032647, "pos_dist": 3.501100, "time_diff": 22.630000, "triplet": 0.871201}
[08/11 10:09:35][INFO] utils.logging:   91: {"_type": "train_iter", "epoch": "29/30", "eta": "0:01:03", "iter": "4601/8376", "loss": 1.312703, "lr": 0.000003, "neg_dist": 3.376210, "pos_dist": 4.047495, "time_diff": 23.630000, "triplet": 1.040012}
[08/11 10:09:36][INFO] utils.logging:   91: {"_type": "train_iter", "epoch": "29/30", "eta": "0:01:02", "iter": "4801/8376", "loss": 1.828432, "lr": 0.000003, "neg_dist": 4.142525, "pos_dist": 5.459513, "time_diff": 24.680000, "triplet": 1.616988}
[08/11 10:09:37][INFO] utils.logging:   91: {"_type": "train_iter", "epoch": "29/30", "eta": "0:01:01", "iter": "5001/8376", "loss": 1.217827, "lr": 0.000003, "neg_dist": 3.945266, "pos_dist": 4.442660, "time_diff": 25.690000, "triplet": 0.878195}
[08/11 10:09:38][INFO] utils.logging:   91: {"_type": "train_iter", "epoch": "29/30", "eta": "0:01:00", "iter": "5201/8376", "loss": 0.651594, "lr": 0.000003, "neg_dist": 3.773667, "pos_dist": 3.651017, "time_diff": 26.720000, "triplet": 0.330824}
[08/11 10:09:39][INFO] utils.logging:   91: {"_type": "train_iter", "epoch": "29/30", "eta": "0:00:59", "iter": "5401/8376", "loss": 1.398054, "lr": 0.000003, "neg_dist": 3.581961, "pos_dist": 4.381007, "time_diff": 27.730000, "triplet": 1.099046}
[08/11 10:09:40][INFO] utils.logging:   91: {"_type": "train_iter", "epoch": "29/30", "eta": "0:00:58", "iter": "5601/8376", "loss": 1.049110, "lr": 0.000003, "neg_dist": 4.118299, "pos_dist": 4.223186, "time_diff": 28.780000, "triplet": 0.808034}
[08/11 10:09:41][INFO] utils.logging:   91: {"_type": "train_iter", "epoch": "29/30", "eta": "0:00:57", "iter": "5801/8376", "loss": 1.075218, "lr": 0.000003, "neg_dist": 4.207163, "pos_dist": 4.624444, "time_diff": 29.790000, "triplet": 0.803401}
[08/11 10:09:42][INFO] utils.logging:   91: {"_type": "train_iter", "epoch": "29/30", "eta": "0:00:55", "iter": "6001/8376", "loss": 0.967820, "lr": 0.000003, "neg_dist": 3.276662, "pos_dist": 3.672699, "time_diff": 30.820000, "triplet": 0.709645}
[08/11 10:09:43][INFO] utils.logging:   91: {"_type": "train_iter", "epoch": "29/30", "eta": "0:00:54", "iter": "6201/8376", "loss": 1.029314, "lr": 0.000003, "neg_dist": 3.157988, "pos_dist": 3.422305, "time_diff": 31.850000, "triplet": 0.656453}
[08/11 10:09:44][INFO] utils.logging:   91: {"_type": "train_iter", "epoch": "29/30", "eta": "0:00:53", "iter": "6401/8376", "loss": 0.689828, "lr": 0.000003, "neg_dist": 3.238342, "pos_dist": 3.251393, "time_diff": 32.860000, "triplet": 0.352157}
[08/11 10:09:45][INFO] utils.logging:   91: {"_type": "train_iter", "epoch": "29/30", "eta": "0:00:52", "iter": "6601/8376", "loss": 1.865161, "lr": 0.000003, "neg_dist": 4.025807, "pos_dist": 5.326451, "time_diff": 33.880000, "triplet": 1.600644}
[08/11 10:09:46][INFO] utils.logging:   91: {"_type": "train_iter", "epoch": "29/30", "eta": "0:00:51", "iter": "6801/8376", "loss": 0.936750, "lr": 0.000003, "neg_dist": 3.424561, "pos_dist": 3.747467, "time_diff": 34.900000, "triplet": 0.637259}
[08/11 10:09:47][INFO] utils.logging:   91: {"_type": "train_iter", "epoch": "29/30", "eta": "0:00:50", "iter": "7001/8376", "loss": 0.881627, "lr": 0.000003, "neg_dist": 3.301438, "pos_dist": 3.531672, "time_diff": 35.930000, "triplet": 0.585752}
[08/11 10:09:48][INFO] utils.logging:   91: {"_type": "train_iter", "epoch": "29/30", "eta": "0:00:49", "iter": "7201/8376", "loss": 0.655281, "lr": 0.000003, "neg_dist": 3.777193, "pos_dist": 3.739222, "time_diff": 36.970000, "triplet": 0.438706}
[08/11 10:09:49][INFO] utils.logging:   91: {"_type": "train_iter", "epoch": "29/30", "eta": "0:00:48", "iter": "7401/8376", "loss": 0.471920, "lr": 0.000003, "neg_dist": 3.516027, "pos_dist": 3.290308, "time_diff": 37.990000, "triplet": 0.253978}
[08/11 10:09:50][INFO] utils.logging:   91: {"_type": "train_iter", "epoch": "29/30", "eta": "0:00:47", "iter": "7601/8376", "loss": 1.269924, "lr": 0.000003, "neg_dist": 3.832824, "pos_dist": 4.455816, "time_diff": 39.010000, "triplet": 0.952547}
[08/11 10:09:51][INFO] utils.logging:   91: {"_type": "train_iter", "epoch": "29/30", "eta": "0:00:46", "iter": "7801/8376", "loss": 1.093214, "lr": 0.000003, "neg_dist": 3.601663, "pos_dist": 4.074739, "time_diff": 40.090000, "triplet": 0.806362}
[08/11 10:09:52][INFO] utils.logging:   91: {"_type": "train_iter", "epoch": "29/30", "eta": "0:00:45", "iter": "8001/8376", "loss": 0.918811, "lr": 0.000003, "neg_dist": 3.024337, "pos_dist": 3.307377, "time_diff": 41.090000, "triplet": 0.687348}
[08/11 10:09:53][INFO] utils.logging:   91: {"_type": "train_iter", "epoch": "29/30", "eta": "0:00:44", "iter": "8201/8376", "loss": 1.616102, "lr": 0.000003, "neg_dist": 3.425894, "pos_dist": 4.441472, "time_diff": 42.130000, "triplet": 1.315578}
[08/11 10:09:54][INFO] utils.logging:   91: {"RAM": "14.51/125.63 GB", "_type": "train_epoch", "epoch": "29/30", "eta": "0:00:43", "gpu_mem": "0.39 GB", "loss": 1.210764, "lr": 0.000003, "neg_dist": 3.569070, "pos_dist": 4.116026, "time_diff": 43.070000, "triplet": 0.923836}
[08/11 10:09:55][INFO] utils.logging:   91: {"_type": "val_epoch", "epoch": "29/30", "loss": 1.211317}
[08/11 10:09:55][INFO] utils.logging:   91: {"_type": "train_iter", "epoch": "30/30", "eta": "0:00:43", "iter": "1/8376", "loss": 0.684864, "lr": 0.000000, "neg_dist": 3.153677, "pos_dist": 3.042037, "time_diff": 0.080000, "triplet": 0.337316}
[08/11 10:09:56][INFO] utils.logging:   91: {"_type": "train_iter", "epoch": "30/30", "eta": "0:00:42", "iter": "201/8376", "loss": 0.961604, "lr": 0.000000, "neg_dist": 3.735319, "pos_dist": 3.899873, "time_diff": 1.140000, "triplet": 0.654257}
[08/11 10:09:57][INFO] utils.logging:   91: {"_type": "train_iter", "epoch": "30/30", "eta": "0:00:41", "iter": "401/8376", "loss": 1.002687, "lr": 0.000000, "neg_dist": 3.830034, "pos_dist": 4.212976, "time_diff": 2.150000, "triplet": 0.687252}
[08/11 10:09:58][INFO] utils.logging:   91: {"_type": "train_iter", "epoch": "30/30", "eta": "0:00:40", "iter": "601/8376", "loss": 1.073021, "lr": 0.000000, "neg_dist": 3.476344, "pos_dist": 3.863766, "time_diff": 3.180000, "triplet": 0.792939}
[08/11 10:09:59][INFO] utils.logging:   91: {"_type": "train_iter", "epoch": "30/30", "eta": "0:00:39", "iter": "801/8376", "loss": 1.139629, "lr": 0.000000, "neg_dist": 3.964128, "pos_dist": 4.358092, "time_diff": 4.190000, "triplet": 0.866106}
[08/11 10:10:00][INFO] utils.logging:   91: {"_type": "train_iter", "epoch": "30/30", "eta": "0:00:38", "iter": "1001/8376", "loss": 1.416055, "lr": 0.000000, "neg_dist": 3.156295, "pos_dist": 4.004281, "time_diff": 5.220000, "triplet": 1.147986}
[08/11 10:10:01][INFO] utils.logging:   91: {"_type": "train_iter", "epoch": "30/30", "eta": "0:00:37", "iter": "1201/8376", "loss": 0.971663, "lr": 0.000000, "neg_dist": 3.577431, "pos_dist": 3.828816, "time_diff": 6.250000, "triplet": 0.733069}
[08/11 10:10:02][INFO] utils.logging:   91: {"_type": "train_iter", "epoch": "30/30", "eta": "0:00:36", "iter": "1401/8376", "loss": 1.222455, "lr": 0.000000, "neg_dist": 2.988721, "pos_dist": 3.663457, "time_diff": 7.250000, "triplet": 0.974737}
[08/11 10:10:03][INFO] utils.logging:   91: {"_type": "train_iter", "epoch": "30/30", "eta": "0:00:35", "iter": "1601/8376", "loss": 0.984134, "lr": 0.000000, "neg_dist": 4.890945, "pos_dist": 5.099741, "time_diff": 8.280000, "triplet": 0.674526}
[08/11 10:10:04][INFO] utils.logging:   91: {"_type": "train_iter", "epoch": "30/30", "eta": "0:00:34", "iter": "1801/8376", "loss": 1.144371, "lr": 0.000000, "neg_dist": 3.543840, "pos_dist": 4.082570, "time_diff": 9.300000, "triplet": 0.881136}
[08/11 10:10:05][INFO] utils.logging:   91: {"_type": "train_iter", "epoch": "30/30", "eta": "0:00:33", "iter": "2001/8376", "loss": 0.827135, "lr": 0.000000, "neg_dist": 3.699712, "pos_dist": 3.906094, "time_diff": 10.320000, "triplet": 0.599143}
[08/11 10:10:06][INFO] utils.logging:   91: {"_type": "train_iter", "epoch": "30/30", "eta": "0:00:32", "iter": "2201/8376", "loss": 1.850245, "lr": 0.000000, "neg_dist": 3.381557, "pos_dist": 4.578209, "time_diff": 11.340000, "triplet": 1.576908}
[08/11 10:10:07][INFO] utils.logging:   91: {"_type": "train_iter", "epoch": "30/30", "eta": "0:00:31", "iter": "2401/8376", "loss": 1.540162, "lr": 0.000000, "neg_dist": 3.479952, "pos_dist": 4.406268, "time_diff": 12.360000, "triplet": 1.275201}
[08/11 10:10:08][INFO] utils.logging:   91: {"_type": "train_iter", "epoch": "30/30", "eta": "0:00:30", "iter": "2601/8376", "loss": 1.543497, "lr": 0.000000, "neg_dist": 3.242745, "pos_dist": 4.172155, "time_diff": 13.380000, "triplet": 1.229411}
[08/11 10:10:09][INFO] utils.logging:   91: {"_type": "train_iter", "epoch": "30/30", "eta": "0:00:29", "iter": "2801/8376", "loss": 1.067193, "lr": 0.000000, "neg_dist": 4.496357, "pos_dist": 4.955493, "time_diff": 14.430000, "triplet": 0.778889}
[08/11 10:10:10][INFO] utils.logging:   91: {"_type": "train_iter", "epoch": "30/30", "eta": "0:00:27", "iter": "3001/8376", "loss": 1.306198, "lr": 0.000000, "neg_dist": 3.601466, "pos_dist": 4.236845, "time_diff": 15.440000, "triplet": 1.000411}
[08/11 10:10:11][INFO] utils.logging:   91: {"_type": "train_iter", "epoch": "30/30", "eta": "0:00:26", "iter": "3201/8376", "loss": 1.800930, "lr": 0.000000, "neg_dist": 3.363419, "pos_dist": 4.574571, "time_diff": 16.460000, "triplet": 1.511152}
[08/11 10:10:12][INFO] utils.logging:   91: {"_type": "train_iter", "epoch": "30/30", "eta": "0:00:25", "iter": "3401/8376", "loss": 1.564691, "lr": 0.000000, "neg_dist": 3.620693, "pos_dist": 4.568025, "time_diff": 17.520000, "triplet": 1.247331}
[08/11 10:10:13][INFO] utils.logging:   91: {"_type": "train_iter", "epoch": "30/30", "eta": "0:00:24", "iter": "3601/8376", "loss": 1.053294, "lr": 0.000000, "neg_dist": 3.452123, "pos_dist": 3.873042, "time_diff": 18.580000, "triplet": 0.839908}
[08/11 10:10:14][INFO] utils.logging:   91: {"_type": "train_iter", "epoch": "30/30", "eta": "0:00:23", "iter": "3801/8376", "loss": 0.892527, "lr": 0.000000, "neg_dist": 3.770841, "pos_dist": 4.061761, "time_diff": 19.580000, "triplet": 0.657773}
[08/11 10:10:15][INFO] utils.logging:   91: {"_type": "train_iter", "epoch": "30/30", "eta": "0:00:22", "iter": "4001/8376", "loss": 1.511906, "lr": 0.000000, "neg_dist": 3.465499, "pos_dist": 4.383894, "time_diff": 20.620000, "triplet": 1.218395}
[08/11 10:10:16][INFO] utils.logging:   91: {"_type": "train_iter", "epoch": "30/30", "eta": "0:00:21", "iter": "4201/8376", "loss": 1.077495, "lr": 0.000000, "neg_dist": 3.672728, "pos_dist": 3.970363, "time_diff": 21.640000, "triplet": 0.809883}
[08/11 10:10:17][INFO] utils.logging:   91: {"_type": "train_iter", "epoch": "30/30", "eta": "0:00:20", "iter": "4401/8376", "loss": 1.037390, "lr": 0.000000, "neg_dist": 3.620162, "pos_dist": 4.059768, "time_diff": 22.680000, "triplet": 0.769018}
[08/11 10:10:18][INFO] utils.logging:   91: {"_type": "train_iter", "epoch": "30/30", "eta": "0:00:19", "iter": "4601/8376", "loss": 1.288661, "lr": 0.000000, "neg_dist": 4.176649, "pos_dist": 4.797750, "time_diff": 23.700000, "triplet": 0.982215}
[08/11 10:10:19][INFO] utils.logging:   91: {"_type": "train_iter", "epoch": "30/30", "eta": "0:00:18", "iter": "4801/8376", "loss": 0.913650, "lr": 0.000000, "neg_dist": 2.977880, "pos_dist": 3.270045, "time_diff": 24.720000, "triplet": 0.675628}
[08/11 10:10:21][INFO] utils.logging:   91: {"_type": "train_iter", "epoch": "30/30", "eta": "0:00:17", "iter": "5001/8376", "loss": 1.538333, "lr": 0.000000, "neg_dist": 3.585243, "pos_dist": 4.520934, "time_diff": 25.730000, "triplet": 1.235692}
[08/11 10:10:22][INFO] utils.logging:   91: {"_type": "train_iter", "epoch": "30/30", "eta": "0:00:16", "iter": "5201/8376", "loss": 1.213393, "lr": 0.000000, "neg_dist": 3.566447, "pos_dist": 4.181162, "time_diff": 26.770000, "triplet": 0.914715}
[08/11 10:10:23][INFO] utils.logging:   91: {"_type": "train_iter", "epoch": "30/30", "eta": "0:00:15", "iter": "5401/8376", "loss": 1.575403, "lr": 0.000000, "neg_dist": 3.097901, "pos_dist": 4.135312, "time_diff": 27.780000, "triplet": 1.348159}
[08/11 10:10:24][INFO] utils.logging:   91: {"_type": "train_iter", "epoch": "30/30", "eta": "0:00:14", "iter": "5601/8376", "loss": 1.504593, "lr": 0.000000, "neg_dist": 3.960174, "pos_dist": 4.857884, "time_diff": 28.840000, "triplet": 1.233449}
[08/11 10:10:25][INFO] utils.logging:   91: {"_type": "train_iter", "epoch": "30/30", "eta": "0:00:13", "iter": "5801/8376", "loss": 1.019970, "lr": 0.000000, "neg_dist": 3.544116, "pos_dist": 3.977817, "time_diff": 29.860000, "triplet": 0.774683}
[08/11 10:10:26][INFO] utils.logging:   91: {"_type": "train_iter", "epoch": "30/30", "eta": "0:00:12", "iter": "6001/8376", "loss": 1.308497, "lr": 0.000000, "neg_dist": 3.448055, "pos_dist": 4.146556, "time_diff": 30.890000, "triplet": 0.998501}
[08/11 10:10:27][INFO] utils.logging:   91: {"_type": "train_iter", "epoch": "30/30", "eta": "0:00:11", "iter": "6201/8376", "loss": 1.720832, "lr": 0.000000, "neg_dist": 3.356818, "pos_dist": 4.424529, "time_diff": 31.930000, "triplet": 1.393822}
[08/11 10:10:28][INFO] utils.logging:   91: {"_type": "train_iter", "epoch": "30/30", "eta": "0:00:10", "iter": "6401/8376", "loss": 1.083736, "lr": 0.000000, "neg_dist": 4.636611, "pos_dist": 4.948444, "time_diff": 32.930000, "triplet": 0.787031}
[08/11 10:10:29][INFO] utils.logging:   91: {"_type": "train_iter", "epoch": "30/30", "eta": "0:00:09", "iter": "6601/8376", "loss": 1.133505, "lr": 0.000000, "neg_dist": 3.270656, "pos_dist": 3.875461, "time_diff": 33.940000, "triplet": 0.904806}
[08/11 10:10:30][INFO] utils.logging:   91: {"_type": "train_iter", "epoch": "30/30", "eta": "0:00:08", "iter": "6801/8376", "loss": 1.024402, "lr": 0.000000, "neg_dist": 3.435698, "pos_dist": 3.962389, "time_diff": 34.990000, "triplet": 0.826691}
[08/11 10:10:31][INFO] utils.logging:   91: {"_type": "train_iter", "epoch": "30/30", "eta": "0:00:07", "iter": "7001/8376", "loss": 1.482808, "lr": 0.000000, "neg_dist": 3.275875, "pos_dist": 4.210202, "time_diff": 36.020000, "triplet": 1.234327}
[08/11 10:10:32][INFO] utils.logging:   91: {"_type": "train_iter", "epoch": "30/30", "eta": "0:00:06", "iter": "7201/8376", "loss": 1.387949, "lr": 0.000000, "neg_dist": 2.985237, "pos_dist": 3.744355, "time_diff": 37.030000, "triplet": 1.059119}
[08/11 10:10:33][INFO] utils.logging:   91: {"_type": "train_iter", "epoch": "30/30", "eta": "0:00:05", "iter": "7401/8376", "loss": 0.945551, "lr": 0.000000, "neg_dist": 3.326680, "pos_dist": 3.701785, "time_diff": 38.060000, "triplet": 0.675106}
[08/11 10:10:34][INFO] utils.logging:   91: {"_type": "train_iter", "epoch": "30/30", "eta": "0:00:04", "iter": "7601/8376", "loss": 0.795265, "lr": 0.000000, "neg_dist": 3.701794, "pos_dist": 3.905538, "time_diff": 39.070000, "triplet": 0.564080}
[08/11 10:10:35][INFO] utils.logging:   91: {"_type": "train_iter", "epoch": "30/30", "eta": "0:00:02", "iter": "7801/8376", "loss": 0.594514, "lr": 0.000000, "neg_dist": 5.046579, "pos_dist": 4.500362, "time_diff": 40.110000, "triplet": 0.292077}
[08/11 10:10:36][INFO] utils.logging:   91: {"_type": "train_iter", "epoch": "30/30", "eta": "0:00:01", "iter": "8001/8376", "loss": 1.010006, "lr": 0.000000, "neg_dist": 2.778305, "pos_dist": 3.187444, "time_diff": 41.130000, "triplet": 0.732608}
[08/11 10:10:37][INFO] utils.logging:   91: {"_type": "train_iter", "epoch": "30/30", "eta": "0:00:00", "iter": "8201/8376", "loss": 1.495984, "lr": 0.000000, "neg_dist": 4.023658, "pos_dist": 4.875954, "time_diff": 42.140000, "triplet": 1.168648}
[08/11 10:10:38][INFO] utils.logging:   91: {"RAM": "14.52/125.63 GB", "_type": "train_epoch", "epoch": "30/30", "eta": "0:00:00", "gpu_mem": "0.39 GB", "loss": 1.206694, "lr": 0.000000, "neg_dist": 3.567375, "pos_dist": 4.110032, "time_diff": 43.060000, "triplet": 0.919167}
[08/11 10:10:38][INFO] utils.logging:   91: {"_type": "val_epoch", "epoch": "30/30", "loss": 1.251628}
[08/11 10:10:38][INFO] __main__:  441: ================================================================================
[08/11 10:10:38][INFO] __main__:  442: Done! Time: 0:21:48
[08/11 10:10:38][INFO] __main__:  443: Best val loss: 1.191369
[08/11 10:10:38][INFO] __main__:  444: Final: output/frame_selector/ssv2_ViT-B16_BiMHM/frame_selector_best.pth
[08/11 10:10:38][INFO] __main__:  445: ================================================================================
