[07/30 09:02:15][INFO] train_net_few_shot:  166: Train with config:
[07/30 09:02:15][INFO] train_net_few_shot:  167: {
  "TASK_TYPE": "few_shot_action",
  "PRETRAIN": {
    "ENABLE": false
  },
  "LOCALIZATION": {
    "ENABLE": false
  },
  "TRAIN": {
    "ENABLE": true,
    "DATASET": "SSv2-Full",
    "BATCH_SIZE": 1,
    "LOG_FILE": "train.log",
    "EVAL_PERIOD": 2,
    "NUM_FOLDS": 1,
    "AUTO_RESUME": true,
    "CHECKPOINT_PERIOD": 10,
    "CHECKPOINT_FILE_PATH": "",
    "CHECKPOINT_TYPE": "pytorch",
    "CHECKPOINT_INFLATE": false,
    "CHECKPOINT_PRE_PROCESS": {
      "ENABLE": false
    },
    "FINE_TUNE": true,
    "ONLY_LINEAR": false,
    "LR_REDUCE": false,
    "TRAIN_VAL_COMBINE": false,
    "LOSS_FUNC": "cross_entropy",
    "USE_CLASSIFICATION_VALUE": 2.0,
    "GRADIENT_CHECKPOINT": true,
    "NUM_CLASS": 64,
    "META_BATCH": true,
    "WAY": 5,
    "SHOT": 1,
    "QUERY_PER_CLASS": 1,
    "QUERY_PER_CLASS_TEST": 1,
    "NUM_TRAIN_TASKS": 9000,
    "NUM_TEST_TASKS": 10000,
    "VAL_FRE_ITER": 9000,
    "BATCH_SIZE_PER_TASK": 4,
    "USE_KEYFRAME_SELECTION": true
  },
  "TEST": {
    "ENABLE": true,
    "DATASET": "SSv2-Full",
    "BATCH_SIZE": 1,
    "NUM_SPATIAL_CROPS": 1,
    "SPATIAL_CROPS": "cctltr",
    "NUM_ENSEMBLE_VIEWS": 1,
    "LOG_FILE": "test.log",
    "CHECKPOINT_FILE_PATH": "",
    "CHECKPOINT_TYPE": "pytorch",
    "AUTOMATIC_MULTI_SCALE_TEST": false,
    "TEST_SET": "val",
    "UPLOAD_CLASSIFIER_RESULTS": true,
    "SHOT": [
      5
    ],
    "USE_KEYFRAME_SELECTION": true
  },
  "VISUALIZATION": {
    "ENABLE": false,
    "NAME": "",
    "FEATURE_MAPS": {
      "ENABLE": false,
      "BASE_OUTPUT_DIR": ""
    }
  },
  "SUBMISSION": {
    "ENABLE": false,
    "SAVE_RESULTS_PATH": "test.json"
  },
  "DATA": {
    "DATA_ROOT_DIR": "/mnt/data/yanyi2025/lrc/action_data/ssv2/videos/videos/",
    "ANNO_DIR": "config/ssv2_full/",
    "NUM_INPUT_FRAMES": 8,
    "NUM_INPUT_CHANNELS": 2304,
    "SAMPLING_MODE": "interval_based",
    "SAMPLING_RATE": 50,
    "TRAIN_JITTER_SCALES": [
      256,
      256
    ],
    "TRAIN_CROP_SIZE": 224,
    "TEST_SCALE": 256,
    "TEST_CROP_SIZE": 224,
    "MEAN": [
      0.48145466,
      0.4578275,
      0.40821073
    ],
    "STD": [
      0.26862954,
      0.26130258,
      0.27577711
    ],
    "MULTI_LABEL": false,
    "ENSEMBLE_METHOD": "sum",
    "TARGET_FPS": 12,
    "MINUS_INTERVAL": false,
    "FPS": 12,
    "NORM_FEATURE": false,
    "USE_AUG_FEATURE": false,
    "AUG": false,
    "LOAD_PROPS": false,
    "TEMPORAL_SCALE": 256,
    "LABELS_TYPE": "cls",
    "LOAD_TYPE": "pickle",
    "DOWNLOAD_FEATURE": true,
    "VIDEO_EXT": ".webm",
    "SAMPLING_UNIFORM": false,
    "SAMPLING_METHOD": "otam_anchor_keyframe",
    "TEST_CENTER_CROP": true,
    "CLIP_INTERVAL": 8
  },
  "MODEL": {
    "NAME": "BaseVideoModel",
    "EMA": {
      "ENABLE": false,
      "DECAY": 0.99996
    }
  },
  "VIDEO": {
    "BACKBONE": {
      "DEPTH": null,
      "META_ARCH": "Identity",
      "NUM_FILTERS": null,
      "NUM_INPUT_CHANNELS": 3,
      "NUM_OUT_FEATURES": null,
      "KERNEL_SIZE": null,
      "DOWNSAMPLING": null,
      "DOWNSAMPLING_TEMPORAL": null,
      "NUM_STREAMS": 1,
      "EXPANSION_RATIO": 2,
      "BRANCH": {
        "NAME": null
      },
      "STEM": {
        "NAME": null
      },
      "NONLOCAL": {
        "ENABLE": false,
        "STAGES": [
          5
        ],
        "MASK_ENABLE": false
      },
      "INITIALIZATION": null
    },
    "HEAD": {
      "NAME": "BaseTemporalClassifier",
      "ACTIVATION": "softmax",
      "DROPOUT_RATE": 0.0,
      "NUM_CLASSES": 200
    }
  },
  "OPTIMIZER": {
    "ADJUST_LR": false,
    "BASE_LR": 0.002,
    "LR_POLICY": "cosine",
    "MAX_EPOCH": 300,
    "MOMENTUM": 0.9,
    "WEIGHT_DECAY": "1e-3",
    "WARMUP_EPOCHS": 10,
    "WARMUP_START_LR": 0.0002,
    "OPTIM_METHOD": "adam",
    "DAMPENING": 0.0,
    "NESTEROV": true
  },
  "BN": {
    "WB_LOCK": false,
    "FREEZE": false,
    "WEIGHT_DECAY": 0.0,
    "MOMENTUM": 0.1,
    "EPS": "1e-3",
    "SYNC": false
  },
  "DATA_LOADER": {
    "NUM_WORKERS": 8,
    "PIN_MEMORY": true,
    "ENABLE_MULTI_THREAD_DECODE": true,
    "COLLATE_FN": null
  },
  "NUM_GPUS": 1,
  "SHARD_ID": 0,
  "NUM_SHARDS": 1,
  "RANDOM_SEED": 18,
  "OUTPUT_DIR": "output/SSv2_Full_BDTS_anchor_keyframe_FOCUS",
  "OUTPUT_CFG_FILE": "configuration.log",
  "LOG_PERIOD": 200,
  "DIST_BACKEND": "nccl",
  "LOG_MODEL_INFO": false,
  "LOG_CONFIG_INFO": true,
  "OSS": {
    "ENABLE": false,
    "KEY": null,
    "SECRET": null,
    "ENDPOINT": null,
    "CHECKPOINT_OUTPUT_PATH": null,
    "SECONDARY_DATA_OSS": {
      "ENABLE": false,
      "KEY": null,
      "SECRET": null,
      "ENDPOINT": null,
      "BUCKETS": [
        ""
      ]
    }
  },
  "AUGMENTATION": {
    "COLOR_AUG": false,
    "BRIGHTNESS": 0.5,
    "CONTRAST": 0.5,
    "SATURATION": 0.5,
    "HUE": 0.25,
    "GRAYSCALE": 0.3,
    "CONSISTENT": true,
    "SHUFFLE": true,
    "GRAY_FIRST": true,
    "RATIO": [
      0.857142857142857,
      1.1666666666666667
    ],
    "USE_GPU": false,
    "MIXUP": {
      "ENABLE": false,
      "ALPHA": 0.0,
      "PROB": 1.0,
      "MODE": "batch",
      "SWITCH_PROB": 0.5
    },
    "CUTMIX": {
      "ENABLE": false,
      "ALPHA": 0.0,
      "MINMAX": null
    },
    "RANDOM_ERASING": {
      "ENABLE": false,
      "PROB": 0.25,
      "MODE": "const",
      "COUNT": [
        1,
        1
      ],
      "NUM_SPLITS": 0,
      "AREA_RANGE": [
        0.02,
        0.33
      ],
      "MIN_ASPECT": 0.3
    },
    "LABEL_SMOOTHING": 0.0,
    "SSV2_FLIP": false,
    "IS_SPLIT": false,
    "NO_RANDOM_ERASE": true,
    "SUPPORT_QUERY_DIFF": true
  },
  "PAI": false,
  "USE_MULTISEG_VAL_DIST": false,
  "DETECTION": {
    "ENABLE": false
  },
  "TENSORBOARD": {
    "ENABLE": false
  },
  "SOLVER": {
    "BASE_LR": 0.001,
    "LR_POLICY": "steps_with_relative_lrs",
    "MAX_EPOCH": 10,
    "MOMENTUM": 0.9,
    "WEIGHT_DECAY": "5e-4",
    "WARMUP_EPOCHS": 1,
    "WARMUP_START_LR": 0.0002,
    "OPTIM_METHOD": "adam",
    "DAMPENING": 0.0,
    "NESTEROV": true,
    "STEPS_ITER": 900,
    "STEPS": [
      0,
      4,
      6,
      8
    ],
    "LRS": [
      1,
      0.5,
      0.1,
      0.05
    ]
  },
  "PRE_DOWNLOAD": {
    "ENABLE": false
  },
  "SUPPORT_SHOT": 1,
  "FRAME_SELECTOR": {
    "ENABLE": true,
    "TOTAL_FRAMES": 32,
    "SELECT_FRAMES": 8,
    "SEGMENTS": 4,
    "FEAT_DIM": 0,
    "PRETRAINED_CKPT": "/mnt/data/yanyi2025/lrc/code/CLIP-FSAR/output/frame_selector/ssv2_ViT-B16/frame_selector_best.pth",
    "NUM_ANCHOR_FRAMES": 4,
    "NUM_KEY_FRAMES": 4,
    "MIN_FRAME_GAP": 2,
    "ENABLE_CACHE_DECODE": true,
    "FEAT_CACHE_DIR": "/mnt/data/yanyi2025/lrc/code/CLIP-FSAR/data/feat_cache/ssv2/ViT-B-16_T32",
    "CACHE_MISMATCH_POLICY": "error"
  },
  "FOCUS": {
    "ENABLE": true,
    "HEADS": 8,
    "DROPOUT": 0.1,
    "GATE_INIT": -4.0,
    "TEMPORAL_GATE_INIT": -4.0,
    "ALPHA_INIT": -4.0
  },
  "ADAPTER": {
    "NAME": "ViT_CLIP",
    "PRETRAINED": "ViT-B/16",
    "WIDTH": 768,
    "PATCH_SIZE": 16,
    "LAYERS": 12,
    "HEADS": 12,
    "ADAPTER_SCALE": 0.25
  },
  "INIT_METHOD": "tcp://localhost:1111",
  "CUDA_VISIBLE_DEVICES": "1"
}

[07/30 09:02:15][INFO] models.base.adapter:  650: load model from: ViT-B/16
[07/30 09:02:17][INFO] models.base.adapter:  657: Missing keys: ['temporal_embedding', 'focus_alpha', 'transformer.resblocks.0.Adapter.down.weight', 'transformer.resblocks.0.Adapter.down.bias', 'transformer.resblocks.0.Adapter.pos_embed.weight', 'transformer.resblocks.0.Adapter.pos_embed.bias', 'transformer.resblocks.0.Adapter.s_ln.weight', 'transformer.resblocks.0.Adapter.s_ln.bias', 'transformer.resblocks.0.Adapter.s_attn.conv_offset.0.weight', 'transformer.resblocks.0.Adapter.s_attn.conv_offset.0.bias', 'transformer.resblocks.0.Adapter.s_attn.conv_offset.1.norm.weight', 'transformer.resblocks.0.Adapter.s_attn.conv_offset.1.norm.bias', 'transformer.resblocks.0.Adapter.s_attn.conv_offset.3.weight', 'transformer.resblocks.0.Adapter.s_attn.proj_q.weight', 'transformer.resblocks.0.Adapter.s_attn.proj_q.bias', 'transformer.resblocks.0.Adapter.s_attn.proj_k.weight', 'transformer.resblocks.0.Adapter.s_attn.proj_k.bias', 'transformer.resblocks.0.Adapter.s_attn.proj_v.weight', 'transformer.resblocks.0.Adapter.s_attn.proj_v.bias', 'transformer.resblocks.0.Adapter.s_attn.proj_out.weight', 'transformer.resblocks.0.Adapter.s_attn.proj_out.bias', 'transformer.resblocks.0.Adapter.t_ln.weight', 'transformer.resblocks.0.Adapter.t_ln.bias', 'transformer.resblocks.0.Adapter.t_attn.conv_offset.0.weight', 'transformer.resblocks.0.Adapter.t_attn.conv_offset.0.bias', 'transformer.resblocks.0.Adapter.t_attn.conv_offset.1.norm.weight', 'transformer.resblocks.0.Adapter.t_attn.conv_offset.1.norm.bias', 'transformer.resblocks.0.Adapter.t_attn.conv_offset.3.weight', 'transformer.resblocks.0.Adapter.t_attn.proj_q.weight', 'transformer.resblocks.0.Adapter.t_attn.proj_q.bias', 'transformer.resblocks.0.Adapter.t_attn.proj_k.weight', 'transformer.resblocks.0.Adapter.t_attn.proj_k.bias', 'transformer.resblocks.0.Adapter.t_attn.proj_v.weight', 'transformer.resblocks.0.Adapter.t_attn.proj_v.bias', 'transformer.resblocks.0.Adapter.t_attn.proj_out.weight', 'transformer.resblocks.0.Adapter.t_attn.proj_out.bias', 'transformer.resblocks.0.Adapter.up.weight', 'transformer.resblocks.0.Adapter.up.bias', 'transformer.resblocks.1.Adapter.down.weight', 'transformer.resblocks.1.Adapter.down.bias', 'transformer.resblocks.1.Adapter.pos_embed.weight', 'transformer.resblocks.1.Adapter.pos_embed.bias', 'transformer.resblocks.1.Adapter.s_ln.weight', 'transformer.resblocks.1.Adapter.s_ln.bias', 'transformer.resblocks.1.Adapter.s_attn.conv_offset.0.weight', 'transformer.resblocks.1.Adapter.s_attn.conv_offset.0.bias', 'transformer.resblocks.1.Adapter.s_attn.conv_offset.1.norm.weight', 'transformer.resblocks.1.Adapter.s_attn.conv_offset.1.norm.bias', 'transformer.resblocks.1.Adapter.s_attn.conv_offset.3.weight', 'transformer.resblocks.1.Adapter.s_attn.proj_q.weight', 'transformer.resblocks.1.Adapter.s_attn.proj_q.bias', 'transformer.resblocks.1.Adapter.s_attn.proj_k.weight', 'transformer.resblocks.1.Adapter.s_attn.proj_k.bias', 'transformer.resblocks.1.Adapter.s_attn.proj_v.weight', 'transformer.resblocks.1.Adapter.s_attn.proj_v.bias', 'transformer.resblocks.1.Adapter.s_attn.proj_out.weight', 'transformer.resblocks.1.Adapter.s_attn.proj_out.bias', 'transformer.resblocks.1.Adapter.t_ln.weight', 'transformer.resblocks.1.Adapter.t_ln.bias', 'transformer.resblocks.1.Adapter.t_attn.conv_offset.0.weight', 'transformer.resblocks.1.Adapter.t_attn.conv_offset.0.bias', 'transformer.resblocks.1.Adapter.t_attn.conv_offset.1.norm.weight', 'transformer.resblocks.1.Adapter.t_attn.conv_offset.1.norm.bias', 'transformer.resblocks.1.Adapter.t_attn.conv_offset.3.weight', 'transformer.resblocks.1.Adapter.t_attn.proj_q.weight', 'transformer.resblocks.1.Adapter.t_attn.proj_q.bias', 'transformer.resblocks.1.Adapter.t_attn.proj_k.weight', 'transformer.resblocks.1.Adapter.t_attn.proj_k.bias', 'transformer.resblocks.1.Adapter.t_attn.proj_v.weight', 'transformer.resblocks.1.Adapter.t_attn.proj_v.bias', 'transformer.resblocks.1.Adapter.t_attn.proj_out.weight', 'transformer.resblocks.1.Adapter.t_attn.proj_out.bias', 'transformer.resblocks.1.Adapter.up.weight', 'transformer.resblocks.1.Adapter.up.bias', 'transformer.resblocks.2.Adapter.down.weight', 'transformer.resblocks.2.Adapter.down.bias', 'transformer.resblocks.2.Adapter.pos_embed.weight', 'transformer.resblocks.2.Adapter.pos_embed.bias', 'transformer.resblocks.2.Adapter.s_ln.weight', 'transformer.resblocks.2.Adapter.s_ln.bias', 'transformer.resblocks.2.Adapter.s_attn.conv_offset.0.weight', 'transformer.resblocks.2.Adapter.s_attn.conv_offset.0.bias', 'transformer.resblocks.2.Adapter.s_attn.conv_offset.1.norm.weight', 'transformer.resblocks.2.Adapter.s_attn.conv_offset.1.norm.bias', 'transformer.resblocks.2.Adapter.s_attn.conv_offset.3.weight', 'transformer.resblocks.2.Adapter.s_attn.proj_q.weight', 'transformer.resblocks.2.Adapter.s_attn.proj_q.bias', 'transformer.resblocks.2.Adapter.s_attn.proj_k.weight', 'transformer.resblocks.2.Adapter.s_attn.proj_k.bias', 'transformer.resblocks.2.Adapter.s_attn.proj_v.weight', 'transformer.resblocks.2.Adapter.s_attn.proj_v.bias', 'transformer.resblocks.2.Adapter.s_attn.proj_out.weight', 'transformer.resblocks.2.Adapter.s_attn.proj_out.bias', 'transformer.resblocks.2.Adapter.t_ln.weight', 'transformer.resblocks.2.Adapter.t_ln.bias', 'transformer.resblocks.2.Adapter.t_attn.conv_offset.0.weight', 'transformer.resblocks.2.Adapter.t_attn.conv_offset.0.bias', 'transformer.resblocks.2.Adapter.t_attn.conv_offset.1.norm.weight', 'transformer.resblocks.2.Adapter.t_attn.conv_offset.1.norm.bias', 'transformer.resblocks.2.Adapter.t_attn.conv_offset.3.weight', 'transformer.resblocks.2.Adapter.t_attn.proj_q.weight', 'transformer.resblocks.2.Adapter.t_attn.proj_q.bias', 'transformer.resblocks.2.Adapter.t_attn.proj_k.weight', 'transformer.resblocks.2.Adapter.t_attn.proj_k.bias', 'transformer.resblocks.2.Adapter.t_attn.proj_v.weight', 'transformer.resblocks.2.Adapter.t_attn.proj_v.bias', 'transformer.resblocks.2.Adapter.t_attn.proj_out.weight', 'transformer.resblocks.2.Adapter.t_attn.proj_out.bias', 'transformer.resblocks.2.Adapter.up.weight', 'transformer.resblocks.2.Adapter.up.bias', 'transformer.resblocks.3.Adapter.down.weight', 'transformer.resblocks.3.Adapter.down.bias', 'transformer.resblocks.3.Adapter.pos_embed.weight', 'transformer.resblocks.3.Adapter.pos_embed.bias', 'transformer.resblocks.3.Adapter.s_ln.weight', 'transformer.resblocks.3.Adapter.s_ln.bias', 'transformer.resblocks.3.Adapter.s_attn.conv_offset.0.weight', 'transformer.resblocks.3.Adapter.s_attn.conv_offset.0.bias', 'transformer.resblocks.3.Adapter.s_attn.conv_offset.1.norm.weight', 'transformer.resblocks.3.Adapter.s_attn.conv_offset.1.norm.bias', 'transformer.resblocks.3.Adapter.s_attn.conv_offset.3.weight', 'transformer.resblocks.3.Adapter.s_attn.proj_q.weight', 'transformer.resblocks.3.Adapter.s_attn.proj_q.bias', 'transformer.resblocks.3.Adapter.s_attn.proj_k.weight', 'transformer.resblocks.3.Adapter.s_attn.proj_k.bias', 'transformer.resblocks.3.Adapter.s_attn.proj_v.weight', 'transformer.resblocks.3.Adapter.s_attn.proj_v.bias', 'transformer.resblocks.3.Adapter.s_attn.proj_out.weight', 'transformer.resblocks.3.Adapter.s_attn.proj_out.bias', 'transformer.resblocks.3.Adapter.t_ln.weight', 'transformer.resblocks.3.Adapter.t_ln.bias', 'transformer.resblocks.3.Adapter.t_attn.conv_offset.0.weight', 'transformer.resblocks.3.Adapter.t_attn.conv_offset.0.bias', 'transformer.resblocks.3.Adapter.t_attn.conv_offset.1.norm.weight', 'transformer.resblocks.3.Adapter.t_attn.conv_offset.1.norm.bias', 'transformer.resblocks.3.Adapter.t_attn.conv_offset.3.weight', 'transformer.resblocks.3.Adapter.t_attn.proj_q.weight', 'transformer.resblocks.3.Adapter.t_attn.proj_q.bias', 'transformer.resblocks.3.Adapter.t_attn.proj_k.weight', 'transformer.resblocks.3.Adapter.t_attn.proj_k.bias', 'transformer.resblocks.3.Adapter.t_attn.proj_v.weight', 'transformer.resblocks.3.Adapter.t_attn.proj_v.bias', 'transformer.resblocks.3.Adapter.t_attn.proj_out.weight', 'transformer.resblocks.3.Adapter.t_attn.proj_out.bias', 'transformer.resblocks.3.Adapter.up.weight', 'transformer.resblocks.3.Adapter.up.bias', 'transformer.resblocks.4.Adapter.down.weight', 'transformer.resblocks.4.Adapter.down.bias', 'transformer.resblocks.4.Adapter.pos_embed.weight', 'transformer.resblocks.4.Adapter.pos_embed.bias', 'transformer.resblocks.4.Adapter.s_ln.weight', 'transformer.resblocks.4.Adapter.s_ln.bias', 'transformer.resblocks.4.Adapter.s_attn.conv_offset.0.weight', 'transformer.resblocks.4.Adapter.s_attn.conv_offset.0.bias', 'transformer.resblocks.4.Adapter.s_attn.conv_offset.1.norm.weight', 'transformer.resblocks.4.Adapter.s_attn.conv_offset.1.norm.bias', 'transformer.resblocks.4.Adapter.s_attn.conv_offset.3.weight', 'transformer.resblocks.4.Adapter.s_attn.proj_q.weight', 'transformer.resblocks.4.Adapter.s_attn.proj_q.bias', 'transformer.resblocks.4.Adapter.s_attn.proj_k.weight', 'transformer.resblocks.4.Adapter.s_attn.proj_k.bias', 'transformer.resblocks.4.Adapter.s_attn.proj_v.weight', 'transformer.resblocks.4.Adapter.s_attn.proj_v.bias', 'transformer.resblocks.4.Adapter.s_attn.proj_out.weight', 'transformer.resblocks.4.Adapter.s_attn.proj_out.bias', 'transformer.resblocks.4.Adapter.t_ln.weight', 'transformer.resblocks.4.Adapter.t_ln.bias', 'transformer.resblocks.4.Adapter.t_attn.conv_offset.0.weight', 'transformer.resblocks.4.Adapter.t_attn.conv_offset.0.bias', 'transformer.resblocks.4.Adapter.t_attn.conv_offset.1.norm.weight', 'transformer.resblocks.4.Adapter.t_attn.conv_offset.1.norm.bias', 'transformer.resblocks.4.Adapter.t_attn.conv_offset.3.weight', 'transformer.resblocks.4.Adapter.t_attn.proj_q.weight', 'transformer.resblocks.4.Adapter.t_attn.proj_q.bias', 'transformer.resblocks.4.Adapter.t_attn.proj_k.weight', 'transformer.resblocks.4.Adapter.t_attn.proj_k.bias', 'transformer.resblocks.4.Adapter.t_attn.proj_v.weight', 'transformer.resblocks.4.Adapter.t_attn.proj_v.bias', 'transformer.resblocks.4.Adapter.t_attn.proj_out.weight', 'transformer.resblocks.4.Adapter.t_attn.proj_out.bias', 'transformer.resblocks.4.Adapter.up.weight', 'transformer.resblocks.4.Adapter.up.bias', 'transformer.resblocks.5.Adapter.down.weight', 'transformer.resblocks.5.Adapter.down.bias', 'transformer.resblocks.5.Adapter.pos_embed.weight', 'transformer.resblocks.5.Adapter.pos_embed.bias', 'transformer.resblocks.5.Adapter.s_ln.weight', 'transformer.resblocks.5.Adapter.s_ln.bias', 'transformer.resblocks.5.Adapter.s_attn.conv_offset.0.weight', 'transformer.resblocks.5.Adapter.s_attn.conv_offset.0.bias', 'transformer.resblocks.5.Adapter.s_attn.conv_offset.1.norm.weight', 'transformer.resblocks.5.Adapter.s_attn.conv_offset.1.norm.bias', 'transformer.resblocks.5.Adapter.s_attn.conv_offset.3.weight', 'transformer.resblocks.5.Adapter.s_attn.proj_q.weight', 'transformer.resblocks.5.Adapter.s_attn.proj_q.bias', 'transformer.resblocks.5.Adapter.s_attn.proj_k.weight', 'transformer.resblocks.5.Adapter.s_attn.proj_k.bias', 'transformer.resblocks.5.Adapter.s_attn.proj_v.weight', 'transformer.resblocks.5.Adapter.s_attn.proj_v.bias', 'transformer.resblocks.5.Adapter.s_attn.proj_out.weight', 'transformer.resblocks.5.Adapter.s_attn.proj_out.bias', 'transformer.resblocks.5.Adapter.t_ln.weight', 'transformer.resblocks.5.Adapter.t_ln.bias', 'transformer.resblocks.5.Adapter.t_attn.conv_offset.0.weight', 'transformer.resblocks.5.Adapter.t_attn.conv_offset.0.bias', 'transformer.resblocks.5.Adapter.t_attn.conv_offset.1.norm.weight', 'transformer.resblocks.5.Adapter.t_attn.conv_offset.1.norm.bias', 'transformer.resblocks.5.Adapter.t_attn.conv_offset.3.weight', 'transformer.resblocks.5.Adapter.t_attn.proj_q.weight', 'transformer.resblocks.5.Adapter.t_attn.proj_q.bias', 'transformer.resblocks.5.Adapter.t_attn.proj_k.weight', 'transformer.resblocks.5.Adapter.t_attn.proj_k.bias', 'transformer.resblocks.5.Adapter.t_attn.proj_v.weight', 'transformer.resblocks.5.Adapter.t_attn.proj_v.bias', 'transformer.resblocks.5.Adapter.t_attn.proj_out.weight', 'transformer.resblocks.5.Adapter.t_attn.proj_out.bias', 'transformer.resblocks.5.Adapter.up.weight', 'transformer.resblocks.5.Adapter.up.bias', 'transformer.resblocks.6.Adapter.down.weight', 'transformer.resblocks.6.Adapter.down.bias', 'transformer.resblocks.6.Adapter.pos_embed.weight', 'transformer.resblocks.6.Adapter.pos_embed.bias', 'transformer.resblocks.6.Adapter.s_ln.weight', 'transformer.resblocks.6.Adapter.s_ln.bias', 'transformer.resblocks.6.Adapter.s_attn.conv_offset.0.weight', 'transformer.resblocks.6.Adapter.s_attn.conv_offset.0.bias', 'transformer.resblocks.6.Adapter.s_attn.conv_offset.1.norm.weight', 'transformer.resblocks.6.Adapter.s_attn.conv_offset.1.norm.bias', 'transformer.resblocks.6.Adapter.s_attn.conv_offset.3.weight', 'transformer.resblocks.6.Adapter.s_attn.proj_q.weight', 'transformer.resblocks.6.Adapter.s_attn.proj_q.bias', 'transformer.resblocks.6.Adapter.s_attn.proj_k.weight', 'transformer.resblocks.6.Adapter.s_attn.proj_k.bias', 'transformer.resblocks.6.Adapter.s_attn.proj_v.weight', 'transformer.resblocks.6.Adapter.s_attn.proj_v.bias', 'transformer.resblocks.6.Adapter.s_attn.proj_out.weight', 'transformer.resblocks.6.Adapter.s_attn.proj_out.bias', 'transformer.resblocks.6.Adapter.t_ln.weight', 'transformer.resblocks.6.Adapter.t_ln.bias', 'transformer.resblocks.6.Adapter.t_attn.conv_offset.0.weight', 'transformer.resblocks.6.Adapter.t_attn.conv_offset.0.bias', 'transformer.resblocks.6.Adapter.t_attn.conv_offset.1.norm.weight', 'transformer.resblocks.6.Adapter.t_attn.conv_offset.1.norm.bias', 'transformer.resblocks.6.Adapter.t_attn.conv_offset.3.weight', 'transformer.resblocks.6.Adapter.t_attn.proj_q.weight', 'transformer.resblocks.6.Adapter.t_attn.proj_q.bias', 'transformer.resblocks.6.Adapter.t_attn.proj_k.weight', 'transformer.resblocks.6.Adapter.t_attn.proj_k.bias', 'transformer.resblocks.6.Adapter.t_attn.proj_v.weight', 'transformer.resblocks.6.Adapter.t_attn.proj_v.bias', 'transformer.resblocks.6.Adapter.t_attn.proj_out.weight', 'transformer.resblocks.6.Adapter.t_attn.proj_out.bias', 'transformer.resblocks.6.Adapter.up.weight', 'transformer.resblocks.6.Adapter.up.bias', 'transformer.resblocks.7.Adapter.down.weight', 'transformer.resblocks.7.Adapter.down.bias', 'transformer.resblocks.7.Adapter.pos_embed.weight', 'transformer.resblocks.7.Adapter.pos_embed.bias', 'transformer.resblocks.7.Adapter.s_ln.weight', 'transformer.resblocks.7.Adapter.s_ln.bias', 'transformer.resblocks.7.Adapter.s_attn.conv_offset.0.weight', 'transformer.resblocks.7.Adapter.s_attn.conv_offset.0.bias', 'transformer.resblocks.7.Adapter.s_attn.conv_offset.1.norm.weight', 'transformer.resblocks.7.Adapter.s_attn.conv_offset.1.norm.bias', 'transformer.resblocks.7.Adapter.s_attn.conv_offset.3.weight', 'transformer.resblocks.7.Adapter.s_attn.proj_q.weight', 'transformer.resblocks.7.Adapter.s_attn.proj_q.bias', 'transformer.resblocks.7.Adapter.s_attn.proj_k.weight', 'transformer.resblocks.7.Adapter.s_attn.proj_k.bias', 'transformer.resblocks.7.Adapter.s_attn.proj_v.weight', 'transformer.resblocks.7.Adapter.s_attn.proj_v.bias', 'transformer.resblocks.7.Adapter.s_attn.proj_out.weight', 'transformer.resblocks.7.Adapter.s_attn.proj_out.bias', 'transformer.resblocks.7.Adapter.t_ln.weight', 'transformer.resblocks.7.Adapter.t_ln.bias', 'transformer.resblocks.7.Adapter.t_attn.conv_offset.0.weight', 'transformer.resblocks.7.Adapter.t_attn.conv_offset.0.bias', 'transformer.resblocks.7.Adapter.t_attn.conv_offset.1.norm.weight', 'transformer.resblocks.7.Adapter.t_attn.conv_offset.1.norm.bias', 'transformer.resblocks.7.Adapter.t_attn.conv_offset.3.weight', 'transformer.resblocks.7.Adapter.t_attn.proj_q.weight', 'transformer.resblocks.7.Adapter.t_attn.proj_q.bias', 'transformer.resblocks.7.Adapter.t_attn.proj_k.weight', 'transformer.resblocks.7.Adapter.t_attn.proj_k.bias', 'transformer.resblocks.7.Adapter.t_attn.proj_v.weight', 'transformer.resblocks.7.Adapter.t_attn.proj_v.bias', 'transformer.resblocks.7.Adapter.t_attn.proj_out.weight', 'transformer.resblocks.7.Adapter.t_attn.proj_out.bias', 'transformer.resblocks.7.Adapter.up.weight', 'transformer.resblocks.7.Adapter.up.bias', 'transformer.resblocks.8.Adapter.down.weight', 'transformer.resblocks.8.Adapter.down.bias', 'transformer.resblocks.8.Adapter.pos_embed.weight', 'transformer.resblocks.8.Adapter.pos_embed.bias', 'transformer.resblocks.8.Adapter.s_ln.weight', 'transformer.resblocks.8.Adapter.s_ln.bias', 'transformer.resblocks.8.Adapter.s_attn.conv_offset.0.weight', 'transformer.resblocks.8.Adapter.s_attn.conv_offset.0.bias', 'transformer.resblocks.8.Adapter.s_attn.conv_offset.1.norm.weight', 'transformer.resblocks.8.Adapter.s_attn.conv_offset.1.norm.bias', 'transformer.resblocks.8.Adapter.s_attn.conv_offset.3.weight', 'transformer.resblocks.8.Adapter.s_attn.proj_q.weight', 'transformer.resblocks.8.Adapter.s_attn.proj_q.bias', 'transformer.resblocks.8.Adapter.s_attn.proj_k.weight', 'transformer.resblocks.8.Adapter.s_attn.proj_k.bias', 'transformer.resblocks.8.Adapter.s_attn.proj_v.weight', 'transformer.resblocks.8.Adapter.s_attn.proj_v.bias', 'transformer.resblocks.8.Adapter.s_attn.proj_out.weight', 'transformer.resblocks.8.Adapter.s_attn.proj_out.bias', 'transformer.resblocks.8.Adapter.t_ln.weight', 'transformer.resblocks.8.Adapter.t_ln.bias', 'transformer.resblocks.8.Adapter.t_attn.conv_offset.0.weight', 'transformer.resblocks.8.Adapter.t_attn.conv_offset.0.bias', 'transformer.resblocks.8.Adapter.t_attn.conv_offset.1.norm.weight', 'transformer.resblocks.8.Adapter.t_attn.conv_offset.1.norm.bias', 'transformer.resblocks.8.Adapter.t_attn.conv_offset.3.weight', 'transformer.resblocks.8.Adapter.t_attn.proj_q.weight', 'transformer.resblocks.8.Adapter.t_attn.proj_q.bias', 'transformer.resblocks.8.Adapter.t_attn.proj_k.weight', 'transformer.resblocks.8.Adapter.t_attn.proj_k.bias', 'transformer.resblocks.8.Adapter.t_attn.proj_v.weight', 'transformer.resblocks.8.Adapter.t_attn.proj_v.bias', 'transformer.resblocks.8.Adapter.t_attn.proj_out.weight', 'transformer.resblocks.8.Adapter.t_attn.proj_out.bias', 'transformer.resblocks.8.Adapter.up.weight', 'transformer.resblocks.8.Adapter.up.bias', 'transformer.resblocks.9.Adapter.down.weight', 'transformer.resblocks.9.Adapter.down.bias', 'transformer.resblocks.9.Adapter.pos_embed.weight', 'transformer.resblocks.9.Adapter.pos_embed.bias', 'transformer.resblocks.9.Adapter.s_ln.weight', 'transformer.resblocks.9.Adapter.s_ln.bias', 'transformer.resblocks.9.Adapter.s_attn.conv_offset.0.weight', 'transformer.resblocks.9.Adapter.s_attn.conv_offset.0.bias', 'transformer.resblocks.9.Adapter.s_attn.conv_offset.1.norm.weight', 'transformer.resblocks.9.Adapter.s_attn.conv_offset.1.norm.bias', 'transformer.resblocks.9.Adapter.s_attn.conv_offset.3.weight', 'transformer.resblocks.9.Adapter.s_attn.proj_q.weight', 'transformer.resblocks.9.Adapter.s_attn.proj_q.bias', 'transformer.resblocks.9.Adapter.s_attn.proj_k.weight', 'transformer.resblocks.9.Adapter.s_attn.proj_k.bias', 'transformer.resblocks.9.Adapter.s_attn.proj_v.weight', 'transformer.resblocks.9.Adapter.s_attn.proj_v.bias', 'transformer.resblocks.9.Adapter.s_attn.proj_out.weight', 'transformer.resblocks.9.Adapter.s_attn.proj_out.bias', 'transformer.resblocks.9.Adapter.t_ln.weight', 'transformer.resblocks.9.Adapter.t_ln.bias', 'transformer.resblocks.9.Adapter.t_attn.conv_offset.0.weight', 'transformer.resblocks.9.Adapter.t_attn.conv_offset.0.bias', 'transformer.resblocks.9.Adapter.t_attn.conv_offset.1.norm.weight', 'transformer.resblocks.9.Adapter.t_attn.conv_offset.1.norm.bias', 'transformer.resblocks.9.Adapter.t_attn.conv_offset.3.weight', 'transformer.resblocks.9.Adapter.t_attn.proj_q.weight', 'transformer.resblocks.9.Adapter.t_attn.proj_q.bias', 'transformer.resblocks.9.Adapter.t_attn.proj_k.weight', 'transformer.resblocks.9.Adapter.t_attn.proj_k.bias', 'transformer.resblocks.9.Adapter.t_attn.proj_v.weight', 'transformer.resblocks.9.Adapter.t_attn.proj_v.bias', 'transformer.resblocks.9.Adapter.t_attn.proj_out.weight', 'transformer.resblocks.9.Adapter.t_attn.proj_out.bias', 'transformer.resblocks.9.Adapter.up.weight', 'transformer.resblocks.9.Adapter.up.bias', 'transformer.resblocks.10.Adapter.down.weight', 'transformer.resblocks.10.Adapter.down.bias', 'transformer.resblocks.10.Adapter.pos_embed.weight', 'transformer.resblocks.10.Adapter.pos_embed.bias', 'transformer.resblocks.10.Adapter.s_ln.weight', 'transformer.resblocks.10.Adapter.s_ln.bias', 'transformer.resblocks.10.Adapter.s_attn.conv_offset.0.weight', 'transformer.resblocks.10.Adapter.s_attn.conv_offset.0.bias', 'transformer.resblocks.10.Adapter.s_attn.conv_offset.1.norm.weight', 'transformer.resblocks.10.Adapter.s_attn.conv_offset.1.norm.bias', 'transformer.resblocks.10.Adapter.s_attn.conv_offset.3.weight', 'transformer.resblocks.10.Adapter.s_attn.proj_q.weight', 'transformer.resblocks.10.Adapter.s_attn.proj_q.bias', 'transformer.resblocks.10.Adapter.s_attn.proj_k.weight', 'transformer.resblocks.10.Adapter.s_attn.proj_k.bias', 'transformer.resblocks.10.Adapter.s_attn.proj_v.weight', 'transformer.resblocks.10.Adapter.s_attn.proj_v.bias', 'transformer.resblocks.10.Adapter.s_attn.proj_out.weight', 'transformer.resblocks.10.Adapter.s_attn.proj_out.bias', 'transformer.resblocks.10.Adapter.t_ln.weight', 'transformer.resblocks.10.Adapter.t_ln.bias', 'transformer.resblocks.10.Adapter.t_attn.conv_offset.0.weight', 'transformer.resblocks.10.Adapter.t_attn.conv_offset.0.bias', 'transformer.resblocks.10.Adapter.t_attn.conv_offset.1.norm.weight', 'transformer.resblocks.10.Adapter.t_attn.conv_offset.1.norm.bias', 'transformer.resblocks.10.Adapter.t_attn.conv_offset.3.weight', 'transformer.resblocks.10.Adapter.t_attn.proj_q.weight', 'transformer.resblocks.10.Adapter.t_attn.proj_q.bias', 'transformer.resblocks.10.Adapter.t_attn.proj_k.weight', 'transformer.resblocks.10.Adapter.t_attn.proj_k.bias', 'transformer.resblocks.10.Adapter.t_attn.proj_v.weight', 'transformer.resblocks.10.Adapter.t_attn.proj_v.bias', 'transformer.resblocks.10.Adapter.t_attn.proj_out.weight', 'transformer.resblocks.10.Adapter.t_attn.proj_out.bias', 'transformer.resblocks.10.Adapter.up.weight', 'transformer.resblocks.10.Adapter.up.bias', 'transformer.resblocks.11.Adapter.down.weight', 'transformer.resblocks.11.Adapter.down.bias', 'transformer.resblocks.11.Adapter.pos_embed.weight', 'transformer.resblocks.11.Adapter.pos_embed.bias', 'transformer.resblocks.11.Adapter.s_ln.weight', 'transformer.resblocks.11.Adapter.s_ln.bias', 'transformer.resblocks.11.Adapter.s_attn.conv_offset.0.weight', 'transformer.resblocks.11.Adapter.s_attn.conv_offset.0.bias', 'transformer.resblocks.11.Adapter.s_attn.conv_offset.1.norm.weight', 'transformer.resblocks.11.Adapter.s_attn.conv_offset.1.norm.bias', 'transformer.resblocks.11.Adapter.s_attn.conv_offset.3.weight', 'transformer.resblocks.11.Adapter.s_attn.proj_q.weight', 'transformer.resblocks.11.Adapter.s_attn.proj_q.bias', 'transformer.resblocks.11.Adapter.s_attn.proj_k.weight', 'transformer.resblocks.11.Adapter.s_attn.proj_k.bias', 'transformer.resblocks.11.Adapter.s_attn.proj_v.weight', 'transformer.resblocks.11.Adapter.s_attn.proj_v.bias', 'transformer.resblocks.11.Adapter.s_attn.proj_out.weight', 'transformer.resblocks.11.Adapter.s_attn.proj_out.bias', 'transformer.resblocks.11.Adapter.t_ln.weight', 'transformer.resblocks.11.Adapter.t_ln.bias', 'transformer.resblocks.11.Adapter.t_attn.conv_offset.0.weight', 'transformer.resblocks.11.Adapter.t_attn.conv_offset.0.bias', 'transformer.resblocks.11.Adapter.t_attn.conv_offset.1.norm.weight', 'transformer.resblocks.11.Adapter.t_attn.conv_offset.1.norm.bias', 'transformer.resblocks.11.Adapter.t_attn.conv_offset.3.weight', 'transformer.resblocks.11.Adapter.t_attn.proj_q.weight', 'transformer.resblocks.11.Adapter.t_attn.proj_q.bias', 'transformer.resblocks.11.Adapter.t_attn.proj_k.weight', 'transformer.resblocks.11.Adapter.t_attn.proj_k.bias', 'transformer.resblocks.11.Adapter.t_attn.proj_v.weight', 'transformer.resblocks.11.Adapter.t_attn.proj_v.bias', 'transformer.resblocks.11.Adapter.t_attn.proj_out.weight', 'transformer.resblocks.11.Adapter.t_attn.proj_out.bias', 'transformer.resblocks.11.Adapter.up.weight', 'transformer.resblocks.11.Adapter.up.bias', 'classification_layer.weight', 'classification_layer.bias', 'focus_branch.temporal_alpha', 'focus_branch.norm.weight', 'focus_branch.norm.bias', 'focus_branch.time_proj.weight', 'focus_branch.time_proj.bias', 'focus_branch.temporal.self_attn.in_proj_weight', 'focus_branch.temporal.self_attn.in_proj_bias', 'focus_branch.temporal.self_attn.out_proj.weight', 'focus_branch.temporal.self_attn.out_proj.bias', 'focus_branch.temporal.linear1.weight', 'focus_branch.temporal.linear1.bias', 'focus_branch.temporal.linear2.weight', 'focus_branch.temporal.linear2.bias', 'focus_branch.temporal.norm1.weight', 'focus_branch.temporal.norm1.bias', 'focus_branch.temporal.norm2.weight', 'focus_branch.temporal.norm2.bias', 'focus_branch.gate.0.weight', 'focus_branch.gate.0.bias', 'focus_branch.gate.2.weight', 'focus_branch.gate.2.bias']
[07/30 09:02:17][INFO] models.base.adapter:  658: Unexpected keys: []
[07/30 09:02:17][INFO] models.base.adapter:  659: => loaded successfully 'ViT-B/16'
[07/30 09:02:17][INFO] models.base.adapter:  666: init:  transformer.resblocks.0.Adapter.up
[07/30 09:02:17][INFO] models.base.adapter:  666: init:  transformer.resblocks.1.Adapter.up
[07/30 09:02:17][INFO] models.base.adapter:  666: init:  transformer.resblocks.2.Adapter.up
[07/30 09:02:17][INFO] models.base.adapter:  666: init:  transformer.resblocks.3.Adapter.up
[07/30 09:02:17][INFO] models.base.adapter:  666: init:  transformer.resblocks.4.Adapter.up
[07/30 09:02:17][INFO] models.base.adapter:  666: init:  transformer.resblocks.5.Adapter.up
[07/30 09:02:17][INFO] models.base.adapter:  666: init:  transformer.resblocks.6.Adapter.up
[07/30 09:02:17][INFO] models.base.adapter:  666: init:  transformer.resblocks.7.Adapter.up
[07/30 09:02:17][INFO] models.base.adapter:  666: init:  transformer.resblocks.8.Adapter.up
[07/30 09:02:17][INFO] models.base.adapter:  666: init:  transformer.resblocks.9.Adapter.up
[07/30 09:02:17][INFO] models.base.adapter:  666: init:  transformer.resblocks.10.Adapter.up
[07/30 09:02:17][INFO] models.base.adapter:  666: init:  transformer.resblocks.11.Adapter.up
[07/30 09:02:17][INFO] train_net_few_shot:  171: Model:
BaseVideoModel(
  (model): ViT_CLIP(
    (conv1): Conv2d(3, 768, kernel_size=(16, 16), stride=(16, 16), bias=False)
    (ln_pre): LayerNorm((768,), eps=1e-05, elementwise_affine=True, bias=True)
    (transformer): Transformer(
      (resblocks): ModuleList(
        (0-11): 12 x ResidualAttentionBlock(
          (ln_1): LayerNorm((768,), eps=1e-05, elementwise_affine=True, bias=True)
          (attn): MultiheadAttention(
            (out_proj): NonDynamicallyQuantizableLinear(in_features=768, out_features=768, bias=True)
          )
          (ln_2): LayerNorm((768,), eps=1e-05, elementwise_affine=True, bias=True)
          (mlp): Sequential(
            (c_fc): Linear(in_features=768, out_features=3072, bias=True)
            (gelu): QuickGELU()
            (c_proj): Linear(in_features=3072, out_features=768, bias=True)
          )
          (Adapter): ViT_D2ST_Adapter(
            (down): Linear(in_features=768, out_features=192, bias=True)
            (gelu1): GELU(approximate='none')
            (pos_embed): Conv3d(192, 192, kernel_size=(3, 3, 3), stride=(1, 1, 1), padding=(1, 1, 1), groups=192)
            (s_ln): LayerNorm((192,), eps=1e-05, elementwise_affine=True, bias=True)
            (s_attn): ViT_DeformAttention(
              (conv_offset): Sequential(
                (0): Conv3d(48, 48, kernel_size=(4, 5, 5), stride=(4, 3, 3), groups=48)
                (1): LayerNormProxy(
                  (norm): LayerNorm((48,), eps=1e-05, elementwise_affine=True, bias=True)
                )
                (2): GELU(approximate='none')
                (3): Conv3d(48, 3, kernel_size=(1, 1, 1), stride=(1, 1, 1), bias=False)
              )
              (proj_q): Linear(in_features=192, out_features=192, bias=True)
              (proj_k): Linear(in_features=192, out_features=192, bias=True)
              (proj_v): Linear(in_features=192, out_features=192, bias=True)
              (proj_out): Linear(in_features=192, out_features=192, bias=True)
            )
            (t_ln): LayerNorm((192,), eps=1e-05, elementwise_affine=True, bias=True)
            (t_attn): ViT_DeformAttention(
              (conv_offset): Sequential(
                (0): Conv3d(48, 48, kernel_size=(1, 7, 7), stride=(1, 7, 7), groups=48)
                (1): LayerNormProxy(
                  (norm): LayerNorm((48,), eps=1e-05, elementwise_affine=True, bias=True)
                )
                (2): GELU(approximate='none')
                (3): Conv3d(48, 3, kernel_size=(1, 1, 1), stride=(1, 1, 1), bias=False)
              )
              (proj_q): Linear(in_features=192, out_features=192, bias=True)
              (proj_k): Linear(in_features=192, out_features=192, bias=True)
              (proj_v): Linear(in_features=192, out_features=192, bias=True)
              (proj_out): Linear(in_features=192, out_features=192, bias=True)
            )
            (gelu): GELU(approximate='none')
            (up): Linear(in_features=192, out_features=768, bias=True)
            (gelu2): GELU(approximate='none')
          )
        )
      )
    )
    (ln_post): LayerNorm((768,), eps=1e-05, elementwise_affine=True, bias=True)
    (classification_layer): Linear(in_features=768, out_features=64, bias=True)
    (focus_branch): D2STFocusResidual(
      (norm): LayerNorm((768,), eps=1e-05, elementwise_affine=True, bias=True)
      (time_proj): Linear(in_features=1, out_features=768, bias=True)
      (temporal): TransformerEncoderLayer(
        (self_attn): MultiheadAttention(
          (out_proj): NonDynamicallyQuantizableLinear(in_features=768, out_features=768, bias=True)
        )
        (linear1): Linear(in_features=768, out_features=1536, bias=True)
        (dropout): Dropout(p=0.1, inplace=False)
        (linear2): Linear(in_features=1536, out_features=768, bias=True)
        (norm1): LayerNorm((768,), eps=1e-05, elementwise_affine=True, bias=True)
        (norm2): LayerNorm((768,), eps=1e-05, elementwise_affine=True, bias=True)
        (dropout1): Dropout(p=0.1, inplace=False)
        (dropout2): Dropout(p=0.1, inplace=False)
      )
      (gate): Sequential(
        (0): Linear(in_features=768, out_features=48, bias=True)
        (1): GELU(approximate='none')
        (2): Linear(in_features=48, out_features=1, bias=True)
      )
    )
  )
)
[07/30 09:02:17][INFO] models.utils.optimizer:   82: Optimized parameters constructed. Parameters without weight decay: []
[07/30 09:02:17][INFO] datasets.base.few_shot_dataset:   97: Reading video list from file: train_few_shot.txt
[07/30 09:02:17][INFO] datasets.base.few_shot_dataset:  127: Loading SSv2-Full dataset list for split 'train'...
[07/30 09:02:17][INFO] datasets.base.few_shot_dataset:   47: loaded 67013 videos from train dataset: SSv2-Full !
[07/30 09:02:17][INFO] datasets.base.few_shot_dataset:  153: Dataset SSv2-Full split train loaded. Length 67013.
[07/30 09:02:17][INFO] datasets.base.builder:   95: Using spawn DataLoader workers for CUDA frame selector during cache-based keyframe decoding.
[07/30 09:02:17][INFO] datasets.base.few_shot_dataset:   97: Reading video list from file: test_few_shot.txt
[07/30 09:02:17][INFO] datasets.base.few_shot_dataset:  127: Loading SSv2-Full dataset list for split 'test'...
[07/30 09:02:17][INFO] datasets.base.few_shot_dataset:   47: loaded 2857 videos from test dataset: SSv2-Full !
[07/30 09:02:17][INFO] datasets.base.few_shot_dataset:  153: Dataset SSv2-Full split test loaded. Length 2857.
[07/30 09:02:17][INFO] datasets.base.builder:   95: Using spawn DataLoader workers for CUDA frame selector during cache-based keyframe decoding.
[07/30 09:02:17][INFO] train_net_few_shot:  193: Start epoch: 1
[07/30 09:02:17][INFO] train_net_few_shot:  211: Number of total parameters: 97896163, tunable parameters: 12099043
[07/30 09:02:17][INFO] train_net_few_shot:   34: Norm training: True
[07/30 09:03:48][INFO] utils.logging:   91: {"_type": "train_iter", "iter": "200/9000", "loss": 9.957186, "lr": 0.000377, "top1_acc": 33.799999}
[07/30 09:05:06][INFO] utils.logging:   91: {"_type": "train_iter", "iter": "400/9000", "loss": 8.844270, "lr": 0.000555, "top1_acc": 43.800000}
[07/30 09:05:14][INFO] train_net_few_shot:  166: Train with config:
[07/30 09:05:14][INFO] train_net_few_shot:  167: {
  "TASK_TYPE": "few_shot_action",
  "PRETRAIN": {
    "ENABLE": false
  },
  "LOCALIZATION": {
    "ENABLE": false
  },
  "TRAIN": {
    "ENABLE": true,
    "DATASET": "SSv2-Full",
    "BATCH_SIZE": 1,
    "LOG_FILE": "train.log",
    "EVAL_PERIOD": 2,
    "NUM_FOLDS": 1,
    "AUTO_RESUME": true,
    "CHECKPOINT_PERIOD": 10,
    "CHECKPOINT_FILE_PATH": "",
    "CHECKPOINT_TYPE": "pytorch",
    "CHECKPOINT_INFLATE": false,
    "CHECKPOINT_PRE_PROCESS": {
      "ENABLE": false
    },
    "FINE_TUNE": true,
    "ONLY_LINEAR": false,
    "LR_REDUCE": false,
    "TRAIN_VAL_COMBINE": false,
    "LOSS_FUNC": "cross_entropy",
    "USE_CLASSIFICATION_VALUE": 2.0,
    "GRADIENT_CHECKPOINT": true,
    "NUM_CLASS": 64,
    "META_BATCH": true,
    "WAY": 5,
    "SHOT": 1,
    "QUERY_PER_CLASS": 1,
    "QUERY_PER_CLASS_TEST": 1,
    "NUM_TRAIN_TASKS": 9000,
    "NUM_TEST_TASKS": 10000,
    "VAL_FRE_ITER": 9000,
    "BATCH_SIZE_PER_TASK": 4,
    "USE_KEYFRAME_SELECTION": true
  },
  "TEST": {
    "ENABLE": true,
    "DATASET": "SSv2-Full",
    "BATCH_SIZE": 1,
    "NUM_SPATIAL_CROPS": 1,
    "SPATIAL_CROPS": "cctltr",
    "NUM_ENSEMBLE_VIEWS": 1,
    "LOG_FILE": "test.log",
    "CHECKPOINT_FILE_PATH": "",
    "CHECKPOINT_TYPE": "pytorch",
    "AUTOMATIC_MULTI_SCALE_TEST": false,
    "TEST_SET": "val",
    "UPLOAD_CLASSIFIER_RESULTS": true,
    "SHOT": [
      5
    ],
    "USE_KEYFRAME_SELECTION": true
  },
  "VISUALIZATION": {
    "ENABLE": false,
    "NAME": "",
    "FEATURE_MAPS": {
      "ENABLE": false,
      "BASE_OUTPUT_DIR": ""
    }
  },
  "SUBMISSION": {
    "ENABLE": false,
    "SAVE_RESULTS_PATH": "test.json"
  },
  "DATA": {
    "DATA_ROOT_DIR": "/mnt/data/yanyi2025/lrc/action_data/ssv2/videos/videos/",
    "ANNO_DIR": "config/ssv2_full/",
    "NUM_INPUT_FRAMES": 8,
    "NUM_INPUT_CHANNELS": 2304,
    "SAMPLING_MODE": "interval_based",
    "SAMPLING_RATE": 50,
    "TRAIN_JITTER_SCALES": [
      256,
      256
    ],
    "TRAIN_CROP_SIZE": 224,
    "TEST_SCALE": 256,
    "TEST_CROP_SIZE": 224,
    "MEAN": [
      0.48145466,
      0.4578275,
      0.40821073
    ],
    "STD": [
      0.26862954,
      0.26130258,
      0.27577711
    ],
    "MULTI_LABEL": false,
    "ENSEMBLE_METHOD": "sum",
    "TARGET_FPS": 12,
    "MINUS_INTERVAL": false,
    "FPS": 12,
    "NORM_FEATURE": false,
    "USE_AUG_FEATURE": false,
    "AUG": false,
    "LOAD_PROPS": false,
    "TEMPORAL_SCALE": 256,
    "LABELS_TYPE": "cls",
    "LOAD_TYPE": "pickle",
    "DOWNLOAD_FEATURE": true,
    "VIDEO_EXT": ".webm",
    "SAMPLING_UNIFORM": false,
    "SAMPLING_METHOD": "otam_anchor_keyframe",
    "TEST_CENTER_CROP": true,
    "CLIP_INTERVAL": 8
  },
  "MODEL": {
    "NAME": "BaseVideoModel",
    "EMA": {
      "ENABLE": false,
      "DECAY": 0.99996
    }
  },
  "VIDEO": {
    "BACKBONE": {
      "DEPTH": null,
      "META_ARCH": "Identity",
      "NUM_FILTERS": null,
      "NUM_INPUT_CHANNELS": 3,
      "NUM_OUT_FEATURES": null,
      "KERNEL_SIZE": null,
      "DOWNSAMPLING": null,
      "DOWNSAMPLING_TEMPORAL": null,
      "NUM_STREAMS": 1,
      "EXPANSION_RATIO": 2,
      "BRANCH": {
        "NAME": null
      },
      "STEM": {
        "NAME": null
      },
      "NONLOCAL": {
        "ENABLE": false,
        "STAGES": [
          5
        ],
        "MASK_ENABLE": false
      },
      "INITIALIZATION": null
    },
    "HEAD": {
      "NAME": "BaseTemporalClassifier",
      "ACTIVATION": "softmax",
      "DROPOUT_RATE": 0.0,
      "NUM_CLASSES": 200
    }
  },
  "OPTIMIZER": {
    "ADJUST_LR": false,
    "BASE_LR": 0.002,
    "LR_POLICY": "cosine",
    "MAX_EPOCH": 300,
    "MOMENTUM": 0.9,
    "WEIGHT_DECAY": "1e-3",
    "WARMUP_EPOCHS": 10,
    "WARMUP_START_LR": 0.0002,
    "OPTIM_METHOD": "adam",
    "DAMPENING": 0.0,
    "NESTEROV": true
  },
  "BN": {
    "WB_LOCK": false,
    "FREEZE": false,
    "WEIGHT_DECAY": 0.0,
    "MOMENTUM": 0.1,
    "EPS": "1e-3",
    "SYNC": false
  },
  "DATA_LOADER": {
    "NUM_WORKERS": 8,
    "PIN_MEMORY": true,
    "ENABLE_MULTI_THREAD_DECODE": true,
    "COLLATE_FN": null
  },
  "NUM_GPUS": 1,
  "SHARD_ID": 0,
  "NUM_SHARDS": 1,
  "RANDOM_SEED": 18,
  "OUTPUT_DIR": "output/SSv2_Full_BDTS_anchor_keyframe_FOCUS",
  "OUTPUT_CFG_FILE": "configuration.log",
  "LOG_PERIOD": 200,
  "DIST_BACKEND": "nccl",
  "LOG_MODEL_INFO": false,
  "LOG_CONFIG_INFO": true,
  "OSS": {
    "ENABLE": false,
    "KEY": null,
    "SECRET": null,
    "ENDPOINT": null,
    "CHECKPOINT_OUTPUT_PATH": null,
    "SECONDARY_DATA_OSS": {
      "ENABLE": false,
      "KEY": null,
      "SECRET": null,
      "ENDPOINT": null,
      "BUCKETS": [
        ""
      ]
    }
  },
  "AUGMENTATION": {
    "COLOR_AUG": false,
    "BRIGHTNESS": 0.5,
    "CONTRAST": 0.5,
    "SATURATION": 0.5,
    "HUE": 0.25,
    "GRAYSCALE": 0.3,
    "CONSISTENT": true,
    "SHUFFLE": true,
    "GRAY_FIRST": true,
    "RATIO": [
      0.857142857142857,
      1.1666666666666667
    ],
    "USE_GPU": false,
    "MIXUP": {
      "ENABLE": false,
      "ALPHA": 0.0,
      "PROB": 1.0,
      "MODE": "batch",
      "SWITCH_PROB": 0.5
    },
    "CUTMIX": {
      "ENABLE": false,
      "ALPHA": 0.0,
      "MINMAX": null
    },
    "RANDOM_ERASING": {
      "ENABLE": false,
      "PROB": 0.25,
      "MODE": "const",
      "COUNT": [
        1,
        1
      ],
      "NUM_SPLITS": 0,
      "AREA_RANGE": [
        0.02,
        0.33
      ],
      "MIN_ASPECT": 0.3
    },
    "LABEL_SMOOTHING": 0.0,
    "SSV2_FLIP": false,
    "IS_SPLIT": false,
    "NO_RANDOM_ERASE": true,
    "SUPPORT_QUERY_DIFF": true
  },
  "PAI": false,
  "USE_MULTISEG_VAL_DIST": false,
  "DETECTION": {
    "ENABLE": false
  },
  "TENSORBOARD": {
    "ENABLE": false
  },
  "SOLVER": {
    "BASE_LR": 0.001,
    "LR_POLICY": "steps_with_relative_lrs",
    "MAX_EPOCH": 10,
    "MOMENTUM": 0.9,
    "WEIGHT_DECAY": "5e-4",
    "WARMUP_EPOCHS": 1,
    "WARMUP_START_LR": 0.0002,
    "OPTIM_METHOD": "adam",
    "DAMPENING": 0.0,
    "NESTEROV": true,
    "STEPS_ITER": 900,
    "STEPS": [
      0,
      4,
      6,
      8
    ],
    "LRS": [
      1,
      0.5,
      0.1,
      0.05
    ]
  },
  "PRE_DOWNLOAD": {
    "ENABLE": false
  },
  "SUPPORT_SHOT": 1,
  "FRAME_SELECTOR": {
    "ENABLE": true,
    "TOTAL_FRAMES": 32,
    "SELECT_FRAMES": 8,
    "SEGMENTS": 4,
    "FEAT_DIM": 0,
    "PRETRAINED_CKPT": "/mnt/data/yanyi2025/lrc/code/CLIP-FSAR/output/frame_selector/ssv2_ViT-B16/frame_selector_best.pth",
    "NUM_ANCHOR_FRAMES": 4,
    "NUM_KEY_FRAMES": 4,
    "MIN_FRAME_GAP": 2,
    "ENABLE_CACHE_DECODE": true,
    "FEAT_CACHE_DIR": "/mnt/data/yanyi2025/lrc/code/CLIP-FSAR/data/feat_cache/ssv2/ViT-B-16_T32",
    "CACHE_MISMATCH_POLICY": "error"
  },
  "FOCUS": {
    "ENABLE": true,
    "HEADS": 8,
    "DROPOUT": 0.1,
    "GATE_INIT": -4.0,
    "TEMPORAL_GATE_INIT": -4.0,
    "ALPHA_INIT": -4.0
  },
  "ADAPTER": {
    "NAME": "ViT_CLIP",
    "PRETRAINED": "ViT-B/16",
    "WIDTH": 768,
    "PATCH_SIZE": 16,
    "LAYERS": 12,
    "HEADS": 12,
    "ADAPTER_SCALE": 0.25
  },
  "INIT_METHOD": "tcp://localhost:1111",
  "CUDA_VISIBLE_DEVICES": "1"
}

[07/30 09:05:14][INFO] models.base.adapter:  650: load model from: ViT-B/16
[07/30 09:05:15][INFO] models.base.adapter:  657: Missing keys: ['temporal_embedding', 'focus_alpha', 'transformer.resblocks.0.Adapter.down.weight', 'transformer.resblocks.0.Adapter.down.bias', 'transformer.resblocks.0.Adapter.pos_embed.weight', 'transformer.resblocks.0.Adapter.pos_embed.bias', 'transformer.resblocks.0.Adapter.s_ln.weight', 'transformer.resblocks.0.Adapter.s_ln.bias', 'transformer.resblocks.0.Adapter.s_attn.conv_offset.0.weight', 'transformer.resblocks.0.Adapter.s_attn.conv_offset.0.bias', 'transformer.resblocks.0.Adapter.s_attn.conv_offset.1.norm.weight', 'transformer.resblocks.0.Adapter.s_attn.conv_offset.1.norm.bias', 'transformer.resblocks.0.Adapter.s_attn.conv_offset.3.weight', 'transformer.resblocks.0.Adapter.s_attn.proj_q.weight', 'transformer.resblocks.0.Adapter.s_attn.proj_q.bias', 'transformer.resblocks.0.Adapter.s_attn.proj_k.weight', 'transformer.resblocks.0.Adapter.s_attn.proj_k.bias', 'transformer.resblocks.0.Adapter.s_attn.proj_v.weight', 'transformer.resblocks.0.Adapter.s_attn.proj_v.bias', 'transformer.resblocks.0.Adapter.s_attn.proj_out.weight', 'transformer.resblocks.0.Adapter.s_attn.proj_out.bias', 'transformer.resblocks.0.Adapter.t_ln.weight', 'transformer.resblocks.0.Adapter.t_ln.bias', 'transformer.resblocks.0.Adapter.t_attn.conv_offset.0.weight', 'transformer.resblocks.0.Adapter.t_attn.conv_offset.0.bias', 'transformer.resblocks.0.Adapter.t_attn.conv_offset.1.norm.weight', 'transformer.resblocks.0.Adapter.t_attn.conv_offset.1.norm.bias', 'transformer.resblocks.0.Adapter.t_attn.conv_offset.3.weight', 'transformer.resblocks.0.Adapter.t_attn.proj_q.weight', 'transformer.resblocks.0.Adapter.t_attn.proj_q.bias', 'transformer.resblocks.0.Adapter.t_attn.proj_k.weight', 'transformer.resblocks.0.Adapter.t_attn.proj_k.bias', 'transformer.resblocks.0.Adapter.t_attn.proj_v.weight', 'transformer.resblocks.0.Adapter.t_attn.proj_v.bias', 'transformer.resblocks.0.Adapter.t_attn.proj_out.weight', 'transformer.resblocks.0.Adapter.t_attn.proj_out.bias', 'transformer.resblocks.0.Adapter.up.weight', 'transformer.resblocks.0.Adapter.up.bias', 'transformer.resblocks.1.Adapter.down.weight', 'transformer.resblocks.1.Adapter.down.bias', 'transformer.resblocks.1.Adapter.pos_embed.weight', 'transformer.resblocks.1.Adapter.pos_embed.bias', 'transformer.resblocks.1.Adapter.s_ln.weight', 'transformer.resblocks.1.Adapter.s_ln.bias', 'transformer.resblocks.1.Adapter.s_attn.conv_offset.0.weight', 'transformer.resblocks.1.Adapter.s_attn.conv_offset.0.bias', 'transformer.resblocks.1.Adapter.s_attn.conv_offset.1.norm.weight', 'transformer.resblocks.1.Adapter.s_attn.conv_offset.1.norm.bias', 'transformer.resblocks.1.Adapter.s_attn.conv_offset.3.weight', 'transformer.resblocks.1.Adapter.s_attn.proj_q.weight', 'transformer.resblocks.1.Adapter.s_attn.proj_q.bias', 'transformer.resblocks.1.Adapter.s_attn.proj_k.weight', 'transformer.resblocks.1.Adapter.s_attn.proj_k.bias', 'transformer.resblocks.1.Adapter.s_attn.proj_v.weight', 'transformer.resblocks.1.Adapter.s_attn.proj_v.bias', 'transformer.resblocks.1.Adapter.s_attn.proj_out.weight', 'transformer.resblocks.1.Adapter.s_attn.proj_out.bias', 'transformer.resblocks.1.Adapter.t_ln.weight', 'transformer.resblocks.1.Adapter.t_ln.bias', 'transformer.resblocks.1.Adapter.t_attn.conv_offset.0.weight', 'transformer.resblocks.1.Adapter.t_attn.conv_offset.0.bias', 'transformer.resblocks.1.Adapter.t_attn.conv_offset.1.norm.weight', 'transformer.resblocks.1.Adapter.t_attn.conv_offset.1.norm.bias', 'transformer.resblocks.1.Adapter.t_attn.conv_offset.3.weight', 'transformer.resblocks.1.Adapter.t_attn.proj_q.weight', 'transformer.resblocks.1.Adapter.t_attn.proj_q.bias', 'transformer.resblocks.1.Adapter.t_attn.proj_k.weight', 'transformer.resblocks.1.Adapter.t_attn.proj_k.bias', 'transformer.resblocks.1.Adapter.t_attn.proj_v.weight', 'transformer.resblocks.1.Adapter.t_attn.proj_v.bias', 'transformer.resblocks.1.Adapter.t_attn.proj_out.weight', 'transformer.resblocks.1.Adapter.t_attn.proj_out.bias', 'transformer.resblocks.1.Adapter.up.weight', 'transformer.resblocks.1.Adapter.up.bias', 'transformer.resblocks.2.Adapter.down.weight', 'transformer.resblocks.2.Adapter.down.bias', 'transformer.resblocks.2.Adapter.pos_embed.weight', 'transformer.resblocks.2.Adapter.pos_embed.bias', 'transformer.resblocks.2.Adapter.s_ln.weight', 'transformer.resblocks.2.Adapter.s_ln.bias', 'transformer.resblocks.2.Adapter.s_attn.conv_offset.0.weight', 'transformer.resblocks.2.Adapter.s_attn.conv_offset.0.bias', 'transformer.resblocks.2.Adapter.s_attn.conv_offset.1.norm.weight', 'transformer.resblocks.2.Adapter.s_attn.conv_offset.1.norm.bias', 'transformer.resblocks.2.Adapter.s_attn.conv_offset.3.weight', 'transformer.resblocks.2.Adapter.s_attn.proj_q.weight', 'transformer.resblocks.2.Adapter.s_attn.proj_q.bias', 'transformer.resblocks.2.Adapter.s_attn.proj_k.weight', 'transformer.resblocks.2.Adapter.s_attn.proj_k.bias', 'transformer.resblocks.2.Adapter.s_attn.proj_v.weight', 'transformer.resblocks.2.Adapter.s_attn.proj_v.bias', 'transformer.resblocks.2.Adapter.s_attn.proj_out.weight', 'transformer.resblocks.2.Adapter.s_attn.proj_out.bias', 'transformer.resblocks.2.Adapter.t_ln.weight', 'transformer.resblocks.2.Adapter.t_ln.bias', 'transformer.resblocks.2.Adapter.t_attn.conv_offset.0.weight', 'transformer.resblocks.2.Adapter.t_attn.conv_offset.0.bias', 'transformer.resblocks.2.Adapter.t_attn.conv_offset.1.norm.weight', 'transformer.resblocks.2.Adapter.t_attn.conv_offset.1.norm.bias', 'transformer.resblocks.2.Adapter.t_attn.conv_offset.3.weight', 'transformer.resblocks.2.Adapter.t_attn.proj_q.weight', 'transformer.resblocks.2.Adapter.t_attn.proj_q.bias', 'transformer.resblocks.2.Adapter.t_attn.proj_k.weight', 'transformer.resblocks.2.Adapter.t_attn.proj_k.bias', 'transformer.resblocks.2.Adapter.t_attn.proj_v.weight', 'transformer.resblocks.2.Adapter.t_attn.proj_v.bias', 'transformer.resblocks.2.Adapter.t_attn.proj_out.weight', 'transformer.resblocks.2.Adapter.t_attn.proj_out.bias', 'transformer.resblocks.2.Adapter.up.weight', 'transformer.resblocks.2.Adapter.up.bias', 'transformer.resblocks.3.Adapter.down.weight', 'transformer.resblocks.3.Adapter.down.bias', 'transformer.resblocks.3.Adapter.pos_embed.weight', 'transformer.resblocks.3.Adapter.pos_embed.bias', 'transformer.resblocks.3.Adapter.s_ln.weight', 'transformer.resblocks.3.Adapter.s_ln.bias', 'transformer.resblocks.3.Adapter.s_attn.conv_offset.0.weight', 'transformer.resblocks.3.Adapter.s_attn.conv_offset.0.bias', 'transformer.resblocks.3.Adapter.s_attn.conv_offset.1.norm.weight', 'transformer.resblocks.3.Adapter.s_attn.conv_offset.1.norm.bias', 'transformer.resblocks.3.Adapter.s_attn.conv_offset.3.weight', 'transformer.resblocks.3.Adapter.s_attn.proj_q.weight', 'transformer.resblocks.3.Adapter.s_attn.proj_q.bias', 'transformer.resblocks.3.Adapter.s_attn.proj_k.weight', 'transformer.resblocks.3.Adapter.s_attn.proj_k.bias', 'transformer.resblocks.3.Adapter.s_attn.proj_v.weight', 'transformer.resblocks.3.Adapter.s_attn.proj_v.bias', 'transformer.resblocks.3.Adapter.s_attn.proj_out.weight', 'transformer.resblocks.3.Adapter.s_attn.proj_out.bias', 'transformer.resblocks.3.Adapter.t_ln.weight', 'transformer.resblocks.3.Adapter.t_ln.bias', 'transformer.resblocks.3.Adapter.t_attn.conv_offset.0.weight', 'transformer.resblocks.3.Adapter.t_attn.conv_offset.0.bias', 'transformer.resblocks.3.Adapter.t_attn.conv_offset.1.norm.weight', 'transformer.resblocks.3.Adapter.t_attn.conv_offset.1.norm.bias', 'transformer.resblocks.3.Adapter.t_attn.conv_offset.3.weight', 'transformer.resblocks.3.Adapter.t_attn.proj_q.weight', 'transformer.resblocks.3.Adapter.t_attn.proj_q.bias', 'transformer.resblocks.3.Adapter.t_attn.proj_k.weight', 'transformer.resblocks.3.Adapter.t_attn.proj_k.bias', 'transformer.resblocks.3.Adapter.t_attn.proj_v.weight', 'transformer.resblocks.3.Adapter.t_attn.proj_v.bias', 'transformer.resblocks.3.Adapter.t_attn.proj_out.weight', 'transformer.resblocks.3.Adapter.t_attn.proj_out.bias', 'transformer.resblocks.3.Adapter.up.weight', 'transformer.resblocks.3.Adapter.up.bias', 'transformer.resblocks.4.Adapter.down.weight', 'transformer.resblocks.4.Adapter.down.bias', 'transformer.resblocks.4.Adapter.pos_embed.weight', 'transformer.resblocks.4.Adapter.pos_embed.bias', 'transformer.resblocks.4.Adapter.s_ln.weight', 'transformer.resblocks.4.Adapter.s_ln.bias', 'transformer.resblocks.4.Adapter.s_attn.conv_offset.0.weight', 'transformer.resblocks.4.Adapter.s_attn.conv_offset.0.bias', 'transformer.resblocks.4.Adapter.s_attn.conv_offset.1.norm.weight', 'transformer.resblocks.4.Adapter.s_attn.conv_offset.1.norm.bias', 'transformer.resblocks.4.Adapter.s_attn.conv_offset.3.weight', 'transformer.resblocks.4.Adapter.s_attn.proj_q.weight', 'transformer.resblocks.4.Adapter.s_attn.proj_q.bias', 'transformer.resblocks.4.Adapter.s_attn.proj_k.weight', 'transformer.resblocks.4.Adapter.s_attn.proj_k.bias', 'transformer.resblocks.4.Adapter.s_attn.proj_v.weight', 'transformer.resblocks.4.Adapter.s_attn.proj_v.bias', 'transformer.resblocks.4.Adapter.s_attn.proj_out.weight', 'transformer.resblocks.4.Adapter.s_attn.proj_out.bias', 'transformer.resblocks.4.Adapter.t_ln.weight', 'transformer.resblocks.4.Adapter.t_ln.bias', 'transformer.resblocks.4.Adapter.t_attn.conv_offset.0.weight', 'transformer.resblocks.4.Adapter.t_attn.conv_offset.0.bias', 'transformer.resblocks.4.Adapter.t_attn.conv_offset.1.norm.weight', 'transformer.resblocks.4.Adapter.t_attn.conv_offset.1.norm.bias', 'transformer.resblocks.4.Adapter.t_attn.conv_offset.3.weight', 'transformer.resblocks.4.Adapter.t_attn.proj_q.weight', 'transformer.resblocks.4.Adapter.t_attn.proj_q.bias', 'transformer.resblocks.4.Adapter.t_attn.proj_k.weight', 'transformer.resblocks.4.Adapter.t_attn.proj_k.bias', 'transformer.resblocks.4.Adapter.t_attn.proj_v.weight', 'transformer.resblocks.4.Adapter.t_attn.proj_v.bias', 'transformer.resblocks.4.Adapter.t_attn.proj_out.weight', 'transformer.resblocks.4.Adapter.t_attn.proj_out.bias', 'transformer.resblocks.4.Adapter.up.weight', 'transformer.resblocks.4.Adapter.up.bias', 'transformer.resblocks.5.Adapter.down.weight', 'transformer.resblocks.5.Adapter.down.bias', 'transformer.resblocks.5.Adapter.pos_embed.weight', 'transformer.resblocks.5.Adapter.pos_embed.bias', 'transformer.resblocks.5.Adapter.s_ln.weight', 'transformer.resblocks.5.Adapter.s_ln.bias', 'transformer.resblocks.5.Adapter.s_attn.conv_offset.0.weight', 'transformer.resblocks.5.Adapter.s_attn.conv_offset.0.bias', 'transformer.resblocks.5.Adapter.s_attn.conv_offset.1.norm.weight', 'transformer.resblocks.5.Adapter.s_attn.conv_offset.1.norm.bias', 'transformer.resblocks.5.Adapter.s_attn.conv_offset.3.weight', 'transformer.resblocks.5.Adapter.s_attn.proj_q.weight', 'transformer.resblocks.5.Adapter.s_attn.proj_q.bias', 'transformer.resblocks.5.Adapter.s_attn.proj_k.weight', 'transformer.resblocks.5.Adapter.s_attn.proj_k.bias', 'transformer.resblocks.5.Adapter.s_attn.proj_v.weight', 'transformer.resblocks.5.Adapter.s_attn.proj_v.bias', 'transformer.resblocks.5.Adapter.s_attn.proj_out.weight', 'transformer.resblocks.5.Adapter.s_attn.proj_out.bias', 'transformer.resblocks.5.Adapter.t_ln.weight', 'transformer.resblocks.5.Adapter.t_ln.bias', 'transformer.resblocks.5.Adapter.t_attn.conv_offset.0.weight', 'transformer.resblocks.5.Adapter.t_attn.conv_offset.0.bias', 'transformer.resblocks.5.Adapter.t_attn.conv_offset.1.norm.weight', 'transformer.resblocks.5.Adapter.t_attn.conv_offset.1.norm.bias', 'transformer.resblocks.5.Adapter.t_attn.conv_offset.3.weight', 'transformer.resblocks.5.Adapter.t_attn.proj_q.weight', 'transformer.resblocks.5.Adapter.t_attn.proj_q.bias', 'transformer.resblocks.5.Adapter.t_attn.proj_k.weight', 'transformer.resblocks.5.Adapter.t_attn.proj_k.bias', 'transformer.resblocks.5.Adapter.t_attn.proj_v.weight', 'transformer.resblocks.5.Adapter.t_attn.proj_v.bias', 'transformer.resblocks.5.Adapter.t_attn.proj_out.weight', 'transformer.resblocks.5.Adapter.t_attn.proj_out.bias', 'transformer.resblocks.5.Adapter.up.weight', 'transformer.resblocks.5.Adapter.up.bias', 'transformer.resblocks.6.Adapter.down.weight', 'transformer.resblocks.6.Adapter.down.bias', 'transformer.resblocks.6.Adapter.pos_embed.weight', 'transformer.resblocks.6.Adapter.pos_embed.bias', 'transformer.resblocks.6.Adapter.s_ln.weight', 'transformer.resblocks.6.Adapter.s_ln.bias', 'transformer.resblocks.6.Adapter.s_attn.conv_offset.0.weight', 'transformer.resblocks.6.Adapter.s_attn.conv_offset.0.bias', 'transformer.resblocks.6.Adapter.s_attn.conv_offset.1.norm.weight', 'transformer.resblocks.6.Adapter.s_attn.conv_offset.1.norm.bias', 'transformer.resblocks.6.Adapter.s_attn.conv_offset.3.weight', 'transformer.resblocks.6.Adapter.s_attn.proj_q.weight', 'transformer.resblocks.6.Adapter.s_attn.proj_q.bias', 'transformer.resblocks.6.Adapter.s_attn.proj_k.weight', 'transformer.resblocks.6.Adapter.s_attn.proj_k.bias', 'transformer.resblocks.6.Adapter.s_attn.proj_v.weight', 'transformer.resblocks.6.Adapter.s_attn.proj_v.bias', 'transformer.resblocks.6.Adapter.s_attn.proj_out.weight', 'transformer.resblocks.6.Adapter.s_attn.proj_out.bias', 'transformer.resblocks.6.Adapter.t_ln.weight', 'transformer.resblocks.6.Adapter.t_ln.bias', 'transformer.resblocks.6.Adapter.t_attn.conv_offset.0.weight', 'transformer.resblocks.6.Adapter.t_attn.conv_offset.0.bias', 'transformer.resblocks.6.Adapter.t_attn.conv_offset.1.norm.weight', 'transformer.resblocks.6.Adapter.t_attn.conv_offset.1.norm.bias', 'transformer.resblocks.6.Adapter.t_attn.conv_offset.3.weight', 'transformer.resblocks.6.Adapter.t_attn.proj_q.weight', 'transformer.resblocks.6.Adapter.t_attn.proj_q.bias', 'transformer.resblocks.6.Adapter.t_attn.proj_k.weight', 'transformer.resblocks.6.Adapter.t_attn.proj_k.bias', 'transformer.resblocks.6.Adapter.t_attn.proj_v.weight', 'transformer.resblocks.6.Adapter.t_attn.proj_v.bias', 'transformer.resblocks.6.Adapter.t_attn.proj_out.weight', 'transformer.resblocks.6.Adapter.t_attn.proj_out.bias', 'transformer.resblocks.6.Adapter.up.weight', 'transformer.resblocks.6.Adapter.up.bias', 'transformer.resblocks.7.Adapter.down.weight', 'transformer.resblocks.7.Adapter.down.bias', 'transformer.resblocks.7.Adapter.pos_embed.weight', 'transformer.resblocks.7.Adapter.pos_embed.bias', 'transformer.resblocks.7.Adapter.s_ln.weight', 'transformer.resblocks.7.Adapter.s_ln.bias', 'transformer.resblocks.7.Adapter.s_attn.conv_offset.0.weight', 'transformer.resblocks.7.Adapter.s_attn.conv_offset.0.bias', 'transformer.resblocks.7.Adapter.s_attn.conv_offset.1.norm.weight', 'transformer.resblocks.7.Adapter.s_attn.conv_offset.1.norm.bias', 'transformer.resblocks.7.Adapter.s_attn.conv_offset.3.weight', 'transformer.resblocks.7.Adapter.s_attn.proj_q.weight', 'transformer.resblocks.7.Adapter.s_attn.proj_q.bias', 'transformer.resblocks.7.Adapter.s_attn.proj_k.weight', 'transformer.resblocks.7.Adapter.s_attn.proj_k.bias', 'transformer.resblocks.7.Adapter.s_attn.proj_v.weight', 'transformer.resblocks.7.Adapter.s_attn.proj_v.bias', 'transformer.resblocks.7.Adapter.s_attn.proj_out.weight', 'transformer.resblocks.7.Adapter.s_attn.proj_out.bias', 'transformer.resblocks.7.Adapter.t_ln.weight', 'transformer.resblocks.7.Adapter.t_ln.bias', 'transformer.resblocks.7.Adapter.t_attn.conv_offset.0.weight', 'transformer.resblocks.7.Adapter.t_attn.conv_offset.0.bias', 'transformer.resblocks.7.Adapter.t_attn.conv_offset.1.norm.weight', 'transformer.resblocks.7.Adapter.t_attn.conv_offset.1.norm.bias', 'transformer.resblocks.7.Adapter.t_attn.conv_offset.3.weight', 'transformer.resblocks.7.Adapter.t_attn.proj_q.weight', 'transformer.resblocks.7.Adapter.t_attn.proj_q.bias', 'transformer.resblocks.7.Adapter.t_attn.proj_k.weight', 'transformer.resblocks.7.Adapter.t_attn.proj_k.bias', 'transformer.resblocks.7.Adapter.t_attn.proj_v.weight', 'transformer.resblocks.7.Adapter.t_attn.proj_v.bias', 'transformer.resblocks.7.Adapter.t_attn.proj_out.weight', 'transformer.resblocks.7.Adapter.t_attn.proj_out.bias', 'transformer.resblocks.7.Adapter.up.weight', 'transformer.resblocks.7.Adapter.up.bias', 'transformer.resblocks.8.Adapter.down.weight', 'transformer.resblocks.8.Adapter.down.bias', 'transformer.resblocks.8.Adapter.pos_embed.weight', 'transformer.resblocks.8.Adapter.pos_embed.bias', 'transformer.resblocks.8.Adapter.s_ln.weight', 'transformer.resblocks.8.Adapter.s_ln.bias', 'transformer.resblocks.8.Adapter.s_attn.conv_offset.0.weight', 'transformer.resblocks.8.Adapter.s_attn.conv_offset.0.bias', 'transformer.resblocks.8.Adapter.s_attn.conv_offset.1.norm.weight', 'transformer.resblocks.8.Adapter.s_attn.conv_offset.1.norm.bias', 'transformer.resblocks.8.Adapter.s_attn.conv_offset.3.weight', 'transformer.resblocks.8.Adapter.s_attn.proj_q.weight', 'transformer.resblocks.8.Adapter.s_attn.proj_q.bias', 'transformer.resblocks.8.Adapter.s_attn.proj_k.weight', 'transformer.resblocks.8.Adapter.s_attn.proj_k.bias', 'transformer.resblocks.8.Adapter.s_attn.proj_v.weight', 'transformer.resblocks.8.Adapter.s_attn.proj_v.bias', 'transformer.resblocks.8.Adapter.s_attn.proj_out.weight', 'transformer.resblocks.8.Adapter.s_attn.proj_out.bias', 'transformer.resblocks.8.Adapter.t_ln.weight', 'transformer.resblocks.8.Adapter.t_ln.bias', 'transformer.resblocks.8.Adapter.t_attn.conv_offset.0.weight', 'transformer.resblocks.8.Adapter.t_attn.conv_offset.0.bias', 'transformer.resblocks.8.Adapter.t_attn.conv_offset.1.norm.weight', 'transformer.resblocks.8.Adapter.t_attn.conv_offset.1.norm.bias', 'transformer.resblocks.8.Adapter.t_attn.conv_offset.3.weight', 'transformer.resblocks.8.Adapter.t_attn.proj_q.weight', 'transformer.resblocks.8.Adapter.t_attn.proj_q.bias', 'transformer.resblocks.8.Adapter.t_attn.proj_k.weight', 'transformer.resblocks.8.Adapter.t_attn.proj_k.bias', 'transformer.resblocks.8.Adapter.t_attn.proj_v.weight', 'transformer.resblocks.8.Adapter.t_attn.proj_v.bias', 'transformer.resblocks.8.Adapter.t_attn.proj_out.weight', 'transformer.resblocks.8.Adapter.t_attn.proj_out.bias', 'transformer.resblocks.8.Adapter.up.weight', 'transformer.resblocks.8.Adapter.up.bias', 'transformer.resblocks.9.Adapter.down.weight', 'transformer.resblocks.9.Adapter.down.bias', 'transformer.resblocks.9.Adapter.pos_embed.weight', 'transformer.resblocks.9.Adapter.pos_embed.bias', 'transformer.resblocks.9.Adapter.s_ln.weight', 'transformer.resblocks.9.Adapter.s_ln.bias', 'transformer.resblocks.9.Adapter.s_attn.conv_offset.0.weight', 'transformer.resblocks.9.Adapter.s_attn.conv_offset.0.bias', 'transformer.resblocks.9.Adapter.s_attn.conv_offset.1.norm.weight', 'transformer.resblocks.9.Adapter.s_attn.conv_offset.1.norm.bias', 'transformer.resblocks.9.Adapter.s_attn.conv_offset.3.weight', 'transformer.resblocks.9.Adapter.s_attn.proj_q.weight', 'transformer.resblocks.9.Adapter.s_attn.proj_q.bias', 'transformer.resblocks.9.Adapter.s_attn.proj_k.weight', 'transformer.resblocks.9.Adapter.s_attn.proj_k.bias', 'transformer.resblocks.9.Adapter.s_attn.proj_v.weight', 'transformer.resblocks.9.Adapter.s_attn.proj_v.bias', 'transformer.resblocks.9.Adapter.s_attn.proj_out.weight', 'transformer.resblocks.9.Adapter.s_attn.proj_out.bias', 'transformer.resblocks.9.Adapter.t_ln.weight', 'transformer.resblocks.9.Adapter.t_ln.bias', 'transformer.resblocks.9.Adapter.t_attn.conv_offset.0.weight', 'transformer.resblocks.9.Adapter.t_attn.conv_offset.0.bias', 'transformer.resblocks.9.Adapter.t_attn.conv_offset.1.norm.weight', 'transformer.resblocks.9.Adapter.t_attn.conv_offset.1.norm.bias', 'transformer.resblocks.9.Adapter.t_attn.conv_offset.3.weight', 'transformer.resblocks.9.Adapter.t_attn.proj_q.weight', 'transformer.resblocks.9.Adapter.t_attn.proj_q.bias', 'transformer.resblocks.9.Adapter.t_attn.proj_k.weight', 'transformer.resblocks.9.Adapter.t_attn.proj_k.bias', 'transformer.resblocks.9.Adapter.t_attn.proj_v.weight', 'transformer.resblocks.9.Adapter.t_attn.proj_v.bias', 'transformer.resblocks.9.Adapter.t_attn.proj_out.weight', 'transformer.resblocks.9.Adapter.t_attn.proj_out.bias', 'transformer.resblocks.9.Adapter.up.weight', 'transformer.resblocks.9.Adapter.up.bias', 'transformer.resblocks.10.Adapter.down.weight', 'transformer.resblocks.10.Adapter.down.bias', 'transformer.resblocks.10.Adapter.pos_embed.weight', 'transformer.resblocks.10.Adapter.pos_embed.bias', 'transformer.resblocks.10.Adapter.s_ln.weight', 'transformer.resblocks.10.Adapter.s_ln.bias', 'transformer.resblocks.10.Adapter.s_attn.conv_offset.0.weight', 'transformer.resblocks.10.Adapter.s_attn.conv_offset.0.bias', 'transformer.resblocks.10.Adapter.s_attn.conv_offset.1.norm.weight', 'transformer.resblocks.10.Adapter.s_attn.conv_offset.1.norm.bias', 'transformer.resblocks.10.Adapter.s_attn.conv_offset.3.weight', 'transformer.resblocks.10.Adapter.s_attn.proj_q.weight', 'transformer.resblocks.10.Adapter.s_attn.proj_q.bias', 'transformer.resblocks.10.Adapter.s_attn.proj_k.weight', 'transformer.resblocks.10.Adapter.s_attn.proj_k.bias', 'transformer.resblocks.10.Adapter.s_attn.proj_v.weight', 'transformer.resblocks.10.Adapter.s_attn.proj_v.bias', 'transformer.resblocks.10.Adapter.s_attn.proj_out.weight', 'transformer.resblocks.10.Adapter.s_attn.proj_out.bias', 'transformer.resblocks.10.Adapter.t_ln.weight', 'transformer.resblocks.10.Adapter.t_ln.bias', 'transformer.resblocks.10.Adapter.t_attn.conv_offset.0.weight', 'transformer.resblocks.10.Adapter.t_attn.conv_offset.0.bias', 'transformer.resblocks.10.Adapter.t_attn.conv_offset.1.norm.weight', 'transformer.resblocks.10.Adapter.t_attn.conv_offset.1.norm.bias', 'transformer.resblocks.10.Adapter.t_attn.conv_offset.3.weight', 'transformer.resblocks.10.Adapter.t_attn.proj_q.weight', 'transformer.resblocks.10.Adapter.t_attn.proj_q.bias', 'transformer.resblocks.10.Adapter.t_attn.proj_k.weight', 'transformer.resblocks.10.Adapter.t_attn.proj_k.bias', 'transformer.resblocks.10.Adapter.t_attn.proj_v.weight', 'transformer.resblocks.10.Adapter.t_attn.proj_v.bias', 'transformer.resblocks.10.Adapter.t_attn.proj_out.weight', 'transformer.resblocks.10.Adapter.t_attn.proj_out.bias', 'transformer.resblocks.10.Adapter.up.weight', 'transformer.resblocks.10.Adapter.up.bias', 'transformer.resblocks.11.Adapter.down.weight', 'transformer.resblocks.11.Adapter.down.bias', 'transformer.resblocks.11.Adapter.pos_embed.weight', 'transformer.resblocks.11.Adapter.pos_embed.bias', 'transformer.resblocks.11.Adapter.s_ln.weight', 'transformer.resblocks.11.Adapter.s_ln.bias', 'transformer.resblocks.11.Adapter.s_attn.conv_offset.0.weight', 'transformer.resblocks.11.Adapter.s_attn.conv_offset.0.bias', 'transformer.resblocks.11.Adapter.s_attn.conv_offset.1.norm.weight', 'transformer.resblocks.11.Adapter.s_attn.conv_offset.1.norm.bias', 'transformer.resblocks.11.Adapter.s_attn.conv_offset.3.weight', 'transformer.resblocks.11.Adapter.s_attn.proj_q.weight', 'transformer.resblocks.11.Adapter.s_attn.proj_q.bias', 'transformer.resblocks.11.Adapter.s_attn.proj_k.weight', 'transformer.resblocks.11.Adapter.s_attn.proj_k.bias', 'transformer.resblocks.11.Adapter.s_attn.proj_v.weight', 'transformer.resblocks.11.Adapter.s_attn.proj_v.bias', 'transformer.resblocks.11.Adapter.s_attn.proj_out.weight', 'transformer.resblocks.11.Adapter.s_attn.proj_out.bias', 'transformer.resblocks.11.Adapter.t_ln.weight', 'transformer.resblocks.11.Adapter.t_ln.bias', 'transformer.resblocks.11.Adapter.t_attn.conv_offset.0.weight', 'transformer.resblocks.11.Adapter.t_attn.conv_offset.0.bias', 'transformer.resblocks.11.Adapter.t_attn.conv_offset.1.norm.weight', 'transformer.resblocks.11.Adapter.t_attn.conv_offset.1.norm.bias', 'transformer.resblocks.11.Adapter.t_attn.conv_offset.3.weight', 'transformer.resblocks.11.Adapter.t_attn.proj_q.weight', 'transformer.resblocks.11.Adapter.t_attn.proj_q.bias', 'transformer.resblocks.11.Adapter.t_attn.proj_k.weight', 'transformer.resblocks.11.Adapter.t_attn.proj_k.bias', 'transformer.resblocks.11.Adapter.t_attn.proj_v.weight', 'transformer.resblocks.11.Adapter.t_attn.proj_v.bias', 'transformer.resblocks.11.Adapter.t_attn.proj_out.weight', 'transformer.resblocks.11.Adapter.t_attn.proj_out.bias', 'transformer.resblocks.11.Adapter.up.weight', 'transformer.resblocks.11.Adapter.up.bias', 'classification_layer.weight', 'classification_layer.bias', 'focus_branch.temporal_alpha', 'focus_branch.norm.weight', 'focus_branch.norm.bias', 'focus_branch.time_proj.weight', 'focus_branch.time_proj.bias', 'focus_branch.temporal.self_attn.in_proj_weight', 'focus_branch.temporal.self_attn.in_proj_bias', 'focus_branch.temporal.self_attn.out_proj.weight', 'focus_branch.temporal.self_attn.out_proj.bias', 'focus_branch.temporal.linear1.weight', 'focus_branch.temporal.linear1.bias', 'focus_branch.temporal.linear2.weight', 'focus_branch.temporal.linear2.bias', 'focus_branch.temporal.norm1.weight', 'focus_branch.temporal.norm1.bias', 'focus_branch.temporal.norm2.weight', 'focus_branch.temporal.norm2.bias', 'focus_branch.gate.0.weight', 'focus_branch.gate.0.bias', 'focus_branch.gate.2.weight', 'focus_branch.gate.2.bias']
[07/30 09:05:15][INFO] models.base.adapter:  658: Unexpected keys: []
[07/30 09:05:15][INFO] models.base.adapter:  659: => loaded successfully 'ViT-B/16'
[07/30 09:05:15][INFO] models.base.adapter:  666: init:  transformer.resblocks.0.Adapter.up
[07/30 09:05:15][INFO] models.base.adapter:  666: init:  transformer.resblocks.1.Adapter.up
[07/30 09:05:15][INFO] models.base.adapter:  666: init:  transformer.resblocks.2.Adapter.up
[07/30 09:05:15][INFO] models.base.adapter:  666: init:  transformer.resblocks.3.Adapter.up
[07/30 09:05:15][INFO] models.base.adapter:  666: init:  transformer.resblocks.4.Adapter.up
[07/30 09:05:15][INFO] models.base.adapter:  666: init:  transformer.resblocks.5.Adapter.up
[07/30 09:05:15][INFO] models.base.adapter:  666: init:  transformer.resblocks.6.Adapter.up
[07/30 09:05:15][INFO] models.base.adapter:  666: init:  transformer.resblocks.7.Adapter.up
[07/30 09:05:15][INFO] models.base.adapter:  666: init:  transformer.resblocks.8.Adapter.up
[07/30 09:05:15][INFO] models.base.adapter:  666: init:  transformer.resblocks.9.Adapter.up
[07/30 09:05:15][INFO] models.base.adapter:  666: init:  transformer.resblocks.10.Adapter.up
[07/30 09:05:15][INFO] models.base.adapter:  666: init:  transformer.resblocks.11.Adapter.up
[07/30 09:05:16][INFO] train_net_few_shot:  171: Model:
BaseVideoModel(
  (model): ViT_CLIP(
    (conv1): Conv2d(3, 768, kernel_size=(16, 16), stride=(16, 16), bias=False)
    (ln_pre): LayerNorm((768,), eps=1e-05, elementwise_affine=True, bias=True)
    (transformer): Transformer(
      (resblocks): ModuleList(
        (0-11): 12 x ResidualAttentionBlock(
          (ln_1): LayerNorm((768,), eps=1e-05, elementwise_affine=True, bias=True)
          (attn): MultiheadAttention(
            (out_proj): NonDynamicallyQuantizableLinear(in_features=768, out_features=768, bias=True)
          )
          (ln_2): LayerNorm((768,), eps=1e-05, elementwise_affine=True, bias=True)
          (mlp): Sequential(
            (c_fc): Linear(in_features=768, out_features=3072, bias=True)
            (gelu): QuickGELU()
            (c_proj): Linear(in_features=3072, out_features=768, bias=True)
          )
          (Adapter): ViT_D2ST_Adapter(
            (down): Linear(in_features=768, out_features=192, bias=True)
            (gelu1): GELU(approximate='none')
            (pos_embed): Conv3d(192, 192, kernel_size=(3, 3, 3), stride=(1, 1, 1), padding=(1, 1, 1), groups=192)
            (s_ln): LayerNorm((192,), eps=1e-05, elementwise_affine=True, bias=True)
            (s_attn): ViT_DeformAttention(
              (conv_offset): Sequential(
                (0): Conv3d(48, 48, kernel_size=(4, 5, 5), stride=(4, 3, 3), groups=48)
                (1): LayerNormProxy(
                  (norm): LayerNorm((48,), eps=1e-05, elementwise_affine=True, bias=True)
                )
                (2): GELU(approximate='none')
                (3): Conv3d(48, 3, kernel_size=(1, 1, 1), stride=(1, 1, 1), bias=False)
              )
              (proj_q): Linear(in_features=192, out_features=192, bias=True)
              (proj_k): Linear(in_features=192, out_features=192, bias=True)
              (proj_v): Linear(in_features=192, out_features=192, bias=True)
              (proj_out): Linear(in_features=192, out_features=192, bias=True)
            )
            (t_ln): LayerNorm((192,), eps=1e-05, elementwise_affine=True, bias=True)
            (t_attn): ViT_DeformAttention(
              (conv_offset): Sequential(
                (0): Conv3d(48, 48, kernel_size=(1, 7, 7), stride=(1, 7, 7), groups=48)
                (1): LayerNormProxy(
                  (norm): LayerNorm((48,), eps=1e-05, elementwise_affine=True, bias=True)
                )
                (2): GELU(approximate='none')
                (3): Conv3d(48, 3, kernel_size=(1, 1, 1), stride=(1, 1, 1), bias=False)
              )
              (proj_q): Linear(in_features=192, out_features=192, bias=True)
              (proj_k): Linear(in_features=192, out_features=192, bias=True)
              (proj_v): Linear(in_features=192, out_features=192, bias=True)
              (proj_out): Linear(in_features=192, out_features=192, bias=True)
            )
            (gelu): GELU(approximate='none')
            (up): Linear(in_features=192, out_features=768, bias=True)
            (gelu2): GELU(approximate='none')
          )
        )
      )
    )
    (ln_post): LayerNorm((768,), eps=1e-05, elementwise_affine=True, bias=True)
    (classification_layer): Linear(in_features=768, out_features=64, bias=True)
    (focus_branch): D2STFocusResidual(
      (norm): LayerNorm((768,), eps=1e-05, elementwise_affine=True, bias=True)
      (time_proj): Linear(in_features=1, out_features=768, bias=True)
      (temporal): TransformerEncoderLayer(
        (self_attn): MultiheadAttention(
          (out_proj): NonDynamicallyQuantizableLinear(in_features=768, out_features=768, bias=True)
        )
        (linear1): Linear(in_features=768, out_features=1536, bias=True)
        (dropout): Dropout(p=0.1, inplace=False)
        (linear2): Linear(in_features=1536, out_features=768, bias=True)
        (norm1): LayerNorm((768,), eps=1e-05, elementwise_affine=True, bias=True)
        (norm2): LayerNorm((768,), eps=1e-05, elementwise_affine=True, bias=True)
        (dropout1): Dropout(p=0.1, inplace=False)
        (dropout2): Dropout(p=0.1, inplace=False)
      )
      (gate): Sequential(
        (0): Linear(in_features=768, out_features=48, bias=True)
        (1): GELU(approximate='none')
        (2): Linear(in_features=48, out_features=1, bias=True)
      )
    )
  )
)
[07/30 09:05:16][INFO] models.utils.optimizer:   82: Optimized parameters constructed. Parameters without weight decay: []
[07/30 09:05:16][INFO] datasets.base.few_shot_dataset:   97: Reading video list from file: train_few_shot.txt
[07/30 09:05:16][INFO] datasets.base.few_shot_dataset:  127: Loading SSv2-Full dataset list for split 'train'...
[07/30 09:05:16][INFO] datasets.base.few_shot_dataset:   47: loaded 67013 videos from train dataset: SSv2-Full !
[07/30 09:05:16][INFO] datasets.base.few_shot_dataset:  153: Dataset SSv2-Full split train loaded. Length 67013.
[07/30 09:05:16][INFO] datasets.base.builder:   95: Using spawn DataLoader workers for CUDA frame selector during cache-based keyframe decoding.
[07/30 09:05:16][INFO] datasets.base.few_shot_dataset:   97: Reading video list from file: test_few_shot.txt
[07/30 09:05:16][INFO] datasets.base.few_shot_dataset:  127: Loading SSv2-Full dataset list for split 'test'...
[07/30 09:05:16][INFO] datasets.base.few_shot_dataset:   47: loaded 2857 videos from test dataset: SSv2-Full !
[07/30 09:05:16][INFO] datasets.base.few_shot_dataset:  153: Dataset SSv2-Full split test loaded. Length 2857.
[07/30 09:05:16][INFO] datasets.base.builder:   95: Using spawn DataLoader workers for CUDA frame selector during cache-based keyframe decoding.
[07/30 09:05:16][INFO] train_net_few_shot:  193: Start epoch: 1
[07/30 09:05:16][INFO] train_net_few_shot:  211: Number of total parameters: 97896163, tunable parameters: 12099043
[07/30 09:05:16][INFO] train_net_few_shot:   34: Norm training: True
[07/30 09:06:46][INFO] utils.logging:   91: {"_type": "train_iter", "iter": "200/9000", "loss": 9.957298, "lr": 0.000377, "top1_acc": 33.799999}
[07/30 09:08:04][INFO] utils.logging:   91: {"_type": "train_iter", "iter": "400/9000", "loss": 8.831779, "lr": 0.000555, "top1_acc": 44.100000}
[07/30 09:09:22][INFO] utils.logging:   91: {"_type": "train_iter", "iter": "600/9000", "loss": 7.617166, "lr": 0.000732, "top1_acc": 48.200000}
[07/30 09:10:40][INFO] utils.logging:   91: {"_type": "train_iter", "iter": "800/9000", "loss": 7.079591, "lr": 0.000910, "top1_acc": 53.000001}
[07/30 09:11:58][INFO] utils.logging:   91: {"_type": "train_iter", "iter": "1000/9000", "loss": 6.684779, "lr": 0.001000, "top1_acc": 51.700001}
[07/30 09:13:16][INFO] utils.logging:   91: {"_type": "train_iter", "iter": "1200/9000", "loss": 6.224058, "lr": 0.001000, "top1_acc": 55.300000}
[07/30 09:14:34][INFO] utils.logging:   91: {"_type": "train_iter", "iter": "1400/9000", "loss": 5.879254, "lr": 0.001000, "top1_acc": 58.200001}
[07/30 09:15:52][INFO] utils.logging:   91: {"_type": "train_iter", "iter": "1600/9000", "loss": 5.551528, "lr": 0.001000, "top1_acc": 61.600001}
[07/30 09:17:11][INFO] utils.logging:   91: {"_type": "train_iter", "iter": "1800/9000", "loss": 5.161963, "lr": 0.001000, "top1_acc": 60.100001}
[07/30 09:18:29][INFO] utils.logging:   91: {"_type": "train_iter", "iter": "2000/9000", "loss": 5.291682, "lr": 0.001000, "top1_acc": 62.600001}
[07/30 09:19:47][INFO] utils.logging:   91: {"_type": "train_iter", "iter": "2200/9000", "loss": 5.149527, "lr": 0.001000, "top1_acc": 64.500001}
[07/30 09:21:05][INFO] utils.logging:   91: {"_type": "train_iter", "iter": "2400/9000", "loss": 4.831663, "lr": 0.001000, "top1_acc": 65.500001}
[07/30 09:22:23][INFO] utils.logging:   91: {"_type": "train_iter", "iter": "2600/9000", "loss": 4.540881, "lr": 0.001000, "top1_acc": 65.400001}
[07/30 09:23:42][INFO] utils.logging:   91: {"_type": "train_iter", "iter": "2800/9000", "loss": 4.542614, "lr": 0.001000, "top1_acc": 65.900001}
[07/30 09:25:00][INFO] utils.logging:   91: {"_type": "train_iter", "iter": "3000/9000", "loss": 4.302565, "lr": 0.001000, "top1_acc": 66.800001}
[07/30 09:26:19][INFO] utils.logging:   91: {"_type": "train_iter", "iter": "3200/9000", "loss": 4.409044, "lr": 0.001000, "top1_acc": 66.400001}
[07/30 09:27:38][INFO] utils.logging:   91: {"_type": "train_iter", "iter": "3400/9000", "loss": 4.135333, "lr": 0.001000, "top1_acc": 68.400002}
[07/30 09:28:57][INFO] utils.logging:   91: {"_type": "train_iter", "iter": "3600/9000", "loss": 3.906801, "lr": 0.001000, "top1_acc": 69.400001}
[07/30 09:30:17][INFO] utils.logging:   91: {"_type": "train_iter", "iter": "3800/9000", "loss": 3.692662, "lr": 0.000500, "top1_acc": 71.700001}
[07/30 09:31:38][INFO] utils.logging:   91: {"_type": "train_iter", "iter": "4000/9000", "loss": 3.675990, "lr": 0.000500, "top1_acc": 70.600002}
[07/30 09:32:58][INFO] utils.logging:   91: {"_type": "train_iter", "iter": "4200/9000", "loss": 3.306085, "lr": 0.000500, "top1_acc": 72.700001}
[07/30 09:34:18][INFO] utils.logging:   91: {"_type": "train_iter", "iter": "4400/9000", "loss": 3.377666, "lr": 0.000500, "top1_acc": 72.700002}
[07/30 09:35:36][INFO] utils.logging:   91: {"_type": "train_iter", "iter": "4600/9000", "loss": 3.231182, "lr": 0.000500, "top1_acc": 74.300001}
[07/30 09:36:55][INFO] utils.logging:   91: {"_type": "train_iter", "iter": "4800/9000", "loss": 3.182837, "lr": 0.000500, "top1_acc": 73.300001}
[07/30 09:38:13][INFO] utils.logging:   91: {"_type": "train_iter", "iter": "5000/9000", "loss": 3.213926, "lr": 0.000500, "top1_acc": 74.400001}
[07/30 09:39:31][INFO] utils.logging:   91: {"_type": "train_iter", "iter": "5200/9000", "loss": 3.102957, "lr": 0.000500, "top1_acc": 73.700002}
[07/30 09:40:49][INFO] utils.logging:   91: {"_type": "train_iter", "iter": "5400/9000", "loss": 2.969662, "lr": 0.000500, "top1_acc": 77.300001}
[07/30 09:42:08][INFO] utils.logging:   91: {"_type": "train_iter", "iter": "5600/9000", "loss": 2.833537, "lr": 0.000100, "top1_acc": 77.400001}
[07/30 09:43:26][INFO] utils.logging:   91: {"_type": "train_iter", "iter": "5800/9000", "loss": 2.681995, "lr": 0.000100, "top1_acc": 75.900001}
[07/30 09:44:44][INFO] utils.logging:   91: {"_type": "train_iter", "iter": "6000/9000", "loss": 2.808096, "lr": 0.000100, "top1_acc": 75.600001}
[07/30 09:46:03][INFO] utils.logging:   91: {"_type": "train_iter", "iter": "6200/9000", "loss": 2.495943, "lr": 0.000100, "top1_acc": 78.100001}
[07/30 09:47:22][INFO] utils.logging:   91: {"_type": "train_iter", "iter": "6400/9000", "loss": 2.829220, "lr": 0.000100, "top1_acc": 75.300001}
[07/30 09:48:40][INFO] utils.logging:   91: {"_type": "train_iter", "iter": "6600/9000", "loss": 2.646008, "lr": 0.000100, "top1_acc": 78.800002}
[07/30 09:49:59][INFO] utils.logging:   91: {"_type": "train_iter", "iter": "6800/9000", "loss": 2.662266, "lr": 0.000100, "top1_acc": 78.100001}
[07/30 09:51:18][INFO] utils.logging:   91: {"_type": "train_iter", "iter": "7000/9000", "loss": 2.564585, "lr": 0.000100, "top1_acc": 80.000001}
[07/30 09:52:36][INFO] utils.logging:   91: {"_type": "train_iter", "iter": "7200/9000", "loss": 2.574116, "lr": 0.000100, "top1_acc": 78.000002}
[07/30 09:53:55][INFO] utils.logging:   91: {"_type": "train_iter", "iter": "7400/9000", "loss": 2.311157, "lr": 0.000050, "top1_acc": 79.500001}
[07/30 09:55:14][INFO] utils.logging:   91: {"_type": "train_iter", "iter": "7600/9000", "loss": 2.429618, "lr": 0.000050, "top1_acc": 79.500001}
[07/30 09:56:32][INFO] utils.logging:   91: {"_type": "train_iter", "iter": "7800/9000", "loss": 2.310645, "lr": 0.000050, "top1_acc": 80.800001}
[07/30 09:57:51][INFO] utils.logging:   91: {"_type": "train_iter", "iter": "8000/9000", "loss": 2.350860, "lr": 0.000050, "top1_acc": 78.200001}
[07/30 09:59:10][INFO] utils.logging:   91: {"_type": "train_iter", "iter": "8200/9000", "loss": 2.492102, "lr": 0.000050, "top1_acc": 78.500001}
[07/30 10:00:29][INFO] utils.logging:   91: {"_type": "train_iter", "iter": "8400/9000", "loss": 2.263933, "lr": 0.000050, "top1_acc": 79.300001}
[07/30 10:01:47][INFO] utils.logging:   91: {"_type": "train_iter", "iter": "8600/9000", "loss": 2.414689, "lr": 0.000050, "top1_acc": 78.600001}
[07/30 10:03:06][INFO] utils.logging:   91: {"_type": "train_iter", "iter": "8800/9000", "loss": 2.324737, "lr": 0.000050, "top1_acc": 78.400001}
[07/30 10:04:59][INFO] utils.logging:   91: {"_type": "val_iter", "gpu_mem": "1.85 GB", "iter": "200/10000", "top1_acc": 58.200001}
[07/30 10:05:21][INFO] utils.logging:   91: {"_type": "val_iter", "gpu_mem": "1.85 GB", "iter": "400/10000", "top1_acc": 60.700001}
[07/30 10:05:44][INFO] utils.logging:   91: {"_type": "val_iter", "gpu_mem": "1.85 GB", "iter": "600/10000", "top1_acc": 59.800001}
[07/30 10:06:07][INFO] utils.logging:   91: {"_type": "val_iter", "gpu_mem": "1.85 GB", "iter": "800/10000", "top1_acc": 56.100001}
[07/30 10:06:30][INFO] utils.logging:   91: {"_type": "val_iter", "gpu_mem": "1.85 GB", "iter": "1000/10000", "top1_acc": 57.500001}
[07/30 10:06:53][INFO] utils.logging:   91: {"_type": "val_iter", "gpu_mem": "1.85 GB", "iter": "1200/10000", "top1_acc": 58.000000}
[07/30 10:07:16][INFO] utils.logging:   91: {"_type": "val_iter", "gpu_mem": "1.85 GB", "iter": "1400/10000", "top1_acc": 57.400001}
[07/30 10:07:39][INFO] utils.logging:   91: {"_type": "val_iter", "gpu_mem": "1.85 GB", "iter": "1600/10000", "top1_acc": 59.100001}
[07/30 10:08:01][INFO] utils.logging:   91: {"_type": "val_iter", "gpu_mem": "1.85 GB", "iter": "1800/10000", "top1_acc": 58.200001}
[07/30 10:08:24][INFO] utils.logging:   91: {"_type": "val_iter", "gpu_mem": "1.85 GB", "iter": "2000/10000", "top1_acc": 56.500001}
[07/30 10:08:47][INFO] utils.logging:   91: {"_type": "val_iter", "gpu_mem": "1.85 GB", "iter": "2200/10000", "top1_acc": 56.800001}
[07/30 10:09:10][INFO] utils.logging:   91: {"_type": "val_iter", "gpu_mem": "1.85 GB", "iter": "2400/10000", "top1_acc": 60.100001}
[07/30 10:09:33][INFO] utils.logging:   91: {"_type": "val_iter", "gpu_mem": "1.85 GB", "iter": "2600/10000", "top1_acc": 58.400001}
[07/30 10:09:56][INFO] utils.logging:   91: {"_type": "val_iter", "gpu_mem": "1.85 GB", "iter": "2800/10000", "top1_acc": 60.600001}
[07/30 10:10:18][INFO] utils.logging:   91: {"_type": "val_iter", "gpu_mem": "1.85 GB", "iter": "3000/10000", "top1_acc": 61.300001}
[07/30 10:10:41][INFO] utils.logging:   91: {"_type": "val_iter", "gpu_mem": "1.85 GB", "iter": "3200/10000", "top1_acc": 61.000001}
[07/30 10:11:04][INFO] utils.logging:   91: {"_type": "val_iter", "gpu_mem": "1.85 GB", "iter": "3400/10000", "top1_acc": 60.100001}
[07/30 10:11:27][INFO] utils.logging:   91: {"_type": "val_iter", "gpu_mem": "1.85 GB", "iter": "3600/10000", "top1_acc": 58.600001}
[07/30 10:11:50][INFO] utils.logging:   91: {"_type": "val_iter", "gpu_mem": "1.85 GB", "iter": "3800/10000", "top1_acc": 61.200001}
[07/30 10:12:13][INFO] utils.logging:   91: {"_type": "val_iter", "gpu_mem": "1.85 GB", "iter": "4000/10000", "top1_acc": 59.700001}
[07/30 10:12:36][INFO] utils.logging:   91: {"_type": "val_iter", "gpu_mem": "1.85 GB", "iter": "4200/10000", "top1_acc": 57.600001}
[07/30 10:12:58][INFO] utils.logging:   91: {"_type": "val_iter", "gpu_mem": "1.85 GB", "iter": "4400/10000", "top1_acc": 61.000001}
[07/30 10:13:21][INFO] utils.logging:   91: {"_type": "val_iter", "gpu_mem": "1.85 GB", "iter": "4600/10000", "top1_acc": 58.300001}
[07/30 10:13:44][INFO] utils.logging:   91: {"_type": "val_iter", "gpu_mem": "1.85 GB", "iter": "4800/10000", "top1_acc": 57.400001}
[07/30 10:14:07][INFO] utils.logging:   91: {"_type": "val_iter", "gpu_mem": "1.85 GB", "iter": "5000/10000", "top1_acc": 59.400001}
[07/30 10:14:30][INFO] utils.logging:   91: {"_type": "val_iter", "gpu_mem": "1.85 GB", "iter": "5200/10000", "top1_acc": 56.300001}
[07/30 10:14:53][INFO] utils.logging:   91: {"_type": "val_iter", "gpu_mem": "1.85 GB", "iter": "5400/10000", "top1_acc": 59.900001}
[07/30 10:15:15][INFO] utils.logging:   91: {"_type": "val_iter", "gpu_mem": "1.85 GB", "iter": "5600/10000", "top1_acc": 59.400001}
[07/30 10:15:38][INFO] utils.logging:   91: {"_type": "val_iter", "gpu_mem": "1.85 GB", "iter": "5800/10000", "top1_acc": 60.200001}
[07/30 10:16:01][INFO] utils.logging:   91: {"_type": "val_iter", "gpu_mem": "1.85 GB", "iter": "6000/10000", "top1_acc": 58.300001}
[07/30 10:16:24][INFO] utils.logging:   91: {"_type": "val_iter", "gpu_mem": "1.85 GB", "iter": "6200/10000", "top1_acc": 59.600001}
[07/30 10:16:46][INFO] utils.logging:   91: {"_type": "val_iter", "gpu_mem": "1.85 GB", "iter": "6400/10000", "top1_acc": 60.100001}
[07/30 10:17:09][INFO] utils.logging:   91: {"_type": "val_iter", "gpu_mem": "1.85 GB", "iter": "6600/10000", "top1_acc": 58.700001}
[07/30 10:17:32][INFO] utils.logging:   91: {"_type": "val_iter", "gpu_mem": "1.85 GB", "iter": "6800/10000", "top1_acc": 57.100001}
[07/30 10:17:55][INFO] utils.logging:   91: {"_type": "val_iter", "gpu_mem": "1.85 GB", "iter": "7000/10000", "top1_acc": 59.300001}
[07/30 10:18:17][INFO] utils.logging:   91: {"_type": "val_iter", "gpu_mem": "1.85 GB", "iter": "7200/10000", "top1_acc": 61.400001}
[07/30 10:18:40][INFO] utils.logging:   91: {"_type": "val_iter", "gpu_mem": "1.85 GB", "iter": "7400/10000", "top1_acc": 59.000001}
[07/30 10:19:03][INFO] utils.logging:   91: {"_type": "val_iter", "gpu_mem": "1.85 GB", "iter": "7600/10000", "top1_acc": 57.400001}
[07/30 10:19:26][INFO] utils.logging:   91: {"_type": "val_iter", "gpu_mem": "1.85 GB", "iter": "7800/10000", "top1_acc": 56.400001}
[07/30 10:19:49][INFO] utils.logging:   91: {"_type": "val_iter", "gpu_mem": "1.85 GB", "iter": "8000/10000", "top1_acc": 56.700001}
[07/30 10:20:11][INFO] utils.logging:   91: {"_type": "val_iter", "gpu_mem": "1.85 GB", "iter": "8200/10000", "top1_acc": 57.500001}
[07/30 10:20:34][INFO] utils.logging:   91: {"_type": "val_iter", "gpu_mem": "1.85 GB", "iter": "8400/10000", "top1_acc": 59.000001}
[07/30 10:20:57][INFO] utils.logging:   91: {"_type": "val_iter", "gpu_mem": "1.85 GB", "iter": "8600/10000", "top1_acc": 59.200001}
[07/30 10:21:20][INFO] utils.logging:   91: {"_type": "val_iter", "gpu_mem": "1.85 GB", "iter": "8800/10000", "top1_acc": 62.700001}
[07/30 10:21:42][INFO] utils.logging:   91: {"_type": "val_iter", "gpu_mem": "1.85 GB", "iter": "9000/10000", "top1_acc": 59.400001}
[07/30 10:22:05][INFO] utils.logging:   91: {"_type": "val_iter", "gpu_mem": "1.85 GB", "iter": "9200/10000", "top1_acc": 58.400001}
[07/30 10:22:28][INFO] utils.logging:   91: {"_type": "val_iter", "gpu_mem": "1.85 GB", "iter": "9400/10000", "top1_acc": 59.900001}
[07/30 10:22:51][INFO] utils.logging:   91: {"_type": "val_iter", "gpu_mem": "1.85 GB", "iter": "9600/10000", "top1_acc": 59.000001}
[07/30 10:23:13][INFO] utils.logging:   91: {"_type": "val_iter", "gpu_mem": "1.85 GB", "iter": "9800/10000", "top1_acc": 60.200001}
[07/30 10:23:36][INFO] utils.logging:   91: {"_type": "val_iter", "gpu_mem": "1.85 GB", "iter": "10000/10000", "top1_acc": 58.500001}
[07/30 10:23:37][INFO] utils.logging:   91: {"RAM": "16.92/125.62 GB", "_type": "val_epoch", "epoch": "1", "gpu_mem": "1.85 GB", "top1_acc": 58.932001}
[07/30 10:23:37][INFO] utils.logging:   91: {"_type": "train_iter", "iter": "9000/9000", "loss": 2.289817, "lr": 0.000050, "top1_acc": 79.400001}
[07/30 10:23:38][INFO] utils.logging:   91: {"RAM": "11.99/125.62 GB", "_type": "train_epoch", "epoch": "10", "gpu_mem": "1.85 GB", "loss": 4.074951, "lr": 0.000050, "top1_acc": 69.577779}
[07/30 10:46:48][INFO] train_net_few_shot:  166: Train with config:
[07/30 10:46:48][INFO] train_net_few_shot:  167: {
  "TASK_TYPE": "few_shot_action",
  "PRETRAIN": {
    "ENABLE": false
  },
  "LOCALIZATION": {
    "ENABLE": false
  },
  "TRAIN": {
    "ENABLE": true,
    "DATASET": "SSv2-Full",
    "BATCH_SIZE": 1,
    "LOG_FILE": "train.log",
    "EVAL_PERIOD": 2,
    "NUM_FOLDS": 1,
    "AUTO_RESUME": true,
    "CHECKPOINT_PERIOD": 10,
    "CHECKPOINT_FILE_PATH": "",
    "CHECKPOINT_TYPE": "pytorch",
    "CHECKPOINT_INFLATE": false,
    "CHECKPOINT_PRE_PROCESS": {
      "ENABLE": false
    },
    "FINE_TUNE": true,
    "ONLY_LINEAR": false,
    "LR_REDUCE": false,
    "TRAIN_VAL_COMBINE": false,
    "LOSS_FUNC": "cross_entropy",
    "USE_CLASSIFICATION_VALUE": 2.0,
    "GRADIENT_CHECKPOINT": true,
    "NUM_CLASS": 64,
    "META_BATCH": true,
    "WAY": 5,
    "SHOT": 1,
    "QUERY_PER_CLASS": 1,
    "QUERY_PER_CLASS_TEST": 1,
    "NUM_TRAIN_TASKS": 30000,
    "NUM_TEST_TASKS": 10000,
    "VAL_FRE_ITER": 10000,
    "BATCH_SIZE_PER_TASK": 4,
    "USE_KEYFRAME_SELECTION": true
  },
  "TEST": {
    "ENABLE": true,
    "DATASET": "SSv2-Full",
    "BATCH_SIZE": 1,
    "NUM_SPATIAL_CROPS": 1,
    "SPATIAL_CROPS": "cctltr",
    "NUM_ENSEMBLE_VIEWS": 1,
    "LOG_FILE": "test.log",
    "CHECKPOINT_FILE_PATH": "",
    "CHECKPOINT_TYPE": "pytorch",
    "AUTOMATIC_MULTI_SCALE_TEST": false,
    "TEST_SET": "val",
    "UPLOAD_CLASSIFIER_RESULTS": true,
    "SHOT": [
      5
    ],
    "USE_KEYFRAME_SELECTION": true
  },
  "VISUALIZATION": {
    "ENABLE": false,
    "NAME": "",
    "FEATURE_MAPS": {
      "ENABLE": false,
      "BASE_OUTPUT_DIR": ""
    }
  },
  "SUBMISSION": {
    "ENABLE": false,
    "SAVE_RESULTS_PATH": "test.json"
  },
  "DATA": {
    "DATA_ROOT_DIR": "/mnt/data/yanyi2025/lrc/action_data/ssv2/videos/videos/",
    "ANNO_DIR": "config/ssv2_full/",
    "NUM_INPUT_FRAMES": 8,
    "NUM_INPUT_CHANNELS": 2304,
    "SAMPLING_MODE": "interval_based",
    "SAMPLING_RATE": 50,
    "TRAIN_JITTER_SCALES": [
      256,
      256
    ],
    "TRAIN_CROP_SIZE": 224,
    "TEST_SCALE": 256,
    "TEST_CROP_SIZE": 224,
    "MEAN": [
      0.48145466,
      0.4578275,
      0.40821073
    ],
    "STD": [
      0.26862954,
      0.26130258,
      0.27577711
    ],
    "MULTI_LABEL": false,
    "ENSEMBLE_METHOD": "sum",
    "TARGET_FPS": 12,
    "MINUS_INTERVAL": false,
    "FPS": 12,
    "NORM_FEATURE": false,
    "USE_AUG_FEATURE": false,
    "AUG": false,
    "LOAD_PROPS": false,
    "TEMPORAL_SCALE": 256,
    "LABELS_TYPE": "cls",
    "LOAD_TYPE": "pickle",
    "DOWNLOAD_FEATURE": true,
    "VIDEO_EXT": ".webm",
    "SAMPLING_UNIFORM": false,
    "SAMPLING_METHOD": "otam_anchor_keyframe",
    "TEST_CENTER_CROP": true,
    "CLIP_INTERVAL": 8
  },
  "MODEL": {
    "NAME": "BaseVideoModel",
    "EMA": {
      "ENABLE": false,
      "DECAY": 0.99996
    }
  },
  "VIDEO": {
    "BACKBONE": {
      "DEPTH": null,
      "META_ARCH": "Identity",
      "NUM_FILTERS": null,
      "NUM_INPUT_CHANNELS": 3,
      "NUM_OUT_FEATURES": null,
      "KERNEL_SIZE": null,
      "DOWNSAMPLING": null,
      "DOWNSAMPLING_TEMPORAL": null,
      "NUM_STREAMS": 1,
      "EXPANSION_RATIO": 2,
      "BRANCH": {
        "NAME": null
      },
      "STEM": {
        "NAME": null
      },
      "NONLOCAL": {
        "ENABLE": false,
        "STAGES": [
          5
        ],
        "MASK_ENABLE": false
      },
      "INITIALIZATION": null
    },
    "HEAD": {
      "NAME": "BaseTemporalClassifier",
      "ACTIVATION": "softmax",
      "DROPOUT_RATE": 0.0,
      "NUM_CLASSES": 200
    }
  },
  "OPTIMIZER": {
    "ADJUST_LR": false,
    "BASE_LR": 0.002,
    "LR_POLICY": "cosine",
    "MAX_EPOCH": 300,
    "MOMENTUM": 0.9,
    "WEIGHT_DECAY": "1e-3",
    "WARMUP_EPOCHS": 10,
    "WARMUP_START_LR": 0.0002,
    "OPTIM_METHOD": "adam",
    "DAMPENING": 0.0,
    "NESTEROV": true
  },
  "BN": {
    "WB_LOCK": false,
    "FREEZE": false,
    "WEIGHT_DECAY": 0.0,
    "MOMENTUM": 0.1,
    "EPS": "1e-3",
    "SYNC": false
  },
  "DATA_LOADER": {
    "NUM_WORKERS": 8,
    "PIN_MEMORY": true,
    "ENABLE_MULTI_THREAD_DECODE": true,
    "COLLATE_FN": null
  },
  "NUM_GPUS": 1,
  "SHARD_ID": 0,
  "NUM_SHARDS": 1,
  "RANDOM_SEED": 18,
  "OUTPUT_DIR": "output/SSv2_Full_BDTS_anchor_keyframe_FOCUS",
  "OUTPUT_CFG_FILE": "configuration.log",
  "LOG_PERIOD": 200,
  "DIST_BACKEND": "nccl",
  "LOG_MODEL_INFO": false,
  "LOG_CONFIG_INFO": true,
  "OSS": {
    "ENABLE": false,
    "KEY": null,
    "SECRET": null,
    "ENDPOINT": null,
    "CHECKPOINT_OUTPUT_PATH": null,
    "SECONDARY_DATA_OSS": {
      "ENABLE": false,
      "KEY": null,
      "SECRET": null,
      "ENDPOINT": null,
      "BUCKETS": [
        ""
      ]
    }
  },
  "AUGMENTATION": {
    "COLOR_AUG": false,
    "BRIGHTNESS": 0.5,
    "CONTRAST": 0.5,
    "SATURATION": 0.5,
    "HUE": 0.25,
    "GRAYSCALE": 0.3,
    "CONSISTENT": true,
    "SHUFFLE": true,
    "GRAY_FIRST": true,
    "RATIO": [
      0.857142857142857,
      1.1666666666666667
    ],
    "USE_GPU": false,
    "MIXUP": {
      "ENABLE": false,
      "ALPHA": 0.0,
      "PROB": 1.0,
      "MODE": "batch",
      "SWITCH_PROB": 0.5
    },
    "CUTMIX": {
      "ENABLE": false,
      "ALPHA": 0.0,
      "MINMAX": null
    },
    "RANDOM_ERASING": {
      "ENABLE": false,
      "PROB": 0.25,
      "MODE": "const",
      "COUNT": [
        1,
        1
      ],
      "NUM_SPLITS": 0,
      "AREA_RANGE": [
        0.02,
        0.33
      ],
      "MIN_ASPECT": 0.3
    },
    "LABEL_SMOOTHING": 0.0,
    "SSV2_FLIP": false,
    "IS_SPLIT": false,
    "NO_RANDOM_ERASE": true,
    "SUPPORT_QUERY_DIFF": true
  },
  "PAI": false,
  "USE_MULTISEG_VAL_DIST": false,
  "DETECTION": {
    "ENABLE": false
  },
  "TENSORBOARD": {
    "ENABLE": false
  },
  "SOLVER": {
    "BASE_LR": 0.001,
    "LR_POLICY": "steps_with_relative_lrs",
    "MAX_EPOCH": 10,
    "MOMENTUM": 0.9,
    "WEIGHT_DECAY": "5e-4",
    "WARMUP_EPOCHS": 1,
    "WARMUP_START_LR": 0.0002,
    "OPTIM_METHOD": "adam",
    "DAMPENING": 0.0,
    "NESTEROV": true,
    "STEPS_ITER": 900,
    "STEPS": [
      0,
      4,
      6,
      8
    ],
    "LRS": [
      1,
      0.5,
      0.1,
      0.05
    ]
  },
  "PRE_DOWNLOAD": {
    "ENABLE": false
  },
  "SUPPORT_SHOT": 1,
  "FRAME_SELECTOR": {
    "ENABLE": true,
    "TOTAL_FRAMES": 32,
    "SELECT_FRAMES": 8,
    "SEGMENTS": 4,
    "FEAT_DIM": 0,
    "PRETRAINED_CKPT": "/mnt/data/yanyi2025/lrc/code/CLIP-FSAR/output/frame_selector/ssv2_ViT-B16/frame_selector_best.pth",
    "NUM_ANCHOR_FRAMES": 4,
    "NUM_KEY_FRAMES": 4,
    "MIN_FRAME_GAP": 2,
    "ENABLE_CACHE_DECODE": true,
    "FEAT_CACHE_DIR": "/mnt/data/yanyi2025/lrc/code/CLIP-FSAR/data/feat_cache/ssv2/ViT-B-16_T32",
    "CACHE_MISMATCH_POLICY": "error"
  },
  "FOCUS": {
    "ENABLE": true,
    "HEADS": 8,
    "DROPOUT": 0.1,
    "GATE_INIT": -4.0,
    "TEMPORAL_GATE_INIT": -4.0,
    "ALPHA_INIT": -4.0
  },
  "ADAPTER": {
    "NAME": "ViT_CLIP",
    "PRETRAINED": "ViT-B/16",
    "WIDTH": 768,
    "PATCH_SIZE": 16,
    "LAYERS": 12,
    "HEADS": 12,
    "ADAPTER_SCALE": 0.25
  },
  "INIT_METHOD": "tcp://localhost:1111",
  "CUDA_VISIBLE_DEVICES": "1"
}

[07/30 10:46:48][INFO] models.base.adapter:  650: load model from: ViT-B/16
[07/30 10:46:49][INFO] models.base.adapter:  657: Missing keys: ['temporal_embedding', 'focus_alpha', 'transformer.resblocks.0.Adapter.down.weight', 'transformer.resblocks.0.Adapter.down.bias', 'transformer.resblocks.0.Adapter.pos_embed.weight', 'transformer.resblocks.0.Adapter.pos_embed.bias', 'transformer.resblocks.0.Adapter.s_ln.weight', 'transformer.resblocks.0.Adapter.s_ln.bias', 'transformer.resblocks.0.Adapter.s_attn.conv_offset.0.weight', 'transformer.resblocks.0.Adapter.s_attn.conv_offset.0.bias', 'transformer.resblocks.0.Adapter.s_attn.conv_offset.1.norm.weight', 'transformer.resblocks.0.Adapter.s_attn.conv_offset.1.norm.bias', 'transformer.resblocks.0.Adapter.s_attn.conv_offset.3.weight', 'transformer.resblocks.0.Adapter.s_attn.proj_q.weight', 'transformer.resblocks.0.Adapter.s_attn.proj_q.bias', 'transformer.resblocks.0.Adapter.s_attn.proj_k.weight', 'transformer.resblocks.0.Adapter.s_attn.proj_k.bias', 'transformer.resblocks.0.Adapter.s_attn.proj_v.weight', 'transformer.resblocks.0.Adapter.s_attn.proj_v.bias', 'transformer.resblocks.0.Adapter.s_attn.proj_out.weight', 'transformer.resblocks.0.Adapter.s_attn.proj_out.bias', 'transformer.resblocks.0.Adapter.t_ln.weight', 'transformer.resblocks.0.Adapter.t_ln.bias', 'transformer.resblocks.0.Adapter.t_attn.conv_offset.0.weight', 'transformer.resblocks.0.Adapter.t_attn.conv_offset.0.bias', 'transformer.resblocks.0.Adapter.t_attn.conv_offset.1.norm.weight', 'transformer.resblocks.0.Adapter.t_attn.conv_offset.1.norm.bias', 'transformer.resblocks.0.Adapter.t_attn.conv_offset.3.weight', 'transformer.resblocks.0.Adapter.t_attn.proj_q.weight', 'transformer.resblocks.0.Adapter.t_attn.proj_q.bias', 'transformer.resblocks.0.Adapter.t_attn.proj_k.weight', 'transformer.resblocks.0.Adapter.t_attn.proj_k.bias', 'transformer.resblocks.0.Adapter.t_attn.proj_v.weight', 'transformer.resblocks.0.Adapter.t_attn.proj_v.bias', 'transformer.resblocks.0.Adapter.t_attn.proj_out.weight', 'transformer.resblocks.0.Adapter.t_attn.proj_out.bias', 'transformer.resblocks.0.Adapter.up.weight', 'transformer.resblocks.0.Adapter.up.bias', 'transformer.resblocks.1.Adapter.down.weight', 'transformer.resblocks.1.Adapter.down.bias', 'transformer.resblocks.1.Adapter.pos_embed.weight', 'transformer.resblocks.1.Adapter.pos_embed.bias', 'transformer.resblocks.1.Adapter.s_ln.weight', 'transformer.resblocks.1.Adapter.s_ln.bias', 'transformer.resblocks.1.Adapter.s_attn.conv_offset.0.weight', 'transformer.resblocks.1.Adapter.s_attn.conv_offset.0.bias', 'transformer.resblocks.1.Adapter.s_attn.conv_offset.1.norm.weight', 'transformer.resblocks.1.Adapter.s_attn.conv_offset.1.norm.bias', 'transformer.resblocks.1.Adapter.s_attn.conv_offset.3.weight', 'transformer.resblocks.1.Adapter.s_attn.proj_q.weight', 'transformer.resblocks.1.Adapter.s_attn.proj_q.bias', 'transformer.resblocks.1.Adapter.s_attn.proj_k.weight', 'transformer.resblocks.1.Adapter.s_attn.proj_k.bias', 'transformer.resblocks.1.Adapter.s_attn.proj_v.weight', 'transformer.resblocks.1.Adapter.s_attn.proj_v.bias', 'transformer.resblocks.1.Adapter.s_attn.proj_out.weight', 'transformer.resblocks.1.Adapter.s_attn.proj_out.bias', 'transformer.resblocks.1.Adapter.t_ln.weight', 'transformer.resblocks.1.Adapter.t_ln.bias', 'transformer.resblocks.1.Adapter.t_attn.conv_offset.0.weight', 'transformer.resblocks.1.Adapter.t_attn.conv_offset.0.bias', 'transformer.resblocks.1.Adapter.t_attn.conv_offset.1.norm.weight', 'transformer.resblocks.1.Adapter.t_attn.conv_offset.1.norm.bias', 'transformer.resblocks.1.Adapter.t_attn.conv_offset.3.weight', 'transformer.resblocks.1.Adapter.t_attn.proj_q.weight', 'transformer.resblocks.1.Adapter.t_attn.proj_q.bias', 'transformer.resblocks.1.Adapter.t_attn.proj_k.weight', 'transformer.resblocks.1.Adapter.t_attn.proj_k.bias', 'transformer.resblocks.1.Adapter.t_attn.proj_v.weight', 'transformer.resblocks.1.Adapter.t_attn.proj_v.bias', 'transformer.resblocks.1.Adapter.t_attn.proj_out.weight', 'transformer.resblocks.1.Adapter.t_attn.proj_out.bias', 'transformer.resblocks.1.Adapter.up.weight', 'transformer.resblocks.1.Adapter.up.bias', 'transformer.resblocks.2.Adapter.down.weight', 'transformer.resblocks.2.Adapter.down.bias', 'transformer.resblocks.2.Adapter.pos_embed.weight', 'transformer.resblocks.2.Adapter.pos_embed.bias', 'transformer.resblocks.2.Adapter.s_ln.weight', 'transformer.resblocks.2.Adapter.s_ln.bias', 'transformer.resblocks.2.Adapter.s_attn.conv_offset.0.weight', 'transformer.resblocks.2.Adapter.s_attn.conv_offset.0.bias', 'transformer.resblocks.2.Adapter.s_attn.conv_offset.1.norm.weight', 'transformer.resblocks.2.Adapter.s_attn.conv_offset.1.norm.bias', 'transformer.resblocks.2.Adapter.s_attn.conv_offset.3.weight', 'transformer.resblocks.2.Adapter.s_attn.proj_q.weight', 'transformer.resblocks.2.Adapter.s_attn.proj_q.bias', 'transformer.resblocks.2.Adapter.s_attn.proj_k.weight', 'transformer.resblocks.2.Adapter.s_attn.proj_k.bias', 'transformer.resblocks.2.Adapter.s_attn.proj_v.weight', 'transformer.resblocks.2.Adapter.s_attn.proj_v.bias', 'transformer.resblocks.2.Adapter.s_attn.proj_out.weight', 'transformer.resblocks.2.Adapter.s_attn.proj_out.bias', 'transformer.resblocks.2.Adapter.t_ln.weight', 'transformer.resblocks.2.Adapter.t_ln.bias', 'transformer.resblocks.2.Adapter.t_attn.conv_offset.0.weight', 'transformer.resblocks.2.Adapter.t_attn.conv_offset.0.bias', 'transformer.resblocks.2.Adapter.t_attn.conv_offset.1.norm.weight', 'transformer.resblocks.2.Adapter.t_attn.conv_offset.1.norm.bias', 'transformer.resblocks.2.Adapter.t_attn.conv_offset.3.weight', 'transformer.resblocks.2.Adapter.t_attn.proj_q.weight', 'transformer.resblocks.2.Adapter.t_attn.proj_q.bias', 'transformer.resblocks.2.Adapter.t_attn.proj_k.weight', 'transformer.resblocks.2.Adapter.t_attn.proj_k.bias', 'transformer.resblocks.2.Adapter.t_attn.proj_v.weight', 'transformer.resblocks.2.Adapter.t_attn.proj_v.bias', 'transformer.resblocks.2.Adapter.t_attn.proj_out.weight', 'transformer.resblocks.2.Adapter.t_attn.proj_out.bias', 'transformer.resblocks.2.Adapter.up.weight', 'transformer.resblocks.2.Adapter.up.bias', 'transformer.resblocks.3.Adapter.down.weight', 'transformer.resblocks.3.Adapter.down.bias', 'transformer.resblocks.3.Adapter.pos_embed.weight', 'transformer.resblocks.3.Adapter.pos_embed.bias', 'transformer.resblocks.3.Adapter.s_ln.weight', 'transformer.resblocks.3.Adapter.s_ln.bias', 'transformer.resblocks.3.Adapter.s_attn.conv_offset.0.weight', 'transformer.resblocks.3.Adapter.s_attn.conv_offset.0.bias', 'transformer.resblocks.3.Adapter.s_attn.conv_offset.1.norm.weight', 'transformer.resblocks.3.Adapter.s_attn.conv_offset.1.norm.bias', 'transformer.resblocks.3.Adapter.s_attn.conv_offset.3.weight', 'transformer.resblocks.3.Adapter.s_attn.proj_q.weight', 'transformer.resblocks.3.Adapter.s_attn.proj_q.bias', 'transformer.resblocks.3.Adapter.s_attn.proj_k.weight', 'transformer.resblocks.3.Adapter.s_attn.proj_k.bias', 'transformer.resblocks.3.Adapter.s_attn.proj_v.weight', 'transformer.resblocks.3.Adapter.s_attn.proj_v.bias', 'transformer.resblocks.3.Adapter.s_attn.proj_out.weight', 'transformer.resblocks.3.Adapter.s_attn.proj_out.bias', 'transformer.resblocks.3.Adapter.t_ln.weight', 'transformer.resblocks.3.Adapter.t_ln.bias', 'transformer.resblocks.3.Adapter.t_attn.conv_offset.0.weight', 'transformer.resblocks.3.Adapter.t_attn.conv_offset.0.bias', 'transformer.resblocks.3.Adapter.t_attn.conv_offset.1.norm.weight', 'transformer.resblocks.3.Adapter.t_attn.conv_offset.1.norm.bias', 'transformer.resblocks.3.Adapter.t_attn.conv_offset.3.weight', 'transformer.resblocks.3.Adapter.t_attn.proj_q.weight', 'transformer.resblocks.3.Adapter.t_attn.proj_q.bias', 'transformer.resblocks.3.Adapter.t_attn.proj_k.weight', 'transformer.resblocks.3.Adapter.t_attn.proj_k.bias', 'transformer.resblocks.3.Adapter.t_attn.proj_v.weight', 'transformer.resblocks.3.Adapter.t_attn.proj_v.bias', 'transformer.resblocks.3.Adapter.t_attn.proj_out.weight', 'transformer.resblocks.3.Adapter.t_attn.proj_out.bias', 'transformer.resblocks.3.Adapter.up.weight', 'transformer.resblocks.3.Adapter.up.bias', 'transformer.resblocks.4.Adapter.down.weight', 'transformer.resblocks.4.Adapter.down.bias', 'transformer.resblocks.4.Adapter.pos_embed.weight', 'transformer.resblocks.4.Adapter.pos_embed.bias', 'transformer.resblocks.4.Adapter.s_ln.weight', 'transformer.resblocks.4.Adapter.s_ln.bias', 'transformer.resblocks.4.Adapter.s_attn.conv_offset.0.weight', 'transformer.resblocks.4.Adapter.s_attn.conv_offset.0.bias', 'transformer.resblocks.4.Adapter.s_attn.conv_offset.1.norm.weight', 'transformer.resblocks.4.Adapter.s_attn.conv_offset.1.norm.bias', 'transformer.resblocks.4.Adapter.s_attn.conv_offset.3.weight', 'transformer.resblocks.4.Adapter.s_attn.proj_q.weight', 'transformer.resblocks.4.Adapter.s_attn.proj_q.bias', 'transformer.resblocks.4.Adapter.s_attn.proj_k.weight', 'transformer.resblocks.4.Adapter.s_attn.proj_k.bias', 'transformer.resblocks.4.Adapter.s_attn.proj_v.weight', 'transformer.resblocks.4.Adapter.s_attn.proj_v.bias', 'transformer.resblocks.4.Adapter.s_attn.proj_out.weight', 'transformer.resblocks.4.Adapter.s_attn.proj_out.bias', 'transformer.resblocks.4.Adapter.t_ln.weight', 'transformer.resblocks.4.Adapter.t_ln.bias', 'transformer.resblocks.4.Adapter.t_attn.conv_offset.0.weight', 'transformer.resblocks.4.Adapter.t_attn.conv_offset.0.bias', 'transformer.resblocks.4.Adapter.t_attn.conv_offset.1.norm.weight', 'transformer.resblocks.4.Adapter.t_attn.conv_offset.1.norm.bias', 'transformer.resblocks.4.Adapter.t_attn.conv_offset.3.weight', 'transformer.resblocks.4.Adapter.t_attn.proj_q.weight', 'transformer.resblocks.4.Adapter.t_attn.proj_q.bias', 'transformer.resblocks.4.Adapter.t_attn.proj_k.weight', 'transformer.resblocks.4.Adapter.t_attn.proj_k.bias', 'transformer.resblocks.4.Adapter.t_attn.proj_v.weight', 'transformer.resblocks.4.Adapter.t_attn.proj_v.bias', 'transformer.resblocks.4.Adapter.t_attn.proj_out.weight', 'transformer.resblocks.4.Adapter.t_attn.proj_out.bias', 'transformer.resblocks.4.Adapter.up.weight', 'transformer.resblocks.4.Adapter.up.bias', 'transformer.resblocks.5.Adapter.down.weight', 'transformer.resblocks.5.Adapter.down.bias', 'transformer.resblocks.5.Adapter.pos_embed.weight', 'transformer.resblocks.5.Adapter.pos_embed.bias', 'transformer.resblocks.5.Adapter.s_ln.weight', 'transformer.resblocks.5.Adapter.s_ln.bias', 'transformer.resblocks.5.Adapter.s_attn.conv_offset.0.weight', 'transformer.resblocks.5.Adapter.s_attn.conv_offset.0.bias', 'transformer.resblocks.5.Adapter.s_attn.conv_offset.1.norm.weight', 'transformer.resblocks.5.Adapter.s_attn.conv_offset.1.norm.bias', 'transformer.resblocks.5.Adapter.s_attn.conv_offset.3.weight', 'transformer.resblocks.5.Adapter.s_attn.proj_q.weight', 'transformer.resblocks.5.Adapter.s_attn.proj_q.bias', 'transformer.resblocks.5.Adapter.s_attn.proj_k.weight', 'transformer.resblocks.5.Adapter.s_attn.proj_k.bias', 'transformer.resblocks.5.Adapter.s_attn.proj_v.weight', 'transformer.resblocks.5.Adapter.s_attn.proj_v.bias', 'transformer.resblocks.5.Adapter.s_attn.proj_out.weight', 'transformer.resblocks.5.Adapter.s_attn.proj_out.bias', 'transformer.resblocks.5.Adapter.t_ln.weight', 'transformer.resblocks.5.Adapter.t_ln.bias', 'transformer.resblocks.5.Adapter.t_attn.conv_offset.0.weight', 'transformer.resblocks.5.Adapter.t_attn.conv_offset.0.bias', 'transformer.resblocks.5.Adapter.t_attn.conv_offset.1.norm.weight', 'transformer.resblocks.5.Adapter.t_attn.conv_offset.1.norm.bias', 'transformer.resblocks.5.Adapter.t_attn.conv_offset.3.weight', 'transformer.resblocks.5.Adapter.t_attn.proj_q.weight', 'transformer.resblocks.5.Adapter.t_attn.proj_q.bias', 'transformer.resblocks.5.Adapter.t_attn.proj_k.weight', 'transformer.resblocks.5.Adapter.t_attn.proj_k.bias', 'transformer.resblocks.5.Adapter.t_attn.proj_v.weight', 'transformer.resblocks.5.Adapter.t_attn.proj_v.bias', 'transformer.resblocks.5.Adapter.t_attn.proj_out.weight', 'transformer.resblocks.5.Adapter.t_attn.proj_out.bias', 'transformer.resblocks.5.Adapter.up.weight', 'transformer.resblocks.5.Adapter.up.bias', 'transformer.resblocks.6.Adapter.down.weight', 'transformer.resblocks.6.Adapter.down.bias', 'transformer.resblocks.6.Adapter.pos_embed.weight', 'transformer.resblocks.6.Adapter.pos_embed.bias', 'transformer.resblocks.6.Adapter.s_ln.weight', 'transformer.resblocks.6.Adapter.s_ln.bias', 'transformer.resblocks.6.Adapter.s_attn.conv_offset.0.weight', 'transformer.resblocks.6.Adapter.s_attn.conv_offset.0.bias', 'transformer.resblocks.6.Adapter.s_attn.conv_offset.1.norm.weight', 'transformer.resblocks.6.Adapter.s_attn.conv_offset.1.norm.bias', 'transformer.resblocks.6.Adapter.s_attn.conv_offset.3.weight', 'transformer.resblocks.6.Adapter.s_attn.proj_q.weight', 'transformer.resblocks.6.Adapter.s_attn.proj_q.bias', 'transformer.resblocks.6.Adapter.s_attn.proj_k.weight', 'transformer.resblocks.6.Adapter.s_attn.proj_k.bias', 'transformer.resblocks.6.Adapter.s_attn.proj_v.weight', 'transformer.resblocks.6.Adapter.s_attn.proj_v.bias', 'transformer.resblocks.6.Adapter.s_attn.proj_out.weight', 'transformer.resblocks.6.Adapter.s_attn.proj_out.bias', 'transformer.resblocks.6.Adapter.t_ln.weight', 'transformer.resblocks.6.Adapter.t_ln.bias', 'transformer.resblocks.6.Adapter.t_attn.conv_offset.0.weight', 'transformer.resblocks.6.Adapter.t_attn.conv_offset.0.bias', 'transformer.resblocks.6.Adapter.t_attn.conv_offset.1.norm.weight', 'transformer.resblocks.6.Adapter.t_attn.conv_offset.1.norm.bias', 'transformer.resblocks.6.Adapter.t_attn.conv_offset.3.weight', 'transformer.resblocks.6.Adapter.t_attn.proj_q.weight', 'transformer.resblocks.6.Adapter.t_attn.proj_q.bias', 'transformer.resblocks.6.Adapter.t_attn.proj_k.weight', 'transformer.resblocks.6.Adapter.t_attn.proj_k.bias', 'transformer.resblocks.6.Adapter.t_attn.proj_v.weight', 'transformer.resblocks.6.Adapter.t_attn.proj_v.bias', 'transformer.resblocks.6.Adapter.t_attn.proj_out.weight', 'transformer.resblocks.6.Adapter.t_attn.proj_out.bias', 'transformer.resblocks.6.Adapter.up.weight', 'transformer.resblocks.6.Adapter.up.bias', 'transformer.resblocks.7.Adapter.down.weight', 'transformer.resblocks.7.Adapter.down.bias', 'transformer.resblocks.7.Adapter.pos_embed.weight', 'transformer.resblocks.7.Adapter.pos_embed.bias', 'transformer.resblocks.7.Adapter.s_ln.weight', 'transformer.resblocks.7.Adapter.s_ln.bias', 'transformer.resblocks.7.Adapter.s_attn.conv_offset.0.weight', 'transformer.resblocks.7.Adapter.s_attn.conv_offset.0.bias', 'transformer.resblocks.7.Adapter.s_attn.conv_offset.1.norm.weight', 'transformer.resblocks.7.Adapter.s_attn.conv_offset.1.norm.bias', 'transformer.resblocks.7.Adapter.s_attn.conv_offset.3.weight', 'transformer.resblocks.7.Adapter.s_attn.proj_q.weight', 'transformer.resblocks.7.Adapter.s_attn.proj_q.bias', 'transformer.resblocks.7.Adapter.s_attn.proj_k.weight', 'transformer.resblocks.7.Adapter.s_attn.proj_k.bias', 'transformer.resblocks.7.Adapter.s_attn.proj_v.weight', 'transformer.resblocks.7.Adapter.s_attn.proj_v.bias', 'transformer.resblocks.7.Adapter.s_attn.proj_out.weight', 'transformer.resblocks.7.Adapter.s_attn.proj_out.bias', 'transformer.resblocks.7.Adapter.t_ln.weight', 'transformer.resblocks.7.Adapter.t_ln.bias', 'transformer.resblocks.7.Adapter.t_attn.conv_offset.0.weight', 'transformer.resblocks.7.Adapter.t_attn.conv_offset.0.bias', 'transformer.resblocks.7.Adapter.t_attn.conv_offset.1.norm.weight', 'transformer.resblocks.7.Adapter.t_attn.conv_offset.1.norm.bias', 'transformer.resblocks.7.Adapter.t_attn.conv_offset.3.weight', 'transformer.resblocks.7.Adapter.t_attn.proj_q.weight', 'transformer.resblocks.7.Adapter.t_attn.proj_q.bias', 'transformer.resblocks.7.Adapter.t_attn.proj_k.weight', 'transformer.resblocks.7.Adapter.t_attn.proj_k.bias', 'transformer.resblocks.7.Adapter.t_attn.proj_v.weight', 'transformer.resblocks.7.Adapter.t_attn.proj_v.bias', 'transformer.resblocks.7.Adapter.t_attn.proj_out.weight', 'transformer.resblocks.7.Adapter.t_attn.proj_out.bias', 'transformer.resblocks.7.Adapter.up.weight', 'transformer.resblocks.7.Adapter.up.bias', 'transformer.resblocks.8.Adapter.down.weight', 'transformer.resblocks.8.Adapter.down.bias', 'transformer.resblocks.8.Adapter.pos_embed.weight', 'transformer.resblocks.8.Adapter.pos_embed.bias', 'transformer.resblocks.8.Adapter.s_ln.weight', 'transformer.resblocks.8.Adapter.s_ln.bias', 'transformer.resblocks.8.Adapter.s_attn.conv_offset.0.weight', 'transformer.resblocks.8.Adapter.s_attn.conv_offset.0.bias', 'transformer.resblocks.8.Adapter.s_attn.conv_offset.1.norm.weight', 'transformer.resblocks.8.Adapter.s_attn.conv_offset.1.norm.bias', 'transformer.resblocks.8.Adapter.s_attn.conv_offset.3.weight', 'transformer.resblocks.8.Adapter.s_attn.proj_q.weight', 'transformer.resblocks.8.Adapter.s_attn.proj_q.bias', 'transformer.resblocks.8.Adapter.s_attn.proj_k.weight', 'transformer.resblocks.8.Adapter.s_attn.proj_k.bias', 'transformer.resblocks.8.Adapter.s_attn.proj_v.weight', 'transformer.resblocks.8.Adapter.s_attn.proj_v.bias', 'transformer.resblocks.8.Adapter.s_attn.proj_out.weight', 'transformer.resblocks.8.Adapter.s_attn.proj_out.bias', 'transformer.resblocks.8.Adapter.t_ln.weight', 'transformer.resblocks.8.Adapter.t_ln.bias', 'transformer.resblocks.8.Adapter.t_attn.conv_offset.0.weight', 'transformer.resblocks.8.Adapter.t_attn.conv_offset.0.bias', 'transformer.resblocks.8.Adapter.t_attn.conv_offset.1.norm.weight', 'transformer.resblocks.8.Adapter.t_attn.conv_offset.1.norm.bias', 'transformer.resblocks.8.Adapter.t_attn.conv_offset.3.weight', 'transformer.resblocks.8.Adapter.t_attn.proj_q.weight', 'transformer.resblocks.8.Adapter.t_attn.proj_q.bias', 'transformer.resblocks.8.Adapter.t_attn.proj_k.weight', 'transformer.resblocks.8.Adapter.t_attn.proj_k.bias', 'transformer.resblocks.8.Adapter.t_attn.proj_v.weight', 'transformer.resblocks.8.Adapter.t_attn.proj_v.bias', 'transformer.resblocks.8.Adapter.t_attn.proj_out.weight', 'transformer.resblocks.8.Adapter.t_attn.proj_out.bias', 'transformer.resblocks.8.Adapter.up.weight', 'transformer.resblocks.8.Adapter.up.bias', 'transformer.resblocks.9.Adapter.down.weight', 'transformer.resblocks.9.Adapter.down.bias', 'transformer.resblocks.9.Adapter.pos_embed.weight', 'transformer.resblocks.9.Adapter.pos_embed.bias', 'transformer.resblocks.9.Adapter.s_ln.weight', 'transformer.resblocks.9.Adapter.s_ln.bias', 'transformer.resblocks.9.Adapter.s_attn.conv_offset.0.weight', 'transformer.resblocks.9.Adapter.s_attn.conv_offset.0.bias', 'transformer.resblocks.9.Adapter.s_attn.conv_offset.1.norm.weight', 'transformer.resblocks.9.Adapter.s_attn.conv_offset.1.norm.bias', 'transformer.resblocks.9.Adapter.s_attn.conv_offset.3.weight', 'transformer.resblocks.9.Adapter.s_attn.proj_q.weight', 'transformer.resblocks.9.Adapter.s_attn.proj_q.bias', 'transformer.resblocks.9.Adapter.s_attn.proj_k.weight', 'transformer.resblocks.9.Adapter.s_attn.proj_k.bias', 'transformer.resblocks.9.Adapter.s_attn.proj_v.weight', 'transformer.resblocks.9.Adapter.s_attn.proj_v.bias', 'transformer.resblocks.9.Adapter.s_attn.proj_out.weight', 'transformer.resblocks.9.Adapter.s_attn.proj_out.bias', 'transformer.resblocks.9.Adapter.t_ln.weight', 'transformer.resblocks.9.Adapter.t_ln.bias', 'transformer.resblocks.9.Adapter.t_attn.conv_offset.0.weight', 'transformer.resblocks.9.Adapter.t_attn.conv_offset.0.bias', 'transformer.resblocks.9.Adapter.t_attn.conv_offset.1.norm.weight', 'transformer.resblocks.9.Adapter.t_attn.conv_offset.1.norm.bias', 'transformer.resblocks.9.Adapter.t_attn.conv_offset.3.weight', 'transformer.resblocks.9.Adapter.t_attn.proj_q.weight', 'transformer.resblocks.9.Adapter.t_attn.proj_q.bias', 'transformer.resblocks.9.Adapter.t_attn.proj_k.weight', 'transformer.resblocks.9.Adapter.t_attn.proj_k.bias', 'transformer.resblocks.9.Adapter.t_attn.proj_v.weight', 'transformer.resblocks.9.Adapter.t_attn.proj_v.bias', 'transformer.resblocks.9.Adapter.t_attn.proj_out.weight', 'transformer.resblocks.9.Adapter.t_attn.proj_out.bias', 'transformer.resblocks.9.Adapter.up.weight', 'transformer.resblocks.9.Adapter.up.bias', 'transformer.resblocks.10.Adapter.down.weight', 'transformer.resblocks.10.Adapter.down.bias', 'transformer.resblocks.10.Adapter.pos_embed.weight', 'transformer.resblocks.10.Adapter.pos_embed.bias', 'transformer.resblocks.10.Adapter.s_ln.weight', 'transformer.resblocks.10.Adapter.s_ln.bias', 'transformer.resblocks.10.Adapter.s_attn.conv_offset.0.weight', 'transformer.resblocks.10.Adapter.s_attn.conv_offset.0.bias', 'transformer.resblocks.10.Adapter.s_attn.conv_offset.1.norm.weight', 'transformer.resblocks.10.Adapter.s_attn.conv_offset.1.norm.bias', 'transformer.resblocks.10.Adapter.s_attn.conv_offset.3.weight', 'transformer.resblocks.10.Adapter.s_attn.proj_q.weight', 'transformer.resblocks.10.Adapter.s_attn.proj_q.bias', 'transformer.resblocks.10.Adapter.s_attn.proj_k.weight', 'transformer.resblocks.10.Adapter.s_attn.proj_k.bias', 'transformer.resblocks.10.Adapter.s_attn.proj_v.weight', 'transformer.resblocks.10.Adapter.s_attn.proj_v.bias', 'transformer.resblocks.10.Adapter.s_attn.proj_out.weight', 'transformer.resblocks.10.Adapter.s_attn.proj_out.bias', 'transformer.resblocks.10.Adapter.t_ln.weight', 'transformer.resblocks.10.Adapter.t_ln.bias', 'transformer.resblocks.10.Adapter.t_attn.conv_offset.0.weight', 'transformer.resblocks.10.Adapter.t_attn.conv_offset.0.bias', 'transformer.resblocks.10.Adapter.t_attn.conv_offset.1.norm.weight', 'transformer.resblocks.10.Adapter.t_attn.conv_offset.1.norm.bias', 'transformer.resblocks.10.Adapter.t_attn.conv_offset.3.weight', 'transformer.resblocks.10.Adapter.t_attn.proj_q.weight', 'transformer.resblocks.10.Adapter.t_attn.proj_q.bias', 'transformer.resblocks.10.Adapter.t_attn.proj_k.weight', 'transformer.resblocks.10.Adapter.t_attn.proj_k.bias', 'transformer.resblocks.10.Adapter.t_attn.proj_v.weight', 'transformer.resblocks.10.Adapter.t_attn.proj_v.bias', 'transformer.resblocks.10.Adapter.t_attn.proj_out.weight', 'transformer.resblocks.10.Adapter.t_attn.proj_out.bias', 'transformer.resblocks.10.Adapter.up.weight', 'transformer.resblocks.10.Adapter.up.bias', 'transformer.resblocks.11.Adapter.down.weight', 'transformer.resblocks.11.Adapter.down.bias', 'transformer.resblocks.11.Adapter.pos_embed.weight', 'transformer.resblocks.11.Adapter.pos_embed.bias', 'transformer.resblocks.11.Adapter.s_ln.weight', 'transformer.resblocks.11.Adapter.s_ln.bias', 'transformer.resblocks.11.Adapter.s_attn.conv_offset.0.weight', 'transformer.resblocks.11.Adapter.s_attn.conv_offset.0.bias', 'transformer.resblocks.11.Adapter.s_attn.conv_offset.1.norm.weight', 'transformer.resblocks.11.Adapter.s_attn.conv_offset.1.norm.bias', 'transformer.resblocks.11.Adapter.s_attn.conv_offset.3.weight', 'transformer.resblocks.11.Adapter.s_attn.proj_q.weight', 'transformer.resblocks.11.Adapter.s_attn.proj_q.bias', 'transformer.resblocks.11.Adapter.s_attn.proj_k.weight', 'transformer.resblocks.11.Adapter.s_attn.proj_k.bias', 'transformer.resblocks.11.Adapter.s_attn.proj_v.weight', 'transformer.resblocks.11.Adapter.s_attn.proj_v.bias', 'transformer.resblocks.11.Adapter.s_attn.proj_out.weight', 'transformer.resblocks.11.Adapter.s_attn.proj_out.bias', 'transformer.resblocks.11.Adapter.t_ln.weight', 'transformer.resblocks.11.Adapter.t_ln.bias', 'transformer.resblocks.11.Adapter.t_attn.conv_offset.0.weight', 'transformer.resblocks.11.Adapter.t_attn.conv_offset.0.bias', 'transformer.resblocks.11.Adapter.t_attn.conv_offset.1.norm.weight', 'transformer.resblocks.11.Adapter.t_attn.conv_offset.1.norm.bias', 'transformer.resblocks.11.Adapter.t_attn.conv_offset.3.weight', 'transformer.resblocks.11.Adapter.t_attn.proj_q.weight', 'transformer.resblocks.11.Adapter.t_attn.proj_q.bias', 'transformer.resblocks.11.Adapter.t_attn.proj_k.weight', 'transformer.resblocks.11.Adapter.t_attn.proj_k.bias', 'transformer.resblocks.11.Adapter.t_attn.proj_v.weight', 'transformer.resblocks.11.Adapter.t_attn.proj_v.bias', 'transformer.resblocks.11.Adapter.t_attn.proj_out.weight', 'transformer.resblocks.11.Adapter.t_attn.proj_out.bias', 'transformer.resblocks.11.Adapter.up.weight', 'transformer.resblocks.11.Adapter.up.bias', 'classification_layer.weight', 'classification_layer.bias', 'focus_branch.temporal_alpha', 'focus_branch.norm.weight', 'focus_branch.norm.bias', 'focus_branch.time_proj.weight', 'focus_branch.time_proj.bias', 'focus_branch.temporal.self_attn.in_proj_weight', 'focus_branch.temporal.self_attn.in_proj_bias', 'focus_branch.temporal.self_attn.out_proj.weight', 'focus_branch.temporal.self_attn.out_proj.bias', 'focus_branch.temporal.linear1.weight', 'focus_branch.temporal.linear1.bias', 'focus_branch.temporal.linear2.weight', 'focus_branch.temporal.linear2.bias', 'focus_branch.temporal.norm1.weight', 'focus_branch.temporal.norm1.bias', 'focus_branch.temporal.norm2.weight', 'focus_branch.temporal.norm2.bias', 'focus_branch.gate.0.weight', 'focus_branch.gate.0.bias', 'focus_branch.gate.2.weight', 'focus_branch.gate.2.bias']
[07/30 10:46:49][INFO] models.base.adapter:  658: Unexpected keys: []
[07/30 10:46:49][INFO] models.base.adapter:  659: => loaded successfully 'ViT-B/16'
[07/30 10:46:49][INFO] models.base.adapter:  666: init:  transformer.resblocks.0.Adapter.up
[07/30 10:46:49][INFO] models.base.adapter:  666: init:  transformer.resblocks.1.Adapter.up
[07/30 10:46:49][INFO] models.base.adapter:  666: init:  transformer.resblocks.2.Adapter.up
[07/30 10:46:49][INFO] models.base.adapter:  666: init:  transformer.resblocks.3.Adapter.up
[07/30 10:46:49][INFO] models.base.adapter:  666: init:  transformer.resblocks.4.Adapter.up
[07/30 10:46:49][INFO] models.base.adapter:  666: init:  transformer.resblocks.5.Adapter.up
[07/30 10:46:49][INFO] models.base.adapter:  666: init:  transformer.resblocks.6.Adapter.up
[07/30 10:46:49][INFO] models.base.adapter:  666: init:  transformer.resblocks.7.Adapter.up
[07/30 10:46:49][INFO] models.base.adapter:  666: init:  transformer.resblocks.8.Adapter.up
[07/30 10:46:49][INFO] models.base.adapter:  666: init:  transformer.resblocks.9.Adapter.up
[07/30 10:46:49][INFO] models.base.adapter:  666: init:  transformer.resblocks.10.Adapter.up
[07/30 10:46:49][INFO] models.base.adapter:  666: init:  transformer.resblocks.11.Adapter.up
[07/30 10:46:49][INFO] train_net_few_shot:  171: Model:
BaseVideoModel(
  (model): ViT_CLIP(
    (conv1): Conv2d(3, 768, kernel_size=(16, 16), stride=(16, 16), bias=False)
    (ln_pre): LayerNorm((768,), eps=1e-05, elementwise_affine=True, bias=True)
    (transformer): Transformer(
      (resblocks): ModuleList(
        (0-11): 12 x ResidualAttentionBlock(
          (ln_1): LayerNorm((768,), eps=1e-05, elementwise_affine=True, bias=True)
          (attn): MultiheadAttention(
            (out_proj): NonDynamicallyQuantizableLinear(in_features=768, out_features=768, bias=True)
          )
          (ln_2): LayerNorm((768,), eps=1e-05, elementwise_affine=True, bias=True)
          (mlp): Sequential(
            (c_fc): Linear(in_features=768, out_features=3072, bias=True)
            (gelu): QuickGELU()
            (c_proj): Linear(in_features=3072, out_features=768, bias=True)
          )
          (Adapter): ViT_D2ST_Adapter(
            (down): Linear(in_features=768, out_features=192, bias=True)
            (gelu1): GELU(approximate='none')
            (pos_embed): Conv3d(192, 192, kernel_size=(3, 3, 3), stride=(1, 1, 1), padding=(1, 1, 1), groups=192)
            (s_ln): LayerNorm((192,), eps=1e-05, elementwise_affine=True, bias=True)
            (s_attn): ViT_DeformAttention(
              (conv_offset): Sequential(
                (0): Conv3d(48, 48, kernel_size=(4, 5, 5), stride=(4, 3, 3), groups=48)
                (1): LayerNormProxy(
                  (norm): LayerNorm((48,), eps=1e-05, elementwise_affine=True, bias=True)
                )
                (2): GELU(approximate='none')
                (3): Conv3d(48, 3, kernel_size=(1, 1, 1), stride=(1, 1, 1), bias=False)
              )
              (proj_q): Linear(in_features=192, out_features=192, bias=True)
              (proj_k): Linear(in_features=192, out_features=192, bias=True)
              (proj_v): Linear(in_features=192, out_features=192, bias=True)
              (proj_out): Linear(in_features=192, out_features=192, bias=True)
            )
            (t_ln): LayerNorm((192,), eps=1e-05, elementwise_affine=True, bias=True)
            (t_attn): ViT_DeformAttention(
              (conv_offset): Sequential(
                (0): Conv3d(48, 48, kernel_size=(1, 7, 7), stride=(1, 7, 7), groups=48)
                (1): LayerNormProxy(
                  (norm): LayerNorm((48,), eps=1e-05, elementwise_affine=True, bias=True)
                )
                (2): GELU(approximate='none')
                (3): Conv3d(48, 3, kernel_size=(1, 1, 1), stride=(1, 1, 1), bias=False)
              )
              (proj_q): Linear(in_features=192, out_features=192, bias=True)
              (proj_k): Linear(in_features=192, out_features=192, bias=True)
              (proj_v): Linear(in_features=192, out_features=192, bias=True)
              (proj_out): Linear(in_features=192, out_features=192, bias=True)
            )
            (gelu): GELU(approximate='none')
            (up): Linear(in_features=192, out_features=768, bias=True)
            (gelu2): GELU(approximate='none')
          )
        )
      )
    )
    (ln_post): LayerNorm((768,), eps=1e-05, elementwise_affine=True, bias=True)
    (classification_layer): Linear(in_features=768, out_features=64, bias=True)
    (focus_branch): D2STFocusResidual(
      (norm): LayerNorm((768,), eps=1e-05, elementwise_affine=True, bias=True)
      (time_proj): Linear(in_features=1, out_features=768, bias=True)
      (temporal): TransformerEncoderLayer(
        (self_attn): MultiheadAttention(
          (out_proj): NonDynamicallyQuantizableLinear(in_features=768, out_features=768, bias=True)
        )
        (linear1): Linear(in_features=768, out_features=1536, bias=True)
        (dropout): Dropout(p=0.1, inplace=False)
        (linear2): Linear(in_features=1536, out_features=768, bias=True)
        (norm1): LayerNorm((768,), eps=1e-05, elementwise_affine=True, bias=True)
        (norm2): LayerNorm((768,), eps=1e-05, elementwise_affine=True, bias=True)
        (dropout1): Dropout(p=0.1, inplace=False)
        (dropout2): Dropout(p=0.1, inplace=False)
      )
      (gate): Sequential(
        (0): Linear(in_features=768, out_features=48, bias=True)
        (1): GELU(approximate='none')
        (2): Linear(in_features=48, out_features=1, bias=True)
      )
    )
  )
)
[07/30 10:46:49][INFO] models.utils.optimizer:   82: Optimized parameters constructed. Parameters without weight decay: []
[07/30 10:46:49][INFO] utils.checkpoint:  531: Load from last checkpoint, output/SSv2_Full_BDTS_anchor_keyframe_FOCUS/checkpoints/checkpoint_epoch_00001.pyth.
[07/30 10:46:49][INFO] utils.checkpoint:  330: Keys in model not matched: []
[07/30 10:46:49][INFO] utils.checkpoint:  331: Keys in checkpoint not matched: []
[07/30 10:46:49][INFO] utils.checkpoint:  333: Model ema weights not loaded because no ema state stored in checkpoint.
[07/30 10:46:49][INFO] datasets.base.few_shot_dataset:   97: Reading video list from file: train_few_shot.txt
[07/30 10:46:49][INFO] datasets.base.few_shot_dataset:  127: Loading SSv2-Full dataset list for split 'train'...
[07/30 10:46:50][INFO] datasets.base.few_shot_dataset:   47: loaded 67013 videos from train dataset: SSv2-Full !
[07/30 10:46:50][INFO] datasets.base.few_shot_dataset:  153: Dataset SSv2-Full split train loaded. Length 67013.
[07/30 10:46:50][INFO] datasets.base.builder:   95: Using spawn DataLoader workers for CUDA frame selector during cache-based keyframe decoding.
[07/30 10:46:50][INFO] datasets.base.few_shot_dataset:   97: Reading video list from file: test_few_shot.txt
[07/30 10:46:50][INFO] datasets.base.few_shot_dataset:  127: Loading SSv2-Full dataset list for split 'test'...
[07/30 10:46:50][INFO] datasets.base.few_shot_dataset:   47: loaded 2857 videos from test dataset: SSv2-Full !
[07/30 10:46:50][INFO] datasets.base.few_shot_dataset:  153: Dataset SSv2-Full split test loaded. Length 2857.
[07/30 10:46:50][INFO] datasets.base.builder:   95: Using spawn DataLoader workers for CUDA frame selector during cache-based keyframe decoding.
[07/30 10:46:50][INFO] train_net_few_shot:  193: Start epoch: 2
[07/30 10:46:50][INFO] train_net_few_shot:  211: Number of total parameters: 97896163, tunable parameters: 12099043
[07/30 10:46:50][INFO] train_net_few_shot:   34: Norm training: True
[07/30 10:48:19][INFO] utils.logging:   91: {"_type": "train_iter", "iter": "200/30000", "loss": 2.397092, "lr": 0.000377, "top1_acc": 81.000001}
[07/30 10:49:37][INFO] utils.logging:   91: {"_type": "train_iter", "iter": "400/30000", "loss": 2.557432, "lr": 0.000555, "top1_acc": 78.400002}
[07/30 10:50:55][INFO] utils.logging:   91: {"_type": "train_iter", "iter": "600/30000", "loss": 2.778808, "lr": 0.000732, "top1_acc": 77.900001}
[07/30 10:52:13][INFO] utils.logging:   91: {"_type": "train_iter", "iter": "800/30000", "loss": 2.850214, "lr": 0.000910, "top1_acc": 77.300002}
[07/30 10:53:31][INFO] utils.logging:   91: {"_type": "train_iter", "iter": "1000/30000", "loss": 3.243387, "lr": 0.001000, "top1_acc": 75.600001}
[07/30 10:54:49][INFO] utils.logging:   91: {"_type": "train_iter", "iter": "1200/30000", "loss": 3.321360, "lr": 0.001000, "top1_acc": 73.000001}
[07/30 10:56:07][INFO] utils.logging:   91: {"_type": "train_iter", "iter": "1400/30000", "loss": 2.844468, "lr": 0.001000, "top1_acc": 78.000001}
[07/30 10:57:25][INFO] utils.logging:   91: {"_type": "train_iter", "iter": "1600/30000", "loss": 3.150434, "lr": 0.001000, "top1_acc": 78.500001}
[07/30 10:58:43][INFO] utils.logging:   91: {"_type": "train_iter", "iter": "1800/30000", "loss": 2.599957, "lr": 0.001000, "top1_acc": 78.300001}
[07/30 11:00:01][INFO] utils.logging:   91: {"_type": "train_iter", "iter": "2000/30000", "loss": 2.761483, "lr": 0.001000, "top1_acc": 79.700001}
[07/30 11:01:19][INFO] utils.logging:   91: {"_type": "train_iter", "iter": "2200/30000", "loss": 2.705764, "lr": 0.001000, "top1_acc": 78.200001}
[07/30 11:02:37][INFO] utils.logging:   91: {"_type": "train_iter", "iter": "2400/30000", "loss": 2.565476, "lr": 0.001000, "top1_acc": 79.300001}
[07/30 11:03:55][INFO] utils.logging:   91: {"_type": "train_iter", "iter": "2600/30000", "loss": 2.511226, "lr": 0.001000, "top1_acc": 80.800001}
[07/30 11:05:13][INFO] utils.logging:   91: {"_type": "train_iter", "iter": "2800/30000", "loss": 2.484581, "lr": 0.001000, "top1_acc": 80.300001}
[07/30 11:06:31][INFO] utils.logging:   91: {"_type": "train_iter", "iter": "3000/30000", "loss": 2.416159, "lr": 0.001000, "top1_acc": 82.200001}
[07/30 11:07:49][INFO] utils.logging:   91: {"_type": "train_iter", "iter": "3200/30000", "loss": 2.408887, "lr": 0.001000, "top1_acc": 81.900001}
[07/30 11:09:06][INFO] utils.logging:   91: {"_type": "train_iter", "iter": "3400/30000", "loss": 2.348880, "lr": 0.001000, "top1_acc": 82.100001}
[07/30 11:10:24][INFO] utils.logging:   91: {"_type": "train_iter", "iter": "3600/30000", "loss": 2.369229, "lr": 0.001000, "top1_acc": 81.900001}
[07/30 11:11:42][INFO] utils.logging:   91: {"_type": "train_iter", "iter": "3800/30000", "loss": 2.352435, "lr": 0.000500, "top1_acc": 80.800001}
[07/30 11:13:00][INFO] utils.logging:   91: {"_type": "train_iter", "iter": "4000/30000", "loss": 2.327788, "lr": 0.000500, "top1_acc": 80.800001}
[07/30 11:14:18][INFO] utils.logging:   91: {"_type": "train_iter", "iter": "4200/30000", "loss": 2.038225, "lr": 0.000500, "top1_acc": 83.900001}
[07/30 11:15:36][INFO] utils.logging:   91: {"_type": "train_iter", "iter": "4400/30000", "loss": 1.939922, "lr": 0.000500, "top1_acc": 84.100001}
[07/30 11:16:53][INFO] utils.logging:   91: {"_type": "train_iter", "iter": "4600/30000", "loss": 1.957051, "lr": 0.000500, "top1_acc": 83.300001}
[07/30 11:18:11][INFO] utils.logging:   91: {"_type": "train_iter", "iter": "4800/30000", "loss": 1.814003, "lr": 0.000500, "top1_acc": 84.200001}
[07/30 11:19:29][INFO] utils.logging:   91: {"_type": "train_iter", "iter": "5000/30000", "loss": 1.795659, "lr": 0.000500, "top1_acc": 84.800001}
[07/30 11:20:47][INFO] utils.logging:   91: {"_type": "train_iter", "iter": "5200/30000", "loss": 1.838897, "lr": 0.000500, "top1_acc": 85.000001}
[07/30 11:22:05][INFO] utils.logging:   91: {"_type": "train_iter", "iter": "5400/30000", "loss": 1.697456, "lr": 0.000500, "top1_acc": 86.000001}
[07/30 11:23:23][INFO] utils.logging:   91: {"_type": "train_iter", "iter": "5600/30000", "loss": 1.855752, "lr": 0.000100, "top1_acc": 83.900001}
[07/30 11:24:41][INFO] utils.logging:   91: {"_type": "train_iter", "iter": "5800/30000", "loss": 1.701502, "lr": 0.000100, "top1_acc": 83.900001}
[07/30 11:25:58][INFO] utils.logging:   91: {"_type": "train_iter", "iter": "6000/30000", "loss": 1.763958, "lr": 0.000100, "top1_acc": 83.200001}
[07/30 11:27:16][INFO] utils.logging:   91: {"_type": "train_iter", "iter": "6200/30000", "loss": 1.461303, "lr": 0.000100, "top1_acc": 85.600001}
[08/08 11:39:22][INFO] train_net_few_shot:  166: Train with config:
[08/08 11:39:22][INFO] train_net_few_shot:  167: {
  "TASK_TYPE": "few_shot_action",
  "PRETRAIN": {
    "ENABLE": false
  },
  "LOCALIZATION": {
    "ENABLE": false
  },
  "TRAIN": {
    "ENABLE": true,
    "DATASET": "SSv2-Full",
    "BATCH_SIZE": 1,
    "LOG_FILE": "train.log",
    "EVAL_PERIOD": 2,
    "NUM_FOLDS": 1,
    "AUTO_RESUME": true,
    "CHECKPOINT_PERIOD": 10,
    "CHECKPOINT_FILE_PATH": "",
    "CHECKPOINT_TYPE": "pytorch",
    "CHECKPOINT_INFLATE": false,
    "CHECKPOINT_PRE_PROCESS": {
      "ENABLE": false
    },
    "FINE_TUNE": true,
    "ONLY_LINEAR": false,
    "LR_REDUCE": false,
    "TRAIN_VAL_COMBINE": false,
    "LOSS_FUNC": "cross_entropy",
    "USE_CLASSIFICATION_VALUE": 2.0,
    "GRADIENT_CHECKPOINT": true,
    "NUM_CLASS": 64,
    "META_BATCH": true,
    "WAY": 5,
    "SHOT": 1,
    "QUERY_PER_CLASS": 1,
    "QUERY_PER_CLASS_TEST": 1,
    "NUM_TRAIN_TASKS": 30000,
    "NUM_TEST_TASKS": 10000,
    "VAL_FRE_ITER": 10000,
    "BATCH_SIZE_PER_TASK": 4,
    "USE_KEYFRAME_SELECTION": true
  },
  "TEST": {
    "ENABLE": true,
    "DATASET": "SSv2-Full",
    "BATCH_SIZE": 1,
    "NUM_SPATIAL_CROPS": 1,
    "SPATIAL_CROPS": "cctltr",
    "NUM_ENSEMBLE_VIEWS": 1,
    "LOG_FILE": "test.log",
    "CHECKPOINT_FILE_PATH": "",
    "CHECKPOINT_TYPE": "pytorch",
    "AUTOMATIC_MULTI_SCALE_TEST": false,
    "TEST_SET": "val",
    "UPLOAD_CLASSIFIER_RESULTS": true,
    "SHOT": [
      5
    ],
    "USE_KEYFRAME_SELECTION": true
  },
  "VISUALIZATION": {
    "ENABLE": false,
    "NAME": "",
    "FEATURE_MAPS": {
      "ENABLE": false,
      "BASE_OUTPUT_DIR": ""
    }
  },
  "SUBMISSION": {
    "ENABLE": false,
    "SAVE_RESULTS_PATH": "test.json"
  },
  "DATA": {
    "DATA_ROOT_DIR": "/mnt/data/yanyi2025/lrc/action_data/ssv2/videos/videos/",
    "ANNO_DIR": "config/ssv2_full/",
    "NUM_INPUT_FRAMES": 8,
    "NUM_INPUT_CHANNELS": 2304,
    "SAMPLING_MODE": "interval_based",
    "SAMPLING_RATE": 50,
    "TRAIN_JITTER_SCALES": [
      256,
      256
    ],
    "TRAIN_CROP_SIZE": 224,
    "TEST_SCALE": 256,
    "TEST_CROP_SIZE": 224,
    "MEAN": [
      0.48145466,
      0.4578275,
      0.40821073
    ],
    "STD": [
      0.26862954,
      0.26130258,
      0.27577711
    ],
    "MULTI_LABEL": false,
    "ENSEMBLE_METHOD": "sum",
    "TARGET_FPS": 12,
    "MINUS_INTERVAL": false,
    "FPS": 12,
    "NORM_FEATURE": false,
    "USE_AUG_FEATURE": false,
    "AUG": false,
    "LOAD_PROPS": false,
    "TEMPORAL_SCALE": 256,
    "LABELS_TYPE": "cls",
    "LOAD_TYPE": "pickle",
    "DOWNLOAD_FEATURE": true,
    "VIDEO_EXT": ".webm",
    "SAMPLING_UNIFORM": false,
    "SAMPLING_METHOD": "otam_anchor_keyframe",
    "TEST_CENTER_CROP": true,
    "CLIP_INTERVAL": 8
  },
  "MODEL": {
    "NAME": "BaseVideoModel",
    "EMA": {
      "ENABLE": false,
      "DECAY": 0.99996
    }
  },
  "VIDEO": {
    "BACKBONE": {
      "DEPTH": null,
      "META_ARCH": "Identity",
      "NUM_FILTERS": null,
      "NUM_INPUT_CHANNELS": 3,
      "NUM_OUT_FEATURES": null,
      "KERNEL_SIZE": null,
      "DOWNSAMPLING": null,
      "DOWNSAMPLING_TEMPORAL": null,
      "NUM_STREAMS": 1,
      "EXPANSION_RATIO": 2,
      "BRANCH": {
        "NAME": null
      },
      "STEM": {
        "NAME": null
      },
      "NONLOCAL": {
        "ENABLE": false,
        "STAGES": [
          5
        ],
        "MASK_ENABLE": false
      },
      "INITIALIZATION": null
    },
    "HEAD": {
      "NAME": "BaseTemporalClassifier",
      "ACTIVATION": "softmax",
      "DROPOUT_RATE": 0.0,
      "NUM_CLASSES": 200
    }
  },
  "OPTIMIZER": {
    "ADJUST_LR": false,
    "BASE_LR": 0.002,
    "LR_POLICY": "cosine",
    "MAX_EPOCH": 300,
    "MOMENTUM": 0.9,
    "WEIGHT_DECAY": "1e-3",
    "WARMUP_EPOCHS": 10,
    "WARMUP_START_LR": 0.0002,
    "OPTIM_METHOD": "adam",
    "DAMPENING": 0.0,
    "NESTEROV": true
  },
  "BN": {
    "WB_LOCK": false,
    "FREEZE": false,
    "WEIGHT_DECAY": 0.0,
    "MOMENTUM": 0.1,
    "EPS": "1e-3",
    "SYNC": false
  },
  "DATA_LOADER": null,
  "NUM_GPUS": 1,
  "SHARD_ID": 0,
  "NUM_SHARDS": 1,
  "RANDOM_SEED": 18,
  "OUTPUT_DIR": "output/SSv2_Full_BDTS_anchor_keyframe_FOCUS",
  "OUTPUT_CFG_FILE": "configuration.log",
  "LOG_PERIOD": 200,
  "DIST_BACKEND": "nccl",
  "LOG_MODEL_INFO": false,
  "LOG_CONFIG_INFO": true,
  "OSS": {
    "ENABLE": false,
    "KEY": null,
    "SECRET": null,
    "ENDPOINT": null,
    "CHECKPOINT_OUTPUT_PATH": null,
    "SECONDARY_DATA_OSS": {
      "ENABLE": false,
      "KEY": null,
      "SECRET": null,
      "ENDPOINT": null,
      "BUCKETS": [
        ""
      ]
    }
  },
  "AUGMENTATION": {
    "COLOR_AUG": false,
    "BRIGHTNESS": 0.5,
    "CONTRAST": 0.5,
    "SATURATION": 0.5,
    "HUE": 0.25,
    "GRAYSCALE": 0.3,
    "CONSISTENT": true,
    "SHUFFLE": true,
    "GRAY_FIRST": true,
    "RATIO": [
      0.857142857142857,
      1.1666666666666667
    ],
    "USE_GPU": false,
    "MIXUP": {
      "ENABLE": false,
      "ALPHA": 0.0,
      "PROB": 1.0,
      "MODE": "batch",
      "SWITCH_PROB": 0.5
    },
    "CUTMIX": {
      "ENABLE": false,
      "ALPHA": 0.0,
      "MINMAX": null
    },
    "RANDOM_ERASING": {
      "ENABLE": false,
      "PROB": 0.25,
      "MODE": "const",
      "COUNT": [
        1,
        1
      ],
      "NUM_SPLITS": 0,
      "AREA_RANGE": [
        0.02,
        0.33
      ],
      "MIN_ASPECT": 0.3
    },
    "LABEL_SMOOTHING": 0.0,
    "SSV2_FLIP": false,
    "IS_SPLIT": false,
    "NO_RANDOM_ERASE": true,
    "SUPPORT_QUERY_DIFF": true
  },
  "PAI": false,
  "USE_MULTISEG_VAL_DIST": false,
  "DETECTION": {
    "ENABLE": false
  },
  "TENSORBOARD": {
    "ENABLE": false
  },
  "SOLVER": {
    "BASE_LR": 0.001,
    "LR_POLICY": "steps_with_relative_lrs",
    "MAX_EPOCH": 10,
    "MOMENTUM": 0.9,
    "WEIGHT_DECAY": "5e-4",
    "WARMUP_EPOCHS": 1,
    "WARMUP_START_LR": 0.0002,
    "OPTIM_METHOD": "adam",
    "DAMPENING": 0.0,
    "NESTEROV": true,
    "STEPS_ITER": 3000,
    "STEPS": [
      0,
      4,
      6,
      8
    ],
    "LRS": [
      1,
      0.5,
      0.1,
      0.05
    ]
  },
  "PRE_DOWNLOAD": {
    "ENABLE": false
  },
  "SUPPORT_SHOT": 1,
  "FRAME_SELECTOR": {
    "ENABLE": true,
    "TOTAL_FRAMES": 32,
    "SELECT_FRAMES": 8,
    "SEGMENTS": 4,
    "FEAT_DIM": 0,
    "PRETRAINED_CKPT": "/mnt/data/yanyi2025/lrc/code/CLIP-FSAR/output/frame_selector/ssv2_ViT-B16/frame_selector_best.pth",
    "NUM_ANCHOR_FRAMES": 4,
    "NUM_KEY_FRAMES": 4,
    "MIN_FRAME_GAP": 2,
    "ENABLE_CACHE_DECODE": true,
    "FEAT_CACHE_DIR": "/mnt/data/yanyi2025/lrc/code/CLIP-FSAR/data/feat_cache/ssv2/ViT-B-16_T32",
    "CACHE_MISMATCH_POLICY": "error"
  },
  "FOCUS": {
    "ENABLE": true,
    "HEADS": 8,
    "DROPOUT": 0.1,
    "GATE_INIT": -4.0,
    "TEMPORAL_GATE_INIT": -4.0,
    "ALPHA_INIT": -4.0
  },
  "ADAPTER": {
    "NAME": "ViT_CLIP",
    "PRETRAINED": "ViT-B/16",
    "WIDTH": 768,
    "PATCH_SIZE": 16,
    "LAYERS": 12,
    "HEADS": 12,
    "ADAPTER_SCALE": 0.25
  },
  "INIT_METHOD": "tcp://localhost:1111",
  "CUDA_VISIBLE_DEVICES": "0"
}

[08/08 11:39:22][INFO] models.base.adapter:  650: load model from: ViT-B/16
[08/08 11:39:24][INFO] models.base.adapter:  657: Missing keys: ['temporal_embedding', 'focus_alpha', 'transformer.resblocks.0.Adapter.down.weight', 'transformer.resblocks.0.Adapter.down.bias', 'transformer.resblocks.0.Adapter.pos_embed.weight', 'transformer.resblocks.0.Adapter.pos_embed.bias', 'transformer.resblocks.0.Adapter.s_ln.weight', 'transformer.resblocks.0.Adapter.s_ln.bias', 'transformer.resblocks.0.Adapter.s_attn.conv_offset.0.weight', 'transformer.resblocks.0.Adapter.s_attn.conv_offset.0.bias', 'transformer.resblocks.0.Adapter.s_attn.conv_offset.1.norm.weight', 'transformer.resblocks.0.Adapter.s_attn.conv_offset.1.norm.bias', 'transformer.resblocks.0.Adapter.s_attn.conv_offset.3.weight', 'transformer.resblocks.0.Adapter.s_attn.proj_q.weight', 'transformer.resblocks.0.Adapter.s_attn.proj_q.bias', 'transformer.resblocks.0.Adapter.s_attn.proj_k.weight', 'transformer.resblocks.0.Adapter.s_attn.proj_k.bias', 'transformer.resblocks.0.Adapter.s_attn.proj_v.weight', 'transformer.resblocks.0.Adapter.s_attn.proj_v.bias', 'transformer.resblocks.0.Adapter.s_attn.proj_out.weight', 'transformer.resblocks.0.Adapter.s_attn.proj_out.bias', 'transformer.resblocks.0.Adapter.t_ln.weight', 'transformer.resblocks.0.Adapter.t_ln.bias', 'transformer.resblocks.0.Adapter.t_attn.conv_offset.0.weight', 'transformer.resblocks.0.Adapter.t_attn.conv_offset.0.bias', 'transformer.resblocks.0.Adapter.t_attn.conv_offset.1.norm.weight', 'transformer.resblocks.0.Adapter.t_attn.conv_offset.1.norm.bias', 'transformer.resblocks.0.Adapter.t_attn.conv_offset.3.weight', 'transformer.resblocks.0.Adapter.t_attn.proj_q.weight', 'transformer.resblocks.0.Adapter.t_attn.proj_q.bias', 'transformer.resblocks.0.Adapter.t_attn.proj_k.weight', 'transformer.resblocks.0.Adapter.t_attn.proj_k.bias', 'transformer.resblocks.0.Adapter.t_attn.proj_v.weight', 'transformer.resblocks.0.Adapter.t_attn.proj_v.bias', 'transformer.resblocks.0.Adapter.t_attn.proj_out.weight', 'transformer.resblocks.0.Adapter.t_attn.proj_out.bias', 'transformer.resblocks.0.Adapter.up.weight', 'transformer.resblocks.0.Adapter.up.bias', 'transformer.resblocks.1.Adapter.down.weight', 'transformer.resblocks.1.Adapter.down.bias', 'transformer.resblocks.1.Adapter.pos_embed.weight', 'transformer.resblocks.1.Adapter.pos_embed.bias', 'transformer.resblocks.1.Adapter.s_ln.weight', 'transformer.resblocks.1.Adapter.s_ln.bias', 'transformer.resblocks.1.Adapter.s_attn.conv_offset.0.weight', 'transformer.resblocks.1.Adapter.s_attn.conv_offset.0.bias', 'transformer.resblocks.1.Adapter.s_attn.conv_offset.1.norm.weight', 'transformer.resblocks.1.Adapter.s_attn.conv_offset.1.norm.bias', 'transformer.resblocks.1.Adapter.s_attn.conv_offset.3.weight', 'transformer.resblocks.1.Adapter.s_attn.proj_q.weight', 'transformer.resblocks.1.Adapter.s_attn.proj_q.bias', 'transformer.resblocks.1.Adapter.s_attn.proj_k.weight', 'transformer.resblocks.1.Adapter.s_attn.proj_k.bias', 'transformer.resblocks.1.Adapter.s_attn.proj_v.weight', 'transformer.resblocks.1.Adapter.s_attn.proj_v.bias', 'transformer.resblocks.1.Adapter.s_attn.proj_out.weight', 'transformer.resblocks.1.Adapter.s_attn.proj_out.bias', 'transformer.resblocks.1.Adapter.t_ln.weight', 'transformer.resblocks.1.Adapter.t_ln.bias', 'transformer.resblocks.1.Adapter.t_attn.conv_offset.0.weight', 'transformer.resblocks.1.Adapter.t_attn.conv_offset.0.bias', 'transformer.resblocks.1.Adapter.t_attn.conv_offset.1.norm.weight', 'transformer.resblocks.1.Adapter.t_attn.conv_offset.1.norm.bias', 'transformer.resblocks.1.Adapter.t_attn.conv_offset.3.weight', 'transformer.resblocks.1.Adapter.t_attn.proj_q.weight', 'transformer.resblocks.1.Adapter.t_attn.proj_q.bias', 'transformer.resblocks.1.Adapter.t_attn.proj_k.weight', 'transformer.resblocks.1.Adapter.t_attn.proj_k.bias', 'transformer.resblocks.1.Adapter.t_attn.proj_v.weight', 'transformer.resblocks.1.Adapter.t_attn.proj_v.bias', 'transformer.resblocks.1.Adapter.t_attn.proj_out.weight', 'transformer.resblocks.1.Adapter.t_attn.proj_out.bias', 'transformer.resblocks.1.Adapter.up.weight', 'transformer.resblocks.1.Adapter.up.bias', 'transformer.resblocks.2.Adapter.down.weight', 'transformer.resblocks.2.Adapter.down.bias', 'transformer.resblocks.2.Adapter.pos_embed.weight', 'transformer.resblocks.2.Adapter.pos_embed.bias', 'transformer.resblocks.2.Adapter.s_ln.weight', 'transformer.resblocks.2.Adapter.s_ln.bias', 'transformer.resblocks.2.Adapter.s_attn.conv_offset.0.weight', 'transformer.resblocks.2.Adapter.s_attn.conv_offset.0.bias', 'transformer.resblocks.2.Adapter.s_attn.conv_offset.1.norm.weight', 'transformer.resblocks.2.Adapter.s_attn.conv_offset.1.norm.bias', 'transformer.resblocks.2.Adapter.s_attn.conv_offset.3.weight', 'transformer.resblocks.2.Adapter.s_attn.proj_q.weight', 'transformer.resblocks.2.Adapter.s_attn.proj_q.bias', 'transformer.resblocks.2.Adapter.s_attn.proj_k.weight', 'transformer.resblocks.2.Adapter.s_attn.proj_k.bias', 'transformer.resblocks.2.Adapter.s_attn.proj_v.weight', 'transformer.resblocks.2.Adapter.s_attn.proj_v.bias', 'transformer.resblocks.2.Adapter.s_attn.proj_out.weight', 'transformer.resblocks.2.Adapter.s_attn.proj_out.bias', 'transformer.resblocks.2.Adapter.t_ln.weight', 'transformer.resblocks.2.Adapter.t_ln.bias', 'transformer.resblocks.2.Adapter.t_attn.conv_offset.0.weight', 'transformer.resblocks.2.Adapter.t_attn.conv_offset.0.bias', 'transformer.resblocks.2.Adapter.t_attn.conv_offset.1.norm.weight', 'transformer.resblocks.2.Adapter.t_attn.conv_offset.1.norm.bias', 'transformer.resblocks.2.Adapter.t_attn.conv_offset.3.weight', 'transformer.resblocks.2.Adapter.t_attn.proj_q.weight', 'transformer.resblocks.2.Adapter.t_attn.proj_q.bias', 'transformer.resblocks.2.Adapter.t_attn.proj_k.weight', 'transformer.resblocks.2.Adapter.t_attn.proj_k.bias', 'transformer.resblocks.2.Adapter.t_attn.proj_v.weight', 'transformer.resblocks.2.Adapter.t_attn.proj_v.bias', 'transformer.resblocks.2.Adapter.t_attn.proj_out.weight', 'transformer.resblocks.2.Adapter.t_attn.proj_out.bias', 'transformer.resblocks.2.Adapter.up.weight', 'transformer.resblocks.2.Adapter.up.bias', 'transformer.resblocks.3.Adapter.down.weight', 'transformer.resblocks.3.Adapter.down.bias', 'transformer.resblocks.3.Adapter.pos_embed.weight', 'transformer.resblocks.3.Adapter.pos_embed.bias', 'transformer.resblocks.3.Adapter.s_ln.weight', 'transformer.resblocks.3.Adapter.s_ln.bias', 'transformer.resblocks.3.Adapter.s_attn.conv_offset.0.weight', 'transformer.resblocks.3.Adapter.s_attn.conv_offset.0.bias', 'transformer.resblocks.3.Adapter.s_attn.conv_offset.1.norm.weight', 'transformer.resblocks.3.Adapter.s_attn.conv_offset.1.norm.bias', 'transformer.resblocks.3.Adapter.s_attn.conv_offset.3.weight', 'transformer.resblocks.3.Adapter.s_attn.proj_q.weight', 'transformer.resblocks.3.Adapter.s_attn.proj_q.bias', 'transformer.resblocks.3.Adapter.s_attn.proj_k.weight', 'transformer.resblocks.3.Adapter.s_attn.proj_k.bias', 'transformer.resblocks.3.Adapter.s_attn.proj_v.weight', 'transformer.resblocks.3.Adapter.s_attn.proj_v.bias', 'transformer.resblocks.3.Adapter.s_attn.proj_out.weight', 'transformer.resblocks.3.Adapter.s_attn.proj_out.bias', 'transformer.resblocks.3.Adapter.t_ln.weight', 'transformer.resblocks.3.Adapter.t_ln.bias', 'transformer.resblocks.3.Adapter.t_attn.conv_offset.0.weight', 'transformer.resblocks.3.Adapter.t_attn.conv_offset.0.bias', 'transformer.resblocks.3.Adapter.t_attn.conv_offset.1.norm.weight', 'transformer.resblocks.3.Adapter.t_attn.conv_offset.1.norm.bias', 'transformer.resblocks.3.Adapter.t_attn.conv_offset.3.weight', 'transformer.resblocks.3.Adapter.t_attn.proj_q.weight', 'transformer.resblocks.3.Adapter.t_attn.proj_q.bias', 'transformer.resblocks.3.Adapter.t_attn.proj_k.weight', 'transformer.resblocks.3.Adapter.t_attn.proj_k.bias', 'transformer.resblocks.3.Adapter.t_attn.proj_v.weight', 'transformer.resblocks.3.Adapter.t_attn.proj_v.bias', 'transformer.resblocks.3.Adapter.t_attn.proj_out.weight', 'transformer.resblocks.3.Adapter.t_attn.proj_out.bias', 'transformer.resblocks.3.Adapter.up.weight', 'transformer.resblocks.3.Adapter.up.bias', 'transformer.resblocks.4.Adapter.down.weight', 'transformer.resblocks.4.Adapter.down.bias', 'transformer.resblocks.4.Adapter.pos_embed.weight', 'transformer.resblocks.4.Adapter.pos_embed.bias', 'transformer.resblocks.4.Adapter.s_ln.weight', 'transformer.resblocks.4.Adapter.s_ln.bias', 'transformer.resblocks.4.Adapter.s_attn.conv_offset.0.weight', 'transformer.resblocks.4.Adapter.s_attn.conv_offset.0.bias', 'transformer.resblocks.4.Adapter.s_attn.conv_offset.1.norm.weight', 'transformer.resblocks.4.Adapter.s_attn.conv_offset.1.norm.bias', 'transformer.resblocks.4.Adapter.s_attn.conv_offset.3.weight', 'transformer.resblocks.4.Adapter.s_attn.proj_q.weight', 'transformer.resblocks.4.Adapter.s_attn.proj_q.bias', 'transformer.resblocks.4.Adapter.s_attn.proj_k.weight', 'transformer.resblocks.4.Adapter.s_attn.proj_k.bias', 'transformer.resblocks.4.Adapter.s_attn.proj_v.weight', 'transformer.resblocks.4.Adapter.s_attn.proj_v.bias', 'transformer.resblocks.4.Adapter.s_attn.proj_out.weight', 'transformer.resblocks.4.Adapter.s_attn.proj_out.bias', 'transformer.resblocks.4.Adapter.t_ln.weight', 'transformer.resblocks.4.Adapter.t_ln.bias', 'transformer.resblocks.4.Adapter.t_attn.conv_offset.0.weight', 'transformer.resblocks.4.Adapter.t_attn.conv_offset.0.bias', 'transformer.resblocks.4.Adapter.t_attn.conv_offset.1.norm.weight', 'transformer.resblocks.4.Adapter.t_attn.conv_offset.1.norm.bias', 'transformer.resblocks.4.Adapter.t_attn.conv_offset.3.weight', 'transformer.resblocks.4.Adapter.t_attn.proj_q.weight', 'transformer.resblocks.4.Adapter.t_attn.proj_q.bias', 'transformer.resblocks.4.Adapter.t_attn.proj_k.weight', 'transformer.resblocks.4.Adapter.t_attn.proj_k.bias', 'transformer.resblocks.4.Adapter.t_attn.proj_v.weight', 'transformer.resblocks.4.Adapter.t_attn.proj_v.bias', 'transformer.resblocks.4.Adapter.t_attn.proj_out.weight', 'transformer.resblocks.4.Adapter.t_attn.proj_out.bias', 'transformer.resblocks.4.Adapter.up.weight', 'transformer.resblocks.4.Adapter.up.bias', 'transformer.resblocks.5.Adapter.down.weight', 'transformer.resblocks.5.Adapter.down.bias', 'transformer.resblocks.5.Adapter.pos_embed.weight', 'transformer.resblocks.5.Adapter.pos_embed.bias', 'transformer.resblocks.5.Adapter.s_ln.weight', 'transformer.resblocks.5.Adapter.s_ln.bias', 'transformer.resblocks.5.Adapter.s_attn.conv_offset.0.weight', 'transformer.resblocks.5.Adapter.s_attn.conv_offset.0.bias', 'transformer.resblocks.5.Adapter.s_attn.conv_offset.1.norm.weight', 'transformer.resblocks.5.Adapter.s_attn.conv_offset.1.norm.bias', 'transformer.resblocks.5.Adapter.s_attn.conv_offset.3.weight', 'transformer.resblocks.5.Adapter.s_attn.proj_q.weight', 'transformer.resblocks.5.Adapter.s_attn.proj_q.bias', 'transformer.resblocks.5.Adapter.s_attn.proj_k.weight', 'transformer.resblocks.5.Adapter.s_attn.proj_k.bias', 'transformer.resblocks.5.Adapter.s_attn.proj_v.weight', 'transformer.resblocks.5.Adapter.s_attn.proj_v.bias', 'transformer.resblocks.5.Adapter.s_attn.proj_out.weight', 'transformer.resblocks.5.Adapter.s_attn.proj_out.bias', 'transformer.resblocks.5.Adapter.t_ln.weight', 'transformer.resblocks.5.Adapter.t_ln.bias', 'transformer.resblocks.5.Adapter.t_attn.conv_offset.0.weight', 'transformer.resblocks.5.Adapter.t_attn.conv_offset.0.bias', 'transformer.resblocks.5.Adapter.t_attn.conv_offset.1.norm.weight', 'transformer.resblocks.5.Adapter.t_attn.conv_offset.1.norm.bias', 'transformer.resblocks.5.Adapter.t_attn.conv_offset.3.weight', 'transformer.resblocks.5.Adapter.t_attn.proj_q.weight', 'transformer.resblocks.5.Adapter.t_attn.proj_q.bias', 'transformer.resblocks.5.Adapter.t_attn.proj_k.weight', 'transformer.resblocks.5.Adapter.t_attn.proj_k.bias', 'transformer.resblocks.5.Adapter.t_attn.proj_v.weight', 'transformer.resblocks.5.Adapter.t_attn.proj_v.bias', 'transformer.resblocks.5.Adapter.t_attn.proj_out.weight', 'transformer.resblocks.5.Adapter.t_attn.proj_out.bias', 'transformer.resblocks.5.Adapter.up.weight', 'transformer.resblocks.5.Adapter.up.bias', 'transformer.resblocks.6.Adapter.down.weight', 'transformer.resblocks.6.Adapter.down.bias', 'transformer.resblocks.6.Adapter.pos_embed.weight', 'transformer.resblocks.6.Adapter.pos_embed.bias', 'transformer.resblocks.6.Adapter.s_ln.weight', 'transformer.resblocks.6.Adapter.s_ln.bias', 'transformer.resblocks.6.Adapter.s_attn.conv_offset.0.weight', 'transformer.resblocks.6.Adapter.s_attn.conv_offset.0.bias', 'transformer.resblocks.6.Adapter.s_attn.conv_offset.1.norm.weight', 'transformer.resblocks.6.Adapter.s_attn.conv_offset.1.norm.bias', 'transformer.resblocks.6.Adapter.s_attn.conv_offset.3.weight', 'transformer.resblocks.6.Adapter.s_attn.proj_q.weight', 'transformer.resblocks.6.Adapter.s_attn.proj_q.bias', 'transformer.resblocks.6.Adapter.s_attn.proj_k.weight', 'transformer.resblocks.6.Adapter.s_attn.proj_k.bias', 'transformer.resblocks.6.Adapter.s_attn.proj_v.weight', 'transformer.resblocks.6.Adapter.s_attn.proj_v.bias', 'transformer.resblocks.6.Adapter.s_attn.proj_out.weight', 'transformer.resblocks.6.Adapter.s_attn.proj_out.bias', 'transformer.resblocks.6.Adapter.t_ln.weight', 'transformer.resblocks.6.Adapter.t_ln.bias', 'transformer.resblocks.6.Adapter.t_attn.conv_offset.0.weight', 'transformer.resblocks.6.Adapter.t_attn.conv_offset.0.bias', 'transformer.resblocks.6.Adapter.t_attn.conv_offset.1.norm.weight', 'transformer.resblocks.6.Adapter.t_attn.conv_offset.1.norm.bias', 'transformer.resblocks.6.Adapter.t_attn.conv_offset.3.weight', 'transformer.resblocks.6.Adapter.t_attn.proj_q.weight', 'transformer.resblocks.6.Adapter.t_attn.proj_q.bias', 'transformer.resblocks.6.Adapter.t_attn.proj_k.weight', 'transformer.resblocks.6.Adapter.t_attn.proj_k.bias', 'transformer.resblocks.6.Adapter.t_attn.proj_v.weight', 'transformer.resblocks.6.Adapter.t_attn.proj_v.bias', 'transformer.resblocks.6.Adapter.t_attn.proj_out.weight', 'transformer.resblocks.6.Adapter.t_attn.proj_out.bias', 'transformer.resblocks.6.Adapter.up.weight', 'transformer.resblocks.6.Adapter.up.bias', 'transformer.resblocks.7.Adapter.down.weight', 'transformer.resblocks.7.Adapter.down.bias', 'transformer.resblocks.7.Adapter.pos_embed.weight', 'transformer.resblocks.7.Adapter.pos_embed.bias', 'transformer.resblocks.7.Adapter.s_ln.weight', 'transformer.resblocks.7.Adapter.s_ln.bias', 'transformer.resblocks.7.Adapter.s_attn.conv_offset.0.weight', 'transformer.resblocks.7.Adapter.s_attn.conv_offset.0.bias', 'transformer.resblocks.7.Adapter.s_attn.conv_offset.1.norm.weight', 'transformer.resblocks.7.Adapter.s_attn.conv_offset.1.norm.bias', 'transformer.resblocks.7.Adapter.s_attn.conv_offset.3.weight', 'transformer.resblocks.7.Adapter.s_attn.proj_q.weight', 'transformer.resblocks.7.Adapter.s_attn.proj_q.bias', 'transformer.resblocks.7.Adapter.s_attn.proj_k.weight', 'transformer.resblocks.7.Adapter.s_attn.proj_k.bias', 'transformer.resblocks.7.Adapter.s_attn.proj_v.weight', 'transformer.resblocks.7.Adapter.s_attn.proj_v.bias', 'transformer.resblocks.7.Adapter.s_attn.proj_out.weight', 'transformer.resblocks.7.Adapter.s_attn.proj_out.bias', 'transformer.resblocks.7.Adapter.t_ln.weight', 'transformer.resblocks.7.Adapter.t_ln.bias', 'transformer.resblocks.7.Adapter.t_attn.conv_offset.0.weight', 'transformer.resblocks.7.Adapter.t_attn.conv_offset.0.bias', 'transformer.resblocks.7.Adapter.t_attn.conv_offset.1.norm.weight', 'transformer.resblocks.7.Adapter.t_attn.conv_offset.1.norm.bias', 'transformer.resblocks.7.Adapter.t_attn.conv_offset.3.weight', 'transformer.resblocks.7.Adapter.t_attn.proj_q.weight', 'transformer.resblocks.7.Adapter.t_attn.proj_q.bias', 'transformer.resblocks.7.Adapter.t_attn.proj_k.weight', 'transformer.resblocks.7.Adapter.t_attn.proj_k.bias', 'transformer.resblocks.7.Adapter.t_attn.proj_v.weight', 'transformer.resblocks.7.Adapter.t_attn.proj_v.bias', 'transformer.resblocks.7.Adapter.t_attn.proj_out.weight', 'transformer.resblocks.7.Adapter.t_attn.proj_out.bias', 'transformer.resblocks.7.Adapter.up.weight', 'transformer.resblocks.7.Adapter.up.bias', 'transformer.resblocks.8.Adapter.down.weight', 'transformer.resblocks.8.Adapter.down.bias', 'transformer.resblocks.8.Adapter.pos_embed.weight', 'transformer.resblocks.8.Adapter.pos_embed.bias', 'transformer.resblocks.8.Adapter.s_ln.weight', 'transformer.resblocks.8.Adapter.s_ln.bias', 'transformer.resblocks.8.Adapter.s_attn.conv_offset.0.weight', 'transformer.resblocks.8.Adapter.s_attn.conv_offset.0.bias', 'transformer.resblocks.8.Adapter.s_attn.conv_offset.1.norm.weight', 'transformer.resblocks.8.Adapter.s_attn.conv_offset.1.norm.bias', 'transformer.resblocks.8.Adapter.s_attn.conv_offset.3.weight', 'transformer.resblocks.8.Adapter.s_attn.proj_q.weight', 'transformer.resblocks.8.Adapter.s_attn.proj_q.bias', 'transformer.resblocks.8.Adapter.s_attn.proj_k.weight', 'transformer.resblocks.8.Adapter.s_attn.proj_k.bias', 'transformer.resblocks.8.Adapter.s_attn.proj_v.weight', 'transformer.resblocks.8.Adapter.s_attn.proj_v.bias', 'transformer.resblocks.8.Adapter.s_attn.proj_out.weight', 'transformer.resblocks.8.Adapter.s_attn.proj_out.bias', 'transformer.resblocks.8.Adapter.t_ln.weight', 'transformer.resblocks.8.Adapter.t_ln.bias', 'transformer.resblocks.8.Adapter.t_attn.conv_offset.0.weight', 'transformer.resblocks.8.Adapter.t_attn.conv_offset.0.bias', 'transformer.resblocks.8.Adapter.t_attn.conv_offset.1.norm.weight', 'transformer.resblocks.8.Adapter.t_attn.conv_offset.1.norm.bias', 'transformer.resblocks.8.Adapter.t_attn.conv_offset.3.weight', 'transformer.resblocks.8.Adapter.t_attn.proj_q.weight', 'transformer.resblocks.8.Adapter.t_attn.proj_q.bias', 'transformer.resblocks.8.Adapter.t_attn.proj_k.weight', 'transformer.resblocks.8.Adapter.t_attn.proj_k.bias', 'transformer.resblocks.8.Adapter.t_attn.proj_v.weight', 'transformer.resblocks.8.Adapter.t_attn.proj_v.bias', 'transformer.resblocks.8.Adapter.t_attn.proj_out.weight', 'transformer.resblocks.8.Adapter.t_attn.proj_out.bias', 'transformer.resblocks.8.Adapter.up.weight', 'transformer.resblocks.8.Adapter.up.bias', 'transformer.resblocks.9.Adapter.down.weight', 'transformer.resblocks.9.Adapter.down.bias', 'transformer.resblocks.9.Adapter.pos_embed.weight', 'transformer.resblocks.9.Adapter.pos_embed.bias', 'transformer.resblocks.9.Adapter.s_ln.weight', 'transformer.resblocks.9.Adapter.s_ln.bias', 'transformer.resblocks.9.Adapter.s_attn.conv_offset.0.weight', 'transformer.resblocks.9.Adapter.s_attn.conv_offset.0.bias', 'transformer.resblocks.9.Adapter.s_attn.conv_offset.1.norm.weight', 'transformer.resblocks.9.Adapter.s_attn.conv_offset.1.norm.bias', 'transformer.resblocks.9.Adapter.s_attn.conv_offset.3.weight', 'transformer.resblocks.9.Adapter.s_attn.proj_q.weight', 'transformer.resblocks.9.Adapter.s_attn.proj_q.bias', 'transformer.resblocks.9.Adapter.s_attn.proj_k.weight', 'transformer.resblocks.9.Adapter.s_attn.proj_k.bias', 'transformer.resblocks.9.Adapter.s_attn.proj_v.weight', 'transformer.resblocks.9.Adapter.s_attn.proj_v.bias', 'transformer.resblocks.9.Adapter.s_attn.proj_out.weight', 'transformer.resblocks.9.Adapter.s_attn.proj_out.bias', 'transformer.resblocks.9.Adapter.t_ln.weight', 'transformer.resblocks.9.Adapter.t_ln.bias', 'transformer.resblocks.9.Adapter.t_attn.conv_offset.0.weight', 'transformer.resblocks.9.Adapter.t_attn.conv_offset.0.bias', 'transformer.resblocks.9.Adapter.t_attn.conv_offset.1.norm.weight', 'transformer.resblocks.9.Adapter.t_attn.conv_offset.1.norm.bias', 'transformer.resblocks.9.Adapter.t_attn.conv_offset.3.weight', 'transformer.resblocks.9.Adapter.t_attn.proj_q.weight', 'transformer.resblocks.9.Adapter.t_attn.proj_q.bias', 'transformer.resblocks.9.Adapter.t_attn.proj_k.weight', 'transformer.resblocks.9.Adapter.t_attn.proj_k.bias', 'transformer.resblocks.9.Adapter.t_attn.proj_v.weight', 'transformer.resblocks.9.Adapter.t_attn.proj_v.bias', 'transformer.resblocks.9.Adapter.t_attn.proj_out.weight', 'transformer.resblocks.9.Adapter.t_attn.proj_out.bias', 'transformer.resblocks.9.Adapter.up.weight', 'transformer.resblocks.9.Adapter.up.bias', 'transformer.resblocks.10.Adapter.down.weight', 'transformer.resblocks.10.Adapter.down.bias', 'transformer.resblocks.10.Adapter.pos_embed.weight', 'transformer.resblocks.10.Adapter.pos_embed.bias', 'transformer.resblocks.10.Adapter.s_ln.weight', 'transformer.resblocks.10.Adapter.s_ln.bias', 'transformer.resblocks.10.Adapter.s_attn.conv_offset.0.weight', 'transformer.resblocks.10.Adapter.s_attn.conv_offset.0.bias', 'transformer.resblocks.10.Adapter.s_attn.conv_offset.1.norm.weight', 'transformer.resblocks.10.Adapter.s_attn.conv_offset.1.norm.bias', 'transformer.resblocks.10.Adapter.s_attn.conv_offset.3.weight', 'transformer.resblocks.10.Adapter.s_attn.proj_q.weight', 'transformer.resblocks.10.Adapter.s_attn.proj_q.bias', 'transformer.resblocks.10.Adapter.s_attn.proj_k.weight', 'transformer.resblocks.10.Adapter.s_attn.proj_k.bias', 'transformer.resblocks.10.Adapter.s_attn.proj_v.weight', 'transformer.resblocks.10.Adapter.s_attn.proj_v.bias', 'transformer.resblocks.10.Adapter.s_attn.proj_out.weight', 'transformer.resblocks.10.Adapter.s_attn.proj_out.bias', 'transformer.resblocks.10.Adapter.t_ln.weight', 'transformer.resblocks.10.Adapter.t_ln.bias', 'transformer.resblocks.10.Adapter.t_attn.conv_offset.0.weight', 'transformer.resblocks.10.Adapter.t_attn.conv_offset.0.bias', 'transformer.resblocks.10.Adapter.t_attn.conv_offset.1.norm.weight', 'transformer.resblocks.10.Adapter.t_attn.conv_offset.1.norm.bias', 'transformer.resblocks.10.Adapter.t_attn.conv_offset.3.weight', 'transformer.resblocks.10.Adapter.t_attn.proj_q.weight', 'transformer.resblocks.10.Adapter.t_attn.proj_q.bias', 'transformer.resblocks.10.Adapter.t_attn.proj_k.weight', 'transformer.resblocks.10.Adapter.t_attn.proj_k.bias', 'transformer.resblocks.10.Adapter.t_attn.proj_v.weight', 'transformer.resblocks.10.Adapter.t_attn.proj_v.bias', 'transformer.resblocks.10.Adapter.t_attn.proj_out.weight', 'transformer.resblocks.10.Adapter.t_attn.proj_out.bias', 'transformer.resblocks.10.Adapter.up.weight', 'transformer.resblocks.10.Adapter.up.bias', 'transformer.resblocks.11.Adapter.down.weight', 'transformer.resblocks.11.Adapter.down.bias', 'transformer.resblocks.11.Adapter.pos_embed.weight', 'transformer.resblocks.11.Adapter.pos_embed.bias', 'transformer.resblocks.11.Adapter.s_ln.weight', 'transformer.resblocks.11.Adapter.s_ln.bias', 'transformer.resblocks.11.Adapter.s_attn.conv_offset.0.weight', 'transformer.resblocks.11.Adapter.s_attn.conv_offset.0.bias', 'transformer.resblocks.11.Adapter.s_attn.conv_offset.1.norm.weight', 'transformer.resblocks.11.Adapter.s_attn.conv_offset.1.norm.bias', 'transformer.resblocks.11.Adapter.s_attn.conv_offset.3.weight', 'transformer.resblocks.11.Adapter.s_attn.proj_q.weight', 'transformer.resblocks.11.Adapter.s_attn.proj_q.bias', 'transformer.resblocks.11.Adapter.s_attn.proj_k.weight', 'transformer.resblocks.11.Adapter.s_attn.proj_k.bias', 'transformer.resblocks.11.Adapter.s_attn.proj_v.weight', 'transformer.resblocks.11.Adapter.s_attn.proj_v.bias', 'transformer.resblocks.11.Adapter.s_attn.proj_out.weight', 'transformer.resblocks.11.Adapter.s_attn.proj_out.bias', 'transformer.resblocks.11.Adapter.t_ln.weight', 'transformer.resblocks.11.Adapter.t_ln.bias', 'transformer.resblocks.11.Adapter.t_attn.conv_offset.0.weight', 'transformer.resblocks.11.Adapter.t_attn.conv_offset.0.bias', 'transformer.resblocks.11.Adapter.t_attn.conv_offset.1.norm.weight', 'transformer.resblocks.11.Adapter.t_attn.conv_offset.1.norm.bias', 'transformer.resblocks.11.Adapter.t_attn.conv_offset.3.weight', 'transformer.resblocks.11.Adapter.t_attn.proj_q.weight', 'transformer.resblocks.11.Adapter.t_attn.proj_q.bias', 'transformer.resblocks.11.Adapter.t_attn.proj_k.weight', 'transformer.resblocks.11.Adapter.t_attn.proj_k.bias', 'transformer.resblocks.11.Adapter.t_attn.proj_v.weight', 'transformer.resblocks.11.Adapter.t_attn.proj_v.bias', 'transformer.resblocks.11.Adapter.t_attn.proj_out.weight', 'transformer.resblocks.11.Adapter.t_attn.proj_out.bias', 'transformer.resblocks.11.Adapter.up.weight', 'transformer.resblocks.11.Adapter.up.bias', 'classification_layer.weight', 'classification_layer.bias', 'focus_branch.temporal_alpha', 'focus_branch.norm.weight', 'focus_branch.norm.bias', 'focus_branch.time_proj.weight', 'focus_branch.time_proj.bias', 'focus_branch.temporal.self_attn.in_proj_weight', 'focus_branch.temporal.self_attn.in_proj_bias', 'focus_branch.temporal.self_attn.out_proj.weight', 'focus_branch.temporal.self_attn.out_proj.bias', 'focus_branch.temporal.linear1.weight', 'focus_branch.temporal.linear1.bias', 'focus_branch.temporal.linear2.weight', 'focus_branch.temporal.linear2.bias', 'focus_branch.temporal.norm1.weight', 'focus_branch.temporal.norm1.bias', 'focus_branch.temporal.norm2.weight', 'focus_branch.temporal.norm2.bias', 'focus_branch.gate.0.weight', 'focus_branch.gate.0.bias', 'focus_branch.gate.2.weight', 'focus_branch.gate.2.bias']
[08/08 11:39:24][INFO] models.base.adapter:  658: Unexpected keys: []
[08/08 11:39:24][INFO] models.base.adapter:  659: => loaded successfully 'ViT-B/16'
[08/08 11:39:24][INFO] models.base.adapter:  666: init:  transformer.resblocks.0.Adapter.up
[08/08 11:39:24][INFO] models.base.adapter:  666: init:  transformer.resblocks.1.Adapter.up
[08/08 11:39:24][INFO] models.base.adapter:  666: init:  transformer.resblocks.2.Adapter.up
[08/08 11:39:24][INFO] models.base.adapter:  666: init:  transformer.resblocks.3.Adapter.up
[08/08 11:39:24][INFO] models.base.adapter:  666: init:  transformer.resblocks.4.Adapter.up
[08/08 11:39:24][INFO] models.base.adapter:  666: init:  transformer.resblocks.5.Adapter.up
[08/08 11:39:24][INFO] models.base.adapter:  666: init:  transformer.resblocks.6.Adapter.up
[08/08 11:39:24][INFO] models.base.adapter:  666: init:  transformer.resblocks.7.Adapter.up
[08/08 11:39:24][INFO] models.base.adapter:  666: init:  transformer.resblocks.8.Adapter.up
[08/08 11:39:24][INFO] models.base.adapter:  666: init:  transformer.resblocks.9.Adapter.up
[08/08 11:39:24][INFO] models.base.adapter:  666: init:  transformer.resblocks.10.Adapter.up
[08/08 11:39:24][INFO] models.base.adapter:  666: init:  transformer.resblocks.11.Adapter.up
[08/08 11:39:24][INFO] train_net_few_shot:  171: Model:
BaseVideoModel(
  (model): ViT_CLIP(
    (conv1): Conv2d(3, 768, kernel_size=(16, 16), stride=(16, 16), bias=False)
    (ln_pre): LayerNorm((768,), eps=1e-05, elementwise_affine=True, bias=True)
    (transformer): Transformer(
      (resblocks): ModuleList(
        (0-11): 12 x ResidualAttentionBlock(
          (ln_1): LayerNorm((768,), eps=1e-05, elementwise_affine=True, bias=True)
          (attn): MultiheadAttention(
            (out_proj): NonDynamicallyQuantizableLinear(in_features=768, out_features=768, bias=True)
          )
          (ln_2): LayerNorm((768,), eps=1e-05, elementwise_affine=True, bias=True)
          (mlp): Sequential(
            (c_fc): Linear(in_features=768, out_features=3072, bias=True)
            (gelu): QuickGELU()
            (c_proj): Linear(in_features=3072, out_features=768, bias=True)
          )
          (Adapter): ViT_D2ST_Adapter(
            (down): Linear(in_features=768, out_features=192, bias=True)
            (gelu1): GELU(approximate='none')
            (pos_embed): Conv3d(192, 192, kernel_size=(3, 3, 3), stride=(1, 1, 1), padding=(1, 1, 1), groups=192)
            (s_ln): LayerNorm((192,), eps=1e-05, elementwise_affine=True, bias=True)
            (s_attn): ViT_DeformAttention(
              (conv_offset): Sequential(
                (0): Conv3d(48, 48, kernel_size=(4, 5, 5), stride=(4, 3, 3), groups=48)
                (1): LayerNormProxy(
                  (norm): LayerNorm((48,), eps=1e-05, elementwise_affine=True, bias=True)
                )
                (2): GELU(approximate='none')
                (3): Conv3d(48, 3, kernel_size=(1, 1, 1), stride=(1, 1, 1), bias=False)
              )
              (proj_q): Linear(in_features=192, out_features=192, bias=True)
              (proj_k): Linear(in_features=192, out_features=192, bias=True)
              (proj_v): Linear(in_features=192, out_features=192, bias=True)
              (proj_out): Linear(in_features=192, out_features=192, bias=True)
            )
            (t_ln): LayerNorm((192,), eps=1e-05, elementwise_affine=True, bias=True)
            (t_attn): ViT_DeformAttention(
              (conv_offset): Sequential(
                (0): Conv3d(48, 48, kernel_size=(1, 7, 7), stride=(1, 7, 7), groups=48)
                (1): LayerNormProxy(
                  (norm): LayerNorm((48,), eps=1e-05, elementwise_affine=True, bias=True)
                )
                (2): GELU(approximate='none')
                (3): Conv3d(48, 3, kernel_size=(1, 1, 1), stride=(1, 1, 1), bias=False)
              )
              (proj_q): Linear(in_features=192, out_features=192, bias=True)
              (proj_k): Linear(in_features=192, out_features=192, bias=True)
              (proj_v): Linear(in_features=192, out_features=192, bias=True)
              (proj_out): Linear(in_features=192, out_features=192, bias=True)
            )
            (gelu): GELU(approximate='none')
            (up): Linear(in_features=192, out_features=768, bias=True)
            (gelu2): GELU(approximate='none')
          )
        )
      )
    )
    (ln_post): LayerNorm((768,), eps=1e-05, elementwise_affine=True, bias=True)
    (classification_layer): Linear(in_features=768, out_features=64, bias=True)
    (focus_branch): D2STFocusResidual(
      (norm): LayerNorm((768,), eps=1e-05, elementwise_affine=True, bias=True)
      (time_proj): Linear(in_features=1, out_features=768, bias=True)
      (temporal): TransformerEncoderLayer(
        (self_attn): MultiheadAttention(
          (out_proj): NonDynamicallyQuantizableLinear(in_features=768, out_features=768, bias=True)
        )
        (linear1): Linear(in_features=768, out_features=1536, bias=True)
        (dropout): Dropout(p=0.1, inplace=False)
        (linear2): Linear(in_features=1536, out_features=768, bias=True)
        (norm1): LayerNorm((768,), eps=1e-05, elementwise_affine=True, bias=True)
        (norm2): LayerNorm((768,), eps=1e-05, elementwise_affine=True, bias=True)
        (dropout1): Dropout(p=0.1, inplace=False)
        (dropout2): Dropout(p=0.1, inplace=False)
      )
      (gate): Sequential(
        (0): Linear(in_features=768, out_features=48, bias=True)
        (1): GELU(approximate='none')
        (2): Linear(in_features=48, out_features=1, bias=True)
      )
    )
  )
)
[08/08 11:39:24][INFO] models.utils.optimizer:   82: Optimized parameters constructed. Parameters without weight decay: []
[08/08 11:39:24][INFO] utils.checkpoint:  531: Load from last checkpoint, output/SSv2_Full_BDTS_anchor_keyframe_FOCUS/checkpoints/checkpoint_epoch_00001.pyth.
[08/08 11:39:26][INFO] utils.checkpoint:  330: Keys in model not matched: []
[08/08 11:39:26][INFO] utils.checkpoint:  331: Keys in checkpoint not matched: []
[08/08 11:39:26][INFO] utils.checkpoint:  333: Model ema weights not loaded because no ema state stored in checkpoint.
[08/08 11:39:26][INFO] datasets.base.few_shot_dataset:   97: Reading video list from file: train_few_shot.txt
[08/08 11:39:26][INFO] datasets.base.few_shot_dataset:  127: Loading SSv2-Full dataset list for split 'train'...
[08/08 11:39:26][INFO] datasets.base.few_shot_dataset:   47: loaded 67013 videos from train dataset: SSv2-Full !
[08/08 11:39:26][INFO] datasets.base.few_shot_dataset:  153: Dataset SSv2-Full split train loaded. Length 67013.
[08/08 11:40:12][INFO] train_net_few_shot:  166: Train with config:
[08/08 11:40:12][INFO] train_net_few_shot:  167: {
  "TASK_TYPE": "few_shot_action",
  "PRETRAIN": {
    "ENABLE": false
  },
  "LOCALIZATION": {
    "ENABLE": false
  },
  "TRAIN": {
    "ENABLE": true,
    "DATASET": "SSv2-Full",
    "BATCH_SIZE": 1,
    "LOG_FILE": "train.log",
    "EVAL_PERIOD": 2,
    "NUM_FOLDS": 1,
    "AUTO_RESUME": true,
    "CHECKPOINT_PERIOD": 10,
    "CHECKPOINT_FILE_PATH": "",
    "CHECKPOINT_TYPE": "pytorch",
    "CHECKPOINT_INFLATE": false,
    "CHECKPOINT_PRE_PROCESS": {
      "ENABLE": false
    },
    "FINE_TUNE": true,
    "ONLY_LINEAR": false,
    "LR_REDUCE": false,
    "TRAIN_VAL_COMBINE": false,
    "LOSS_FUNC": "cross_entropy",
    "USE_CLASSIFICATION_VALUE": 2.0,
    "GRADIENT_CHECKPOINT": true,
    "NUM_CLASS": 64,
    "META_BATCH": true,
    "WAY": 5,
    "SHOT": 1,
    "QUERY_PER_CLASS": 1,
    "QUERY_PER_CLASS_TEST": 1,
    "NUM_TRAIN_TASKS": 30000,
    "NUM_TEST_TASKS": 10000,
    "VAL_FRE_ITER": 10000,
    "BATCH_SIZE_PER_TASK": 4,
    "USE_KEYFRAME_SELECTION": true
  },
  "TEST": {
    "ENABLE": true,
    "DATASET": "SSv2-Full",
    "BATCH_SIZE": 1,
    "NUM_SPATIAL_CROPS": 1,
    "SPATIAL_CROPS": "cctltr",
    "NUM_ENSEMBLE_VIEWS": 1,
    "LOG_FILE": "test.log",
    "CHECKPOINT_FILE_PATH": "",
    "CHECKPOINT_TYPE": "pytorch",
    "AUTOMATIC_MULTI_SCALE_TEST": false,
    "TEST_SET": "val",
    "UPLOAD_CLASSIFIER_RESULTS": true,
    "SHOT": [
      5
    ],
    "USE_KEYFRAME_SELECTION": true
  },
  "VISUALIZATION": {
    "ENABLE": false,
    "NAME": "",
    "FEATURE_MAPS": {
      "ENABLE": false,
      "BASE_OUTPUT_DIR": ""
    }
  },
  "SUBMISSION": {
    "ENABLE": false,
    "SAVE_RESULTS_PATH": "test.json"
  },
  "DATA": {
    "DATA_ROOT_DIR": "/mnt/data/yanyi2025/lrc/action_data/ssv2/videos/videos/",
    "ANNO_DIR": "config/ssv2_full/",
    "NUM_INPUT_FRAMES": 8,
    "NUM_INPUT_CHANNELS": 2304,
    "SAMPLING_MODE": "interval_based",
    "SAMPLING_RATE": 50,
    "TRAIN_JITTER_SCALES": [
      256,
      256
    ],
    "TRAIN_CROP_SIZE": 224,
    "TEST_SCALE": 256,
    "TEST_CROP_SIZE": 224,
    "MEAN": [
      0.48145466,
      0.4578275,
      0.40821073
    ],
    "STD": [
      0.26862954,
      0.26130258,
      0.27577711
    ],
    "MULTI_LABEL": false,
    "ENSEMBLE_METHOD": "sum",
    "TARGET_FPS": 12,
    "MINUS_INTERVAL": false,
    "FPS": 12,
    "NORM_FEATURE": false,
    "USE_AUG_FEATURE": false,
    "AUG": false,
    "LOAD_PROPS": false,
    "TEMPORAL_SCALE": 256,
    "LABELS_TYPE": "cls",
    "LOAD_TYPE": "pickle",
    "DOWNLOAD_FEATURE": true,
    "VIDEO_EXT": ".webm",
    "SAMPLING_UNIFORM": false,
    "SAMPLING_METHOD": "otam_anchor_keyframe",
    "TEST_CENTER_CROP": true,
    "CLIP_INTERVAL": 8
  },
  "MODEL": {
    "NAME": "BaseVideoModel",
    "EMA": {
      "ENABLE": false,
      "DECAY": 0.99996
    }
  },
  "VIDEO": {
    "BACKBONE": {
      "DEPTH": null,
      "META_ARCH": "Identity",
      "NUM_FILTERS": null,
      "NUM_INPUT_CHANNELS": 3,
      "NUM_OUT_FEATURES": null,
      "KERNEL_SIZE": null,
      "DOWNSAMPLING": null,
      "DOWNSAMPLING_TEMPORAL": null,
      "NUM_STREAMS": 1,
      "EXPANSION_RATIO": 2,
      "BRANCH": {
        "NAME": null
      },
      "STEM": {
        "NAME": null
      },
      "NONLOCAL": {
        "ENABLE": false,
        "STAGES": [
          5
        ],
        "MASK_ENABLE": false
      },
      "INITIALIZATION": null
    },
    "HEAD": {
      "NAME": "BaseTemporalClassifier",
      "ACTIVATION": "softmax",
      "DROPOUT_RATE": 0.0,
      "NUM_CLASSES": 200
    }
  },
  "OPTIMIZER": {
    "ADJUST_LR": false,
    "BASE_LR": 0.002,
    "LR_POLICY": "cosine",
    "MAX_EPOCH": 300,
    "MOMENTUM": 0.9,
    "WEIGHT_DECAY": "1e-3",
    "WARMUP_EPOCHS": 10,
    "WARMUP_START_LR": 0.0002,
    "OPTIM_METHOD": "adam",
    "DAMPENING": 0.0,
    "NESTEROV": true
  },
  "BN": {
    "WB_LOCK": false,
    "FREEZE": false,
    "WEIGHT_DECAY": 0.0,
    "MOMENTUM": 0.1,
    "EPS": "1e-3",
    "SYNC": false
  },
  "DATA_LOADER": {
    "NUM_WORKERS": 8,
    "PIN_MEMORY": true,
    "ENABLE_MULTI_THREAD_DECODE": true,
    "COLLATE_FN": null
  },
  "NUM_GPUS": 1,
  "SHARD_ID": 0,
  "NUM_SHARDS": 1,
  "RANDOM_SEED": 18,
  "OUTPUT_DIR": "output/SSv2_Full_BDTS_anchor_keyframe_FOCUS",
  "OUTPUT_CFG_FILE": "configuration.log",
  "LOG_PERIOD": 200,
  "DIST_BACKEND": "nccl",
  "LOG_MODEL_INFO": false,
  "LOG_CONFIG_INFO": true,
  "OSS": {
    "ENABLE": false,
    "KEY": null,
    "SECRET": null,
    "ENDPOINT": null,
    "CHECKPOINT_OUTPUT_PATH": null,
    "SECONDARY_DATA_OSS": {
      "ENABLE": false,
      "KEY": null,
      "SECRET": null,
      "ENDPOINT": null,
      "BUCKETS": [
        ""
      ]
    }
  },
  "AUGMENTATION": {
    "COLOR_AUG": false,
    "BRIGHTNESS": 0.5,
    "CONTRAST": 0.5,
    "SATURATION": 0.5,
    "HUE": 0.25,
    "GRAYSCALE": 0.3,
    "CONSISTENT": true,
    "SHUFFLE": true,
    "GRAY_FIRST": true,
    "RATIO": [
      0.857142857142857,
      1.1666666666666667
    ],
    "USE_GPU": false,
    "MIXUP": {
      "ENABLE": false,
      "ALPHA": 0.0,
      "PROB": 1.0,
      "MODE": "batch",
      "SWITCH_PROB": 0.5
    },
    "CUTMIX": {
      "ENABLE": false,
      "ALPHA": 0.0,
      "MINMAX": null
    },
    "RANDOM_ERASING": {
      "ENABLE": false,
      "PROB": 0.25,
      "MODE": "const",
      "COUNT": [
        1,
        1
      ],
      "NUM_SPLITS": 0,
      "AREA_RANGE": [
        0.02,
        0.33
      ],
      "MIN_ASPECT": 0.3
    },
    "LABEL_SMOOTHING": 0.0,
    "SSV2_FLIP": false,
    "IS_SPLIT": false,
    "NO_RANDOM_ERASE": true,
    "SUPPORT_QUERY_DIFF": true
  },
  "PAI": false,
  "USE_MULTISEG_VAL_DIST": false,
  "DETECTION": {
    "ENABLE": false
  },
  "TENSORBOARD": {
    "ENABLE": false
  },
  "SOLVER": {
    "BASE_LR": 0.001,
    "LR_POLICY": "steps_with_relative_lrs",
    "MAX_EPOCH": 10,
    "MOMENTUM": 0.9,
    "WEIGHT_DECAY": "5e-4",
    "WARMUP_EPOCHS": 1,
    "WARMUP_START_LR": 0.0002,
    "OPTIM_METHOD": "adam",
    "DAMPENING": 0.0,
    "NESTEROV": true,
    "STEPS_ITER": 3000,
    "STEPS": [
      0,
      4,
      6,
      8
    ],
    "LRS": [
      1,
      0.5,
      0.1,
      0.05
    ]
  },
  "PRE_DOWNLOAD": {
    "ENABLE": false
  },
  "SUPPORT_SHOT": 1,
  "FRAME_SELECTOR": {
    "ENABLE": true,
    "TOTAL_FRAMES": 32,
    "SELECT_FRAMES": 8,
    "SEGMENTS": 4,
    "FEAT_DIM": 0,
    "PRETRAINED_CKPT": "/mnt/data/yanyi2025/lrc/code/CLIP-FSAR/output/frame_selector/ssv2_ViT-B16/frame_selector_best.pth",
    "NUM_ANCHOR_FRAMES": 4,
    "NUM_KEY_FRAMES": 4,
    "MIN_FRAME_GAP": 2,
    "ENABLE_CACHE_DECODE": true,
    "FEAT_CACHE_DIR": "/mnt/data/yanyi2025/lrc/code/CLIP-FSAR/data/feat_cache/ssv2/ViT-B-16_T32",
    "CACHE_MISMATCH_POLICY": "error"
  },
  "FOCUS": {
    "ENABLE": true,
    "HEADS": 8,
    "DROPOUT": 0.1,
    "GATE_INIT": -4.0,
    "TEMPORAL_GATE_INIT": -4.0,
    "ALPHA_INIT": -4.0
  },
  "ADAPTER": {
    "NAME": "ViT_CLIP",
    "PRETRAINED": "ViT-B/16",
    "WIDTH": 768,
    "PATCH_SIZE": 16,
    "LAYERS": 12,
    "HEADS": 12,
    "ADAPTER_SCALE": 0.25
  },
  "INIT_METHOD": "tcp://localhost:1111",
  "CUDA_VISIBLE_DEVICES": "0"
}

[08/08 11:40:12][INFO] models.base.adapter:  650: load model from: ViT-B/16
[08/08 11:40:13][INFO] models.base.adapter:  657: Missing keys: ['temporal_embedding', 'focus_alpha', 'transformer.resblocks.0.Adapter.down.weight', 'transformer.resblocks.0.Adapter.down.bias', 'transformer.resblocks.0.Adapter.pos_embed.weight', 'transformer.resblocks.0.Adapter.pos_embed.bias', 'transformer.resblocks.0.Adapter.s_ln.weight', 'transformer.resblocks.0.Adapter.s_ln.bias', 'transformer.resblocks.0.Adapter.s_attn.conv_offset.0.weight', 'transformer.resblocks.0.Adapter.s_attn.conv_offset.0.bias', 'transformer.resblocks.0.Adapter.s_attn.conv_offset.1.norm.weight', 'transformer.resblocks.0.Adapter.s_attn.conv_offset.1.norm.bias', 'transformer.resblocks.0.Adapter.s_attn.conv_offset.3.weight', 'transformer.resblocks.0.Adapter.s_attn.proj_q.weight', 'transformer.resblocks.0.Adapter.s_attn.proj_q.bias', 'transformer.resblocks.0.Adapter.s_attn.proj_k.weight', 'transformer.resblocks.0.Adapter.s_attn.proj_k.bias', 'transformer.resblocks.0.Adapter.s_attn.proj_v.weight', 'transformer.resblocks.0.Adapter.s_attn.proj_v.bias', 'transformer.resblocks.0.Adapter.s_attn.proj_out.weight', 'transformer.resblocks.0.Adapter.s_attn.proj_out.bias', 'transformer.resblocks.0.Adapter.t_ln.weight', 'transformer.resblocks.0.Adapter.t_ln.bias', 'transformer.resblocks.0.Adapter.t_attn.conv_offset.0.weight', 'transformer.resblocks.0.Adapter.t_attn.conv_offset.0.bias', 'transformer.resblocks.0.Adapter.t_attn.conv_offset.1.norm.weight', 'transformer.resblocks.0.Adapter.t_attn.conv_offset.1.norm.bias', 'transformer.resblocks.0.Adapter.t_attn.conv_offset.3.weight', 'transformer.resblocks.0.Adapter.t_attn.proj_q.weight', 'transformer.resblocks.0.Adapter.t_attn.proj_q.bias', 'transformer.resblocks.0.Adapter.t_attn.proj_k.weight', 'transformer.resblocks.0.Adapter.t_attn.proj_k.bias', 'transformer.resblocks.0.Adapter.t_attn.proj_v.weight', 'transformer.resblocks.0.Adapter.t_attn.proj_v.bias', 'transformer.resblocks.0.Adapter.t_attn.proj_out.weight', 'transformer.resblocks.0.Adapter.t_attn.proj_out.bias', 'transformer.resblocks.0.Adapter.up.weight', 'transformer.resblocks.0.Adapter.up.bias', 'transformer.resblocks.1.Adapter.down.weight', 'transformer.resblocks.1.Adapter.down.bias', 'transformer.resblocks.1.Adapter.pos_embed.weight', 'transformer.resblocks.1.Adapter.pos_embed.bias', 'transformer.resblocks.1.Adapter.s_ln.weight', 'transformer.resblocks.1.Adapter.s_ln.bias', 'transformer.resblocks.1.Adapter.s_attn.conv_offset.0.weight', 'transformer.resblocks.1.Adapter.s_attn.conv_offset.0.bias', 'transformer.resblocks.1.Adapter.s_attn.conv_offset.1.norm.weight', 'transformer.resblocks.1.Adapter.s_attn.conv_offset.1.norm.bias', 'transformer.resblocks.1.Adapter.s_attn.conv_offset.3.weight', 'transformer.resblocks.1.Adapter.s_attn.proj_q.weight', 'transformer.resblocks.1.Adapter.s_attn.proj_q.bias', 'transformer.resblocks.1.Adapter.s_attn.proj_k.weight', 'transformer.resblocks.1.Adapter.s_attn.proj_k.bias', 'transformer.resblocks.1.Adapter.s_attn.proj_v.weight', 'transformer.resblocks.1.Adapter.s_attn.proj_v.bias', 'transformer.resblocks.1.Adapter.s_attn.proj_out.weight', 'transformer.resblocks.1.Adapter.s_attn.proj_out.bias', 'transformer.resblocks.1.Adapter.t_ln.weight', 'transformer.resblocks.1.Adapter.t_ln.bias', 'transformer.resblocks.1.Adapter.t_attn.conv_offset.0.weight', 'transformer.resblocks.1.Adapter.t_attn.conv_offset.0.bias', 'transformer.resblocks.1.Adapter.t_attn.conv_offset.1.norm.weight', 'transformer.resblocks.1.Adapter.t_attn.conv_offset.1.norm.bias', 'transformer.resblocks.1.Adapter.t_attn.conv_offset.3.weight', 'transformer.resblocks.1.Adapter.t_attn.proj_q.weight', 'transformer.resblocks.1.Adapter.t_attn.proj_q.bias', 'transformer.resblocks.1.Adapter.t_attn.proj_k.weight', 'transformer.resblocks.1.Adapter.t_attn.proj_k.bias', 'transformer.resblocks.1.Adapter.t_attn.proj_v.weight', 'transformer.resblocks.1.Adapter.t_attn.proj_v.bias', 'transformer.resblocks.1.Adapter.t_attn.proj_out.weight', 'transformer.resblocks.1.Adapter.t_attn.proj_out.bias', 'transformer.resblocks.1.Adapter.up.weight', 'transformer.resblocks.1.Adapter.up.bias', 'transformer.resblocks.2.Adapter.down.weight', 'transformer.resblocks.2.Adapter.down.bias', 'transformer.resblocks.2.Adapter.pos_embed.weight', 'transformer.resblocks.2.Adapter.pos_embed.bias', 'transformer.resblocks.2.Adapter.s_ln.weight', 'transformer.resblocks.2.Adapter.s_ln.bias', 'transformer.resblocks.2.Adapter.s_attn.conv_offset.0.weight', 'transformer.resblocks.2.Adapter.s_attn.conv_offset.0.bias', 'transformer.resblocks.2.Adapter.s_attn.conv_offset.1.norm.weight', 'transformer.resblocks.2.Adapter.s_attn.conv_offset.1.norm.bias', 'transformer.resblocks.2.Adapter.s_attn.conv_offset.3.weight', 'transformer.resblocks.2.Adapter.s_attn.proj_q.weight', 'transformer.resblocks.2.Adapter.s_attn.proj_q.bias', 'transformer.resblocks.2.Adapter.s_attn.proj_k.weight', 'transformer.resblocks.2.Adapter.s_attn.proj_k.bias', 'transformer.resblocks.2.Adapter.s_attn.proj_v.weight', 'transformer.resblocks.2.Adapter.s_attn.proj_v.bias', 'transformer.resblocks.2.Adapter.s_attn.proj_out.weight', 'transformer.resblocks.2.Adapter.s_attn.proj_out.bias', 'transformer.resblocks.2.Adapter.t_ln.weight', 'transformer.resblocks.2.Adapter.t_ln.bias', 'transformer.resblocks.2.Adapter.t_attn.conv_offset.0.weight', 'transformer.resblocks.2.Adapter.t_attn.conv_offset.0.bias', 'transformer.resblocks.2.Adapter.t_attn.conv_offset.1.norm.weight', 'transformer.resblocks.2.Adapter.t_attn.conv_offset.1.norm.bias', 'transformer.resblocks.2.Adapter.t_attn.conv_offset.3.weight', 'transformer.resblocks.2.Adapter.t_attn.proj_q.weight', 'transformer.resblocks.2.Adapter.t_attn.proj_q.bias', 'transformer.resblocks.2.Adapter.t_attn.proj_k.weight', 'transformer.resblocks.2.Adapter.t_attn.proj_k.bias', 'transformer.resblocks.2.Adapter.t_attn.proj_v.weight', 'transformer.resblocks.2.Adapter.t_attn.proj_v.bias', 'transformer.resblocks.2.Adapter.t_attn.proj_out.weight', 'transformer.resblocks.2.Adapter.t_attn.proj_out.bias', 'transformer.resblocks.2.Adapter.up.weight', 'transformer.resblocks.2.Adapter.up.bias', 'transformer.resblocks.3.Adapter.down.weight', 'transformer.resblocks.3.Adapter.down.bias', 'transformer.resblocks.3.Adapter.pos_embed.weight', 'transformer.resblocks.3.Adapter.pos_embed.bias', 'transformer.resblocks.3.Adapter.s_ln.weight', 'transformer.resblocks.3.Adapter.s_ln.bias', 'transformer.resblocks.3.Adapter.s_attn.conv_offset.0.weight', 'transformer.resblocks.3.Adapter.s_attn.conv_offset.0.bias', 'transformer.resblocks.3.Adapter.s_attn.conv_offset.1.norm.weight', 'transformer.resblocks.3.Adapter.s_attn.conv_offset.1.norm.bias', 'transformer.resblocks.3.Adapter.s_attn.conv_offset.3.weight', 'transformer.resblocks.3.Adapter.s_attn.proj_q.weight', 'transformer.resblocks.3.Adapter.s_attn.proj_q.bias', 'transformer.resblocks.3.Adapter.s_attn.proj_k.weight', 'transformer.resblocks.3.Adapter.s_attn.proj_k.bias', 'transformer.resblocks.3.Adapter.s_attn.proj_v.weight', 'transformer.resblocks.3.Adapter.s_attn.proj_v.bias', 'transformer.resblocks.3.Adapter.s_attn.proj_out.weight', 'transformer.resblocks.3.Adapter.s_attn.proj_out.bias', 'transformer.resblocks.3.Adapter.t_ln.weight', 'transformer.resblocks.3.Adapter.t_ln.bias', 'transformer.resblocks.3.Adapter.t_attn.conv_offset.0.weight', 'transformer.resblocks.3.Adapter.t_attn.conv_offset.0.bias', 'transformer.resblocks.3.Adapter.t_attn.conv_offset.1.norm.weight', 'transformer.resblocks.3.Adapter.t_attn.conv_offset.1.norm.bias', 'transformer.resblocks.3.Adapter.t_attn.conv_offset.3.weight', 'transformer.resblocks.3.Adapter.t_attn.proj_q.weight', 'transformer.resblocks.3.Adapter.t_attn.proj_q.bias', 'transformer.resblocks.3.Adapter.t_attn.proj_k.weight', 'transformer.resblocks.3.Adapter.t_attn.proj_k.bias', 'transformer.resblocks.3.Adapter.t_attn.proj_v.weight', 'transformer.resblocks.3.Adapter.t_attn.proj_v.bias', 'transformer.resblocks.3.Adapter.t_attn.proj_out.weight', 'transformer.resblocks.3.Adapter.t_attn.proj_out.bias', 'transformer.resblocks.3.Adapter.up.weight', 'transformer.resblocks.3.Adapter.up.bias', 'transformer.resblocks.4.Adapter.down.weight', 'transformer.resblocks.4.Adapter.down.bias', 'transformer.resblocks.4.Adapter.pos_embed.weight', 'transformer.resblocks.4.Adapter.pos_embed.bias', 'transformer.resblocks.4.Adapter.s_ln.weight', 'transformer.resblocks.4.Adapter.s_ln.bias', 'transformer.resblocks.4.Adapter.s_attn.conv_offset.0.weight', 'transformer.resblocks.4.Adapter.s_attn.conv_offset.0.bias', 'transformer.resblocks.4.Adapter.s_attn.conv_offset.1.norm.weight', 'transformer.resblocks.4.Adapter.s_attn.conv_offset.1.norm.bias', 'transformer.resblocks.4.Adapter.s_attn.conv_offset.3.weight', 'transformer.resblocks.4.Adapter.s_attn.proj_q.weight', 'transformer.resblocks.4.Adapter.s_attn.proj_q.bias', 'transformer.resblocks.4.Adapter.s_attn.proj_k.weight', 'transformer.resblocks.4.Adapter.s_attn.proj_k.bias', 'transformer.resblocks.4.Adapter.s_attn.proj_v.weight', 'transformer.resblocks.4.Adapter.s_attn.proj_v.bias', 'transformer.resblocks.4.Adapter.s_attn.proj_out.weight', 'transformer.resblocks.4.Adapter.s_attn.proj_out.bias', 'transformer.resblocks.4.Adapter.t_ln.weight', 'transformer.resblocks.4.Adapter.t_ln.bias', 'transformer.resblocks.4.Adapter.t_attn.conv_offset.0.weight', 'transformer.resblocks.4.Adapter.t_attn.conv_offset.0.bias', 'transformer.resblocks.4.Adapter.t_attn.conv_offset.1.norm.weight', 'transformer.resblocks.4.Adapter.t_attn.conv_offset.1.norm.bias', 'transformer.resblocks.4.Adapter.t_attn.conv_offset.3.weight', 'transformer.resblocks.4.Adapter.t_attn.proj_q.weight', 'transformer.resblocks.4.Adapter.t_attn.proj_q.bias', 'transformer.resblocks.4.Adapter.t_attn.proj_k.weight', 'transformer.resblocks.4.Adapter.t_attn.proj_k.bias', 'transformer.resblocks.4.Adapter.t_attn.proj_v.weight', 'transformer.resblocks.4.Adapter.t_attn.proj_v.bias', 'transformer.resblocks.4.Adapter.t_attn.proj_out.weight', 'transformer.resblocks.4.Adapter.t_attn.proj_out.bias', 'transformer.resblocks.4.Adapter.up.weight', 'transformer.resblocks.4.Adapter.up.bias', 'transformer.resblocks.5.Adapter.down.weight', 'transformer.resblocks.5.Adapter.down.bias', 'transformer.resblocks.5.Adapter.pos_embed.weight', 'transformer.resblocks.5.Adapter.pos_embed.bias', 'transformer.resblocks.5.Adapter.s_ln.weight', 'transformer.resblocks.5.Adapter.s_ln.bias', 'transformer.resblocks.5.Adapter.s_attn.conv_offset.0.weight', 'transformer.resblocks.5.Adapter.s_attn.conv_offset.0.bias', 'transformer.resblocks.5.Adapter.s_attn.conv_offset.1.norm.weight', 'transformer.resblocks.5.Adapter.s_attn.conv_offset.1.norm.bias', 'transformer.resblocks.5.Adapter.s_attn.conv_offset.3.weight', 'transformer.resblocks.5.Adapter.s_attn.proj_q.weight', 'transformer.resblocks.5.Adapter.s_attn.proj_q.bias', 'transformer.resblocks.5.Adapter.s_attn.proj_k.weight', 'transformer.resblocks.5.Adapter.s_attn.proj_k.bias', 'transformer.resblocks.5.Adapter.s_attn.proj_v.weight', 'transformer.resblocks.5.Adapter.s_attn.proj_v.bias', 'transformer.resblocks.5.Adapter.s_attn.proj_out.weight', 'transformer.resblocks.5.Adapter.s_attn.proj_out.bias', 'transformer.resblocks.5.Adapter.t_ln.weight', 'transformer.resblocks.5.Adapter.t_ln.bias', 'transformer.resblocks.5.Adapter.t_attn.conv_offset.0.weight', 'transformer.resblocks.5.Adapter.t_attn.conv_offset.0.bias', 'transformer.resblocks.5.Adapter.t_attn.conv_offset.1.norm.weight', 'transformer.resblocks.5.Adapter.t_attn.conv_offset.1.norm.bias', 'transformer.resblocks.5.Adapter.t_attn.conv_offset.3.weight', 'transformer.resblocks.5.Adapter.t_attn.proj_q.weight', 'transformer.resblocks.5.Adapter.t_attn.proj_q.bias', 'transformer.resblocks.5.Adapter.t_attn.proj_k.weight', 'transformer.resblocks.5.Adapter.t_attn.proj_k.bias', 'transformer.resblocks.5.Adapter.t_attn.proj_v.weight', 'transformer.resblocks.5.Adapter.t_attn.proj_v.bias', 'transformer.resblocks.5.Adapter.t_attn.proj_out.weight', 'transformer.resblocks.5.Adapter.t_attn.proj_out.bias', 'transformer.resblocks.5.Adapter.up.weight', 'transformer.resblocks.5.Adapter.up.bias', 'transformer.resblocks.6.Adapter.down.weight', 'transformer.resblocks.6.Adapter.down.bias', 'transformer.resblocks.6.Adapter.pos_embed.weight', 'transformer.resblocks.6.Adapter.pos_embed.bias', 'transformer.resblocks.6.Adapter.s_ln.weight', 'transformer.resblocks.6.Adapter.s_ln.bias', 'transformer.resblocks.6.Adapter.s_attn.conv_offset.0.weight', 'transformer.resblocks.6.Adapter.s_attn.conv_offset.0.bias', 'transformer.resblocks.6.Adapter.s_attn.conv_offset.1.norm.weight', 'transformer.resblocks.6.Adapter.s_attn.conv_offset.1.norm.bias', 'transformer.resblocks.6.Adapter.s_attn.conv_offset.3.weight', 'transformer.resblocks.6.Adapter.s_attn.proj_q.weight', 'transformer.resblocks.6.Adapter.s_attn.proj_q.bias', 'transformer.resblocks.6.Adapter.s_attn.proj_k.weight', 'transformer.resblocks.6.Adapter.s_attn.proj_k.bias', 'transformer.resblocks.6.Adapter.s_attn.proj_v.weight', 'transformer.resblocks.6.Adapter.s_attn.proj_v.bias', 'transformer.resblocks.6.Adapter.s_attn.proj_out.weight', 'transformer.resblocks.6.Adapter.s_attn.proj_out.bias', 'transformer.resblocks.6.Adapter.t_ln.weight', 'transformer.resblocks.6.Adapter.t_ln.bias', 'transformer.resblocks.6.Adapter.t_attn.conv_offset.0.weight', 'transformer.resblocks.6.Adapter.t_attn.conv_offset.0.bias', 'transformer.resblocks.6.Adapter.t_attn.conv_offset.1.norm.weight', 'transformer.resblocks.6.Adapter.t_attn.conv_offset.1.norm.bias', 'transformer.resblocks.6.Adapter.t_attn.conv_offset.3.weight', 'transformer.resblocks.6.Adapter.t_attn.proj_q.weight', 'transformer.resblocks.6.Adapter.t_attn.proj_q.bias', 'transformer.resblocks.6.Adapter.t_attn.proj_k.weight', 'transformer.resblocks.6.Adapter.t_attn.proj_k.bias', 'transformer.resblocks.6.Adapter.t_attn.proj_v.weight', 'transformer.resblocks.6.Adapter.t_attn.proj_v.bias', 'transformer.resblocks.6.Adapter.t_attn.proj_out.weight', 'transformer.resblocks.6.Adapter.t_attn.proj_out.bias', 'transformer.resblocks.6.Adapter.up.weight', 'transformer.resblocks.6.Adapter.up.bias', 'transformer.resblocks.7.Adapter.down.weight', 'transformer.resblocks.7.Adapter.down.bias', 'transformer.resblocks.7.Adapter.pos_embed.weight', 'transformer.resblocks.7.Adapter.pos_embed.bias', 'transformer.resblocks.7.Adapter.s_ln.weight', 'transformer.resblocks.7.Adapter.s_ln.bias', 'transformer.resblocks.7.Adapter.s_attn.conv_offset.0.weight', 'transformer.resblocks.7.Adapter.s_attn.conv_offset.0.bias', 'transformer.resblocks.7.Adapter.s_attn.conv_offset.1.norm.weight', 'transformer.resblocks.7.Adapter.s_attn.conv_offset.1.norm.bias', 'transformer.resblocks.7.Adapter.s_attn.conv_offset.3.weight', 'transformer.resblocks.7.Adapter.s_attn.proj_q.weight', 'transformer.resblocks.7.Adapter.s_attn.proj_q.bias', 'transformer.resblocks.7.Adapter.s_attn.proj_k.weight', 'transformer.resblocks.7.Adapter.s_attn.proj_k.bias', 'transformer.resblocks.7.Adapter.s_attn.proj_v.weight', 'transformer.resblocks.7.Adapter.s_attn.proj_v.bias', 'transformer.resblocks.7.Adapter.s_attn.proj_out.weight', 'transformer.resblocks.7.Adapter.s_attn.proj_out.bias', 'transformer.resblocks.7.Adapter.t_ln.weight', 'transformer.resblocks.7.Adapter.t_ln.bias', 'transformer.resblocks.7.Adapter.t_attn.conv_offset.0.weight', 'transformer.resblocks.7.Adapter.t_attn.conv_offset.0.bias', 'transformer.resblocks.7.Adapter.t_attn.conv_offset.1.norm.weight', 'transformer.resblocks.7.Adapter.t_attn.conv_offset.1.norm.bias', 'transformer.resblocks.7.Adapter.t_attn.conv_offset.3.weight', 'transformer.resblocks.7.Adapter.t_attn.proj_q.weight', 'transformer.resblocks.7.Adapter.t_attn.proj_q.bias', 'transformer.resblocks.7.Adapter.t_attn.proj_k.weight', 'transformer.resblocks.7.Adapter.t_attn.proj_k.bias', 'transformer.resblocks.7.Adapter.t_attn.proj_v.weight', 'transformer.resblocks.7.Adapter.t_attn.proj_v.bias', 'transformer.resblocks.7.Adapter.t_attn.proj_out.weight', 'transformer.resblocks.7.Adapter.t_attn.proj_out.bias', 'transformer.resblocks.7.Adapter.up.weight', 'transformer.resblocks.7.Adapter.up.bias', 'transformer.resblocks.8.Adapter.down.weight', 'transformer.resblocks.8.Adapter.down.bias', 'transformer.resblocks.8.Adapter.pos_embed.weight', 'transformer.resblocks.8.Adapter.pos_embed.bias', 'transformer.resblocks.8.Adapter.s_ln.weight', 'transformer.resblocks.8.Adapter.s_ln.bias', 'transformer.resblocks.8.Adapter.s_attn.conv_offset.0.weight', 'transformer.resblocks.8.Adapter.s_attn.conv_offset.0.bias', 'transformer.resblocks.8.Adapter.s_attn.conv_offset.1.norm.weight', 'transformer.resblocks.8.Adapter.s_attn.conv_offset.1.norm.bias', 'transformer.resblocks.8.Adapter.s_attn.conv_offset.3.weight', 'transformer.resblocks.8.Adapter.s_attn.proj_q.weight', 'transformer.resblocks.8.Adapter.s_attn.proj_q.bias', 'transformer.resblocks.8.Adapter.s_attn.proj_k.weight', 'transformer.resblocks.8.Adapter.s_attn.proj_k.bias', 'transformer.resblocks.8.Adapter.s_attn.proj_v.weight', 'transformer.resblocks.8.Adapter.s_attn.proj_v.bias', 'transformer.resblocks.8.Adapter.s_attn.proj_out.weight', 'transformer.resblocks.8.Adapter.s_attn.proj_out.bias', 'transformer.resblocks.8.Adapter.t_ln.weight', 'transformer.resblocks.8.Adapter.t_ln.bias', 'transformer.resblocks.8.Adapter.t_attn.conv_offset.0.weight', 'transformer.resblocks.8.Adapter.t_attn.conv_offset.0.bias', 'transformer.resblocks.8.Adapter.t_attn.conv_offset.1.norm.weight', 'transformer.resblocks.8.Adapter.t_attn.conv_offset.1.norm.bias', 'transformer.resblocks.8.Adapter.t_attn.conv_offset.3.weight', 'transformer.resblocks.8.Adapter.t_attn.proj_q.weight', 'transformer.resblocks.8.Adapter.t_attn.proj_q.bias', 'transformer.resblocks.8.Adapter.t_attn.proj_k.weight', 'transformer.resblocks.8.Adapter.t_attn.proj_k.bias', 'transformer.resblocks.8.Adapter.t_attn.proj_v.weight', 'transformer.resblocks.8.Adapter.t_attn.proj_v.bias', 'transformer.resblocks.8.Adapter.t_attn.proj_out.weight', 'transformer.resblocks.8.Adapter.t_attn.proj_out.bias', 'transformer.resblocks.8.Adapter.up.weight', 'transformer.resblocks.8.Adapter.up.bias', 'transformer.resblocks.9.Adapter.down.weight', 'transformer.resblocks.9.Adapter.down.bias', 'transformer.resblocks.9.Adapter.pos_embed.weight', 'transformer.resblocks.9.Adapter.pos_embed.bias', 'transformer.resblocks.9.Adapter.s_ln.weight', 'transformer.resblocks.9.Adapter.s_ln.bias', 'transformer.resblocks.9.Adapter.s_attn.conv_offset.0.weight', 'transformer.resblocks.9.Adapter.s_attn.conv_offset.0.bias', 'transformer.resblocks.9.Adapter.s_attn.conv_offset.1.norm.weight', 'transformer.resblocks.9.Adapter.s_attn.conv_offset.1.norm.bias', 'transformer.resblocks.9.Adapter.s_attn.conv_offset.3.weight', 'transformer.resblocks.9.Adapter.s_attn.proj_q.weight', 'transformer.resblocks.9.Adapter.s_attn.proj_q.bias', 'transformer.resblocks.9.Adapter.s_attn.proj_k.weight', 'transformer.resblocks.9.Adapter.s_attn.proj_k.bias', 'transformer.resblocks.9.Adapter.s_attn.proj_v.weight', 'transformer.resblocks.9.Adapter.s_attn.proj_v.bias', 'transformer.resblocks.9.Adapter.s_attn.proj_out.weight', 'transformer.resblocks.9.Adapter.s_attn.proj_out.bias', 'transformer.resblocks.9.Adapter.t_ln.weight', 'transformer.resblocks.9.Adapter.t_ln.bias', 'transformer.resblocks.9.Adapter.t_attn.conv_offset.0.weight', 'transformer.resblocks.9.Adapter.t_attn.conv_offset.0.bias', 'transformer.resblocks.9.Adapter.t_attn.conv_offset.1.norm.weight', 'transformer.resblocks.9.Adapter.t_attn.conv_offset.1.norm.bias', 'transformer.resblocks.9.Adapter.t_attn.conv_offset.3.weight', 'transformer.resblocks.9.Adapter.t_attn.proj_q.weight', 'transformer.resblocks.9.Adapter.t_attn.proj_q.bias', 'transformer.resblocks.9.Adapter.t_attn.proj_k.weight', 'transformer.resblocks.9.Adapter.t_attn.proj_k.bias', 'transformer.resblocks.9.Adapter.t_attn.proj_v.weight', 'transformer.resblocks.9.Adapter.t_attn.proj_v.bias', 'transformer.resblocks.9.Adapter.t_attn.proj_out.weight', 'transformer.resblocks.9.Adapter.t_attn.proj_out.bias', 'transformer.resblocks.9.Adapter.up.weight', 'transformer.resblocks.9.Adapter.up.bias', 'transformer.resblocks.10.Adapter.down.weight', 'transformer.resblocks.10.Adapter.down.bias', 'transformer.resblocks.10.Adapter.pos_embed.weight', 'transformer.resblocks.10.Adapter.pos_embed.bias', 'transformer.resblocks.10.Adapter.s_ln.weight', 'transformer.resblocks.10.Adapter.s_ln.bias', 'transformer.resblocks.10.Adapter.s_attn.conv_offset.0.weight', 'transformer.resblocks.10.Adapter.s_attn.conv_offset.0.bias', 'transformer.resblocks.10.Adapter.s_attn.conv_offset.1.norm.weight', 'transformer.resblocks.10.Adapter.s_attn.conv_offset.1.norm.bias', 'transformer.resblocks.10.Adapter.s_attn.conv_offset.3.weight', 'transformer.resblocks.10.Adapter.s_attn.proj_q.weight', 'transformer.resblocks.10.Adapter.s_attn.proj_q.bias', 'transformer.resblocks.10.Adapter.s_attn.proj_k.weight', 'transformer.resblocks.10.Adapter.s_attn.proj_k.bias', 'transformer.resblocks.10.Adapter.s_attn.proj_v.weight', 'transformer.resblocks.10.Adapter.s_attn.proj_v.bias', 'transformer.resblocks.10.Adapter.s_attn.proj_out.weight', 'transformer.resblocks.10.Adapter.s_attn.proj_out.bias', 'transformer.resblocks.10.Adapter.t_ln.weight', 'transformer.resblocks.10.Adapter.t_ln.bias', 'transformer.resblocks.10.Adapter.t_attn.conv_offset.0.weight', 'transformer.resblocks.10.Adapter.t_attn.conv_offset.0.bias', 'transformer.resblocks.10.Adapter.t_attn.conv_offset.1.norm.weight', 'transformer.resblocks.10.Adapter.t_attn.conv_offset.1.norm.bias', 'transformer.resblocks.10.Adapter.t_attn.conv_offset.3.weight', 'transformer.resblocks.10.Adapter.t_attn.proj_q.weight', 'transformer.resblocks.10.Adapter.t_attn.proj_q.bias', 'transformer.resblocks.10.Adapter.t_attn.proj_k.weight', 'transformer.resblocks.10.Adapter.t_attn.proj_k.bias', 'transformer.resblocks.10.Adapter.t_attn.proj_v.weight', 'transformer.resblocks.10.Adapter.t_attn.proj_v.bias', 'transformer.resblocks.10.Adapter.t_attn.proj_out.weight', 'transformer.resblocks.10.Adapter.t_attn.proj_out.bias', 'transformer.resblocks.10.Adapter.up.weight', 'transformer.resblocks.10.Adapter.up.bias', 'transformer.resblocks.11.Adapter.down.weight', 'transformer.resblocks.11.Adapter.down.bias', 'transformer.resblocks.11.Adapter.pos_embed.weight', 'transformer.resblocks.11.Adapter.pos_embed.bias', 'transformer.resblocks.11.Adapter.s_ln.weight', 'transformer.resblocks.11.Adapter.s_ln.bias', 'transformer.resblocks.11.Adapter.s_attn.conv_offset.0.weight', 'transformer.resblocks.11.Adapter.s_attn.conv_offset.0.bias', 'transformer.resblocks.11.Adapter.s_attn.conv_offset.1.norm.weight', 'transformer.resblocks.11.Adapter.s_attn.conv_offset.1.norm.bias', 'transformer.resblocks.11.Adapter.s_attn.conv_offset.3.weight', 'transformer.resblocks.11.Adapter.s_attn.proj_q.weight', 'transformer.resblocks.11.Adapter.s_attn.proj_q.bias', 'transformer.resblocks.11.Adapter.s_attn.proj_k.weight', 'transformer.resblocks.11.Adapter.s_attn.proj_k.bias', 'transformer.resblocks.11.Adapter.s_attn.proj_v.weight', 'transformer.resblocks.11.Adapter.s_attn.proj_v.bias', 'transformer.resblocks.11.Adapter.s_attn.proj_out.weight', 'transformer.resblocks.11.Adapter.s_attn.proj_out.bias', 'transformer.resblocks.11.Adapter.t_ln.weight', 'transformer.resblocks.11.Adapter.t_ln.bias', 'transformer.resblocks.11.Adapter.t_attn.conv_offset.0.weight', 'transformer.resblocks.11.Adapter.t_attn.conv_offset.0.bias', 'transformer.resblocks.11.Adapter.t_attn.conv_offset.1.norm.weight', 'transformer.resblocks.11.Adapter.t_attn.conv_offset.1.norm.bias', 'transformer.resblocks.11.Adapter.t_attn.conv_offset.3.weight', 'transformer.resblocks.11.Adapter.t_attn.proj_q.weight', 'transformer.resblocks.11.Adapter.t_attn.proj_q.bias', 'transformer.resblocks.11.Adapter.t_attn.proj_k.weight', 'transformer.resblocks.11.Adapter.t_attn.proj_k.bias', 'transformer.resblocks.11.Adapter.t_attn.proj_v.weight', 'transformer.resblocks.11.Adapter.t_attn.proj_v.bias', 'transformer.resblocks.11.Adapter.t_attn.proj_out.weight', 'transformer.resblocks.11.Adapter.t_attn.proj_out.bias', 'transformer.resblocks.11.Adapter.up.weight', 'transformer.resblocks.11.Adapter.up.bias', 'classification_layer.weight', 'classification_layer.bias', 'focus_branch.temporal_alpha', 'focus_branch.norm.weight', 'focus_branch.norm.bias', 'focus_branch.time_proj.weight', 'focus_branch.time_proj.bias', 'focus_branch.temporal.self_attn.in_proj_weight', 'focus_branch.temporal.self_attn.in_proj_bias', 'focus_branch.temporal.self_attn.out_proj.weight', 'focus_branch.temporal.self_attn.out_proj.bias', 'focus_branch.temporal.linear1.weight', 'focus_branch.temporal.linear1.bias', 'focus_branch.temporal.linear2.weight', 'focus_branch.temporal.linear2.bias', 'focus_branch.temporal.norm1.weight', 'focus_branch.temporal.norm1.bias', 'focus_branch.temporal.norm2.weight', 'focus_branch.temporal.norm2.bias', 'focus_branch.gate.0.weight', 'focus_branch.gate.0.bias', 'focus_branch.gate.2.weight', 'focus_branch.gate.2.bias']
[08/08 11:40:13][INFO] models.base.adapter:  658: Unexpected keys: []
[08/08 11:40:13][INFO] models.base.adapter:  659: => loaded successfully 'ViT-B/16'
[08/08 11:40:13][INFO] models.base.adapter:  666: init:  transformer.resblocks.0.Adapter.up
[08/08 11:40:13][INFO] models.base.adapter:  666: init:  transformer.resblocks.1.Adapter.up
[08/08 11:40:13][INFO] models.base.adapter:  666: init:  transformer.resblocks.2.Adapter.up
[08/08 11:40:13][INFO] models.base.adapter:  666: init:  transformer.resblocks.3.Adapter.up
[08/08 11:40:13][INFO] models.base.adapter:  666: init:  transformer.resblocks.4.Adapter.up
[08/08 11:40:13][INFO] models.base.adapter:  666: init:  transformer.resblocks.5.Adapter.up
[08/08 11:40:13][INFO] models.base.adapter:  666: init:  transformer.resblocks.6.Adapter.up
[08/08 11:40:13][INFO] models.base.adapter:  666: init:  transformer.resblocks.7.Adapter.up
[08/08 11:40:13][INFO] models.base.adapter:  666: init:  transformer.resblocks.8.Adapter.up
[08/08 11:40:13][INFO] models.base.adapter:  666: init:  transformer.resblocks.9.Adapter.up
[08/08 11:40:13][INFO] models.base.adapter:  666: init:  transformer.resblocks.10.Adapter.up
[08/08 11:40:13][INFO] models.base.adapter:  666: init:  transformer.resblocks.11.Adapter.up
[08/08 11:40:13][INFO] train_net_few_shot:  171: Model:
BaseVideoModel(
  (model): ViT_CLIP(
    (conv1): Conv2d(3, 768, kernel_size=(16, 16), stride=(16, 16), bias=False)
    (ln_pre): LayerNorm((768,), eps=1e-05, elementwise_affine=True, bias=True)
    (transformer): Transformer(
      (resblocks): ModuleList(
        (0-11): 12 x ResidualAttentionBlock(
          (ln_1): LayerNorm((768,), eps=1e-05, elementwise_affine=True, bias=True)
          (attn): MultiheadAttention(
            (out_proj): NonDynamicallyQuantizableLinear(in_features=768, out_features=768, bias=True)
          )
          (ln_2): LayerNorm((768,), eps=1e-05, elementwise_affine=True, bias=True)
          (mlp): Sequential(
            (c_fc): Linear(in_features=768, out_features=3072, bias=True)
            (gelu): QuickGELU()
            (c_proj): Linear(in_features=3072, out_features=768, bias=True)
          )
          (Adapter): ViT_D2ST_Adapter(
            (down): Linear(in_features=768, out_features=192, bias=True)
            (gelu1): GELU(approximate='none')
            (pos_embed): Conv3d(192, 192, kernel_size=(3, 3, 3), stride=(1, 1, 1), padding=(1, 1, 1), groups=192)
            (s_ln): LayerNorm((192,), eps=1e-05, elementwise_affine=True, bias=True)
            (s_attn): ViT_DeformAttention(
              (conv_offset): Sequential(
                (0): Conv3d(48, 48, kernel_size=(4, 5, 5), stride=(4, 3, 3), groups=48)
                (1): LayerNormProxy(
                  (norm): LayerNorm((48,), eps=1e-05, elementwise_affine=True, bias=True)
                )
                (2): GELU(approximate='none')
                (3): Conv3d(48, 3, kernel_size=(1, 1, 1), stride=(1, 1, 1), bias=False)
              )
              (proj_q): Linear(in_features=192, out_features=192, bias=True)
              (proj_k): Linear(in_features=192, out_features=192, bias=True)
              (proj_v): Linear(in_features=192, out_features=192, bias=True)
              (proj_out): Linear(in_features=192, out_features=192, bias=True)
            )
            (t_ln): LayerNorm((192,), eps=1e-05, elementwise_affine=True, bias=True)
            (t_attn): ViT_DeformAttention(
              (conv_offset): Sequential(
                (0): Conv3d(48, 48, kernel_size=(1, 7, 7), stride=(1, 7, 7), groups=48)
                (1): LayerNormProxy(
                  (norm): LayerNorm((48,), eps=1e-05, elementwise_affine=True, bias=True)
                )
                (2): GELU(approximate='none')
                (3): Conv3d(48, 3, kernel_size=(1, 1, 1), stride=(1, 1, 1), bias=False)
              )
              (proj_q): Linear(in_features=192, out_features=192, bias=True)
              (proj_k): Linear(in_features=192, out_features=192, bias=True)
              (proj_v): Linear(in_features=192, out_features=192, bias=True)
              (proj_out): Linear(in_features=192, out_features=192, bias=True)
            )
            (gelu): GELU(approximate='none')
            (up): Linear(in_features=192, out_features=768, bias=True)
            (gelu2): GELU(approximate='none')
          )
        )
      )
    )
    (ln_post): LayerNorm((768,), eps=1e-05, elementwise_affine=True, bias=True)
    (classification_layer): Linear(in_features=768, out_features=64, bias=True)
    (focus_branch): D2STFocusResidual(
      (norm): LayerNorm((768,), eps=1e-05, elementwise_affine=True, bias=True)
      (time_proj): Linear(in_features=1, out_features=768, bias=True)
      (temporal): TransformerEncoderLayer(
        (self_attn): MultiheadAttention(
          (out_proj): NonDynamicallyQuantizableLinear(in_features=768, out_features=768, bias=True)
        )
        (linear1): Linear(in_features=768, out_features=1536, bias=True)
        (dropout): Dropout(p=0.1, inplace=False)
        (linear2): Linear(in_features=1536, out_features=768, bias=True)
        (norm1): LayerNorm((768,), eps=1e-05, elementwise_affine=True, bias=True)
        (norm2): LayerNorm((768,), eps=1e-05, elementwise_affine=True, bias=True)
        (dropout1): Dropout(p=0.1, inplace=False)
        (dropout2): Dropout(p=0.1, inplace=False)
      )
      (gate): Sequential(
        (0): Linear(in_features=768, out_features=48, bias=True)
        (1): GELU(approximate='none')
        (2): Linear(in_features=48, out_features=1, bias=True)
      )
    )
  )
)
[08/08 11:40:13][INFO] models.utils.optimizer:   82: Optimized parameters constructed. Parameters without weight decay: []
[08/08 11:40:13][INFO] utils.checkpoint:  531: Load from last checkpoint, output/SSv2_Full_BDTS_anchor_keyframe_FOCUS/checkpoints/checkpoint_epoch_00001.pyth.
[08/08 11:40:14][INFO] utils.checkpoint:  330: Keys in model not matched: []
[08/08 11:40:14][INFO] utils.checkpoint:  331: Keys in checkpoint not matched: []
[08/08 11:40:14][INFO] utils.checkpoint:  333: Model ema weights not loaded because no ema state stored in checkpoint.
[08/08 11:40:14][INFO] datasets.base.few_shot_dataset:   97: Reading video list from file: train_few_shot.txt
[08/08 11:40:14][INFO] datasets.base.few_shot_dataset:  127: Loading SSv2-Full dataset list for split 'train'...
[08/08 11:40:14][INFO] datasets.base.few_shot_dataset:   47: loaded 67013 videos from train dataset: SSv2-Full !
[08/08 11:40:14][INFO] datasets.base.few_shot_dataset:  153: Dataset SSv2-Full split train loaded. Length 67013.
[08/08 11:40:14][INFO] datasets.base.builder:   95: Using spawn DataLoader workers for CUDA frame selector during cache-based keyframe decoding.
[08/08 11:40:14][INFO] datasets.base.few_shot_dataset:   97: Reading video list from file: test_few_shot.txt
[08/08 11:40:14][INFO] datasets.base.few_shot_dataset:  127: Loading SSv2-Full dataset list for split 'test'...
[08/08 11:40:14][INFO] datasets.base.few_shot_dataset:   47: loaded 2857 videos from test dataset: SSv2-Full !
[08/08 11:40:14][INFO] datasets.base.few_shot_dataset:  153: Dataset SSv2-Full split test loaded. Length 2857.
[08/08 11:40:14][INFO] datasets.base.builder:   95: Using spawn DataLoader workers for CUDA frame selector during cache-based keyframe decoding.
[08/08 11:40:14][INFO] train_net_few_shot:  193: Start epoch: 2
[08/08 11:40:14][INFO] train_net_few_shot:  211: Number of total parameters: 97896163, tunable parameters: 12099043
[08/08 11:40:14][INFO] train_net_few_shot:   34: Norm training: True
