[08/10 11:27:24][INFO] train_net_few_shot:  166: Train with config:
[08/10 11:27:24][INFO] train_net_few_shot:  167: {
  "TASK_TYPE": "few_shot_action",
  "PRETRAIN": {
    "ENABLE": false
  },
  "LOCALIZATION": {
    "ENABLE": false
  },
  "TRAIN": {
    "ENABLE": true,
    "DATASET": "UCF101",
    "BATCH_SIZE": 2,
    "LOG_FILE": "train.log",
    "EVAL_PERIOD": 2,
    "NUM_FOLDS": 1,
    "AUTO_RESUME": true,
    "CHECKPOINT_PERIOD": 10,
    "CHECKPOINT_FILE_PATH": "",
    "CHECKPOINT_TYPE": "pytorch",
    "CHECKPOINT_INFLATE": false,
    "CHECKPOINT_PRE_PROCESS": {
      "ENABLE": false
    },
    "FINE_TUNE": true,
    "ONLY_LINEAR": false,
    "LR_REDUCE": false,
    "TRAIN_VAL_COMBINE": false,
    "LOSS_FUNC": "cross_entropy",
    "NUM_CLASS": 70,
    "META_BATCH": true,
    "WAY": 5,
    "SHOT": 1,
    "QUERY_PER_CLASS": 1,
    "QUERY_PER_CLASS_TEST": 1,
    "NUM_TRAIN_TASKS": 18000,
    "NUM_TEST_TASKS": 10000,
    "VAL_FRE_ITER": 6000,
    "BATCH_SIZE_PER_TASK": 8
  },
  "TEST": {
    "ENABLE": true,
    "DATASET": "UCF101",
    "BATCH_SIZE": 2,
    "NUM_SPATIAL_CROPS": 1,
    "SPATIAL_CROPS": "cctltr",
    "NUM_ENSEMBLE_VIEWS": 1,
    "LOG_FILE": "test.log",
    "CHECKPOINT_FILE_PATH": "",
    "CHECKPOINT_TYPE": "pytorch",
    "AUTOMATIC_MULTI_SCALE_TEST": false,
    "TEST_SET": "val",
    "UPLOAD_CLASSIFIER_RESULTS": true,
    "SHOT": [
      1,
      5
    ]
  },
  "VISUALIZATION": {
    "ENABLE": false,
    "NAME": "",
    "FEATURE_MAPS": {
      "ENABLE": false,
      "BASE_OUTPUT_DIR": ""
    }
  },
  "SUBMISSION": {
    "ENABLE": false,
    "SAVE_RESULTS_PATH": "test.json"
  },
  "DATA": {
    "DATA_ROOT_DIR": "/mnt/data/yanyi2025/lrc/action_data/ucf101/",
    "ANNO_DIR": "config/ucf101/",
    "NUM_INPUT_FRAMES": 8,
    "NUM_INPUT_CHANNELS": 2304,
    "SAMPLING_MODE": "interval_based",
    "SAMPLING_RATE": 50,
    "TRAIN_JITTER_SCALES": [
      256,
      256
    ],
    "TRAIN_CROP_SIZE": 224,
    "TEST_SCALE": 256,
    "TEST_CROP_SIZE": 224,
    "MEAN": [
      0.48145466,
      0.4578275,
      0.40821073
    ],
    "STD": [
      0.26862954,
      0.26130258,
      0.27577711
    ],
    "MULTI_LABEL": false,
    "ENSEMBLE_METHOD": "sum",
    "TARGET_FPS": 12,
    "MINUS_INTERVAL": false,
    "FPS": 12,
    "NORM_FEATURE": false,
    "USE_AUG_FEATURE": false,
    "AUG": false,
    "LOAD_PROPS": false,
    "TEMPORAL_SCALE": 256,
    "LABELS_TYPE": "cls",
    "LOAD_TYPE": "pickle",
    "DOWNLOAD_FEATURE": true,
    "SAMPLING_UNIFORM": false,
    "TEST_CENTER_CROP": true,
    "CLIP_INTERVAL": 8
  },
  "MODEL": {
    "NAME": "BaseVideoModel",
    "EMA": {
      "ENABLE": false,
      "DECAY": 0.99996
    }
  },
  "VIDEO": {
    "BACKBONE": {
      "DEPTH": null,
      "META_ARCH": "Identity",
      "NUM_FILTERS": null,
      "NUM_INPUT_CHANNELS": 3,
      "NUM_OUT_FEATURES": null,
      "KERNEL_SIZE": null,
      "DOWNSAMPLING": null,
      "DOWNSAMPLING_TEMPORAL": null,
      "NUM_STREAMS": 1,
      "EXPANSION_RATIO": 2,
      "BRANCH": {
        "NAME": null
      },
      "STEM": {
        "NAME": null
      },
      "NONLOCAL": {
        "ENABLE": false,
        "STAGES": [
          5
        ],
        "MASK_ENABLE": false
      },
      "INITIALIZATION": null
    },
    "HEAD": {
      "NAME": "BaseTemporalClassifier",
      "ACTIVATION": "softmax",
      "DROPOUT_RATE": 0.0,
      "NUM_CLASSES": 200
    }
  },
  "OPTIMIZER": {
    "ADJUST_LR": false,
    "BASE_LR": 0.002,
    "LR_POLICY": "cosine",
    "MAX_EPOCH": 300,
    "MOMENTUM": 0.9,
    "WEIGHT_DECAY": "1e-3",
    "WARMUP_EPOCHS": 10,
    "WARMUP_START_LR": 0.0002,
    "OPTIM_METHOD": "adam",
    "DAMPENING": 0.0,
    "NESTEROV": true
  },
  "BN": {
    "WB_LOCK": false,
    "FREEZE": false,
    "WEIGHT_DECAY": 0.0,
    "MOMENTUM": 0.1,
    "EPS": "1e-3",
    "SYNC": false
  },
  "DATA_LOADER": {
    "NUM_WORKERS": 8,
    "PIN_MEMORY": true,
    "ENABLE_MULTI_THREAD_DECODE": true,
    "COLLATE_FN": null
  },
  "NUM_GPUS": 1,
  "SHARD_ID": 0,
  "NUM_SHARDS": 1,
  "RANDOM_SEED": 18,
  "OUTPUT_DIR": "output/UCF101_FOCUS",
  "OUTPUT_CFG_FILE": "configuration.log",
  "LOG_PERIOD": 100,
  "DIST_BACKEND": "nccl",
  "LOG_MODEL_INFO": false,
  "LOG_CONFIG_INFO": true,
  "OSS": {
    "ENABLE": false,
    "KEY": null,
    "SECRET": null,
    "ENDPOINT": null,
    "CHECKPOINT_OUTPUT_PATH": null,
    "SECONDARY_DATA_OSS": {
      "ENABLE": false,
      "KEY": null,
      "SECRET": null,
      "ENDPOINT": null,
      "BUCKETS": [
        ""
      ]
    }
  },
  "AUGMENTATION": {
    "COLOR_AUG": false,
    "BRIGHTNESS": 0.5,
    "CONTRAST": 0.5,
    "SATURATION": 0.5,
    "HUE": 0.25,
    "GRAYSCALE": 0.3,
    "CONSISTENT": true,
    "SHUFFLE": true,
    "GRAY_FIRST": true,
    "RATIO": [
      0.857142857142857,
      1.1666666666666667
    ],
    "USE_GPU": false,
    "MIXUP": {
      "ENABLE": false,
      "ALPHA": 0.0,
      "PROB": 1.0,
      "MODE": "batch",
      "SWITCH_PROB": 0.5
    },
    "CUTMIX": {
      "ENABLE": false,
      "ALPHA": 0.0,
      "MINMAX": null
    },
    "RANDOM_ERASING": {
      "ENABLE": false,
      "PROB": 0.25,
      "MODE": "const",
      "COUNT": [
        1,
        1
      ],
      "NUM_SPLITS": 0,
      "AREA_RANGE": [
        0.02,
        0.33
      ],
      "MIN_ASPECT": 0.3
    },
    "LABEL_SMOOTHING": 0.0,
    "SSV2_FLIP": false,
    "IS_SPLIT": false,
    "NO_RANDOM_ERASE": true,
    "SUPPORT_QUERY_DIFF": true
  },
  "PAI": false,
  "USE_MULTISEG_VAL_DIST": false,
  "DETECTION": {
    "ENABLE": false
  },
  "TENSORBOARD": {
    "ENABLE": false
  },
  "SOLVER": {
    "BASE_LR": 0.0005,
    "LR_POLICY": "steps_with_relative_lrs",
    "MAX_EPOCH": 10,
    "MOMENTUM": 0.9,
    "WEIGHT_DECAY": "5e-4",
    "WARMUP_EPOCHS": 1,
    "WARMUP_START_LR": 0.0001,
    "OPTIM_METHOD": "adam",
    "DAMPENING": 0.0,
    "NESTEROV": true,
    "STEPS_ITER": 1800,
    "STEPS": [
      0,
      5,
      7,
      9
    ],
    "LRS": [
      1,
      0.1,
      0.05,
      0.01
    ]
  },
  "PRE_DOWNLOAD": {
    "ENABLE": false
  },
  "SUPPORT_SHOT": 1,
  "FOCUS": {
    "ENABLE": true,
    "HEADS": 8,
    "DROPOUT": 0.1,
    "GATE_INIT": -4.0,
    "TEMPORAL_GATE_INIT": -4.0,
    "ALPHA_INIT": -4.0
  },
  "ADAPTER": {
    "NAME": "ViT_CLIP",
    "PRETRAINED": "ViT-B/16",
    "WIDTH": 768,
    "PATCH_SIZE": 16,
    "LAYERS": 12,
    "HEADS": 12,
    "ADAPTER_SCALE": 0.25
  },
  "INIT_METHOD": "tcp://localhost:1111",
  "CUDA_VISIBLE_DEVICES": "0"
}

[08/10 11:27:25][INFO] models.base.adapter:  650: load model from: ViT-B/16
[08/10 11:27:26][INFO] models.base.adapter:  657: Missing keys: ['temporal_embedding', 'focus_alpha', 'transformer.resblocks.0.Adapter.down.weight', 'transformer.resblocks.0.Adapter.down.bias', 'transformer.resblocks.0.Adapter.pos_embed.weight', 'transformer.resblocks.0.Adapter.pos_embed.bias', 'transformer.resblocks.0.Adapter.s_ln.weight', 'transformer.resblocks.0.Adapter.s_ln.bias', 'transformer.resblocks.0.Adapter.s_attn.conv_offset.0.weight', 'transformer.resblocks.0.Adapter.s_attn.conv_offset.0.bias', 'transformer.resblocks.0.Adapter.s_attn.conv_offset.1.norm.weight', 'transformer.resblocks.0.Adapter.s_attn.conv_offset.1.norm.bias', 'transformer.resblocks.0.Adapter.s_attn.conv_offset.3.weight', 'transformer.resblocks.0.Adapter.s_attn.proj_q.weight', 'transformer.resblocks.0.Adapter.s_attn.proj_q.bias', 'transformer.resblocks.0.Adapter.s_attn.proj_k.weight', 'transformer.resblocks.0.Adapter.s_attn.proj_k.bias', 'transformer.resblocks.0.Adapter.s_attn.proj_v.weight', 'transformer.resblocks.0.Adapter.s_attn.proj_v.bias', 'transformer.resblocks.0.Adapter.s_attn.proj_out.weight', 'transformer.resblocks.0.Adapter.s_attn.proj_out.bias', 'transformer.resblocks.0.Adapter.t_ln.weight', 'transformer.resblocks.0.Adapter.t_ln.bias', 'transformer.resblocks.0.Adapter.t_attn.conv_offset.0.weight', 'transformer.resblocks.0.Adapter.t_attn.conv_offset.0.bias', 'transformer.resblocks.0.Adapter.t_attn.conv_offset.1.norm.weight', 'transformer.resblocks.0.Adapter.t_attn.conv_offset.1.norm.bias', 'transformer.resblocks.0.Adapter.t_attn.conv_offset.3.weight', 'transformer.resblocks.0.Adapter.t_attn.proj_q.weight', 'transformer.resblocks.0.Adapter.t_attn.proj_q.bias', 'transformer.resblocks.0.Adapter.t_attn.proj_k.weight', 'transformer.resblocks.0.Adapter.t_attn.proj_k.bias', 'transformer.resblocks.0.Adapter.t_attn.proj_v.weight', 'transformer.resblocks.0.Adapter.t_attn.proj_v.bias', 'transformer.resblocks.0.Adapter.t_attn.proj_out.weight', 'transformer.resblocks.0.Adapter.t_attn.proj_out.bias', 'transformer.resblocks.0.Adapter.up.weight', 'transformer.resblocks.0.Adapter.up.bias', 'transformer.resblocks.1.Adapter.down.weight', 'transformer.resblocks.1.Adapter.down.bias', 'transformer.resblocks.1.Adapter.pos_embed.weight', 'transformer.resblocks.1.Adapter.pos_embed.bias', 'transformer.resblocks.1.Adapter.s_ln.weight', 'transformer.resblocks.1.Adapter.s_ln.bias', 'transformer.resblocks.1.Adapter.s_attn.conv_offset.0.weight', 'transformer.resblocks.1.Adapter.s_attn.conv_offset.0.bias', 'transformer.resblocks.1.Adapter.s_attn.conv_offset.1.norm.weight', 'transformer.resblocks.1.Adapter.s_attn.conv_offset.1.norm.bias', 'transformer.resblocks.1.Adapter.s_attn.conv_offset.3.weight', 'transformer.resblocks.1.Adapter.s_attn.proj_q.weight', 'transformer.resblocks.1.Adapter.s_attn.proj_q.bias', 'transformer.resblocks.1.Adapter.s_attn.proj_k.weight', 'transformer.resblocks.1.Adapter.s_attn.proj_k.bias', 'transformer.resblocks.1.Adapter.s_attn.proj_v.weight', 'transformer.resblocks.1.Adapter.s_attn.proj_v.bias', 'transformer.resblocks.1.Adapter.s_attn.proj_out.weight', 'transformer.resblocks.1.Adapter.s_attn.proj_out.bias', 'transformer.resblocks.1.Adapter.t_ln.weight', 'transformer.resblocks.1.Adapter.t_ln.bias', 'transformer.resblocks.1.Adapter.t_attn.conv_offset.0.weight', 'transformer.resblocks.1.Adapter.t_attn.conv_offset.0.bias', 'transformer.resblocks.1.Adapter.t_attn.conv_offset.1.norm.weight', 'transformer.resblocks.1.Adapter.t_attn.conv_offset.1.norm.bias', 'transformer.resblocks.1.Adapter.t_attn.conv_offset.3.weight', 'transformer.resblocks.1.Adapter.t_attn.proj_q.weight', 'transformer.resblocks.1.Adapter.t_attn.proj_q.bias', 'transformer.resblocks.1.Adapter.t_attn.proj_k.weight', 'transformer.resblocks.1.Adapter.t_attn.proj_k.bias', 'transformer.resblocks.1.Adapter.t_attn.proj_v.weight', 'transformer.resblocks.1.Adapter.t_attn.proj_v.bias', 'transformer.resblocks.1.Adapter.t_attn.proj_out.weight', 'transformer.resblocks.1.Adapter.t_attn.proj_out.bias', 'transformer.resblocks.1.Adapter.up.weight', 'transformer.resblocks.1.Adapter.up.bias', 'transformer.resblocks.2.Adapter.down.weight', 'transformer.resblocks.2.Adapter.down.bias', 'transformer.resblocks.2.Adapter.pos_embed.weight', 'transformer.resblocks.2.Adapter.pos_embed.bias', 'transformer.resblocks.2.Adapter.s_ln.weight', 'transformer.resblocks.2.Adapter.s_ln.bias', 'transformer.resblocks.2.Adapter.s_attn.conv_offset.0.weight', 'transformer.resblocks.2.Adapter.s_attn.conv_offset.0.bias', 'transformer.resblocks.2.Adapter.s_attn.conv_offset.1.norm.weight', 'transformer.resblocks.2.Adapter.s_attn.conv_offset.1.norm.bias', 'transformer.resblocks.2.Adapter.s_attn.conv_offset.3.weight', 'transformer.resblocks.2.Adapter.s_attn.proj_q.weight', 'transformer.resblocks.2.Adapter.s_attn.proj_q.bias', 'transformer.resblocks.2.Adapter.s_attn.proj_k.weight', 'transformer.resblocks.2.Adapter.s_attn.proj_k.bias', 'transformer.resblocks.2.Adapter.s_attn.proj_v.weight', 'transformer.resblocks.2.Adapter.s_attn.proj_v.bias', 'transformer.resblocks.2.Adapter.s_attn.proj_out.weight', 'transformer.resblocks.2.Adapter.s_attn.proj_out.bias', 'transformer.resblocks.2.Adapter.t_ln.weight', 'transformer.resblocks.2.Adapter.t_ln.bias', 'transformer.resblocks.2.Adapter.t_attn.conv_offset.0.weight', 'transformer.resblocks.2.Adapter.t_attn.conv_offset.0.bias', 'transformer.resblocks.2.Adapter.t_attn.conv_offset.1.norm.weight', 'transformer.resblocks.2.Adapter.t_attn.conv_offset.1.norm.bias', 'transformer.resblocks.2.Adapter.t_attn.conv_offset.3.weight', 'transformer.resblocks.2.Adapter.t_attn.proj_q.weight', 'transformer.resblocks.2.Adapter.t_attn.proj_q.bias', 'transformer.resblocks.2.Adapter.t_attn.proj_k.weight', 'transformer.resblocks.2.Adapter.t_attn.proj_k.bias', 'transformer.resblocks.2.Adapter.t_attn.proj_v.weight', 'transformer.resblocks.2.Adapter.t_attn.proj_v.bias', 'transformer.resblocks.2.Adapter.t_attn.proj_out.weight', 'transformer.resblocks.2.Adapter.t_attn.proj_out.bias', 'transformer.resblocks.2.Adapter.up.weight', 'transformer.resblocks.2.Adapter.up.bias', 'transformer.resblocks.3.Adapter.down.weight', 'transformer.resblocks.3.Adapter.down.bias', 'transformer.resblocks.3.Adapter.pos_embed.weight', 'transformer.resblocks.3.Adapter.pos_embed.bias', 'transformer.resblocks.3.Adapter.s_ln.weight', 'transformer.resblocks.3.Adapter.s_ln.bias', 'transformer.resblocks.3.Adapter.s_attn.conv_offset.0.weight', 'transformer.resblocks.3.Adapter.s_attn.conv_offset.0.bias', 'transformer.resblocks.3.Adapter.s_attn.conv_offset.1.norm.weight', 'transformer.resblocks.3.Adapter.s_attn.conv_offset.1.norm.bias', 'transformer.resblocks.3.Adapter.s_attn.conv_offset.3.weight', 'transformer.resblocks.3.Adapter.s_attn.proj_q.weight', 'transformer.resblocks.3.Adapter.s_attn.proj_q.bias', 'transformer.resblocks.3.Adapter.s_attn.proj_k.weight', 'transformer.resblocks.3.Adapter.s_attn.proj_k.bias', 'transformer.resblocks.3.Adapter.s_attn.proj_v.weight', 'transformer.resblocks.3.Adapter.s_attn.proj_v.bias', 'transformer.resblocks.3.Adapter.s_attn.proj_out.weight', 'transformer.resblocks.3.Adapter.s_attn.proj_out.bias', 'transformer.resblocks.3.Adapter.t_ln.weight', 'transformer.resblocks.3.Adapter.t_ln.bias', 'transformer.resblocks.3.Adapter.t_attn.conv_offset.0.weight', 'transformer.resblocks.3.Adapter.t_attn.conv_offset.0.bias', 'transformer.resblocks.3.Adapter.t_attn.conv_offset.1.norm.weight', 'transformer.resblocks.3.Adapter.t_attn.conv_offset.1.norm.bias', 'transformer.resblocks.3.Adapter.t_attn.conv_offset.3.weight', 'transformer.resblocks.3.Adapter.t_attn.proj_q.weight', 'transformer.resblocks.3.Adapter.t_attn.proj_q.bias', 'transformer.resblocks.3.Adapter.t_attn.proj_k.weight', 'transformer.resblocks.3.Adapter.t_attn.proj_k.bias', 'transformer.resblocks.3.Adapter.t_attn.proj_v.weight', 'transformer.resblocks.3.Adapter.t_attn.proj_v.bias', 'transformer.resblocks.3.Adapter.t_attn.proj_out.weight', 'transformer.resblocks.3.Adapter.t_attn.proj_out.bias', 'transformer.resblocks.3.Adapter.up.weight', 'transformer.resblocks.3.Adapter.up.bias', 'transformer.resblocks.4.Adapter.down.weight', 'transformer.resblocks.4.Adapter.down.bias', 'transformer.resblocks.4.Adapter.pos_embed.weight', 'transformer.resblocks.4.Adapter.pos_embed.bias', 'transformer.resblocks.4.Adapter.s_ln.weight', 'transformer.resblocks.4.Adapter.s_ln.bias', 'transformer.resblocks.4.Adapter.s_attn.conv_offset.0.weight', 'transformer.resblocks.4.Adapter.s_attn.conv_offset.0.bias', 'transformer.resblocks.4.Adapter.s_attn.conv_offset.1.norm.weight', 'transformer.resblocks.4.Adapter.s_attn.conv_offset.1.norm.bias', 'transformer.resblocks.4.Adapter.s_attn.conv_offset.3.weight', 'transformer.resblocks.4.Adapter.s_attn.proj_q.weight', 'transformer.resblocks.4.Adapter.s_attn.proj_q.bias', 'transformer.resblocks.4.Adapter.s_attn.proj_k.weight', 'transformer.resblocks.4.Adapter.s_attn.proj_k.bias', 'transformer.resblocks.4.Adapter.s_attn.proj_v.weight', 'transformer.resblocks.4.Adapter.s_attn.proj_v.bias', 'transformer.resblocks.4.Adapter.s_attn.proj_out.weight', 'transformer.resblocks.4.Adapter.s_attn.proj_out.bias', 'transformer.resblocks.4.Adapter.t_ln.weight', 'transformer.resblocks.4.Adapter.t_ln.bias', 'transformer.resblocks.4.Adapter.t_attn.conv_offset.0.weight', 'transformer.resblocks.4.Adapter.t_attn.conv_offset.0.bias', 'transformer.resblocks.4.Adapter.t_attn.conv_offset.1.norm.weight', 'transformer.resblocks.4.Adapter.t_attn.conv_offset.1.norm.bias', 'transformer.resblocks.4.Adapter.t_attn.conv_offset.3.weight', 'transformer.resblocks.4.Adapter.t_attn.proj_q.weight', 'transformer.resblocks.4.Adapter.t_attn.proj_q.bias', 'transformer.resblocks.4.Adapter.t_attn.proj_k.weight', 'transformer.resblocks.4.Adapter.t_attn.proj_k.bias', 'transformer.resblocks.4.Adapter.t_attn.proj_v.weight', 'transformer.resblocks.4.Adapter.t_attn.proj_v.bias', 'transformer.resblocks.4.Adapter.t_attn.proj_out.weight', 'transformer.resblocks.4.Adapter.t_attn.proj_out.bias', 'transformer.resblocks.4.Adapter.up.weight', 'transformer.resblocks.4.Adapter.up.bias', 'transformer.resblocks.5.Adapter.down.weight', 'transformer.resblocks.5.Adapter.down.bias', 'transformer.resblocks.5.Adapter.pos_embed.weight', 'transformer.resblocks.5.Adapter.pos_embed.bias', 'transformer.resblocks.5.Adapter.s_ln.weight', 'transformer.resblocks.5.Adapter.s_ln.bias', 'transformer.resblocks.5.Adapter.s_attn.conv_offset.0.weight', 'transformer.resblocks.5.Adapter.s_attn.conv_offset.0.bias', 'transformer.resblocks.5.Adapter.s_attn.conv_offset.1.norm.weight', 'transformer.resblocks.5.Adapter.s_attn.conv_offset.1.norm.bias', 'transformer.resblocks.5.Adapter.s_attn.conv_offset.3.weight', 'transformer.resblocks.5.Adapter.s_attn.proj_q.weight', 'transformer.resblocks.5.Adapter.s_attn.proj_q.bias', 'transformer.resblocks.5.Adapter.s_attn.proj_k.weight', 'transformer.resblocks.5.Adapter.s_attn.proj_k.bias', 'transformer.resblocks.5.Adapter.s_attn.proj_v.weight', 'transformer.resblocks.5.Adapter.s_attn.proj_v.bias', 'transformer.resblocks.5.Adapter.s_attn.proj_out.weight', 'transformer.resblocks.5.Adapter.s_attn.proj_out.bias', 'transformer.resblocks.5.Adapter.t_ln.weight', 'transformer.resblocks.5.Adapter.t_ln.bias', 'transformer.resblocks.5.Adapter.t_attn.conv_offset.0.weight', 'transformer.resblocks.5.Adapter.t_attn.conv_offset.0.bias', 'transformer.resblocks.5.Adapter.t_attn.conv_offset.1.norm.weight', 'transformer.resblocks.5.Adapter.t_attn.conv_offset.1.norm.bias', 'transformer.resblocks.5.Adapter.t_attn.conv_offset.3.weight', 'transformer.resblocks.5.Adapter.t_attn.proj_q.weight', 'transformer.resblocks.5.Adapter.t_attn.proj_q.bias', 'transformer.resblocks.5.Adapter.t_attn.proj_k.weight', 'transformer.resblocks.5.Adapter.t_attn.proj_k.bias', 'transformer.resblocks.5.Adapter.t_attn.proj_v.weight', 'transformer.resblocks.5.Adapter.t_attn.proj_v.bias', 'transformer.resblocks.5.Adapter.t_attn.proj_out.weight', 'transformer.resblocks.5.Adapter.t_attn.proj_out.bias', 'transformer.resblocks.5.Adapter.up.weight', 'transformer.resblocks.5.Adapter.up.bias', 'transformer.resblocks.6.Adapter.down.weight', 'transformer.resblocks.6.Adapter.down.bias', 'transformer.resblocks.6.Adapter.pos_embed.weight', 'transformer.resblocks.6.Adapter.pos_embed.bias', 'transformer.resblocks.6.Adapter.s_ln.weight', 'transformer.resblocks.6.Adapter.s_ln.bias', 'transformer.resblocks.6.Adapter.s_attn.conv_offset.0.weight', 'transformer.resblocks.6.Adapter.s_attn.conv_offset.0.bias', 'transformer.resblocks.6.Adapter.s_attn.conv_offset.1.norm.weight', 'transformer.resblocks.6.Adapter.s_attn.conv_offset.1.norm.bias', 'transformer.resblocks.6.Adapter.s_attn.conv_offset.3.weight', 'transformer.resblocks.6.Adapter.s_attn.proj_q.weight', 'transformer.resblocks.6.Adapter.s_attn.proj_q.bias', 'transformer.resblocks.6.Adapter.s_attn.proj_k.weight', 'transformer.resblocks.6.Adapter.s_attn.proj_k.bias', 'transformer.resblocks.6.Adapter.s_attn.proj_v.weight', 'transformer.resblocks.6.Adapter.s_attn.proj_v.bias', 'transformer.resblocks.6.Adapter.s_attn.proj_out.weight', 'transformer.resblocks.6.Adapter.s_attn.proj_out.bias', 'transformer.resblocks.6.Adapter.t_ln.weight', 'transformer.resblocks.6.Adapter.t_ln.bias', 'transformer.resblocks.6.Adapter.t_attn.conv_offset.0.weight', 'transformer.resblocks.6.Adapter.t_attn.conv_offset.0.bias', 'transformer.resblocks.6.Adapter.t_attn.conv_offset.1.norm.weight', 'transformer.resblocks.6.Adapter.t_attn.conv_offset.1.norm.bias', 'transformer.resblocks.6.Adapter.t_attn.conv_offset.3.weight', 'transformer.resblocks.6.Adapter.t_attn.proj_q.weight', 'transformer.resblocks.6.Adapter.t_attn.proj_q.bias', 'transformer.resblocks.6.Adapter.t_attn.proj_k.weight', 'transformer.resblocks.6.Adapter.t_attn.proj_k.bias', 'transformer.resblocks.6.Adapter.t_attn.proj_v.weight', 'transformer.resblocks.6.Adapter.t_attn.proj_v.bias', 'transformer.resblocks.6.Adapter.t_attn.proj_out.weight', 'transformer.resblocks.6.Adapter.t_attn.proj_out.bias', 'transformer.resblocks.6.Adapter.up.weight', 'transformer.resblocks.6.Adapter.up.bias', 'transformer.resblocks.7.Adapter.down.weight', 'transformer.resblocks.7.Adapter.down.bias', 'transformer.resblocks.7.Adapter.pos_embed.weight', 'transformer.resblocks.7.Adapter.pos_embed.bias', 'transformer.resblocks.7.Adapter.s_ln.weight', 'transformer.resblocks.7.Adapter.s_ln.bias', 'transformer.resblocks.7.Adapter.s_attn.conv_offset.0.weight', 'transformer.resblocks.7.Adapter.s_attn.conv_offset.0.bias', 'transformer.resblocks.7.Adapter.s_attn.conv_offset.1.norm.weight', 'transformer.resblocks.7.Adapter.s_attn.conv_offset.1.norm.bias', 'transformer.resblocks.7.Adapter.s_attn.conv_offset.3.weight', 'transformer.resblocks.7.Adapter.s_attn.proj_q.weight', 'transformer.resblocks.7.Adapter.s_attn.proj_q.bias', 'transformer.resblocks.7.Adapter.s_attn.proj_k.weight', 'transformer.resblocks.7.Adapter.s_attn.proj_k.bias', 'transformer.resblocks.7.Adapter.s_attn.proj_v.weight', 'transformer.resblocks.7.Adapter.s_attn.proj_v.bias', 'transformer.resblocks.7.Adapter.s_attn.proj_out.weight', 'transformer.resblocks.7.Adapter.s_attn.proj_out.bias', 'transformer.resblocks.7.Adapter.t_ln.weight', 'transformer.resblocks.7.Adapter.t_ln.bias', 'transformer.resblocks.7.Adapter.t_attn.conv_offset.0.weight', 'transformer.resblocks.7.Adapter.t_attn.conv_offset.0.bias', 'transformer.resblocks.7.Adapter.t_attn.conv_offset.1.norm.weight', 'transformer.resblocks.7.Adapter.t_attn.conv_offset.1.norm.bias', 'transformer.resblocks.7.Adapter.t_attn.conv_offset.3.weight', 'transformer.resblocks.7.Adapter.t_attn.proj_q.weight', 'transformer.resblocks.7.Adapter.t_attn.proj_q.bias', 'transformer.resblocks.7.Adapter.t_attn.proj_k.weight', 'transformer.resblocks.7.Adapter.t_attn.proj_k.bias', 'transformer.resblocks.7.Adapter.t_attn.proj_v.weight', 'transformer.resblocks.7.Adapter.t_attn.proj_v.bias', 'transformer.resblocks.7.Adapter.t_attn.proj_out.weight', 'transformer.resblocks.7.Adapter.t_attn.proj_out.bias', 'transformer.resblocks.7.Adapter.up.weight', 'transformer.resblocks.7.Adapter.up.bias', 'transformer.resblocks.8.Adapter.down.weight', 'transformer.resblocks.8.Adapter.down.bias', 'transformer.resblocks.8.Adapter.pos_embed.weight', 'transformer.resblocks.8.Adapter.pos_embed.bias', 'transformer.resblocks.8.Adapter.s_ln.weight', 'transformer.resblocks.8.Adapter.s_ln.bias', 'transformer.resblocks.8.Adapter.s_attn.conv_offset.0.weight', 'transformer.resblocks.8.Adapter.s_attn.conv_offset.0.bias', 'transformer.resblocks.8.Adapter.s_attn.conv_offset.1.norm.weight', 'transformer.resblocks.8.Adapter.s_attn.conv_offset.1.norm.bias', 'transformer.resblocks.8.Adapter.s_attn.conv_offset.3.weight', 'transformer.resblocks.8.Adapter.s_attn.proj_q.weight', 'transformer.resblocks.8.Adapter.s_attn.proj_q.bias', 'transformer.resblocks.8.Adapter.s_attn.proj_k.weight', 'transformer.resblocks.8.Adapter.s_attn.proj_k.bias', 'transformer.resblocks.8.Adapter.s_attn.proj_v.weight', 'transformer.resblocks.8.Adapter.s_attn.proj_v.bias', 'transformer.resblocks.8.Adapter.s_attn.proj_out.weight', 'transformer.resblocks.8.Adapter.s_attn.proj_out.bias', 'transformer.resblocks.8.Adapter.t_ln.weight', 'transformer.resblocks.8.Adapter.t_ln.bias', 'transformer.resblocks.8.Adapter.t_attn.conv_offset.0.weight', 'transformer.resblocks.8.Adapter.t_attn.conv_offset.0.bias', 'transformer.resblocks.8.Adapter.t_attn.conv_offset.1.norm.weight', 'transformer.resblocks.8.Adapter.t_attn.conv_offset.1.norm.bias', 'transformer.resblocks.8.Adapter.t_attn.conv_offset.3.weight', 'transformer.resblocks.8.Adapter.t_attn.proj_q.weight', 'transformer.resblocks.8.Adapter.t_attn.proj_q.bias', 'transformer.resblocks.8.Adapter.t_attn.proj_k.weight', 'transformer.resblocks.8.Adapter.t_attn.proj_k.bias', 'transformer.resblocks.8.Adapter.t_attn.proj_v.weight', 'transformer.resblocks.8.Adapter.t_attn.proj_v.bias', 'transformer.resblocks.8.Adapter.t_attn.proj_out.weight', 'transformer.resblocks.8.Adapter.t_attn.proj_out.bias', 'transformer.resblocks.8.Adapter.up.weight', 'transformer.resblocks.8.Adapter.up.bias', 'transformer.resblocks.9.Adapter.down.weight', 'transformer.resblocks.9.Adapter.down.bias', 'transformer.resblocks.9.Adapter.pos_embed.weight', 'transformer.resblocks.9.Adapter.pos_embed.bias', 'transformer.resblocks.9.Adapter.s_ln.weight', 'transformer.resblocks.9.Adapter.s_ln.bias', 'transformer.resblocks.9.Adapter.s_attn.conv_offset.0.weight', 'transformer.resblocks.9.Adapter.s_attn.conv_offset.0.bias', 'transformer.resblocks.9.Adapter.s_attn.conv_offset.1.norm.weight', 'transformer.resblocks.9.Adapter.s_attn.conv_offset.1.norm.bias', 'transformer.resblocks.9.Adapter.s_attn.conv_offset.3.weight', 'transformer.resblocks.9.Adapter.s_attn.proj_q.weight', 'transformer.resblocks.9.Adapter.s_attn.proj_q.bias', 'transformer.resblocks.9.Adapter.s_attn.proj_k.weight', 'transformer.resblocks.9.Adapter.s_attn.proj_k.bias', 'transformer.resblocks.9.Adapter.s_attn.proj_v.weight', 'transformer.resblocks.9.Adapter.s_attn.proj_v.bias', 'transformer.resblocks.9.Adapter.s_attn.proj_out.weight', 'transformer.resblocks.9.Adapter.s_attn.proj_out.bias', 'transformer.resblocks.9.Adapter.t_ln.weight', 'transformer.resblocks.9.Adapter.t_ln.bias', 'transformer.resblocks.9.Adapter.t_attn.conv_offset.0.weight', 'transformer.resblocks.9.Adapter.t_attn.conv_offset.0.bias', 'transformer.resblocks.9.Adapter.t_attn.conv_offset.1.norm.weight', 'transformer.resblocks.9.Adapter.t_attn.conv_offset.1.norm.bias', 'transformer.resblocks.9.Adapter.t_attn.conv_offset.3.weight', 'transformer.resblocks.9.Adapter.t_attn.proj_q.weight', 'transformer.resblocks.9.Adapter.t_attn.proj_q.bias', 'transformer.resblocks.9.Adapter.t_attn.proj_k.weight', 'transformer.resblocks.9.Adapter.t_attn.proj_k.bias', 'transformer.resblocks.9.Adapter.t_attn.proj_v.weight', 'transformer.resblocks.9.Adapter.t_attn.proj_v.bias', 'transformer.resblocks.9.Adapter.t_attn.proj_out.weight', 'transformer.resblocks.9.Adapter.t_attn.proj_out.bias', 'transformer.resblocks.9.Adapter.up.weight', 'transformer.resblocks.9.Adapter.up.bias', 'transformer.resblocks.10.Adapter.down.weight', 'transformer.resblocks.10.Adapter.down.bias', 'transformer.resblocks.10.Adapter.pos_embed.weight', 'transformer.resblocks.10.Adapter.pos_embed.bias', 'transformer.resblocks.10.Adapter.s_ln.weight', 'transformer.resblocks.10.Adapter.s_ln.bias', 'transformer.resblocks.10.Adapter.s_attn.conv_offset.0.weight', 'transformer.resblocks.10.Adapter.s_attn.conv_offset.0.bias', 'transformer.resblocks.10.Adapter.s_attn.conv_offset.1.norm.weight', 'transformer.resblocks.10.Adapter.s_attn.conv_offset.1.norm.bias', 'transformer.resblocks.10.Adapter.s_attn.conv_offset.3.weight', 'transformer.resblocks.10.Adapter.s_attn.proj_q.weight', 'transformer.resblocks.10.Adapter.s_attn.proj_q.bias', 'transformer.resblocks.10.Adapter.s_attn.proj_k.weight', 'transformer.resblocks.10.Adapter.s_attn.proj_k.bias', 'transformer.resblocks.10.Adapter.s_attn.proj_v.weight', 'transformer.resblocks.10.Adapter.s_attn.proj_v.bias', 'transformer.resblocks.10.Adapter.s_attn.proj_out.weight', 'transformer.resblocks.10.Adapter.s_attn.proj_out.bias', 'transformer.resblocks.10.Adapter.t_ln.weight', 'transformer.resblocks.10.Adapter.t_ln.bias', 'transformer.resblocks.10.Adapter.t_attn.conv_offset.0.weight', 'transformer.resblocks.10.Adapter.t_attn.conv_offset.0.bias', 'transformer.resblocks.10.Adapter.t_attn.conv_offset.1.norm.weight', 'transformer.resblocks.10.Adapter.t_attn.conv_offset.1.norm.bias', 'transformer.resblocks.10.Adapter.t_attn.conv_offset.3.weight', 'transformer.resblocks.10.Adapter.t_attn.proj_q.weight', 'transformer.resblocks.10.Adapter.t_attn.proj_q.bias', 'transformer.resblocks.10.Adapter.t_attn.proj_k.weight', 'transformer.resblocks.10.Adapter.t_attn.proj_k.bias', 'transformer.resblocks.10.Adapter.t_attn.proj_v.weight', 'transformer.resblocks.10.Adapter.t_attn.proj_v.bias', 'transformer.resblocks.10.Adapter.t_attn.proj_out.weight', 'transformer.resblocks.10.Adapter.t_attn.proj_out.bias', 'transformer.resblocks.10.Adapter.up.weight', 'transformer.resblocks.10.Adapter.up.bias', 'transformer.resblocks.11.Adapter.down.weight', 'transformer.resblocks.11.Adapter.down.bias', 'transformer.resblocks.11.Adapter.pos_embed.weight', 'transformer.resblocks.11.Adapter.pos_embed.bias', 'transformer.resblocks.11.Adapter.s_ln.weight', 'transformer.resblocks.11.Adapter.s_ln.bias', 'transformer.resblocks.11.Adapter.s_attn.conv_offset.0.weight', 'transformer.resblocks.11.Adapter.s_attn.conv_offset.0.bias', 'transformer.resblocks.11.Adapter.s_attn.conv_offset.1.norm.weight', 'transformer.resblocks.11.Adapter.s_attn.conv_offset.1.norm.bias', 'transformer.resblocks.11.Adapter.s_attn.conv_offset.3.weight', 'transformer.resblocks.11.Adapter.s_attn.proj_q.weight', 'transformer.resblocks.11.Adapter.s_attn.proj_q.bias', 'transformer.resblocks.11.Adapter.s_attn.proj_k.weight', 'transformer.resblocks.11.Adapter.s_attn.proj_k.bias', 'transformer.resblocks.11.Adapter.s_attn.proj_v.weight', 'transformer.resblocks.11.Adapter.s_attn.proj_v.bias', 'transformer.resblocks.11.Adapter.s_attn.proj_out.weight', 'transformer.resblocks.11.Adapter.s_attn.proj_out.bias', 'transformer.resblocks.11.Adapter.t_ln.weight', 'transformer.resblocks.11.Adapter.t_ln.bias', 'transformer.resblocks.11.Adapter.t_attn.conv_offset.0.weight', 'transformer.resblocks.11.Adapter.t_attn.conv_offset.0.bias', 'transformer.resblocks.11.Adapter.t_attn.conv_offset.1.norm.weight', 'transformer.resblocks.11.Adapter.t_attn.conv_offset.1.norm.bias', 'transformer.resblocks.11.Adapter.t_attn.conv_offset.3.weight', 'transformer.resblocks.11.Adapter.t_attn.proj_q.weight', 'transformer.resblocks.11.Adapter.t_attn.proj_q.bias', 'transformer.resblocks.11.Adapter.t_attn.proj_k.weight', 'transformer.resblocks.11.Adapter.t_attn.proj_k.bias', 'transformer.resblocks.11.Adapter.t_attn.proj_v.weight', 'transformer.resblocks.11.Adapter.t_attn.proj_v.bias', 'transformer.resblocks.11.Adapter.t_attn.proj_out.weight', 'transformer.resblocks.11.Adapter.t_attn.proj_out.bias', 'transformer.resblocks.11.Adapter.up.weight', 'transformer.resblocks.11.Adapter.up.bias', 'focus_branch.temporal_alpha', 'focus_branch.norm.weight', 'focus_branch.norm.bias', 'focus_branch.time_proj.weight', 'focus_branch.time_proj.bias', 'focus_branch.temporal.self_attn.in_proj_weight', 'focus_branch.temporal.self_attn.in_proj_bias', 'focus_branch.temporal.self_attn.out_proj.weight', 'focus_branch.temporal.self_attn.out_proj.bias', 'focus_branch.temporal.linear1.weight', 'focus_branch.temporal.linear1.bias', 'focus_branch.temporal.linear2.weight', 'focus_branch.temporal.linear2.bias', 'focus_branch.temporal.norm1.weight', 'focus_branch.temporal.norm1.bias', 'focus_branch.temporal.norm2.weight', 'focus_branch.temporal.norm2.bias', 'focus_branch.gate.0.weight', 'focus_branch.gate.0.bias', 'focus_branch.gate.2.weight', 'focus_branch.gate.2.bias']
[08/10 11:27:26][INFO] models.base.adapter:  658: Unexpected keys: []
[08/10 11:27:26][INFO] models.base.adapter:  659: => loaded successfully 'ViT-B/16'
[08/10 11:27:26][INFO] models.base.adapter:  666: init:  transformer.resblocks.0.Adapter.up
[08/10 11:27:26][INFO] models.base.adapter:  666: init:  transformer.resblocks.1.Adapter.up
[08/10 11:27:26][INFO] models.base.adapter:  666: init:  transformer.resblocks.2.Adapter.up
[08/10 11:27:26][INFO] models.base.adapter:  666: init:  transformer.resblocks.3.Adapter.up
[08/10 11:27:26][INFO] models.base.adapter:  666: init:  transformer.resblocks.4.Adapter.up
[08/10 11:27:26][INFO] models.base.adapter:  666: init:  transformer.resblocks.5.Adapter.up
[08/10 11:27:26][INFO] models.base.adapter:  666: init:  transformer.resblocks.6.Adapter.up
[08/10 11:27:26][INFO] models.base.adapter:  666: init:  transformer.resblocks.7.Adapter.up
[08/10 11:27:26][INFO] models.base.adapter:  666: init:  transformer.resblocks.8.Adapter.up
[08/10 11:27:26][INFO] models.base.adapter:  666: init:  transformer.resblocks.9.Adapter.up
[08/10 11:27:26][INFO] models.base.adapter:  666: init:  transformer.resblocks.10.Adapter.up
[08/10 11:27:26][INFO] models.base.adapter:  666: init:  transformer.resblocks.11.Adapter.up
[08/10 11:27:26][INFO] train_net_few_shot:  171: Model:
BaseVideoModel(
  (model): ViT_CLIP(
    (conv1): Conv2d(3, 768, kernel_size=(16, 16), stride=(16, 16), bias=False)
    (ln_pre): LayerNorm((768,), eps=1e-05, elementwise_affine=True, bias=True)
    (transformer): Transformer(
      (resblocks): ModuleList(
        (0-11): 12 x ResidualAttentionBlock(
          (ln_1): LayerNorm((768,), eps=1e-05, elementwise_affine=True, bias=True)
          (attn): MultiheadAttention(
            (out_proj): NonDynamicallyQuantizableLinear(in_features=768, out_features=768, bias=True)
          )
          (ln_2): LayerNorm((768,), eps=1e-05, elementwise_affine=True, bias=True)
          (mlp): Sequential(
            (c_fc): Linear(in_features=768, out_features=3072, bias=True)
            (gelu): QuickGELU()
            (c_proj): Linear(in_features=3072, out_features=768, bias=True)
          )
          (Adapter): ViT_D2ST_Adapter(
            (down): Linear(in_features=768, out_features=192, bias=True)
            (gelu1): GELU(approximate='none')
            (pos_embed): Conv3d(192, 192, kernel_size=(3, 3, 3), stride=(1, 1, 1), padding=(1, 1, 1), groups=192)
            (s_ln): LayerNorm((192,), eps=1e-05, elementwise_affine=True, bias=True)
            (s_attn): ViT_DeformAttention(
              (conv_offset): Sequential(
                (0): Conv3d(48, 48, kernel_size=(4, 5, 5), stride=(4, 3, 3), groups=48)
                (1): LayerNormProxy(
                  (norm): LayerNorm((48,), eps=1e-05, elementwise_affine=True, bias=True)
                )
                (2): GELU(approximate='none')
                (3): Conv3d(48, 3, kernel_size=(1, 1, 1), stride=(1, 1, 1), bias=False)
              )
              (proj_q): Linear(in_features=192, out_features=192, bias=True)
              (proj_k): Linear(in_features=192, out_features=192, bias=True)
              (proj_v): Linear(in_features=192, out_features=192, bias=True)
              (proj_out): Linear(in_features=192, out_features=192, bias=True)
            )
            (t_ln): LayerNorm((192,), eps=1e-05, elementwise_affine=True, bias=True)
            (t_attn): ViT_DeformAttention(
              (conv_offset): Sequential(
                (0): Conv3d(48, 48, kernel_size=(1, 7, 7), stride=(1, 7, 7), groups=48)
                (1): LayerNormProxy(
                  (norm): LayerNorm((48,), eps=1e-05, elementwise_affine=True, bias=True)
                )
                (2): GELU(approximate='none')
                (3): Conv3d(48, 3, kernel_size=(1, 1, 1), stride=(1, 1, 1), bias=False)
              )
              (proj_q): Linear(in_features=192, out_features=192, bias=True)
              (proj_k): Linear(in_features=192, out_features=192, bias=True)
              (proj_v): Linear(in_features=192, out_features=192, bias=True)
              (proj_out): Linear(in_features=192, out_features=192, bias=True)
            )
            (gelu): GELU(approximate='none')
            (up): Linear(in_features=192, out_features=768, bias=True)
            (gelu2): GELU(approximate='none')
          )
        )
      )
    )
    (ln_post): LayerNorm((768,), eps=1e-05, elementwise_affine=True, bias=True)
    (focus_branch): D2STFocusResidual(
      (norm): LayerNorm((768,), eps=1e-05, elementwise_affine=True, bias=True)
      (time_proj): Linear(in_features=1, out_features=768, bias=True)
      (temporal): TransformerEncoderLayer(
        (self_attn): MultiheadAttention(
          (out_proj): NonDynamicallyQuantizableLinear(in_features=768, out_features=768, bias=True)
        )
        (linear1): Linear(in_features=768, out_features=1536, bias=True)
        (dropout): Dropout(p=0.1, inplace=False)
        (linear2): Linear(in_features=1536, out_features=768, bias=True)
        (norm1): LayerNorm((768,), eps=1e-05, elementwise_affine=True, bias=True)
        (norm2): LayerNorm((768,), eps=1e-05, elementwise_affine=True, bias=True)
        (dropout1): Dropout(p=0.1, inplace=False)
        (dropout2): Dropout(p=0.1, inplace=False)
      )
      (gate): Sequential(
        (0): Linear(in_features=768, out_features=48, bias=True)
        (1): GELU(approximate='none')
        (2): Linear(in_features=48, out_features=1, bias=True)
      )
    )
  )
)
[08/10 11:27:26][INFO] models.utils.optimizer:   82: Optimized parameters constructed. Parameters without weight decay: []
[08/10 11:27:26][INFO] datasets.base.few_shot_dataset:   97: Reading video list from file: train_few_shot.txt
[08/10 11:27:26][INFO] datasets.base.few_shot_dataset:  127: Loading UCF101 dataset list for split 'train'...
[08/10 11:27:26][INFO] datasets.base.few_shot_dataset:   47: loaded 9154 videos from train dataset: UCF101 !
[08/10 11:27:26][INFO] datasets.base.few_shot_dataset:  153: Dataset UCF101 split train loaded. Length 9154.
[08/10 11:27:26][INFO] datasets.base.few_shot_dataset:   97: Reading video list from file: test_few_shot.txt
[08/10 11:27:26][INFO] datasets.base.few_shot_dataset:  127: Loading UCF101 dataset list for split 'test'...
[08/10 11:27:26][INFO] datasets.base.few_shot_dataset:   47: loaded 2745 videos from test dataset: UCF101 !
[08/10 11:27:26][INFO] datasets.base.few_shot_dataset:  153: Dataset UCF101 split test loaded. Length 2745.
[08/10 11:27:26][INFO] train_net_few_shot:  193: Start epoch: 1
[08/10 11:27:26][INFO] train_net_few_shot:  211: Number of total parameters: 97846947, tunable parameters: 12049827
[08/10 11:27:26][INFO] train_net_few_shot:   34: Norm training: True
[08/10 11:27:58][INFO] utils.logging:   91: {"_type": "train_iter", "iter": "100/9000", "loss": 0.095965, "lr": 0.000122, "top1_acc": 92.400001}
[08/10 11:28:24][INFO] train_net_few_shot:  166: Train with config:
[08/10 11:28:24][INFO] train_net_few_shot:  167: {
  "TASK_TYPE": "few_shot_action",
  "PRETRAIN": {
    "ENABLE": false
  },
  "LOCALIZATION": {
    "ENABLE": false
  },
  "TRAIN": {
    "ENABLE": true,
    "DATASET": "UCF101",
    "BATCH_SIZE": 4,
    "LOG_FILE": "train.log",
    "EVAL_PERIOD": 2,
    "NUM_FOLDS": 1,
    "AUTO_RESUME": true,
    "CHECKPOINT_PERIOD": 10,
    "CHECKPOINT_FILE_PATH": "",
    "CHECKPOINT_TYPE": "pytorch",
    "CHECKPOINT_INFLATE": false,
    "CHECKPOINT_PRE_PROCESS": {
      "ENABLE": false
    },
    "FINE_TUNE": true,
    "ONLY_LINEAR": false,
    "LR_REDUCE": false,
    "TRAIN_VAL_COMBINE": false,
    "LOSS_FUNC": "cross_entropy",
    "NUM_CLASS": 70,
    "META_BATCH": true,
    "WAY": 5,
    "SHOT": 1,
    "QUERY_PER_CLASS": 1,
    "QUERY_PER_CLASS_TEST": 1,
    "NUM_TRAIN_TASKS": 18000,
    "NUM_TEST_TASKS": 10000,
    "VAL_FRE_ITER": 1500,
    "BATCH_SIZE_PER_TASK": 8
  },
  "TEST": {
    "ENABLE": true,
    "DATASET": "UCF101",
    "BATCH_SIZE": 2,
    "NUM_SPATIAL_CROPS": 1,
    "SPATIAL_CROPS": "cctltr",
    "NUM_ENSEMBLE_VIEWS": 1,
    "LOG_FILE": "test.log",
    "CHECKPOINT_FILE_PATH": "",
    "CHECKPOINT_TYPE": "pytorch",
    "AUTOMATIC_MULTI_SCALE_TEST": false,
    "TEST_SET": "val",
    "UPLOAD_CLASSIFIER_RESULTS": true,
    "SHOT": [
      1,
      5
    ]
  },
  "VISUALIZATION": {
    "ENABLE": false,
    "NAME": "",
    "FEATURE_MAPS": {
      "ENABLE": false,
      "BASE_OUTPUT_DIR": ""
    }
  },
  "SUBMISSION": {
    "ENABLE": false,
    "SAVE_RESULTS_PATH": "test.json"
  },
  "DATA": {
    "DATA_ROOT_DIR": "/mnt/data/yanyi2025/lrc/action_data/ucf101/",
    "ANNO_DIR": "config/ucf101/",
    "NUM_INPUT_FRAMES": 8,
    "NUM_INPUT_CHANNELS": 2304,
    "SAMPLING_MODE": "interval_based",
    "SAMPLING_RATE": 50,
    "TRAIN_JITTER_SCALES": [
      256,
      256
    ],
    "TRAIN_CROP_SIZE": 224,
    "TEST_SCALE": 256,
    "TEST_CROP_SIZE": 224,
    "MEAN": [
      0.48145466,
      0.4578275,
      0.40821073
    ],
    "STD": [
      0.26862954,
      0.26130258,
      0.27577711
    ],
    "MULTI_LABEL": false,
    "ENSEMBLE_METHOD": "sum",
    "TARGET_FPS": 12,
    "MINUS_INTERVAL": false,
    "FPS": 12,
    "NORM_FEATURE": false,
    "USE_AUG_FEATURE": false,
    "AUG": false,
    "LOAD_PROPS": false,
    "TEMPORAL_SCALE": 256,
    "LABELS_TYPE": "cls",
    "LOAD_TYPE": "pickle",
    "DOWNLOAD_FEATURE": true,
    "SAMPLING_UNIFORM": false,
    "TEST_CENTER_CROP": true,
    "CLIP_INTERVAL": 8
  },
  "MODEL": {
    "NAME": "BaseVideoModel",
    "EMA": {
      "ENABLE": false,
      "DECAY": 0.99996
    }
  },
  "VIDEO": {
    "BACKBONE": {
      "DEPTH": null,
      "META_ARCH": "Identity",
      "NUM_FILTERS": null,
      "NUM_INPUT_CHANNELS": 3,
      "NUM_OUT_FEATURES": null,
      "KERNEL_SIZE": null,
      "DOWNSAMPLING": null,
      "DOWNSAMPLING_TEMPORAL": null,
      "NUM_STREAMS": 1,
      "EXPANSION_RATIO": 2,
      "BRANCH": {
        "NAME": null
      },
      "STEM": {
        "NAME": null
      },
      "NONLOCAL": {
        "ENABLE": false,
        "STAGES": [
          5
        ],
        "MASK_ENABLE": false
      },
      "INITIALIZATION": null
    },
    "HEAD": {
      "NAME": "BaseTemporalClassifier",
      "ACTIVATION": "softmax",
      "DROPOUT_RATE": 0.0,
      "NUM_CLASSES": 200
    }
  },
  "OPTIMIZER": {
    "ADJUST_LR": false,
    "BASE_LR": 0.002,
    "LR_POLICY": "cosine",
    "MAX_EPOCH": 300,
    "MOMENTUM": 0.9,
    "WEIGHT_DECAY": "1e-3",
    "WARMUP_EPOCHS": 10,
    "WARMUP_START_LR": 0.0002,
    "OPTIM_METHOD": "adam",
    "DAMPENING": 0.0,
    "NESTEROV": true
  },
  "BN": {
    "WB_LOCK": false,
    "FREEZE": false,
    "WEIGHT_DECAY": 0.0,
    "MOMENTUM": 0.1,
    "EPS": "1e-3",
    "SYNC": false
  },
  "DATA_LOADER": {
    "NUM_WORKERS": 8,
    "PIN_MEMORY": true,
    "ENABLE_MULTI_THREAD_DECODE": true,
    "COLLATE_FN": null
  },
  "NUM_GPUS": 1,
  "SHARD_ID": 0,
  "NUM_SHARDS": 1,
  "RANDOM_SEED": 18,
  "OUTPUT_DIR": "output/UCF101_FOCUS",
  "OUTPUT_CFG_FILE": "configuration.log",
  "LOG_PERIOD": 100,
  "DIST_BACKEND": "nccl",
  "LOG_MODEL_INFO": false,
  "LOG_CONFIG_INFO": true,
  "OSS": {
    "ENABLE": false,
    "KEY": null,
    "SECRET": null,
    "ENDPOINT": null,
    "CHECKPOINT_OUTPUT_PATH": null,
    "SECONDARY_DATA_OSS": {
      "ENABLE": false,
      "KEY": null,
      "SECRET": null,
      "ENDPOINT": null,
      "BUCKETS": [
        ""
      ]
    }
  },
  "AUGMENTATION": {
    "COLOR_AUG": false,
    "BRIGHTNESS": 0.5,
    "CONTRAST": 0.5,
    "SATURATION": 0.5,
    "HUE": 0.25,
    "GRAYSCALE": 0.3,
    "CONSISTENT": true,
    "SHUFFLE": true,
    "GRAY_FIRST": true,
    "RATIO": [
      0.857142857142857,
      1.1666666666666667
    ],
    "USE_GPU": false,
    "MIXUP": {
      "ENABLE": false,
      "ALPHA": 0.0,
      "PROB": 1.0,
      "MODE": "batch",
      "SWITCH_PROB": 0.5
    },
    "CUTMIX": {
      "ENABLE": false,
      "ALPHA": 0.0,
      "MINMAX": null
    },
    "RANDOM_ERASING": {
      "ENABLE": false,
      "PROB": 0.25,
      "MODE": "const",
      "COUNT": [
        1,
        1
      ],
      "NUM_SPLITS": 0,
      "AREA_RANGE": [
        0.02,
        0.33
      ],
      "MIN_ASPECT": 0.3
    },
    "LABEL_SMOOTHING": 0.0,
    "SSV2_FLIP": false,
    "IS_SPLIT": false,
    "NO_RANDOM_ERASE": true,
    "SUPPORT_QUERY_DIFF": true
  },
  "PAI": false,
  "USE_MULTISEG_VAL_DIST": false,
  "DETECTION": {
    "ENABLE": false
  },
  "TENSORBOARD": {
    "ENABLE": false
  },
  "SOLVER": {
    "BASE_LR": 0.0005,
    "LR_POLICY": "steps_with_relative_lrs",
    "MAX_EPOCH": 10,
    "MOMENTUM": 0.9,
    "WEIGHT_DECAY": "5e-4",
    "WARMUP_EPOCHS": 1,
    "WARMUP_START_LR": 0.0001,
    "OPTIM_METHOD": "adam",
    "DAMPENING": 0.0,
    "NESTEROV": true,
    "STEPS_ITER": 450,
    "STEPS": [
      0,
      5,
      7,
      9
    ],
    "LRS": [
      1,
      0.1,
      0.05,
      0.01
    ]
  },
  "PRE_DOWNLOAD": {
    "ENABLE": false
  },
  "SUPPORT_SHOT": 1,
  "FOCUS": {
    "ENABLE": true,
    "HEADS": 8,
    "DROPOUT": 0.1,
    "GATE_INIT": -4.0,
    "TEMPORAL_GATE_INIT": -4.0,
    "ALPHA_INIT": -4.0
  },
  "ADAPTER": {
    "NAME": "ViT_CLIP",
    "PRETRAINED": "ViT-B/16",
    "WIDTH": 768,
    "PATCH_SIZE": 16,
    "LAYERS": 12,
    "HEADS": 12,
    "ADAPTER_SCALE": 0.25
  },
  "INIT_METHOD": "tcp://localhost:1111",
  "CUDA_VISIBLE_DEVICES": "0"
}

[08/10 11:28:24][INFO] models.base.adapter:  650: load model from: ViT-B/16
[08/10 11:28:26][INFO] models.base.adapter:  657: Missing keys: ['temporal_embedding', 'focus_alpha', 'transformer.resblocks.0.Adapter.down.weight', 'transformer.resblocks.0.Adapter.down.bias', 'transformer.resblocks.0.Adapter.pos_embed.weight', 'transformer.resblocks.0.Adapter.pos_embed.bias', 'transformer.resblocks.0.Adapter.s_ln.weight', 'transformer.resblocks.0.Adapter.s_ln.bias', 'transformer.resblocks.0.Adapter.s_attn.conv_offset.0.weight', 'transformer.resblocks.0.Adapter.s_attn.conv_offset.0.bias', 'transformer.resblocks.0.Adapter.s_attn.conv_offset.1.norm.weight', 'transformer.resblocks.0.Adapter.s_attn.conv_offset.1.norm.bias', 'transformer.resblocks.0.Adapter.s_attn.conv_offset.3.weight', 'transformer.resblocks.0.Adapter.s_attn.proj_q.weight', 'transformer.resblocks.0.Adapter.s_attn.proj_q.bias', 'transformer.resblocks.0.Adapter.s_attn.proj_k.weight', 'transformer.resblocks.0.Adapter.s_attn.proj_k.bias', 'transformer.resblocks.0.Adapter.s_attn.proj_v.weight', 'transformer.resblocks.0.Adapter.s_attn.proj_v.bias', 'transformer.resblocks.0.Adapter.s_attn.proj_out.weight', 'transformer.resblocks.0.Adapter.s_attn.proj_out.bias', 'transformer.resblocks.0.Adapter.t_ln.weight', 'transformer.resblocks.0.Adapter.t_ln.bias', 'transformer.resblocks.0.Adapter.t_attn.conv_offset.0.weight', 'transformer.resblocks.0.Adapter.t_attn.conv_offset.0.bias', 'transformer.resblocks.0.Adapter.t_attn.conv_offset.1.norm.weight', 'transformer.resblocks.0.Adapter.t_attn.conv_offset.1.norm.bias', 'transformer.resblocks.0.Adapter.t_attn.conv_offset.3.weight', 'transformer.resblocks.0.Adapter.t_attn.proj_q.weight', 'transformer.resblocks.0.Adapter.t_attn.proj_q.bias', 'transformer.resblocks.0.Adapter.t_attn.proj_k.weight', 'transformer.resblocks.0.Adapter.t_attn.proj_k.bias', 'transformer.resblocks.0.Adapter.t_attn.proj_v.weight', 'transformer.resblocks.0.Adapter.t_attn.proj_v.bias', 'transformer.resblocks.0.Adapter.t_attn.proj_out.weight', 'transformer.resblocks.0.Adapter.t_attn.proj_out.bias', 'transformer.resblocks.0.Adapter.up.weight', 'transformer.resblocks.0.Adapter.up.bias', 'transformer.resblocks.1.Adapter.down.weight', 'transformer.resblocks.1.Adapter.down.bias', 'transformer.resblocks.1.Adapter.pos_embed.weight', 'transformer.resblocks.1.Adapter.pos_embed.bias', 'transformer.resblocks.1.Adapter.s_ln.weight', 'transformer.resblocks.1.Adapter.s_ln.bias', 'transformer.resblocks.1.Adapter.s_attn.conv_offset.0.weight', 'transformer.resblocks.1.Adapter.s_attn.conv_offset.0.bias', 'transformer.resblocks.1.Adapter.s_attn.conv_offset.1.norm.weight', 'transformer.resblocks.1.Adapter.s_attn.conv_offset.1.norm.bias', 'transformer.resblocks.1.Adapter.s_attn.conv_offset.3.weight', 'transformer.resblocks.1.Adapter.s_attn.proj_q.weight', 'transformer.resblocks.1.Adapter.s_attn.proj_q.bias', 'transformer.resblocks.1.Adapter.s_attn.proj_k.weight', 'transformer.resblocks.1.Adapter.s_attn.proj_k.bias', 'transformer.resblocks.1.Adapter.s_attn.proj_v.weight', 'transformer.resblocks.1.Adapter.s_attn.proj_v.bias', 'transformer.resblocks.1.Adapter.s_attn.proj_out.weight', 'transformer.resblocks.1.Adapter.s_attn.proj_out.bias', 'transformer.resblocks.1.Adapter.t_ln.weight', 'transformer.resblocks.1.Adapter.t_ln.bias', 'transformer.resblocks.1.Adapter.t_attn.conv_offset.0.weight', 'transformer.resblocks.1.Adapter.t_attn.conv_offset.0.bias', 'transformer.resblocks.1.Adapter.t_attn.conv_offset.1.norm.weight', 'transformer.resblocks.1.Adapter.t_attn.conv_offset.1.norm.bias', 'transformer.resblocks.1.Adapter.t_attn.conv_offset.3.weight', 'transformer.resblocks.1.Adapter.t_attn.proj_q.weight', 'transformer.resblocks.1.Adapter.t_attn.proj_q.bias', 'transformer.resblocks.1.Adapter.t_attn.proj_k.weight', 'transformer.resblocks.1.Adapter.t_attn.proj_k.bias', 'transformer.resblocks.1.Adapter.t_attn.proj_v.weight', 'transformer.resblocks.1.Adapter.t_attn.proj_v.bias', 'transformer.resblocks.1.Adapter.t_attn.proj_out.weight', 'transformer.resblocks.1.Adapter.t_attn.proj_out.bias', 'transformer.resblocks.1.Adapter.up.weight', 'transformer.resblocks.1.Adapter.up.bias', 'transformer.resblocks.2.Adapter.down.weight', 'transformer.resblocks.2.Adapter.down.bias', 'transformer.resblocks.2.Adapter.pos_embed.weight', 'transformer.resblocks.2.Adapter.pos_embed.bias', 'transformer.resblocks.2.Adapter.s_ln.weight', 'transformer.resblocks.2.Adapter.s_ln.bias', 'transformer.resblocks.2.Adapter.s_attn.conv_offset.0.weight', 'transformer.resblocks.2.Adapter.s_attn.conv_offset.0.bias', 'transformer.resblocks.2.Adapter.s_attn.conv_offset.1.norm.weight', 'transformer.resblocks.2.Adapter.s_attn.conv_offset.1.norm.bias', 'transformer.resblocks.2.Adapter.s_attn.conv_offset.3.weight', 'transformer.resblocks.2.Adapter.s_attn.proj_q.weight', 'transformer.resblocks.2.Adapter.s_attn.proj_q.bias', 'transformer.resblocks.2.Adapter.s_attn.proj_k.weight', 'transformer.resblocks.2.Adapter.s_attn.proj_k.bias', 'transformer.resblocks.2.Adapter.s_attn.proj_v.weight', 'transformer.resblocks.2.Adapter.s_attn.proj_v.bias', 'transformer.resblocks.2.Adapter.s_attn.proj_out.weight', 'transformer.resblocks.2.Adapter.s_attn.proj_out.bias', 'transformer.resblocks.2.Adapter.t_ln.weight', 'transformer.resblocks.2.Adapter.t_ln.bias', 'transformer.resblocks.2.Adapter.t_attn.conv_offset.0.weight', 'transformer.resblocks.2.Adapter.t_attn.conv_offset.0.bias', 'transformer.resblocks.2.Adapter.t_attn.conv_offset.1.norm.weight', 'transformer.resblocks.2.Adapter.t_attn.conv_offset.1.norm.bias', 'transformer.resblocks.2.Adapter.t_attn.conv_offset.3.weight', 'transformer.resblocks.2.Adapter.t_attn.proj_q.weight', 'transformer.resblocks.2.Adapter.t_attn.proj_q.bias', 'transformer.resblocks.2.Adapter.t_attn.proj_k.weight', 'transformer.resblocks.2.Adapter.t_attn.proj_k.bias', 'transformer.resblocks.2.Adapter.t_attn.proj_v.weight', 'transformer.resblocks.2.Adapter.t_attn.proj_v.bias', 'transformer.resblocks.2.Adapter.t_attn.proj_out.weight', 'transformer.resblocks.2.Adapter.t_attn.proj_out.bias', 'transformer.resblocks.2.Adapter.up.weight', 'transformer.resblocks.2.Adapter.up.bias', 'transformer.resblocks.3.Adapter.down.weight', 'transformer.resblocks.3.Adapter.down.bias', 'transformer.resblocks.3.Adapter.pos_embed.weight', 'transformer.resblocks.3.Adapter.pos_embed.bias', 'transformer.resblocks.3.Adapter.s_ln.weight', 'transformer.resblocks.3.Adapter.s_ln.bias', 'transformer.resblocks.3.Adapter.s_attn.conv_offset.0.weight', 'transformer.resblocks.3.Adapter.s_attn.conv_offset.0.bias', 'transformer.resblocks.3.Adapter.s_attn.conv_offset.1.norm.weight', 'transformer.resblocks.3.Adapter.s_attn.conv_offset.1.norm.bias', 'transformer.resblocks.3.Adapter.s_attn.conv_offset.3.weight', 'transformer.resblocks.3.Adapter.s_attn.proj_q.weight', 'transformer.resblocks.3.Adapter.s_attn.proj_q.bias', 'transformer.resblocks.3.Adapter.s_attn.proj_k.weight', 'transformer.resblocks.3.Adapter.s_attn.proj_k.bias', 'transformer.resblocks.3.Adapter.s_attn.proj_v.weight', 'transformer.resblocks.3.Adapter.s_attn.proj_v.bias', 'transformer.resblocks.3.Adapter.s_attn.proj_out.weight', 'transformer.resblocks.3.Adapter.s_attn.proj_out.bias', 'transformer.resblocks.3.Adapter.t_ln.weight', 'transformer.resblocks.3.Adapter.t_ln.bias', 'transformer.resblocks.3.Adapter.t_attn.conv_offset.0.weight', 'transformer.resblocks.3.Adapter.t_attn.conv_offset.0.bias', 'transformer.resblocks.3.Adapter.t_attn.conv_offset.1.norm.weight', 'transformer.resblocks.3.Adapter.t_attn.conv_offset.1.norm.bias', 'transformer.resblocks.3.Adapter.t_attn.conv_offset.3.weight', 'transformer.resblocks.3.Adapter.t_attn.proj_q.weight', 'transformer.resblocks.3.Adapter.t_attn.proj_q.bias', 'transformer.resblocks.3.Adapter.t_attn.proj_k.weight', 'transformer.resblocks.3.Adapter.t_attn.proj_k.bias', 'transformer.resblocks.3.Adapter.t_attn.proj_v.weight', 'transformer.resblocks.3.Adapter.t_attn.proj_v.bias', 'transformer.resblocks.3.Adapter.t_attn.proj_out.weight', 'transformer.resblocks.3.Adapter.t_attn.proj_out.bias', 'transformer.resblocks.3.Adapter.up.weight', 'transformer.resblocks.3.Adapter.up.bias', 'transformer.resblocks.4.Adapter.down.weight', 'transformer.resblocks.4.Adapter.down.bias', 'transformer.resblocks.4.Adapter.pos_embed.weight', 'transformer.resblocks.4.Adapter.pos_embed.bias', 'transformer.resblocks.4.Adapter.s_ln.weight', 'transformer.resblocks.4.Adapter.s_ln.bias', 'transformer.resblocks.4.Adapter.s_attn.conv_offset.0.weight', 'transformer.resblocks.4.Adapter.s_attn.conv_offset.0.bias', 'transformer.resblocks.4.Adapter.s_attn.conv_offset.1.norm.weight', 'transformer.resblocks.4.Adapter.s_attn.conv_offset.1.norm.bias', 'transformer.resblocks.4.Adapter.s_attn.conv_offset.3.weight', 'transformer.resblocks.4.Adapter.s_attn.proj_q.weight', 'transformer.resblocks.4.Adapter.s_attn.proj_q.bias', 'transformer.resblocks.4.Adapter.s_attn.proj_k.weight', 'transformer.resblocks.4.Adapter.s_attn.proj_k.bias', 'transformer.resblocks.4.Adapter.s_attn.proj_v.weight', 'transformer.resblocks.4.Adapter.s_attn.proj_v.bias', 'transformer.resblocks.4.Adapter.s_attn.proj_out.weight', 'transformer.resblocks.4.Adapter.s_attn.proj_out.bias', 'transformer.resblocks.4.Adapter.t_ln.weight', 'transformer.resblocks.4.Adapter.t_ln.bias', 'transformer.resblocks.4.Adapter.t_attn.conv_offset.0.weight', 'transformer.resblocks.4.Adapter.t_attn.conv_offset.0.bias', 'transformer.resblocks.4.Adapter.t_attn.conv_offset.1.norm.weight', 'transformer.resblocks.4.Adapter.t_attn.conv_offset.1.norm.bias', 'transformer.resblocks.4.Adapter.t_attn.conv_offset.3.weight', 'transformer.resblocks.4.Adapter.t_attn.proj_q.weight', 'transformer.resblocks.4.Adapter.t_attn.proj_q.bias', 'transformer.resblocks.4.Adapter.t_attn.proj_k.weight', 'transformer.resblocks.4.Adapter.t_attn.proj_k.bias', 'transformer.resblocks.4.Adapter.t_attn.proj_v.weight', 'transformer.resblocks.4.Adapter.t_attn.proj_v.bias', 'transformer.resblocks.4.Adapter.t_attn.proj_out.weight', 'transformer.resblocks.4.Adapter.t_attn.proj_out.bias', 'transformer.resblocks.4.Adapter.up.weight', 'transformer.resblocks.4.Adapter.up.bias', 'transformer.resblocks.5.Adapter.down.weight', 'transformer.resblocks.5.Adapter.down.bias', 'transformer.resblocks.5.Adapter.pos_embed.weight', 'transformer.resblocks.5.Adapter.pos_embed.bias', 'transformer.resblocks.5.Adapter.s_ln.weight', 'transformer.resblocks.5.Adapter.s_ln.bias', 'transformer.resblocks.5.Adapter.s_attn.conv_offset.0.weight', 'transformer.resblocks.5.Adapter.s_attn.conv_offset.0.bias', 'transformer.resblocks.5.Adapter.s_attn.conv_offset.1.norm.weight', 'transformer.resblocks.5.Adapter.s_attn.conv_offset.1.norm.bias', 'transformer.resblocks.5.Adapter.s_attn.conv_offset.3.weight', 'transformer.resblocks.5.Adapter.s_attn.proj_q.weight', 'transformer.resblocks.5.Adapter.s_attn.proj_q.bias', 'transformer.resblocks.5.Adapter.s_attn.proj_k.weight', 'transformer.resblocks.5.Adapter.s_attn.proj_k.bias', 'transformer.resblocks.5.Adapter.s_attn.proj_v.weight', 'transformer.resblocks.5.Adapter.s_attn.proj_v.bias', 'transformer.resblocks.5.Adapter.s_attn.proj_out.weight', 'transformer.resblocks.5.Adapter.s_attn.proj_out.bias', 'transformer.resblocks.5.Adapter.t_ln.weight', 'transformer.resblocks.5.Adapter.t_ln.bias', 'transformer.resblocks.5.Adapter.t_attn.conv_offset.0.weight', 'transformer.resblocks.5.Adapter.t_attn.conv_offset.0.bias', 'transformer.resblocks.5.Adapter.t_attn.conv_offset.1.norm.weight', 'transformer.resblocks.5.Adapter.t_attn.conv_offset.1.norm.bias', 'transformer.resblocks.5.Adapter.t_attn.conv_offset.3.weight', 'transformer.resblocks.5.Adapter.t_attn.proj_q.weight', 'transformer.resblocks.5.Adapter.t_attn.proj_q.bias', 'transformer.resblocks.5.Adapter.t_attn.proj_k.weight', 'transformer.resblocks.5.Adapter.t_attn.proj_k.bias', 'transformer.resblocks.5.Adapter.t_attn.proj_v.weight', 'transformer.resblocks.5.Adapter.t_attn.proj_v.bias', 'transformer.resblocks.5.Adapter.t_attn.proj_out.weight', 'transformer.resblocks.5.Adapter.t_attn.proj_out.bias', 'transformer.resblocks.5.Adapter.up.weight', 'transformer.resblocks.5.Adapter.up.bias', 'transformer.resblocks.6.Adapter.down.weight', 'transformer.resblocks.6.Adapter.down.bias', 'transformer.resblocks.6.Adapter.pos_embed.weight', 'transformer.resblocks.6.Adapter.pos_embed.bias', 'transformer.resblocks.6.Adapter.s_ln.weight', 'transformer.resblocks.6.Adapter.s_ln.bias', 'transformer.resblocks.6.Adapter.s_attn.conv_offset.0.weight', 'transformer.resblocks.6.Adapter.s_attn.conv_offset.0.bias', 'transformer.resblocks.6.Adapter.s_attn.conv_offset.1.norm.weight', 'transformer.resblocks.6.Adapter.s_attn.conv_offset.1.norm.bias', 'transformer.resblocks.6.Adapter.s_attn.conv_offset.3.weight', 'transformer.resblocks.6.Adapter.s_attn.proj_q.weight', 'transformer.resblocks.6.Adapter.s_attn.proj_q.bias', 'transformer.resblocks.6.Adapter.s_attn.proj_k.weight', 'transformer.resblocks.6.Adapter.s_attn.proj_k.bias', 'transformer.resblocks.6.Adapter.s_attn.proj_v.weight', 'transformer.resblocks.6.Adapter.s_attn.proj_v.bias', 'transformer.resblocks.6.Adapter.s_attn.proj_out.weight', 'transformer.resblocks.6.Adapter.s_attn.proj_out.bias', 'transformer.resblocks.6.Adapter.t_ln.weight', 'transformer.resblocks.6.Adapter.t_ln.bias', 'transformer.resblocks.6.Adapter.t_attn.conv_offset.0.weight', 'transformer.resblocks.6.Adapter.t_attn.conv_offset.0.bias', 'transformer.resblocks.6.Adapter.t_attn.conv_offset.1.norm.weight', 'transformer.resblocks.6.Adapter.t_attn.conv_offset.1.norm.bias', 'transformer.resblocks.6.Adapter.t_attn.conv_offset.3.weight', 'transformer.resblocks.6.Adapter.t_attn.proj_q.weight', 'transformer.resblocks.6.Adapter.t_attn.proj_q.bias', 'transformer.resblocks.6.Adapter.t_attn.proj_k.weight', 'transformer.resblocks.6.Adapter.t_attn.proj_k.bias', 'transformer.resblocks.6.Adapter.t_attn.proj_v.weight', 'transformer.resblocks.6.Adapter.t_attn.proj_v.bias', 'transformer.resblocks.6.Adapter.t_attn.proj_out.weight', 'transformer.resblocks.6.Adapter.t_attn.proj_out.bias', 'transformer.resblocks.6.Adapter.up.weight', 'transformer.resblocks.6.Adapter.up.bias', 'transformer.resblocks.7.Adapter.down.weight', 'transformer.resblocks.7.Adapter.down.bias', 'transformer.resblocks.7.Adapter.pos_embed.weight', 'transformer.resblocks.7.Adapter.pos_embed.bias', 'transformer.resblocks.7.Adapter.s_ln.weight', 'transformer.resblocks.7.Adapter.s_ln.bias', 'transformer.resblocks.7.Adapter.s_attn.conv_offset.0.weight', 'transformer.resblocks.7.Adapter.s_attn.conv_offset.0.bias', 'transformer.resblocks.7.Adapter.s_attn.conv_offset.1.norm.weight', 'transformer.resblocks.7.Adapter.s_attn.conv_offset.1.norm.bias', 'transformer.resblocks.7.Adapter.s_attn.conv_offset.3.weight', 'transformer.resblocks.7.Adapter.s_attn.proj_q.weight', 'transformer.resblocks.7.Adapter.s_attn.proj_q.bias', 'transformer.resblocks.7.Adapter.s_attn.proj_k.weight', 'transformer.resblocks.7.Adapter.s_attn.proj_k.bias', 'transformer.resblocks.7.Adapter.s_attn.proj_v.weight', 'transformer.resblocks.7.Adapter.s_attn.proj_v.bias', 'transformer.resblocks.7.Adapter.s_attn.proj_out.weight', 'transformer.resblocks.7.Adapter.s_attn.proj_out.bias', 'transformer.resblocks.7.Adapter.t_ln.weight', 'transformer.resblocks.7.Adapter.t_ln.bias', 'transformer.resblocks.7.Adapter.t_attn.conv_offset.0.weight', 'transformer.resblocks.7.Adapter.t_attn.conv_offset.0.bias', 'transformer.resblocks.7.Adapter.t_attn.conv_offset.1.norm.weight', 'transformer.resblocks.7.Adapter.t_attn.conv_offset.1.norm.bias', 'transformer.resblocks.7.Adapter.t_attn.conv_offset.3.weight', 'transformer.resblocks.7.Adapter.t_attn.proj_q.weight', 'transformer.resblocks.7.Adapter.t_attn.proj_q.bias', 'transformer.resblocks.7.Adapter.t_attn.proj_k.weight', 'transformer.resblocks.7.Adapter.t_attn.proj_k.bias', 'transformer.resblocks.7.Adapter.t_attn.proj_v.weight', 'transformer.resblocks.7.Adapter.t_attn.proj_v.bias', 'transformer.resblocks.7.Adapter.t_attn.proj_out.weight', 'transformer.resblocks.7.Adapter.t_attn.proj_out.bias', 'transformer.resblocks.7.Adapter.up.weight', 'transformer.resblocks.7.Adapter.up.bias', 'transformer.resblocks.8.Adapter.down.weight', 'transformer.resblocks.8.Adapter.down.bias', 'transformer.resblocks.8.Adapter.pos_embed.weight', 'transformer.resblocks.8.Adapter.pos_embed.bias', 'transformer.resblocks.8.Adapter.s_ln.weight', 'transformer.resblocks.8.Adapter.s_ln.bias', 'transformer.resblocks.8.Adapter.s_attn.conv_offset.0.weight', 'transformer.resblocks.8.Adapter.s_attn.conv_offset.0.bias', 'transformer.resblocks.8.Adapter.s_attn.conv_offset.1.norm.weight', 'transformer.resblocks.8.Adapter.s_attn.conv_offset.1.norm.bias', 'transformer.resblocks.8.Adapter.s_attn.conv_offset.3.weight', 'transformer.resblocks.8.Adapter.s_attn.proj_q.weight', 'transformer.resblocks.8.Adapter.s_attn.proj_q.bias', 'transformer.resblocks.8.Adapter.s_attn.proj_k.weight', 'transformer.resblocks.8.Adapter.s_attn.proj_k.bias', 'transformer.resblocks.8.Adapter.s_attn.proj_v.weight', 'transformer.resblocks.8.Adapter.s_attn.proj_v.bias', 'transformer.resblocks.8.Adapter.s_attn.proj_out.weight', 'transformer.resblocks.8.Adapter.s_attn.proj_out.bias', 'transformer.resblocks.8.Adapter.t_ln.weight', 'transformer.resblocks.8.Adapter.t_ln.bias', 'transformer.resblocks.8.Adapter.t_attn.conv_offset.0.weight', 'transformer.resblocks.8.Adapter.t_attn.conv_offset.0.bias', 'transformer.resblocks.8.Adapter.t_attn.conv_offset.1.norm.weight', 'transformer.resblocks.8.Adapter.t_attn.conv_offset.1.norm.bias', 'transformer.resblocks.8.Adapter.t_attn.conv_offset.3.weight', 'transformer.resblocks.8.Adapter.t_attn.proj_q.weight', 'transformer.resblocks.8.Adapter.t_attn.proj_q.bias', 'transformer.resblocks.8.Adapter.t_attn.proj_k.weight', 'transformer.resblocks.8.Adapter.t_attn.proj_k.bias', 'transformer.resblocks.8.Adapter.t_attn.proj_v.weight', 'transformer.resblocks.8.Adapter.t_attn.proj_v.bias', 'transformer.resblocks.8.Adapter.t_attn.proj_out.weight', 'transformer.resblocks.8.Adapter.t_attn.proj_out.bias', 'transformer.resblocks.8.Adapter.up.weight', 'transformer.resblocks.8.Adapter.up.bias', 'transformer.resblocks.9.Adapter.down.weight', 'transformer.resblocks.9.Adapter.down.bias', 'transformer.resblocks.9.Adapter.pos_embed.weight', 'transformer.resblocks.9.Adapter.pos_embed.bias', 'transformer.resblocks.9.Adapter.s_ln.weight', 'transformer.resblocks.9.Adapter.s_ln.bias', 'transformer.resblocks.9.Adapter.s_attn.conv_offset.0.weight', 'transformer.resblocks.9.Adapter.s_attn.conv_offset.0.bias', 'transformer.resblocks.9.Adapter.s_attn.conv_offset.1.norm.weight', 'transformer.resblocks.9.Adapter.s_attn.conv_offset.1.norm.bias', 'transformer.resblocks.9.Adapter.s_attn.conv_offset.3.weight', 'transformer.resblocks.9.Adapter.s_attn.proj_q.weight', 'transformer.resblocks.9.Adapter.s_attn.proj_q.bias', 'transformer.resblocks.9.Adapter.s_attn.proj_k.weight', 'transformer.resblocks.9.Adapter.s_attn.proj_k.bias', 'transformer.resblocks.9.Adapter.s_attn.proj_v.weight', 'transformer.resblocks.9.Adapter.s_attn.proj_v.bias', 'transformer.resblocks.9.Adapter.s_attn.proj_out.weight', 'transformer.resblocks.9.Adapter.s_attn.proj_out.bias', 'transformer.resblocks.9.Adapter.t_ln.weight', 'transformer.resblocks.9.Adapter.t_ln.bias', 'transformer.resblocks.9.Adapter.t_attn.conv_offset.0.weight', 'transformer.resblocks.9.Adapter.t_attn.conv_offset.0.bias', 'transformer.resblocks.9.Adapter.t_attn.conv_offset.1.norm.weight', 'transformer.resblocks.9.Adapter.t_attn.conv_offset.1.norm.bias', 'transformer.resblocks.9.Adapter.t_attn.conv_offset.3.weight', 'transformer.resblocks.9.Adapter.t_attn.proj_q.weight', 'transformer.resblocks.9.Adapter.t_attn.proj_q.bias', 'transformer.resblocks.9.Adapter.t_attn.proj_k.weight', 'transformer.resblocks.9.Adapter.t_attn.proj_k.bias', 'transformer.resblocks.9.Adapter.t_attn.proj_v.weight', 'transformer.resblocks.9.Adapter.t_attn.proj_v.bias', 'transformer.resblocks.9.Adapter.t_attn.proj_out.weight', 'transformer.resblocks.9.Adapter.t_attn.proj_out.bias', 'transformer.resblocks.9.Adapter.up.weight', 'transformer.resblocks.9.Adapter.up.bias', 'transformer.resblocks.10.Adapter.down.weight', 'transformer.resblocks.10.Adapter.down.bias', 'transformer.resblocks.10.Adapter.pos_embed.weight', 'transformer.resblocks.10.Adapter.pos_embed.bias', 'transformer.resblocks.10.Adapter.s_ln.weight', 'transformer.resblocks.10.Adapter.s_ln.bias', 'transformer.resblocks.10.Adapter.s_attn.conv_offset.0.weight', 'transformer.resblocks.10.Adapter.s_attn.conv_offset.0.bias', 'transformer.resblocks.10.Adapter.s_attn.conv_offset.1.norm.weight', 'transformer.resblocks.10.Adapter.s_attn.conv_offset.1.norm.bias', 'transformer.resblocks.10.Adapter.s_attn.conv_offset.3.weight', 'transformer.resblocks.10.Adapter.s_attn.proj_q.weight', 'transformer.resblocks.10.Adapter.s_attn.proj_q.bias', 'transformer.resblocks.10.Adapter.s_attn.proj_k.weight', 'transformer.resblocks.10.Adapter.s_attn.proj_k.bias', 'transformer.resblocks.10.Adapter.s_attn.proj_v.weight', 'transformer.resblocks.10.Adapter.s_attn.proj_v.bias', 'transformer.resblocks.10.Adapter.s_attn.proj_out.weight', 'transformer.resblocks.10.Adapter.s_attn.proj_out.bias', 'transformer.resblocks.10.Adapter.t_ln.weight', 'transformer.resblocks.10.Adapter.t_ln.bias', 'transformer.resblocks.10.Adapter.t_attn.conv_offset.0.weight', 'transformer.resblocks.10.Adapter.t_attn.conv_offset.0.bias', 'transformer.resblocks.10.Adapter.t_attn.conv_offset.1.norm.weight', 'transformer.resblocks.10.Adapter.t_attn.conv_offset.1.norm.bias', 'transformer.resblocks.10.Adapter.t_attn.conv_offset.3.weight', 'transformer.resblocks.10.Adapter.t_attn.proj_q.weight', 'transformer.resblocks.10.Adapter.t_attn.proj_q.bias', 'transformer.resblocks.10.Adapter.t_attn.proj_k.weight', 'transformer.resblocks.10.Adapter.t_attn.proj_k.bias', 'transformer.resblocks.10.Adapter.t_attn.proj_v.weight', 'transformer.resblocks.10.Adapter.t_attn.proj_v.bias', 'transformer.resblocks.10.Adapter.t_attn.proj_out.weight', 'transformer.resblocks.10.Adapter.t_attn.proj_out.bias', 'transformer.resblocks.10.Adapter.up.weight', 'transformer.resblocks.10.Adapter.up.bias', 'transformer.resblocks.11.Adapter.down.weight', 'transformer.resblocks.11.Adapter.down.bias', 'transformer.resblocks.11.Adapter.pos_embed.weight', 'transformer.resblocks.11.Adapter.pos_embed.bias', 'transformer.resblocks.11.Adapter.s_ln.weight', 'transformer.resblocks.11.Adapter.s_ln.bias', 'transformer.resblocks.11.Adapter.s_attn.conv_offset.0.weight', 'transformer.resblocks.11.Adapter.s_attn.conv_offset.0.bias', 'transformer.resblocks.11.Adapter.s_attn.conv_offset.1.norm.weight', 'transformer.resblocks.11.Adapter.s_attn.conv_offset.1.norm.bias', 'transformer.resblocks.11.Adapter.s_attn.conv_offset.3.weight', 'transformer.resblocks.11.Adapter.s_attn.proj_q.weight', 'transformer.resblocks.11.Adapter.s_attn.proj_q.bias', 'transformer.resblocks.11.Adapter.s_attn.proj_k.weight', 'transformer.resblocks.11.Adapter.s_attn.proj_k.bias', 'transformer.resblocks.11.Adapter.s_attn.proj_v.weight', 'transformer.resblocks.11.Adapter.s_attn.proj_v.bias', 'transformer.resblocks.11.Adapter.s_attn.proj_out.weight', 'transformer.resblocks.11.Adapter.s_attn.proj_out.bias', 'transformer.resblocks.11.Adapter.t_ln.weight', 'transformer.resblocks.11.Adapter.t_ln.bias', 'transformer.resblocks.11.Adapter.t_attn.conv_offset.0.weight', 'transformer.resblocks.11.Adapter.t_attn.conv_offset.0.bias', 'transformer.resblocks.11.Adapter.t_attn.conv_offset.1.norm.weight', 'transformer.resblocks.11.Adapter.t_attn.conv_offset.1.norm.bias', 'transformer.resblocks.11.Adapter.t_attn.conv_offset.3.weight', 'transformer.resblocks.11.Adapter.t_attn.proj_q.weight', 'transformer.resblocks.11.Adapter.t_attn.proj_q.bias', 'transformer.resblocks.11.Adapter.t_attn.proj_k.weight', 'transformer.resblocks.11.Adapter.t_attn.proj_k.bias', 'transformer.resblocks.11.Adapter.t_attn.proj_v.weight', 'transformer.resblocks.11.Adapter.t_attn.proj_v.bias', 'transformer.resblocks.11.Adapter.t_attn.proj_out.weight', 'transformer.resblocks.11.Adapter.t_attn.proj_out.bias', 'transformer.resblocks.11.Adapter.up.weight', 'transformer.resblocks.11.Adapter.up.bias', 'focus_branch.temporal_alpha', 'focus_branch.norm.weight', 'focus_branch.norm.bias', 'focus_branch.time_proj.weight', 'focus_branch.time_proj.bias', 'focus_branch.temporal.self_attn.in_proj_weight', 'focus_branch.temporal.self_attn.in_proj_bias', 'focus_branch.temporal.self_attn.out_proj.weight', 'focus_branch.temporal.self_attn.out_proj.bias', 'focus_branch.temporal.linear1.weight', 'focus_branch.temporal.linear1.bias', 'focus_branch.temporal.linear2.weight', 'focus_branch.temporal.linear2.bias', 'focus_branch.temporal.norm1.weight', 'focus_branch.temporal.norm1.bias', 'focus_branch.temporal.norm2.weight', 'focus_branch.temporal.norm2.bias', 'focus_branch.gate.0.weight', 'focus_branch.gate.0.bias', 'focus_branch.gate.2.weight', 'focus_branch.gate.2.bias']
[08/10 11:28:26][INFO] models.base.adapter:  658: Unexpected keys: []
[08/10 11:28:26][INFO] models.base.adapter:  659: => loaded successfully 'ViT-B/16'
[08/10 11:28:26][INFO] models.base.adapter:  666: init:  transformer.resblocks.0.Adapter.up
[08/10 11:28:26][INFO] models.base.adapter:  666: init:  transformer.resblocks.1.Adapter.up
[08/10 11:28:26][INFO] models.base.adapter:  666: init:  transformer.resblocks.2.Adapter.up
[08/10 11:28:26][INFO] models.base.adapter:  666: init:  transformer.resblocks.3.Adapter.up
[08/10 11:28:26][INFO] models.base.adapter:  666: init:  transformer.resblocks.4.Adapter.up
[08/10 11:28:26][INFO] models.base.adapter:  666: init:  transformer.resblocks.5.Adapter.up
[08/10 11:28:26][INFO] models.base.adapter:  666: init:  transformer.resblocks.6.Adapter.up
[08/10 11:28:26][INFO] models.base.adapter:  666: init:  transformer.resblocks.7.Adapter.up
[08/10 11:28:26][INFO] models.base.adapter:  666: init:  transformer.resblocks.8.Adapter.up
[08/10 11:28:26][INFO] models.base.adapter:  666: init:  transformer.resblocks.9.Adapter.up
[08/10 11:28:26][INFO] models.base.adapter:  666: init:  transformer.resblocks.10.Adapter.up
[08/10 11:28:26][INFO] models.base.adapter:  666: init:  transformer.resblocks.11.Adapter.up
[08/10 11:28:26][INFO] train_net_few_shot:  171: Model:
BaseVideoModel(
  (model): ViT_CLIP(
    (conv1): Conv2d(3, 768, kernel_size=(16, 16), stride=(16, 16), bias=False)
    (ln_pre): LayerNorm((768,), eps=1e-05, elementwise_affine=True, bias=True)
    (transformer): Transformer(
      (resblocks): ModuleList(
        (0-11): 12 x ResidualAttentionBlock(
          (ln_1): LayerNorm((768,), eps=1e-05, elementwise_affine=True, bias=True)
          (attn): MultiheadAttention(
            (out_proj): NonDynamicallyQuantizableLinear(in_features=768, out_features=768, bias=True)
          )
          (ln_2): LayerNorm((768,), eps=1e-05, elementwise_affine=True, bias=True)
          (mlp): Sequential(
            (c_fc): Linear(in_features=768, out_features=3072, bias=True)
            (gelu): QuickGELU()
            (c_proj): Linear(in_features=3072, out_features=768, bias=True)
          )
          (Adapter): ViT_D2ST_Adapter(
            (down): Linear(in_features=768, out_features=192, bias=True)
            (gelu1): GELU(approximate='none')
            (pos_embed): Conv3d(192, 192, kernel_size=(3, 3, 3), stride=(1, 1, 1), padding=(1, 1, 1), groups=192)
            (s_ln): LayerNorm((192,), eps=1e-05, elementwise_affine=True, bias=True)
            (s_attn): ViT_DeformAttention(
              (conv_offset): Sequential(
                (0): Conv3d(48, 48, kernel_size=(4, 5, 5), stride=(4, 3, 3), groups=48)
                (1): LayerNormProxy(
                  (norm): LayerNorm((48,), eps=1e-05, elementwise_affine=True, bias=True)
                )
                (2): GELU(approximate='none')
                (3): Conv3d(48, 3, kernel_size=(1, 1, 1), stride=(1, 1, 1), bias=False)
              )
              (proj_q): Linear(in_features=192, out_features=192, bias=True)
              (proj_k): Linear(in_features=192, out_features=192, bias=True)
              (proj_v): Linear(in_features=192, out_features=192, bias=True)
              (proj_out): Linear(in_features=192, out_features=192, bias=True)
            )
            (t_ln): LayerNorm((192,), eps=1e-05, elementwise_affine=True, bias=True)
            (t_attn): ViT_DeformAttention(
              (conv_offset): Sequential(
                (0): Conv3d(48, 48, kernel_size=(1, 7, 7), stride=(1, 7, 7), groups=48)
                (1): LayerNormProxy(
                  (norm): LayerNorm((48,), eps=1e-05, elementwise_affine=True, bias=True)
                )
                (2): GELU(approximate='none')
                (3): Conv3d(48, 3, kernel_size=(1, 1, 1), stride=(1, 1, 1), bias=False)
              )
              (proj_q): Linear(in_features=192, out_features=192, bias=True)
              (proj_k): Linear(in_features=192, out_features=192, bias=True)
              (proj_v): Linear(in_features=192, out_features=192, bias=True)
              (proj_out): Linear(in_features=192, out_features=192, bias=True)
            )
            (gelu): GELU(approximate='none')
            (up): Linear(in_features=192, out_features=768, bias=True)
            (gelu2): GELU(approximate='none')
          )
        )
      )
    )
    (ln_post): LayerNorm((768,), eps=1e-05, elementwise_affine=True, bias=True)
    (focus_branch): D2STFocusResidual(
      (norm): LayerNorm((768,), eps=1e-05, elementwise_affine=True, bias=True)
      (time_proj): Linear(in_features=1, out_features=768, bias=True)
      (temporal): TransformerEncoderLayer(
        (self_attn): MultiheadAttention(
          (out_proj): NonDynamicallyQuantizableLinear(in_features=768, out_features=768, bias=True)
        )
        (linear1): Linear(in_features=768, out_features=1536, bias=True)
        (dropout): Dropout(p=0.1, inplace=False)
        (linear2): Linear(in_features=1536, out_features=768, bias=True)
        (norm1): LayerNorm((768,), eps=1e-05, elementwise_affine=True, bias=True)
        (norm2): LayerNorm((768,), eps=1e-05, elementwise_affine=True, bias=True)
        (dropout1): Dropout(p=0.1, inplace=False)
        (dropout2): Dropout(p=0.1, inplace=False)
      )
      (gate): Sequential(
        (0): Linear(in_features=768, out_features=48, bias=True)
        (1): GELU(approximate='none')
        (2): Linear(in_features=48, out_features=1, bias=True)
      )
    )
  )
)
[08/10 11:28:26][INFO] models.utils.optimizer:   82: Optimized parameters constructed. Parameters without weight decay: []
[08/10 11:28:26][INFO] datasets.base.few_shot_dataset:   97: Reading video list from file: train_few_shot.txt
[08/10 11:28:26][INFO] datasets.base.few_shot_dataset:  127: Loading UCF101 dataset list for split 'train'...
[08/10 11:28:26][INFO] datasets.base.few_shot_dataset:   47: loaded 9154 videos from train dataset: UCF101 !
[08/10 11:28:26][INFO] datasets.base.few_shot_dataset:  153: Dataset UCF101 split train loaded. Length 9154.
[08/10 11:28:26][INFO] datasets.base.few_shot_dataset:   97: Reading video list from file: test_few_shot.txt
[08/10 11:28:26][INFO] datasets.base.few_shot_dataset:  127: Loading UCF101 dataset list for split 'test'...
[08/10 11:28:26][INFO] datasets.base.few_shot_dataset:   47: loaded 2745 videos from test dataset: UCF101 !
[08/10 11:28:26][INFO] datasets.base.few_shot_dataset:  153: Dataset UCF101 split test loaded. Length 2745.
[08/10 11:28:26][INFO] train_net_few_shot:  193: Start epoch: 1
[08/10 11:28:26][INFO] train_net_few_shot:  211: Number of total parameters: 97846947, tunable parameters: 12049827
[08/10 11:28:26][INFO] train_net_few_shot:   34: Norm training: True
[08/10 11:29:06][INFO] utils.logging:   91: {"_type": "train_iter", "iter": "100/4500", "loss": 0.047743, "lr": 0.000188, "top1_acc": 91.800001}
[08/10 11:29:42][INFO] utils.logging:   91: {"_type": "train_iter", "iter": "200/4500", "loss": 0.023687, "lr": 0.000277, "top1_acc": 95.000000}
[08/10 11:30:18][INFO] utils.logging:   91: {"_type": "train_iter", "iter": "300/4500", "loss": 0.010477, "lr": 0.000366, "top1_acc": 96.200000}
[08/10 11:30:53][INFO] utils.logging:   91: {"_type": "train_iter", "iter": "400/4500", "loss": 0.013919, "lr": 0.000455, "top1_acc": 95.000000}
[08/10 11:31:29][INFO] utils.logging:   91: {"_type": "train_iter", "iter": "500/4500", "loss": 0.007675, "lr": 0.000500, "top1_acc": 95.800000}
[08/10 11:32:05][INFO] utils.logging:   91: {"_type": "train_iter", "iter": "600/4500", "loss": 0.015915, "lr": 0.000500, "top1_acc": 96.200000}
[08/10 11:32:41][INFO] utils.logging:   91: {"_type": "train_iter", "iter": "700/4500", "loss": 0.009940, "lr": 0.000500, "top1_acc": 96.200000}
[08/10 11:33:16][INFO] utils.logging:   91: {"_type": "train_iter", "iter": "800/4500", "loss": 0.005991, "lr": 0.000500, "top1_acc": 97.600000}
[08/10 11:33:52][INFO] utils.logging:   91: {"_type": "train_iter", "iter": "900/4500", "loss": 0.008730, "lr": 0.000500, "top1_acc": 95.800000}
[08/10 11:34:28][INFO] utils.logging:   91: {"_type": "train_iter", "iter": "1000/4500", "loss": 0.005697, "lr": 0.000500, "top1_acc": 98.600000}
[08/10 11:35:03][INFO] utils.logging:   91: {"_type": "train_iter", "iter": "1100/4500", "loss": 0.004388, "lr": 0.000500, "top1_acc": 97.600000}
[08/10 11:35:39][INFO] utils.logging:   91: {"_type": "train_iter", "iter": "1200/4500", "loss": 0.005158, "lr": 0.000500, "top1_acc": 97.400000}
[08/10 11:36:15][INFO] utils.logging:   91: {"_type": "train_iter", "iter": "1300/4500", "loss": 0.004929, "lr": 0.000500, "top1_acc": 97.600000}
[08/10 11:36:50][INFO] utils.logging:   91: {"_type": "train_iter", "iter": "1400/4500", "loss": 0.005032, "lr": 0.000500, "top1_acc": 97.800000}
[08/10 11:37:41][INFO] utils.logging:   91: {"_type": "val_iter", "gpu_mem": "11.84 GB", "iter": "100/5000", "top1_acc": 93.600001}
[08/10 11:37:53][INFO] utils.logging:   91: {"_type": "val_iter", "gpu_mem": "11.84 GB", "iter": "200/5000", "top1_acc": 95.400000}
[08/10 11:38:05][INFO] utils.logging:   91: {"_type": "val_iter", "gpu_mem": "11.84 GB", "iter": "300/5000", "top1_acc": 96.800000}
[08/10 11:38:18][INFO] utils.logging:   91: {"_type": "val_iter", "gpu_mem": "11.84 GB", "iter": "400/5000", "top1_acc": 95.200000}
[08/10 11:38:30][INFO] utils.logging:   91: {"_type": "val_iter", "gpu_mem": "11.84 GB", "iter": "500/5000", "top1_acc": 95.000000}
[08/10 11:38:42][INFO] utils.logging:   91: {"_type": "val_iter", "gpu_mem": "11.84 GB", "iter": "600/5000", "top1_acc": 95.800000}
[08/10 11:38:54][INFO] utils.logging:   91: {"_type": "val_iter", "gpu_mem": "11.84 GB", "iter": "700/5000", "top1_acc": 96.000000}
[08/10 11:39:06][INFO] utils.logging:   91: {"_type": "val_iter", "gpu_mem": "11.84 GB", "iter": "800/5000", "top1_acc": 95.000000}
[08/10 11:39:18][INFO] utils.logging:   91: {"_type": "val_iter", "gpu_mem": "11.84 GB", "iter": "900/5000", "top1_acc": 97.800000}
[08/10 11:39:30][INFO] utils.logging:   91: {"_type": "val_iter", "gpu_mem": "11.84 GB", "iter": "1000/5000", "top1_acc": 97.000000}
[08/10 11:39:42][INFO] utils.logging:   91: {"_type": "val_iter", "gpu_mem": "11.84 GB", "iter": "1100/5000", "top1_acc": 97.400000}
[08/10 11:39:54][INFO] utils.logging:   91: {"_type": "val_iter", "gpu_mem": "11.84 GB", "iter": "1200/5000", "top1_acc": 94.200001}
[08/10 11:40:06][INFO] utils.logging:   91: {"_type": "val_iter", "gpu_mem": "11.84 GB", "iter": "1300/5000", "top1_acc": 94.800000}
[08/10 11:40:18][INFO] utils.logging:   91: {"_type": "val_iter", "gpu_mem": "11.84 GB", "iter": "1400/5000", "top1_acc": 95.400000}
[08/10 11:40:30][INFO] utils.logging:   91: {"_type": "val_iter", "gpu_mem": "11.84 GB", "iter": "1500/5000", "top1_acc": 95.600000}
[08/10 11:40:42][INFO] utils.logging:   91: {"_type": "val_iter", "gpu_mem": "11.84 GB", "iter": "1600/5000", "top1_acc": 95.600000}
[08/10 11:40:54][INFO] utils.logging:   91: {"_type": "val_iter", "gpu_mem": "11.84 GB", "iter": "1700/5000", "top1_acc": 93.600001}
[08/10 11:41:06][INFO] utils.logging:   91: {"_type": "val_iter", "gpu_mem": "11.84 GB", "iter": "1800/5000", "top1_acc": 96.600000}
[08/10 11:41:18][INFO] utils.logging:   91: {"_type": "val_iter", "gpu_mem": "11.84 GB", "iter": "1900/5000", "top1_acc": 97.200000}
[08/10 11:41:30][INFO] utils.logging:   91: {"_type": "val_iter", "gpu_mem": "11.84 GB", "iter": "2000/5000", "top1_acc": 95.000000}
[08/10 11:41:42][INFO] utils.logging:   91: {"_type": "val_iter", "gpu_mem": "11.84 GB", "iter": "2100/5000", "top1_acc": 95.800000}
[08/10 11:41:54][INFO] utils.logging:   91: {"_type": "val_iter", "gpu_mem": "11.84 GB", "iter": "2200/5000", "top1_acc": 96.400000}
[08/10 11:42:06][INFO] utils.logging:   91: {"_type": "val_iter", "gpu_mem": "11.84 GB", "iter": "2300/5000", "top1_acc": 97.600000}
[08/10 11:42:18][INFO] utils.logging:   91: {"_type": "val_iter", "gpu_mem": "11.84 GB", "iter": "2400/5000", "top1_acc": 96.000000}
[08/10 11:42:30][INFO] utils.logging:   91: {"_type": "val_iter", "gpu_mem": "11.84 GB", "iter": "2500/5000", "top1_acc": 95.800000}
[08/10 11:42:42][INFO] utils.logging:   91: {"_type": "val_iter", "gpu_mem": "11.84 GB", "iter": "2600/5000", "top1_acc": 94.000000}
[08/10 11:42:54][INFO] utils.logging:   91: {"_type": "val_iter", "gpu_mem": "11.84 GB", "iter": "2700/5000", "top1_acc": 96.400000}
[08/10 11:43:06][INFO] utils.logging:   91: {"_type": "val_iter", "gpu_mem": "11.84 GB", "iter": "2800/5000", "top1_acc": 94.600001}
[08/10 11:43:18][INFO] utils.logging:   91: {"_type": "val_iter", "gpu_mem": "11.84 GB", "iter": "2900/5000", "top1_acc": 95.400000}
[08/10 11:43:31][INFO] utils.logging:   91: {"_type": "val_iter", "gpu_mem": "11.84 GB", "iter": "3000/5000", "top1_acc": 94.200000}
[08/10 11:43:43][INFO] utils.logging:   91: {"_type": "val_iter", "gpu_mem": "11.84 GB", "iter": "3100/5000", "top1_acc": 95.000000}
[08/10 11:43:55][INFO] utils.logging:   91: {"_type": "val_iter", "gpu_mem": "11.84 GB", "iter": "3200/5000", "top1_acc": 96.200000}
[08/10 11:44:07][INFO] utils.logging:   91: {"_type": "val_iter", "gpu_mem": "11.84 GB", "iter": "3300/5000", "top1_acc": 97.000000}
[08/10 11:44:19][INFO] utils.logging:   91: {"_type": "val_iter", "gpu_mem": "11.84 GB", "iter": "3400/5000", "top1_acc": 96.800000}
[08/10 11:44:31][INFO] utils.logging:   91: {"_type": "val_iter", "gpu_mem": "11.84 GB", "iter": "3500/5000", "top1_acc": 96.000000}
[08/10 11:44:43][INFO] utils.logging:   91: {"_type": "val_iter", "gpu_mem": "11.84 GB", "iter": "3600/5000", "top1_acc": 95.800000}
[08/10 11:44:55][INFO] utils.logging:   91: {"_type": "val_iter", "gpu_mem": "11.84 GB", "iter": "3700/5000", "top1_acc": 96.000000}
[08/10 11:45:07][INFO] utils.logging:   91: {"_type": "val_iter", "gpu_mem": "11.84 GB", "iter": "3800/5000", "top1_acc": 95.200000}
[08/10 11:45:19][INFO] utils.logging:   91: {"_type": "val_iter", "gpu_mem": "11.84 GB", "iter": "3900/5000", "top1_acc": 95.200000}
[08/10 11:45:31][INFO] utils.logging:   91: {"_type": "val_iter", "gpu_mem": "11.84 GB", "iter": "4000/5000", "top1_acc": 95.800000}
[08/10 11:45:43][INFO] utils.logging:   91: {"_type": "val_iter", "gpu_mem": "11.84 GB", "iter": "4100/5000", "top1_acc": 95.400000}
[08/10 11:45:55][INFO] utils.logging:   91: {"_type": "val_iter", "gpu_mem": "11.84 GB", "iter": "4200/5000", "top1_acc": 93.600001}
[08/10 11:46:07][INFO] utils.logging:   91: {"_type": "val_iter", "gpu_mem": "11.84 GB", "iter": "4300/5000", "top1_acc": 95.000000}
[08/10 11:46:19][INFO] utils.logging:   91: {"_type": "val_iter", "gpu_mem": "11.84 GB", "iter": "4400/5000", "top1_acc": 94.600001}
[08/10 11:46:31][INFO] utils.logging:   91: {"_type": "val_iter", "gpu_mem": "11.84 GB", "iter": "4500/5000", "top1_acc": 95.200000}
[08/10 11:46:43][INFO] utils.logging:   91: {"_type": "val_iter", "gpu_mem": "11.84 GB", "iter": "4600/5000", "top1_acc": 93.800001}
[08/10 11:46:55][INFO] utils.logging:   91: {"_type": "val_iter", "gpu_mem": "11.84 GB", "iter": "4700/5000", "top1_acc": 97.600000}
[08/10 11:47:07][INFO] utils.logging:   91: {"_type": "val_iter", "gpu_mem": "11.84 GB", "iter": "4800/5000", "top1_acc": 95.400000}
[08/10 11:47:19][INFO] utils.logging:   91: {"_type": "val_iter", "gpu_mem": "11.84 GB", "iter": "4900/5000", "top1_acc": 95.400000}
[08/10 11:47:31][INFO] utils.logging:   91: {"_type": "val_iter", "gpu_mem": "11.84 GB", "iter": "5000/5000", "top1_acc": 95.800000}
[08/10 11:47:31][INFO] utils.logging:   91: {"RAM": "25.58/125.63 GB", "_type": "val_epoch", "epoch": "1", "gpu_mem": "11.84 GB", "top1_acc": 95.600000}
[08/10 11:47:32][INFO] utils.logging:   91: {"_type": "train_iter", "iter": "1500/4500", "loss": 0.006358, "lr": 0.000500, "top1_acc": 97.800000}
[08/10 11:48:07][INFO] utils.logging:   91: {"_type": "train_iter", "iter": "1600/4500", "loss": 0.005969, "lr": 0.000500, "top1_acc": 98.000000}
[08/10 11:48:43][INFO] utils.logging:   91: {"_type": "train_iter", "iter": "1700/4500", "loss": 0.005310, "lr": 0.000500, "top1_acc": 96.600000}
[08/10 11:49:18][INFO] utils.logging:   91: {"_type": "train_iter", "iter": "1800/4500", "loss": 0.003460, "lr": 0.000500, "top1_acc": 98.400000}
[08/10 11:49:54][INFO] utils.logging:   91: {"_type": "train_iter", "iter": "1900/4500", "loss": 0.003955, "lr": 0.000500, "top1_acc": 97.400000}
[08/10 11:50:29][INFO] utils.logging:   91: {"_type": "train_iter", "iter": "2000/4500", "loss": 0.007312, "lr": 0.000500, "top1_acc": 97.600000}
[08/10 11:51:05][INFO] utils.logging:   91: {"_type": "train_iter", "iter": "2100/4500", "loss": 0.003507, "lr": 0.000500, "top1_acc": 98.400000}
[08/10 11:51:40][INFO] utils.logging:   91: {"_type": "train_iter", "iter": "2200/4500", "loss": 0.003045, "lr": 0.000500, "top1_acc": 98.000000}
[08/10 11:52:16][INFO] utils.logging:   91: {"_type": "train_iter", "iter": "2300/4500", "loss": 0.002909, "lr": 0.000050, "top1_acc": 98.200000}
[08/10 11:52:52][INFO] utils.logging:   91: {"_type": "train_iter", "iter": "2400/4500", "loss": 0.002481, "lr": 0.000050, "top1_acc": 97.400000}
[08/10 11:53:27][INFO] utils.logging:   91: {"_type": "train_iter", "iter": "2500/4500", "loss": 0.004561, "lr": 0.000050, "top1_acc": 97.800000}
[08/10 11:54:04][INFO] utils.logging:   91: {"_type": "train_iter", "iter": "2600/4500", "loss": 0.003581, "lr": 0.000050, "top1_acc": 97.600000}
[08/10 11:54:39][INFO] utils.logging:   91: {"_type": "train_iter", "iter": "2700/4500", "loss": 0.003986, "lr": 0.000050, "top1_acc": 97.400000}
[08/10 11:55:15][INFO] utils.logging:   91: {"_type": "train_iter", "iter": "2800/4500", "loss": 0.003115, "lr": 0.000050, "top1_acc": 98.800000}
[08/10 11:55:51][INFO] utils.logging:   91: {"_type": "train_iter", "iter": "2900/4500", "loss": 0.004060, "lr": 0.000050, "top1_acc": 98.200000}
[08/10 11:56:40][INFO] utils.logging:   91: {"_type": "val_iter", "gpu_mem": "11.84 GB", "iter": "100/5000", "top1_acc": 96.600000}
[08/10 11:56:52][INFO] utils.logging:   91: {"_type": "val_iter", "gpu_mem": "11.84 GB", "iter": "200/5000", "top1_acc": 96.400000}
[08/10 11:57:04][INFO] utils.logging:   91: {"_type": "val_iter", "gpu_mem": "11.84 GB", "iter": "300/5000", "top1_acc": 97.200000}
[08/10 11:57:16][INFO] utils.logging:   91: {"_type": "val_iter", "gpu_mem": "11.84 GB", "iter": "400/5000", "top1_acc": 96.400000}
[08/10 11:57:28][INFO] utils.logging:   91: {"_type": "val_iter", "gpu_mem": "11.84 GB", "iter": "500/5000", "top1_acc": 94.800000}
[08/10 11:57:40][INFO] utils.logging:   91: {"_type": "val_iter", "gpu_mem": "11.84 GB", "iter": "600/5000", "top1_acc": 97.400000}
[08/10 11:57:52][INFO] utils.logging:   91: {"_type": "val_iter", "gpu_mem": "11.84 GB", "iter": "700/5000", "top1_acc": 96.200000}
[08/10 11:58:04][INFO] utils.logging:   91: {"_type": "val_iter", "gpu_mem": "11.84 GB", "iter": "800/5000", "top1_acc": 97.200000}
[08/10 11:58:16][INFO] utils.logging:   91: {"_type": "val_iter", "gpu_mem": "11.84 GB", "iter": "900/5000", "top1_acc": 95.600000}
[08/10 11:58:28][INFO] utils.logging:   91: {"_type": "val_iter", "gpu_mem": "11.84 GB", "iter": "1000/5000", "top1_acc": 95.400000}
[08/10 11:58:40][INFO] utils.logging:   91: {"_type": "val_iter", "gpu_mem": "11.84 GB", "iter": "1100/5000", "top1_acc": 96.400000}
[08/10 11:58:52][INFO] utils.logging:   91: {"_type": "val_iter", "gpu_mem": "11.84 GB", "iter": "1200/5000", "top1_acc": 95.600000}
[08/10 11:59:04][INFO] utils.logging:   91: {"_type": "val_iter", "gpu_mem": "11.84 GB", "iter": "1300/5000", "top1_acc": 95.800000}
[08/10 11:59:16][INFO] utils.logging:   91: {"_type": "val_iter", "gpu_mem": "11.84 GB", "iter": "1400/5000", "top1_acc": 97.200000}
[08/10 11:59:28][INFO] utils.logging:   91: {"_type": "val_iter", "gpu_mem": "11.84 GB", "iter": "1500/5000", "top1_acc": 96.600000}
[08/10 11:59:40][INFO] utils.logging:   91: {"_type": "val_iter", "gpu_mem": "11.84 GB", "iter": "1600/5000", "top1_acc": 96.800000}
[08/10 11:59:52][INFO] utils.logging:   91: {"_type": "val_iter", "gpu_mem": "11.84 GB", "iter": "1700/5000", "top1_acc": 97.000000}
[08/10 12:00:04][INFO] utils.logging:   91: {"_type": "val_iter", "gpu_mem": "11.84 GB", "iter": "1800/5000", "top1_acc": 96.600000}
[08/10 12:00:16][INFO] utils.logging:   91: {"_type": "val_iter", "gpu_mem": "11.84 GB", "iter": "1900/5000", "top1_acc": 97.800000}
[08/10 12:00:28][INFO] utils.logging:   91: {"_type": "val_iter", "gpu_mem": "11.84 GB", "iter": "2000/5000", "top1_acc": 97.200000}
[08/10 12:00:40][INFO] utils.logging:   91: {"_type": "val_iter", "gpu_mem": "11.84 GB", "iter": "2100/5000", "top1_acc": 96.200000}
[08/10 12:00:52][INFO] utils.logging:   91: {"_type": "val_iter", "gpu_mem": "11.84 GB", "iter": "2200/5000", "top1_acc": 95.400000}
[08/10 12:01:04][INFO] utils.logging:   91: {"_type": "val_iter", "gpu_mem": "11.84 GB", "iter": "2300/5000", "top1_acc": 96.400000}
[08/10 12:01:16][INFO] utils.logging:   91: {"_type": "val_iter", "gpu_mem": "11.84 GB", "iter": "2400/5000", "top1_acc": 95.800000}
[08/10 12:01:28][INFO] utils.logging:   91: {"_type": "val_iter", "gpu_mem": "11.84 GB", "iter": "2500/5000", "top1_acc": 95.600000}
[08/10 12:01:40][INFO] utils.logging:   91: {"_type": "val_iter", "gpu_mem": "11.84 GB", "iter": "2600/5000", "top1_acc": 96.600000}
[08/10 12:01:52][INFO] utils.logging:   91: {"_type": "val_iter", "gpu_mem": "11.84 GB", "iter": "2700/5000", "top1_acc": 96.400000}
[08/10 12:02:04][INFO] utils.logging:   91: {"_type": "val_iter", "gpu_mem": "11.84 GB", "iter": "2800/5000", "top1_acc": 95.600000}
[08/10 12:02:16][INFO] utils.logging:   91: {"_type": "val_iter", "gpu_mem": "11.84 GB", "iter": "2900/5000", "top1_acc": 96.000000}
[08/10 12:02:28][INFO] utils.logging:   91: {"_type": "val_iter", "gpu_mem": "11.84 GB", "iter": "3000/5000", "top1_acc": 97.000000}
[08/10 12:02:40][INFO] utils.logging:   91: {"_type": "val_iter", "gpu_mem": "11.84 GB", "iter": "3100/5000", "top1_acc": 95.400000}
[08/10 12:02:52][INFO] utils.logging:   91: {"_type": "val_iter", "gpu_mem": "11.84 GB", "iter": "3200/5000", "top1_acc": 97.800000}
[08/10 12:03:04][INFO] utils.logging:   91: {"_type": "val_iter", "gpu_mem": "11.84 GB", "iter": "3300/5000", "top1_acc": 96.400000}
[08/10 12:03:16][INFO] utils.logging:   91: {"_type": "val_iter", "gpu_mem": "11.84 GB", "iter": "3400/5000", "top1_acc": 96.400000}
[08/10 12:03:28][INFO] utils.logging:   91: {"_type": "val_iter", "gpu_mem": "11.84 GB", "iter": "3500/5000", "top1_acc": 95.800000}
[08/10 12:03:40][INFO] utils.logging:   91: {"_type": "val_iter", "gpu_mem": "11.84 GB", "iter": "3600/5000", "top1_acc": 95.600000}
[08/10 12:03:52][INFO] utils.logging:   91: {"_type": "val_iter", "gpu_mem": "11.84 GB", "iter": "3700/5000", "top1_acc": 95.400000}
[08/10 12:04:04][INFO] utils.logging:   91: {"_type": "val_iter", "gpu_mem": "11.84 GB", "iter": "3800/5000", "top1_acc": 95.800000}
[08/10 12:04:16][INFO] utils.logging:   91: {"_type": "val_iter", "gpu_mem": "11.84 GB", "iter": "3900/5000", "top1_acc": 98.200000}
[08/10 12:04:28][INFO] utils.logging:   91: {"_type": "val_iter", "gpu_mem": "11.84 GB", "iter": "4000/5000", "top1_acc": 95.200000}
[08/10 12:04:40][INFO] utils.logging:   91: {"_type": "val_iter", "gpu_mem": "11.84 GB", "iter": "4100/5000", "top1_acc": 95.800000}
[08/10 12:04:52][INFO] utils.logging:   91: {"_type": "val_iter", "gpu_mem": "11.84 GB", "iter": "4200/5000", "top1_acc": 96.600000}
[08/10 12:05:04][INFO] utils.logging:   91: {"_type": "val_iter", "gpu_mem": "11.84 GB", "iter": "4300/5000", "top1_acc": 96.400000}
[08/10 12:05:16][INFO] utils.logging:   91: {"_type": "val_iter", "gpu_mem": "11.84 GB", "iter": "4400/5000", "top1_acc": 96.000000}
[08/10 12:05:28][INFO] utils.logging:   91: {"_type": "val_iter", "gpu_mem": "11.84 GB", "iter": "4500/5000", "top1_acc": 96.600000}
[08/10 12:05:40][INFO] utils.logging:   91: {"_type": "val_iter", "gpu_mem": "11.84 GB", "iter": "4600/5000", "top1_acc": 97.000000}
[08/10 12:05:52][INFO] utils.logging:   91: {"_type": "val_iter", "gpu_mem": "11.84 GB", "iter": "4700/5000", "top1_acc": 97.400000}
[08/10 12:06:04][INFO] utils.logging:   91: {"_type": "val_iter", "gpu_mem": "11.84 GB", "iter": "4800/5000", "top1_acc": 96.600000}
[08/10 12:06:16][INFO] utils.logging:   91: {"_type": "val_iter", "gpu_mem": "11.84 GB", "iter": "4900/5000", "top1_acc": 96.800000}
[08/10 12:06:28][INFO] utils.logging:   91: {"_type": "val_iter", "gpu_mem": "11.84 GB", "iter": "5000/5000", "top1_acc": 95.200000}
[08/10 12:06:28][INFO] utils.logging:   91: {"RAM": "25.96/125.63 GB", "_type": "val_epoch", "epoch": "2", "gpu_mem": "11.84 GB", "top1_acc": 96.352000}
[08/10 12:06:28][INFO] utils.logging:   91: {"_type": "train_iter", "iter": "3000/4500", "loss": 0.001903, "lr": 0.000050, "top1_acc": 98.800000}
[08/10 12:07:04][INFO] utils.logging:   91: {"_type": "train_iter", "iter": "3100/4500", "loss": 0.002280, "lr": 0.000050, "top1_acc": 99.200000}
[08/10 12:07:40][INFO] utils.logging:   91: {"_type": "train_iter", "iter": "3200/4500", "loss": 0.001312, "lr": 0.000025, "top1_acc": 99.200000}
[08/10 12:08:15][INFO] utils.logging:   91: {"_type": "train_iter", "iter": "3300/4500", "loss": 0.002817, "lr": 0.000025, "top1_acc": 97.600000}
[08/10 12:08:51][INFO] utils.logging:   91: {"_type": "train_iter", "iter": "3400/4500", "loss": 0.001861, "lr": 0.000025, "top1_acc": 98.800000}
[08/10 12:09:26][INFO] utils.logging:   91: {"_type": "train_iter", "iter": "3500/4500", "loss": 0.002427, "lr": 0.000025, "top1_acc": 96.800000}
[08/10 12:10:02][INFO] utils.logging:   91: {"_type": "train_iter", "iter": "3600/4500", "loss": 0.002411, "lr": 0.000025, "top1_acc": 98.600000}
[08/10 12:10:38][INFO] utils.logging:   91: {"_type": "train_iter", "iter": "3700/4500", "loss": 0.003006, "lr": 0.000025, "top1_acc": 98.400000}
[08/10 12:11:14][INFO] utils.logging:   91: {"_type": "train_iter", "iter": "3800/4500", "loss": 0.003327, "lr": 0.000025, "top1_acc": 96.800000}
[08/10 12:11:49][INFO] utils.logging:   91: {"_type": "train_iter", "iter": "3900/4500", "loss": 0.001419, "lr": 0.000025, "top1_acc": 98.800000}
[08/10 12:12:25][INFO] utils.logging:   91: {"_type": "train_iter", "iter": "4000/4500", "loss": 0.001810, "lr": 0.000025, "top1_acc": 98.000000}
[08/10 12:13:01][INFO] utils.logging:   91: {"_type": "train_iter", "iter": "4100/4500", "loss": 0.001530, "lr": 0.000005, "top1_acc": 97.800000}
[08/10 12:13:36][INFO] utils.logging:   91: {"_type": "train_iter", "iter": "4200/4500", "loss": 0.001581, "lr": 0.000005, "top1_acc": 98.200000}
[08/10 12:14:12][INFO] utils.logging:   91: {"_type": "train_iter", "iter": "4300/4500", "loss": 0.001955, "lr": 0.000005, "top1_acc": 98.200000}
[08/10 12:14:48][INFO] utils.logging:   91: {"_type": "train_iter", "iter": "4400/4500", "loss": 0.003474, "lr": 0.000005, "top1_acc": 98.800000}
[08/10 12:15:36][INFO] utils.logging:   91: {"_type": "val_iter", "gpu_mem": "11.84 GB", "iter": "100/5000", "top1_acc": 96.200000}
[08/10 12:15:47][INFO] utils.logging:   91: {"_type": "val_iter", "gpu_mem": "11.84 GB", "iter": "200/5000", "top1_acc": 95.600000}
[08/10 12:15:59][INFO] utils.logging:   91: {"_type": "val_iter", "gpu_mem": "11.84 GB", "iter": "300/5000", "top1_acc": 96.800000}
[08/10 12:16:11][INFO] utils.logging:   91: {"_type": "val_iter", "gpu_mem": "11.84 GB", "iter": "400/5000", "top1_acc": 96.600000}
[08/10 12:16:23][INFO] utils.logging:   91: {"_type": "val_iter", "gpu_mem": "11.84 GB", "iter": "500/5000", "top1_acc": 96.000000}
[08/10 12:16:35][INFO] utils.logging:   91: {"_type": "val_iter", "gpu_mem": "11.84 GB", "iter": "600/5000", "top1_acc": 96.400000}
[08/10 12:16:47][INFO] utils.logging:   91: {"_type": "val_iter", "gpu_mem": "11.84 GB", "iter": "700/5000", "top1_acc": 96.400000}
[08/10 12:16:59][INFO] utils.logging:   91: {"_type": "val_iter", "gpu_mem": "11.84 GB", "iter": "800/5000", "top1_acc": 98.200000}
[08/10 12:17:11][INFO] utils.logging:   91: {"_type": "val_iter", "gpu_mem": "11.84 GB", "iter": "900/5000", "top1_acc": 96.200000}
[08/10 12:17:23][INFO] utils.logging:   91: {"_type": "val_iter", "gpu_mem": "11.84 GB", "iter": "1000/5000", "top1_acc": 96.600000}
[08/10 12:17:35][INFO] utils.logging:   91: {"_type": "val_iter", "gpu_mem": "11.84 GB", "iter": "1100/5000", "top1_acc": 96.200000}
[08/10 12:17:47][INFO] utils.logging:   91: {"_type": "val_iter", "gpu_mem": "11.84 GB", "iter": "1200/5000", "top1_acc": 96.000000}
[08/10 12:17:59][INFO] utils.logging:   91: {"_type": "val_iter", "gpu_mem": "11.84 GB", "iter": "1300/5000", "top1_acc": 97.600000}
[08/10 12:18:11][INFO] utils.logging:   91: {"_type": "val_iter", "gpu_mem": "11.84 GB", "iter": "1400/5000", "top1_acc": 96.200000}
[08/10 12:18:23][INFO] utils.logging:   91: {"_type": "val_iter", "gpu_mem": "11.84 GB", "iter": "1500/5000", "top1_acc": 96.000000}
[08/10 12:18:35][INFO] utils.logging:   91: {"_type": "val_iter", "gpu_mem": "11.84 GB", "iter": "1600/5000", "top1_acc": 97.200000}
[08/10 12:18:47][INFO] utils.logging:   91: {"_type": "val_iter", "gpu_mem": "11.84 GB", "iter": "1700/5000", "top1_acc": 96.200000}
[08/10 12:18:59][INFO] utils.logging:   91: {"_type": "val_iter", "gpu_mem": "11.84 GB", "iter": "1800/5000", "top1_acc": 97.600000}
[08/10 12:19:11][INFO] utils.logging:   91: {"_type": "val_iter", "gpu_mem": "11.84 GB", "iter": "1900/5000", "top1_acc": 96.800000}
[08/10 12:19:23][INFO] utils.logging:   91: {"_type": "val_iter", "gpu_mem": "11.84 GB", "iter": "2000/5000", "top1_acc": 96.600000}
[08/10 12:19:35][INFO] utils.logging:   91: {"_type": "val_iter", "gpu_mem": "11.84 GB", "iter": "2100/5000", "top1_acc": 96.400000}
[08/10 12:19:47][INFO] utils.logging:   91: {"_type": "val_iter", "gpu_mem": "11.84 GB", "iter": "2200/5000", "top1_acc": 95.400000}
[08/10 12:19:59][INFO] utils.logging:   91: {"_type": "val_iter", "gpu_mem": "11.84 GB", "iter": "2300/5000", "top1_acc": 95.800000}
[08/10 12:20:11][INFO] utils.logging:   91: {"_type": "val_iter", "gpu_mem": "11.84 GB", "iter": "2400/5000", "top1_acc": 96.600000}
[08/10 12:20:23][INFO] utils.logging:   91: {"_type": "val_iter", "gpu_mem": "11.84 GB", "iter": "2500/5000", "top1_acc": 95.600000}
[08/10 12:20:35][INFO] utils.logging:   91: {"_type": "val_iter", "gpu_mem": "11.84 GB", "iter": "2600/5000", "top1_acc": 97.200000}
[08/10 12:20:47][INFO] utils.logging:   91: {"_type": "val_iter", "gpu_mem": "11.84 GB", "iter": "2700/5000", "top1_acc": 96.800000}
[08/10 12:20:59][INFO] utils.logging:   91: {"_type": "val_iter", "gpu_mem": "11.84 GB", "iter": "2800/5000", "top1_acc": 96.800000}
[08/10 12:21:11][INFO] utils.logging:   91: {"_type": "val_iter", "gpu_mem": "11.84 GB", "iter": "2900/5000", "top1_acc": 95.400000}
[08/10 12:21:23][INFO] utils.logging:   91: {"_type": "val_iter", "gpu_mem": "11.84 GB", "iter": "3000/5000", "top1_acc": 95.800000}
[08/10 12:21:35][INFO] utils.logging:   91: {"_type": "val_iter", "gpu_mem": "11.84 GB", "iter": "3100/5000", "top1_acc": 96.000000}
[08/10 12:21:47][INFO] utils.logging:   91: {"_type": "val_iter", "gpu_mem": "11.84 GB", "iter": "3200/5000", "top1_acc": 97.600000}
[08/10 12:22:00][INFO] utils.logging:   91: {"_type": "val_iter", "gpu_mem": "11.84 GB", "iter": "3300/5000", "top1_acc": 96.200000}
[08/10 12:22:12][INFO] utils.logging:   91: {"_type": "val_iter", "gpu_mem": "11.84 GB", "iter": "3400/5000", "top1_acc": 96.200000}
[08/10 12:22:24][INFO] utils.logging:   91: {"_type": "val_iter", "gpu_mem": "11.84 GB", "iter": "3500/5000", "top1_acc": 96.800000}
[08/10 12:22:36][INFO] utils.logging:   91: {"_type": "val_iter", "gpu_mem": "11.84 GB", "iter": "3600/5000", "top1_acc": 97.200000}
[08/10 12:22:48][INFO] utils.logging:   91: {"_type": "val_iter", "gpu_mem": "11.84 GB", "iter": "3700/5000", "top1_acc": 95.000000}
[08/10 12:23:00][INFO] utils.logging:   91: {"_type": "val_iter", "gpu_mem": "11.84 GB", "iter": "3800/5000", "top1_acc": 96.800000}
[08/10 12:23:12][INFO] utils.logging:   91: {"_type": "val_iter", "gpu_mem": "11.84 GB", "iter": "3900/5000", "top1_acc": 97.600000}
[08/10 12:23:24][INFO] utils.logging:   91: {"_type": "val_iter", "gpu_mem": "11.84 GB", "iter": "4000/5000", "top1_acc": 96.600000}
[08/10 12:23:36][INFO] utils.logging:   91: {"_type": "val_iter", "gpu_mem": "11.84 GB", "iter": "4100/5000", "top1_acc": 96.200000}
[08/10 12:23:48][INFO] utils.logging:   91: {"_type": "val_iter", "gpu_mem": "11.84 GB", "iter": "4200/5000", "top1_acc": 96.000000}
[08/10 12:24:00][INFO] utils.logging:   91: {"_type": "val_iter", "gpu_mem": "11.84 GB", "iter": "4300/5000", "top1_acc": 96.000000}
[08/10 12:24:12][INFO] utils.logging:   91: {"_type": "val_iter", "gpu_mem": "11.84 GB", "iter": "4400/5000", "top1_acc": 95.400000}
[08/10 12:24:24][INFO] utils.logging:   91: {"_type": "val_iter", "gpu_mem": "11.84 GB", "iter": "4500/5000", "top1_acc": 96.000000}
[08/10 12:24:36][INFO] utils.logging:   91: {"_type": "val_iter", "gpu_mem": "11.84 GB", "iter": "4600/5000", "top1_acc": 97.200000}
[08/10 12:24:48][INFO] utils.logging:   91: {"_type": "val_iter", "gpu_mem": "11.84 GB", "iter": "4700/5000", "top1_acc": 95.200000}
[08/10 12:25:00][INFO] utils.logging:   91: {"_type": "val_iter", "gpu_mem": "11.84 GB", "iter": "4800/5000", "top1_acc": 96.600000}
[08/10 12:25:12][INFO] utils.logging:   91: {"_type": "val_iter", "gpu_mem": "11.84 GB", "iter": "4900/5000", "top1_acc": 96.200000}
[08/10 12:25:24][INFO] utils.logging:   91: {"_type": "val_iter", "gpu_mem": "11.84 GB", "iter": "5000/5000", "top1_acc": 96.600000}
[08/10 12:25:24][INFO] utils.logging:   91: {"RAM": "25.58/125.63 GB", "_type": "val_epoch", "epoch": "3", "gpu_mem": "11.84 GB", "top1_acc": 96.412000}
[08/10 12:25:24][INFO] utils.logging:   91: {"_type": "train_iter", "iter": "4500/4500", "loss": 0.001590, "lr": 0.000005, "top1_acc": 98.400000}
[08/10 12:25:25][INFO] utils.logging:   91: {"RAM": "21.29/125.63 GB", "_type": "train_epoch", "epoch": "10", "gpu_mem": "11.84 GB", "loss": 0.018611, "lr": 0.000005, "top1_acc": 97.524445}
