[08/12 16:04:07][INFO] __main__:  261: OTAM Frame Selector Pretraining
[08/12 16:04:07][INFO] __main__:  262: Config: config/frame_selector/ssv2_phase_offset_bimhm_train.yaml
[08/12 16:04:07][INFO] __main__:  263: Output: output/frame_selector/ssv2_ViT-B16_PhaseOffset_BiMHM
[08/12 16:04:07][INFO] __main__:  264: Config:
{
  "TASK_TYPE": "classification",
  "PRETRAIN": {
    "ENABLE": false
  },
  "LOCALIZATION": {
    "ENABLE": false
  },
  "TRAIN": {
    "ENABLE": false,
    "DATASET": null,
    "BATCH_SIZE": 128,
    "LOG_FILE": "training_log.log",
    "EVAL_PERIOD": 10,
    "NUM_FOLDS": 1,
    "AUTO_RESUME": true,
    "CHECKPOINT_PERIOD": 10,
    "CHECKPOINT_FILE_PATH": "",
    "CHECKPOINT_TYPE": "pytorch",
    "CHECKPOINT_INFLATE": false,
    "CHECKPOINT_PRE_PROCESS": {
      "ENABLE": false
    },
    "FINE_TUNE": false,
    "ONLY_LINEAR": false,
    "LR_REDUCE": false,
    "TRAIN_VAL_COMBINE": false
  },
  "TEST": {
    "ENABLE": false,
    "DATASET": null,
    "BATCH_SIZE": 100,
    "NUM_SPATIAL_CROPS": 1,
    "SPATIAL_CROPS": "cc",
    "NUM_ENSEMBLE_VIEWS": 1,
    "LOG_FILE": "val.log",
    "CHECKPOINT_FILE_PATH": "",
    "CHECKPOINT_TYPE": "pytorch",
    "AUTOMATIC_MULTI_SCALE_TEST": true
  },
  "VISUALIZATION": {
    "ENABLE": false,
    "NAME": "",
    "FEATURE_MAPS": {
      "ENABLE": false,
      "BASE_OUTPUT_DIR": ""
    }
  },
  "SUBMISSION": {
    "ENABLE": false,
    "SAVE_RESULTS_PATH": "test.json"
  },
  "DATA": {
    "DATA_ROOT_DIR": "/mnt/data/yanyi2025/lrc/action_data/ssv2/videos/videos/",
    "ANNO_DIR": "./config/ssv2_full/",
    "NUM_INPUT_FRAMES": 16,
    "NUM_INPUT_CHANNELS": 3,
    "SAMPLING_MODE": "interval_based",
    "SAMPLING_RATE": 4,
    "TRAIN_JITTER_SCALES": [
      256,
      256
    ],
    "TRAIN_CROP_SIZE": 224,
    "TEST_SCALE": 224,
    "TEST_CROP_SIZE": 112,
    "MEAN": [
      0.48145466,
      0.4578275,
      0.40821073
    ],
    "STD": [
      0.26862954,
      0.26130258,
      0.27577711
    ],
    "MULTI_LABEL": false,
    "ENSEMBLE_METHOD": "sum",
    "TARGET_FPS": 30,
    "MINUS_INTERVAL": false,
    "TRAIN_LIST": "train_few_shot.txt",
    "VAL_LIST": "val_few_shot.txt",
    "TEST_LIST": "test_few_shot.txt",
    "FILE_EXTENSION": ".webm",
    "BATCH_SIZE": 9,
    "VAL_BATCH_SIZE": 9,
    "NUM_WORKERS": 4,
    "USE_AUG": false,
    "FEAT_CACHE": {
      "ENABLE": true,
      "CACHE_DIR": "data/feat_cache/ssv2",
      "AUTO_REBUILD": false
    }
  },
  "MODEL": {
    "NAME": null,
    "EMA": {
      "ENABLE": false,
      "DECAY": 0.99996
    }
  },
  "VIDEO": {
    "BACKBONE": {
      "DEPTH": null,
      "META_ARCH": null,
      "NUM_FILTERS": null,
      "NUM_INPUT_CHANNELS": 3,
      "NUM_OUT_FEATURES": null,
      "KERNEL_SIZE": null,
      "DOWNSAMPLING": null,
      "DOWNSAMPLING_TEMPORAL": null,
      "NUM_STREAMS": 1,
      "EXPANSION_RATIO": 2,
      "BRANCH": {
        "NAME": null
      },
      "STEM": {
        "NAME": null
      },
      "NONLOCAL": {
        "ENABLE": false,
        "STAGES": [
          5
        ],
        "MASK_ENABLE": false
      },
      "INITIALIZATION": null
    },
    "HEAD": {
      "NAME": "BaseHead",
      "ACTIVATION": "softmax",
      "DROPOUT_RATE": 0,
      "NUM_CLASSES": null
    }
  },
  "OPTIMIZER": {
    "ADJUST_LR": false,
    "BASE_LR": 0.002,
    "LR_POLICY": "cosine",
    "MAX_EPOCH": 300,
    "MOMENTUM": 0.9,
    "WEIGHT_DECAY": "1e-3",
    "WARMUP_EPOCHS": 10,
    "WARMUP_START_LR": 0.0002,
    "OPTIM_METHOD": "adam",
    "DAMPENING": 0.0,
    "NESTEROV": true
  },
  "BN": {
    "WB_LOCK": false,
    "FREEZE": false,
    "WEIGHT_DECAY": 0.0,
    "MOMENTUM": 0.1,
    "EPS": "1e-5",
    "SYNC": false
  },
  "DATA_LOADER": {
    "NUM_WORKERS": 4,
    "PIN_MEMORY": false,
    "ENABLE_MULTI_THREAD_DECODE": true,
    "COLLATE_FN": null
  },
  "NUM_GPUS": 1,
  "SHARD_ID": 0,
  "NUM_SHARDS": 1,
  "RANDOM_SEED": 0,
  "OUTPUT_DIR": "output/frame_selector/ssv2_ViT-B16_PhaseOffset_BiMHM",
  "OUTPUT_CFG_FILE": "configuration.log",
  "LOG_PERIOD": 200,
  "DIST_BACKEND": "nccl",
  "LOG_MODEL_INFO": false,
  "LOG_CONFIG_INFO": true,
  "OSS": {
    "ENABLE": false,
    "KEY": null,
    "SECRET": null,
    "ENDPOINT": null,
    "CHECKPOINT_OUTPUT_PATH": null,
    "SECONDARY_DATA_OSS": {
      "ENABLE": false,
      "KEY": null,
      "SECRET": null,
      "ENDPOINT": null,
      "BUCKETS": [
        ""
      ]
    }
  },
  "AUGMENTATION": {
    "COLOR_AUG": false,
    "BRIGHTNESS": 0.5,
    "CONTRAST": 0.5,
    "SATURATION": 0.5,
    "HUE": 0.25,
    "GRAYSCALE": 0.3,
    "CONSISTENT": true,
    "SHUFFLE": true,
    "GRAY_FIRST": true,
    "RATIO": [
      0.857142857142857,
      1.1666666666666667
    ],
    "USE_GPU": false,
    "MIXUP": {
      "ENABLE": false,
      "ALPHA": 0.0,
      "PROB": 1.0,
      "MODE": "batch",
      "SWITCH_PROB": 0.5
    },
    "CUTMIX": {
      "ENABLE": false,
      "ALPHA": 0.0,
      "MINMAX": null
    },
    "RANDOM_ERASING": {
      "ENABLE": false,
      "PROB": 0.25,
      "MODE": "const",
      "COUNT": [
        1,
        1
      ],
      "NUM_SPLITS": 0,
      "AREA_RANGE": [
        0.02,
        0.33
      ],
      "MIN_ASPECT": 0.3
    },
    "LABEL_SMOOTHING": 0.0,
    "SSV2_FLIP": false
  },
  "PAI": false,
  "FRAME_SELECTOR": {
    "ENABLE": true,
    "TYPE": "phase_offset_bimhm",
    "BACKBONE_NAME": "ViT-B/16",
    "TOTAL_FRAMES": 32,
    "SELECT_FRAMES": 8,
    "SEGMENTS": 8,
    "FEAT_DIM": 0,
    "STE_TAU": 0.7,
    "WINDOW_SIZE": 4,
    "OFFSET_RANGE": 2,
    "CENTER_BIAS": 0.05
  },
  "LOSS": {
    "NAME": "phase_offset_bimhm",
    "BIMHM_MODE": "triplet",
    "MARGIN": 0.3,
    "TEMPERATURE": 1.0,
    "TRIPLET_WEIGHT": 1.0,
    "CLASS_CE_WEIGHT": 1.0,
    "MATCH_WEIGHT": 0.0,
    "MATCH_NORMALIZE_TARGETS": true,
    "NORMALIZE_BY_FRAMES": false,
    "COVERAGE_RECON_WEIGHT": 0.05,
    "CLASS_BALANCED_BATCH": true,
    "CLASSES_PER_BATCH": 3,
    "SAMPLES_PER_CLASS": 3,
    "INDEX_COMPACT_WEIGHT": 0.0,
    "SCORE_MARGIN_WEIGHT": 0.0
  },
  "SOLVER": {
    "BASE_LR": 0.0003,
    "OPTIM_METHOD": "adamw",
    "MAX_EPOCH": 30,
    "WEIGHT_DECAY": "1e-4",
    "WARMUP_EPOCHS": 3,
    "LR_POLICY": "cosine"
  },
  "SAVE_PERIOD": 5
}
[08/12 16:04:07][INFO] __main__:  267: Device: cuda
[08/12 16:04:07][INFO] __main__:  275: 馃敡 鐗瑰緛缂撳瓨宸插紑鍚? tag=ViT-B-16_T32, dir=data/feat_cache/ssv2
[08/12 16:04:07][INFO] __main__:  280: Loading data...
[08/12 16:04:07][INFO] __main__:  284: Train: 67013 samples, 7445 iters/epoch
[08/12 16:04:08][INFO] __main__:  292: Trainable (selector) params: 132,097
[08/12 16:04:08][INFO] __main__:  309: Selector loss=phase_offset_bimhm, margin=0.3, score_margin_weight=0.0 (0=disabled), index_compact_weight=0.0, STE_tau=0.7
[08/12 16:04:08][INFO] __main__:  327: ================================================================================
[08/12 16:04:08][INFO] __main__:  328: phase_offset_bimhm training | Epochs: 30 | Log: 200 | Cache=ON
[08/12 16:04:08][INFO] __main__:  332: ================================================================================
[08/12 16:04:09][INFO] __main__:  429: Frame selector gradient check passed: grad.norm()=0.335859
[08/12 16:04:09][INFO] utils.logging:   91: {"_type": "train_iter", "epoch": "1/30", "eta": "1 day, 10:04:14", "iter": "1/7445", "loss": 1.476315, "lr": 0.000100, "neg_dist": 3.649156, "pos_dist": 4.791617, "time_diff": 0.550000, "triplet": 1.475313}
[08/12 16:04:10][INFO] utils.logging:   91: {"_type": "train_iter", "epoch": "1/30", "eta": "0:33:11", "iter": "201/7445", "loss": 2.083598, "lr": 0.000100, "neg_dist": 4.270052, "pos_dist": 6.052735, "time_diff": 1.790000, "triplet": 2.082683}
[08/12 16:04:11][INFO] utils.logging:   91: {"_type": "train_iter", "epoch": "1/30", "eta": "0:27:57", "iter": "401/7445", "loss": 1.496755, "lr": 0.000100, "neg_dist": 4.130161, "pos_dist": 5.325837, "time_diff": 3.020000, "triplet": 1.495676}
[08/12 16:04:13][INFO] utils.logging:   91: {"_type": "train_iter", "epoch": "1/30", "eta": "0:26:24", "iter": "601/7445", "loss": 0.852582, "lr": 0.000100, "neg_dist": 3.748583, "pos_dist": 4.296021, "time_diff": 4.280000, "triplet": 0.851160}
[08/12 16:04:14][INFO] utils.logging:   91: {"_type": "train_iter", "epoch": "1/30", "eta": "0:25:38", "iter": "801/7445", "loss": 1.449723, "lr": 0.000100, "neg_dist": 2.500103, "pos_dist": 3.648446, "time_diff": 5.540000, "triplet": 1.448343}
[08/12 16:04:15][INFO] utils.logging:   91: {"_type": "train_iter", "epoch": "1/30", "eta": "0:25:05", "iter": "1001/7445", "loss": 1.751441, "lr": 0.000100, "neg_dist": 4.386966, "pos_dist": 5.806757, "time_diff": 6.780000, "triplet": 1.750488}
[08/12 16:04:17][INFO] utils.logging:   91: {"_type": "train_iter", "epoch": "1/30", "eta": "0:24:46", "iter": "1201/7445", "loss": 1.319590, "lr": 0.000100, "neg_dist": 3.349339, "pos_dist": 4.367990, "time_diff": 8.040000, "triplet": 1.318651}
[08/12 16:04:18][INFO] utils.logging:   91: {"_type": "train_iter", "epoch": "1/30", "eta": "0:24:33", "iter": "1401/7445", "loss": 1.219297, "lr": 0.000100, "neg_dist": 3.620291, "pos_dist": 4.538403, "time_diff": 9.300000, "triplet": 1.218112}
[08/12 16:04:19][INFO] utils.logging:   91: {"_type": "train_iter", "epoch": "1/30", "eta": "0:24:19", "iter": "1601/7445", "loss": 1.492710, "lr": 0.000100, "neg_dist": 3.473377, "pos_dist": 4.664809, "time_diff": 10.540000, "triplet": 1.491432}
[08/12 16:04:20][INFO] utils.logging:   91: {"_type": "train_iter", "epoch": "1/30", "eta": "0:24:09", "iter": "1801/7445", "loss": 1.498811, "lr": 0.000100, "neg_dist": 3.748340, "pos_dist": 4.946081, "time_diff": 11.790000, "triplet": 1.497740}
[08/12 16:04:22][INFO] utils.logging:   91: {"_type": "train_iter", "epoch": "1/30", "eta": "0:24:01", "iter": "2001/7445", "loss": 0.976011, "lr": 0.000100, "neg_dist": 2.942749, "pos_dist": 3.618024, "time_diff": 13.030000, "triplet": 0.975274}
[08/12 16:04:23][INFO] utils.logging:   91: {"_type": "train_iter", "epoch": "1/30", "eta": "0:23:54", "iter": "2201/7445", "loss": 2.109552, "lr": 0.000100, "neg_dist": 3.341939, "pos_dist": 5.150798, "time_diff": 14.280000, "triplet": 2.108859}
[08/12 16:04:24][INFO] utils.logging:   91: {"_type": "train_iter", "epoch": "1/30", "eta": "0:23:49", "iter": "2401/7445", "loss": 1.662638, "lr": 0.000100, "neg_dist": 3.278367, "pos_dist": 4.640187, "time_diff": 15.540000, "triplet": 1.661820}
[08/12 16:04:25][INFO] utils.logging:   91: {"_type": "train_iter", "epoch": "1/30", "eta": "0:23:46", "iter": "2601/7445", "loss": 1.459870, "lr": 0.000100, "neg_dist": 3.944719, "pos_dist": 5.098218, "time_diff": 16.800000, "triplet": 1.458985}
[08/12 16:04:27][INFO] utils.logging:   91: {"_type": "train_iter", "epoch": "1/30", "eta": "0:23:40", "iter": "2801/7445", "loss": 1.505960, "lr": 0.000100, "neg_dist": 3.117584, "pos_dist": 4.322376, "time_diff": 18.040000, "triplet": 1.504792}
[08/12 16:04:28][INFO] utils.logging:   91: {"_type": "train_iter", "epoch": "1/30", "eta": "0:23:38", "iter": "3001/7445", "loss": 1.751253, "lr": 0.000100, "neg_dist": 4.374602, "pos_dist": 5.824742, "time_diff": 19.320000, "triplet": 1.750139}
[08/12 16:04:29][INFO] utils.logging:   91: {"_type": "train_iter", "epoch": "1/30", "eta": "0:23:32", "iter": "3201/7445", "loss": 0.997193, "lr": 0.000100, "neg_dist": 4.101912, "pos_dist": 4.798473, "time_diff": 20.540000, "triplet": 0.996561}
[08/12 16:04:30][INFO] utils.logging:   91: {"_type": "train_iter", "epoch": "1/30", "eta": "0:23:30", "iter": "3401/7445", "loss": 1.268261, "lr": 0.000100, "neg_dist": 3.425538, "pos_dist": 4.392914, "time_diff": 21.810000, "triplet": 1.267376}
[08/12 16:04:32][INFO] utils.logging:   91: {"_type": "train_iter", "epoch": "1/30", "eta": "0:23:26", "iter": "3601/7445", "loss": 1.128399, "lr": 0.000100, "neg_dist": 3.019209, "pos_dist": 3.838788, "time_diff": 23.050000, "triplet": 1.127032}
[08/12 16:04:33][INFO] utils.logging:   91: {"_type": "train_iter", "epoch": "1/30", "eta": "0:23:22", "iter": "3801/7445", "loss": 1.821363, "lr": 0.000100, "neg_dist": 3.619304, "pos_dist": 5.139492, "time_diff": 24.290000, "triplet": 1.820187}
[08/12 16:04:34][INFO] utils.logging:   91: {"_type": "train_iter", "epoch": "1/30", "eta": "0:23:19", "iter": "4001/7445", "loss": 1.237747, "lr": 0.000100, "neg_dist": 2.959945, "pos_dist": 3.896209, "time_diff": 25.530000, "triplet": 1.236264}
[08/12 16:04:35][INFO] utils.logging:   91: {"_type": "train_iter", "epoch": "1/30", "eta": "0:23:16", "iter": "4201/7445", "loss": 1.505378, "lr": 0.000100, "neg_dist": 3.464464, "pos_dist": 4.668765, "time_diff": 26.770000, "triplet": 1.504300}
[08/12 16:04:36][INFO] utils.logging:   91: {"_type": "train_iter", "epoch": "1/30", "eta": "0:23:13", "iter": "4401/7445", "loss": 1.004074, "lr": 0.000100, "neg_dist": 3.624890, "pos_dist": 4.184658, "time_diff": 28.010000, "triplet": 1.002835}
[08/12 16:04:38][INFO] utils.logging:   91: {"_type": "train_iter", "epoch": "1/30", "eta": "0:23:10", "iter": "4601/7445", "loss": 1.508899, "lr": 0.000100, "neg_dist": 4.000277, "pos_dist": 5.208292, "time_diff": 29.250000, "triplet": 1.508015}
[08/12 16:04:39][INFO] utils.logging:   91: {"_type": "train_iter", "epoch": "1/30", "eta": "0:23:09", "iter": "4801/7445", "loss": 1.514364, "lr": 0.000100, "neg_dist": 3.149367, "pos_dist": 4.362793, "time_diff": 30.520000, "triplet": 1.513426}
[08/12 16:04:40][INFO] utils.logging:   91: {"_type": "train_iter", "epoch": "1/30", "eta": "0:23:06", "iter": "5001/7445", "loss": 0.535869, "lr": 0.000100, "neg_dist": 2.919404, "pos_dist": 3.150556, "time_diff": 31.760000, "triplet": 0.534585}
[08/12 16:04:41][INFO] utils.logging:   91: {"_type": "train_iter", "epoch": "1/30", "eta": "0:23:03", "iter": "5201/7445", "loss": 1.225594, "lr": 0.000100, "neg_dist": 3.986905, "pos_dist": 4.846602, "time_diff": 32.990000, "triplet": 1.224344}
[08/12 16:04:43][INFO] utils.logging:   91: {"_type": "train_iter", "epoch": "1/30", "eta": "0:23:01", "iter": "5401/7445", "loss": 1.203859, "lr": 0.000100, "neg_dist": 2.965057, "pos_dist": 3.867737, "time_diff": 34.230000, "triplet": 1.202680}
[08/12 16:04:44][INFO] utils.logging:   91: {"_type": "train_iter", "epoch": "1/30", "eta": "0:22:59", "iter": "5601/7445", "loss": 0.969932, "lr": 0.000100, "neg_dist": 3.489120, "pos_dist": 3.989984, "time_diff": 35.470000, "triplet": 0.969071}
[08/12 16:04:45][INFO] utils.logging:   91: {"_type": "train_iter", "epoch": "1/30", "eta": "0:22:58", "iter": "5801/7445", "loss": 1.225997, "lr": 0.000100, "neg_dist": 3.599205, "pos_dist": 4.458476, "time_diff": 36.750000, "triplet": 1.225010}
[08/12 16:04:46][INFO] utils.logging:   91: {"_type": "train_iter", "epoch": "1/30", "eta": "0:22:55", "iter": "6001/7445", "loss": 1.179599, "lr": 0.000100, "neg_dist": 3.564503, "pos_dist": 4.442807, "time_diff": 37.980000, "triplet": 1.178304}
[08/12 16:04:48][INFO] utils.logging:   91: {"_type": "train_iter", "epoch": "1/30", "eta": "0:22:54", "iter": "6201/7445", "loss": 1.127068, "lr": 0.000100, "neg_dist": 3.213765, "pos_dist": 4.039268, "time_diff": 39.240000, "triplet": 1.125502}
[08/12 16:04:49][INFO] utils.logging:   91: {"_type": "train_iter", "epoch": "1/30", "eta": "0:22:53", "iter": "6401/7445", "loss": 0.966058, "lr": 0.000100, "neg_dist": 3.140548, "pos_dist": 3.805377, "time_diff": 40.530000, "triplet": 0.964829}
[08/12 16:04:50][INFO] utils.logging:   91: {"_type": "train_iter", "epoch": "1/30", "eta": "0:22:51", "iter": "6601/7445", "loss": 1.406873, "lr": 0.000100, "neg_dist": 3.180547, "pos_dist": 4.286191, "time_diff": 41.760000, "triplet": 1.405645}
[08/12 16:04:51][INFO] utils.logging:   91: {"_type": "train_iter", "epoch": "1/30", "eta": "0:22:49", "iter": "6801/7445", "loss": 1.212661, "lr": 0.000100, "neg_dist": 3.600119, "pos_dist": 4.511590, "time_diff": 43.010000, "triplet": 1.211470}
[08/12 16:04:53][INFO] utils.logging:   91: {"_type": "train_iter", "epoch": "1/30", "eta": "0:22:47", "iter": "7001/7445", "loss": 1.067487, "lr": 0.000100, "neg_dist": 2.960109, "pos_dist": 3.726195, "time_diff": 44.250000, "triplet": 1.066086}
[08/12 16:04:54][INFO] utils.logging:   91: {"_type": "train_iter", "epoch": "1/30", "eta": "0:22:45", "iter": "7201/7445", "loss": 1.120135, "lr": 0.000100, "neg_dist": 3.315585, "pos_dist": 4.134294, "time_diff": 45.500000, "triplet": 1.118709}
[08/12 16:04:55][INFO] utils.logging:   91: {"_type": "train_iter", "epoch": "1/30", "eta": "0:22:45", "iter": "7401/7445", "loss": 0.991971, "lr": 0.000100, "neg_dist": 3.795249, "pos_dist": 4.388704, "time_diff": 46.790000, "triplet": 0.990970}
[08/12 16:04:56][INFO] __main__:  214: Checkpoint: output/frame_selector/ssv2_ViT-B16_PhaseOffset_BiMHM/frame_selector_epoch0000.pth
[08/12 16:04:56][INFO] utils.logging:   91: {"RAM": "14.52/125.63 GB", "_type": "train_epoch", "epoch": "1/30", "eta": "0:22:45", "gpu_mem": "0.39 GB", "loss": 1.273918, "lr": 0.000100, "neg_dist": 3.433977, "pos_dist": 4.389555, "time_diff": 47.090000, "triplet": 1.272783}
[08/12 16:04:56][INFO] utils.logging:   91: {"_type": "val_epoch", "epoch": "1/30", "loss": 1.285267}
[08/12 16:04:56][INFO] __main__:  214: Checkpoint: output/frame_selector/ssv2_ViT-B16_PhaseOffset_BiMHM/frame_selector_epoch0000.pth
[08/12 16:04:56][INFO] __main__:  217: Best checkpoint: output/frame_selector/ssv2_ViT-B16_PhaseOffset_BiMHM/frame_selector_best.pth (loss=1.285267)
[08/12 16:04:56][INFO] __main__:  530: New best val loss: 1.285267 at epoch 0
[08/12 16:04:56][INFO] utils.logging:   91: {"_type": "train_iter", "epoch": "2/30", "eta": "0:23:05", "iter": "1/7445", "loss": 1.430373, "lr": 0.000200, "neg_dist": 3.070220, "pos_dist": 4.198745, "time_diff": 0.090000, "triplet": 1.428525}
[08/12 16:04:58][INFO] utils.logging:   91: {"_type": "train_iter", "epoch": "2/30", "eta": "0:23:03", "iter": "201/7445", "loss": 1.470069, "lr": 0.000200, "neg_dist": 3.817764, "pos_dist": 4.986658, "time_diff": 1.360000, "triplet": 1.468894}
[08/12 16:04:59][INFO] utils.logging:   91: {"_type": "train_iter", "epoch": "2/30", "eta": "0:23:01", "iter": "401/7445", "loss": 0.647891, "lr": 0.000200, "neg_dist": 3.050039, "pos_dist": 3.256603, "time_diff": 2.590000, "triplet": 0.646547}
[08/12 16:05:00][INFO] utils.logging:   91: {"_type": "train_iter", "epoch": "2/30", "eta": "0:22:59", "iter": "601/7445", "loss": 0.720893, "lr": 0.000200, "neg_dist": 3.416347, "pos_dist": 3.745180, "time_diff": 3.860000, "triplet": 0.719195}
[08/12 16:05:01][INFO] utils.logging:   91: {"_type": "train_iter", "epoch": "2/30", "eta": "0:22:56", "iter": "801/7445", "loss": 1.364475, "lr": 0.000200, "neg_dist": 3.601506, "pos_dist": 4.665026, "time_diff": 5.090000, "triplet": 1.363519}
[08/12 16:05:02][INFO] utils.logging:   91: {"_type": "train_iter", "epoch": "2/30", "eta": "0:22:54", "iter": "1001/7445", "loss": 1.374131, "lr": 0.000200, "neg_dist": 3.038574, "pos_dist": 4.111805, "time_diff": 6.330000, "triplet": 1.373232}
[08/12 16:05:04][INFO] utils.logging:   91: {"_type": "train_iter", "epoch": "2/30", "eta": "0:22:52", "iter": "1201/7445", "loss": 1.278359, "lr": 0.000200, "neg_dist": 3.124685, "pos_dist": 4.101795, "time_diff": 7.570000, "triplet": 1.277110}
[08/12 16:05:05][INFO] utils.logging:   91: {"_type": "train_iter", "epoch": "2/30", "eta": "0:22:50", "iter": "1401/7445", "loss": 1.595822, "lr": 0.000200, "neg_dist": 3.475590, "pos_dist": 4.770325, "time_diff": 8.830000, "triplet": 1.594735}
[08/12 16:05:06][INFO] utils.logging:   91: {"_type": "train_iter", "epoch": "2/30", "eta": "0:22:48", "iter": "1601/7445", "loss": 1.163090, "lr": 0.000200, "neg_dist": 3.352985, "pos_dist": 4.214945, "time_diff": 10.070000, "triplet": 1.161960}
[08/12 16:05:07][INFO] utils.logging:   91: {"_type": "train_iter", "epoch": "2/30", "eta": "0:22:46", "iter": "1801/7445", "loss": 1.407966, "lr": 0.000200, "neg_dist": 3.933773, "pos_dist": 5.040875, "time_diff": 11.300000, "triplet": 1.407102}
[08/12 16:05:09][INFO] utils.logging:   91: {"_type": "train_iter", "epoch": "2/30", "eta": "0:22:44", "iter": "2001/7445", "loss": 1.445510, "lr": 0.000200, "neg_dist": 4.298583, "pos_dist": 5.443164, "time_diff": 12.560000, "triplet": 1.444582}
[08/12 16:05:10][INFO] utils.logging:   91: {"_type": "train_iter", "epoch": "2/30", "eta": "0:22:42", "iter": "2201/7445", "loss": 1.330308, "lr": 0.000200, "neg_dist": 3.203165, "pos_dist": 4.232274, "time_diff": 13.800000, "triplet": 1.329109}
[08/12 16:05:11][INFO] utils.logging:   91: {"_type": "train_iter", "epoch": "2/30", "eta": "0:22:40", "iter": "2401/7445", "loss": 1.848860, "lr": 0.000200, "neg_dist": 3.738408, "pos_dist": 5.248805, "time_diff": 15.040000, "triplet": 1.847801}
[08/12 16:05:12][INFO] utils.logging:   91: {"_type": "train_iter", "epoch": "2/30", "eta": "0:22:38", "iter": "2601/7445", "loss": 1.053336, "lr": 0.000200, "neg_dist": 3.509151, "pos_dist": 4.219598, "time_diff": 16.290000, "triplet": 1.052237}
[08/12 16:05:14][INFO] utils.logging:   91: {"_type": "train_iter", "epoch": "2/30", "eta": "0:22:36", "iter": "2801/7445", "loss": 1.136598, "lr": 0.000200, "neg_dist": 2.748197, "pos_dist": 3.583607, "time_diff": 17.530000, "triplet": 1.135409}
[08/12 16:05:15][INFO] utils.logging:   91: {"_type": "train_iter", "epoch": "2/30", "eta": "0:22:34", "iter": "3001/7445", "loss": 1.512062, "lr": 0.000200, "neg_dist": 4.154069, "pos_dist": 5.365143, "time_diff": 18.780000, "triplet": 1.511075}
[08/12 16:05:16][INFO] utils.logging:   91: {"_type": "train_iter", "epoch": "2/30", "eta": "0:22:32", "iter": "3201/7445", "loss": 1.114139, "lr": 0.000200, "neg_dist": 4.298791, "pos_dist": 4.850214, "time_diff": 20.010000, "triplet": 1.113263}
[08/12 16:05:17][INFO] utils.logging:   91: {"_type": "train_iter", "epoch": "2/30", "eta": "0:22:30", "iter": "3401/7445", "loss": 1.033815, "lr": 0.000200, "neg_dist": 2.866453, "pos_dist": 3.564052, "time_diff": 21.230000, "triplet": 1.032611}
[08/12 16:05:19][INFO] utils.logging:   91: {"_type": "train_iter", "epoch": "2/30", "eta": "0:22:27", "iter": "3601/7445", "loss": 1.100826, "lr": 0.000200, "neg_dist": 4.218705, "pos_dist": 5.018396, "time_diff": 22.440000, "triplet": 1.099691}
[08/12 16:05:20][INFO] utils.logging:   91: {"_type": "train_iter", "epoch": "2/30", "eta": "0:22:26", "iter": "3801/7445", "loss": 1.697224, "lr": 0.000200, "neg_dist": 3.109351, "pos_dist": 4.505480, "time_diff": 23.710000, "triplet": 1.696129}
[08/12 16:05:21][INFO] utils.logging:   91: {"_type": "train_iter", "epoch": "2/30", "eta": "0:22:24", "iter": "4001/7445", "loss": 0.623865, "lr": 0.000200, "neg_dist": 5.034215, "pos_dist": 5.175908, "time_diff": 24.950000, "triplet": 0.623152}
[08/12 16:05:22][INFO] utils.logging:   91: {"_type": "train_iter", "epoch": "2/30", "eta": "0:22:22", "iter": "4201/7445", "loss": 0.844616, "lr": 0.000200, "neg_dist": 3.190407, "pos_dist": 3.709621, "time_diff": 26.180000, "triplet": 0.842926}
[08/12 16:05:24][INFO] utils.logging:   91: {"_type": "train_iter", "epoch": "2/30", "eta": "0:22:21", "iter": "4401/7445", "loss": 1.165115, "lr": 0.000200, "neg_dist": 3.719461, "pos_dist": 4.583346, "time_diff": 27.430000, "triplet": 1.163884}
[08/12 16:05:25][INFO] utils.logging:   91: {"_type": "train_iter", "epoch": "2/30", "eta": "0:22:19", "iter": "4601/7445", "loss": 1.005183, "lr": 0.000200, "neg_dist": 2.826455, "pos_dist": 3.530271, "time_diff": 28.660000, "triplet": 1.003816}
[08/12 16:05:26][INFO] utils.logging:   91: {"_type": "train_iter", "epoch": "2/30", "eta": "0:22:17", "iter": "4801/7445", "loss": 1.939183, "lr": 0.000200, "neg_dist": 3.585269, "pos_dist": 5.223403, "time_diff": 29.910000, "triplet": 1.938135}
[08/12 16:05:27][INFO] utils.logging:   91: {"_type": "train_iter", "epoch": "2/30", "eta": "0:22:15", "iter": "5001/7445", "loss": 0.804589, "lr": 0.000200, "neg_dist": 2.925175, "pos_dist": 3.428237, "time_diff": 31.140000, "triplet": 0.803062}
[08/12 16:05:29][INFO] utils.logging:   91: {"_type": "train_iter", "epoch": "2/30", "eta": "0:22:14", "iter": "5201/7445", "loss": 1.793451, "lr": 0.000200, "neg_dist": 4.123925, "pos_dist": 5.616564, "time_diff": 32.390000, "triplet": 1.792638}
[08/12 16:05:30][INFO] utils.logging:   91: {"_type": "train_iter", "epoch": "2/30", "eta": "0:22:12", "iter": "5401/7445", "loss": 0.954238, "lr": 0.000200, "neg_dist": 3.310341, "pos_dist": 3.944034, "time_diff": 33.640000, "triplet": 0.953595}
[08/12 16:05:31][INFO] utils.logging:   91: {"_type": "train_iter", "epoch": "2/30", "eta": "0:22:10", "iter": "5601/7445", "loss": 1.185973, "lr": 0.000200, "neg_dist": 3.184932, "pos_dist": 4.045002, "time_diff": 34.860000, "triplet": 1.184773}
[08/12 16:05:32][INFO] utils.logging:   91: {"_type": "train_iter", "epoch": "2/30", "eta": "0:22:09", "iter": "5801/7445", "loss": 1.421852, "lr": 0.000200, "neg_dist": 4.534216, "pos_dist": 5.305664, "time_diff": 36.120000, "triplet": 1.420921}
[08/12 16:05:34][INFO] utils.logging:   91: {"_type": "train_iter", "epoch": "2/30", "eta": "0:22:07", "iter": "6001/7445", "loss": 0.901794, "lr": 0.000200, "neg_dist": 2.852008, "pos_dist": 3.409338, "time_diff": 37.360000, "triplet": 0.900422}
[08/12 16:05:35][INFO] utils.logging:   91: {"_type": "train_iter", "epoch": "2/30", "eta": "0:22:05", "iter": "6201/7445", "loss": 1.792498, "lr": 0.000200, "neg_dist": 3.760438, "pos_dist": 5.251819, "time_diff": 38.590000, "triplet": 1.791381}
[08/12 16:05:36][INFO] utils.logging:   91: {"_type": "train_iter", "epoch": "2/30", "eta": "0:22:03", "iter": "6401/7445", "loss": 0.857837, "lr": 0.000200, "neg_dist": 3.439906, "pos_dist": 3.980435, "time_diff": 39.800000, "triplet": 0.856733}
[08/12 16:05:37][INFO] utils.logging:   91: {"_type": "train_iter", "epoch": "2/30", "eta": "0:22:02", "iter": "6601/7445", "loss": 1.255952, "lr": 0.000200, "neg_dist": 3.062267, "pos_dist": 4.016850, "time_diff": 41.060000, "triplet": 1.254584}
[08/12 16:05:38][INFO] utils.logging:   91: {"_type": "train_iter", "epoch": "2/30", "eta": "0:22:01", "iter": "6801/7445", "loss": 0.861995, "lr": 0.000200, "neg_dist": 3.278234, "pos_dist": 3.828422, "time_diff": 42.340000, "triplet": 0.860570}
[08/12 16:05:40][INFO] utils.logging:   91: {"_type": "train_iter", "epoch": "2/30", "eta": "0:21:59", "iter": "7001/7445", "loss": 1.331621, "lr": 0.000200, "neg_dist": 3.474877, "pos_dist": 4.505705, "time_diff": 43.570000, "triplet": 1.330828}
[08/12 16:05:41][INFO] utils.logging:   91: {"_type": "train_iter", "epoch": "2/30", "eta": "0:21:58", "iter": "7201/7445", "loss": 1.689720, "lr": 0.000200, "neg_dist": 4.330766, "pos_dist": 5.719550, "time_diff": 44.800000, "triplet": 1.688784}
[08/12 16:05:42][INFO] utils.logging:   91: {"_type": "train_iter", "epoch": "2/30", "eta": "0:21:56", "iter": "7401/7445", "loss": 0.971099, "lr": 0.000200, "neg_dist": 3.518885, "pos_dist": 4.050706, "time_diff": 46.040000, "triplet": 0.970302}
[08/12 16:05:42][INFO] utils.logging:   91: {"RAM": "14.58/125.63 GB", "_type": "train_epoch", "epoch": "2/30", "eta": "0:21:56", "gpu_mem": "0.39 GB", "loss": 1.258351, "lr": 0.000200, "neg_dist": 3.422501, "pos_dist": 4.362488, "time_diff": 46.340000, "triplet": 1.257217}
[08/12 16:05:43][INFO] utils.logging:   91: {"_type": "val_epoch", "epoch": "2/30", "loss": 1.345987}
[08/12 16:05:43][INFO] utils.logging:   91: {"_type": "train_iter", "epoch": "3/30", "eta": "0:22:06", "iter": "1/7445", "loss": 1.585186, "lr": 0.000300, "neg_dist": 3.259471, "pos_dist": 4.543396, "time_diff": 0.090000, "triplet": 1.583925}
[08/12 16:05:44][INFO] utils.logging:   91: {"_type": "train_iter", "epoch": "3/30", "eta": "0:22:04", "iter": "201/7445", "loss": 2.139268, "lr": 0.000300, "neg_dist": 3.608539, "pos_dist": 5.446634, "time_diff": 1.370000, "triplet": 2.138095}
[08/12 16:05:46][INFO] utils.logging:   91: {"_type": "train_iter", "epoch": "3/30", "eta": "0:22:03", "iter": "401/7445", "loss": 0.907010, "lr": 0.000300, "neg_dist": 3.505421, "pos_dist": 4.082898, "time_diff": 2.610000, "triplet": 0.905683}
[08/12 16:05:47][INFO] utils.logging:   91: {"_type": "train_iter", "epoch": "3/30", "eta": "0:22:01", "iter": "601/7445", "loss": 0.706901, "lr": 0.000300, "neg_dist": 4.012838, "pos_dist": 4.372077, "time_diff": 3.850000, "triplet": 0.705417}
[08/12 16:05:48][INFO] utils.logging:   91: {"_type": "train_iter", "epoch": "3/30", "eta": "0:21:59", "iter": "801/7445", "loss": 2.001076, "lr": 0.000300, "neg_dist": 3.617012, "pos_dist": 5.316685, "time_diff": 5.100000, "triplet": 1.999673}
[08/12 16:05:49][INFO] utils.logging:   91: {"_type": "train_iter", "epoch": "3/30", "eta": "0:21:58", "iter": "1001/7445", "loss": 1.428922, "lr": 0.000300, "neg_dist": 3.448884, "pos_dist": 4.576670, "time_diff": 6.340000, "triplet": 1.427786}
[08/12 16:05:51][INFO] utils.logging:   91: {"_type": "train_iter", "epoch": "3/30", "eta": "0:21:56", "iter": "1201/7445", "loss": 1.483171, "lr": 0.000300, "neg_dist": 3.659149, "pos_dist": 4.841166, "time_diff": 7.590000, "triplet": 1.482017}
[08/12 16:05:52][INFO] utils.logging:   91: {"_type": "train_iter", "epoch": "3/30", "eta": "0:21:55", "iter": "1401/7445", "loss": 1.404037, "lr": 0.000300, "neg_dist": 3.120219, "pos_dist": 4.223306, "time_diff": 8.870000, "triplet": 1.403086}
[08/12 16:05:53][INFO] utils.logging:   91: {"_type": "train_iter", "epoch": "3/30", "eta": "0:21:53", "iter": "1601/7445", "loss": 1.412007, "lr": 0.000300, "neg_dist": 3.187750, "pos_dist": 4.298437, "time_diff": 10.090000, "triplet": 1.410687}
[08/12 16:05:54][INFO] utils.logging:   91: {"_type": "train_iter", "epoch": "3/30", "eta": "0:21:52", "iter": "1801/7445", "loss": 1.348813, "lr": 0.000300, "neg_dist": 3.365740, "pos_dist": 4.413608, "time_diff": 11.350000, "triplet": 1.347868}
[08/12 16:05:56][INFO] utils.logging:   91: {"_type": "train_iter", "epoch": "3/30", "eta": "0:21:50", "iter": "2001/7445", "loss": 0.744679, "lr": 0.000300, "neg_dist": 3.018679, "pos_dist": 3.414101, "time_diff": 12.590000, "triplet": 0.743308}
[08/12 16:05:57][INFO] utils.logging:   91: {"_type": "train_iter", "epoch": "3/30", "eta": "0:21:49", "iter": "2201/7445", "loss": 1.708892, "lr": 0.000300, "neg_dist": 3.731436, "pos_dist": 5.134242, "time_diff": 13.860000, "triplet": 1.707411}
[08/12 16:05:58][INFO] utils.logging:   91: {"_type": "train_iter", "epoch": "3/30", "eta": "0:21:47", "iter": "2401/7445", "loss": 1.017300, "lr": 0.000300, "neg_dist": 3.907801, "pos_dist": 4.615785, "time_diff": 15.100000, "triplet": 1.015790}
[08/12 16:05:59][INFO] utils.logging:   91: {"_type": "train_iter", "epoch": "3/30", "eta": "0:21:45", "iter": "2601/7445", "loss": 2.116173, "lr": 0.000300, "neg_dist": 3.600237, "pos_dist": 5.415232, "time_diff": 16.320000, "triplet": 2.114995}
[08/12 16:06:01][INFO] utils.logging:   91: {"_type": "train_iter", "epoch": "3/30", "eta": "0:21:44", "iter": "2801/7445", "loss": 1.761683, "lr": 0.000300, "neg_dist": 3.949706, "pos_dist": 5.410509, "time_diff": 17.590000, "triplet": 1.760803}
[08/12 16:06:02][INFO] utils.logging:   91: {"_type": "train_iter", "epoch": "3/30", "eta": "0:21:42", "iter": "3001/7445", "loss": 1.906585, "lr": 0.000300, "neg_dist": 3.228776, "pos_dist": 4.834159, "time_diff": 18.820000, "triplet": 1.905383}
[08/12 16:06:03][INFO] utils.logging:   91: {"_type": "train_iter", "epoch": "3/30", "eta": "0:21:41", "iter": "3201/7445", "loss": 2.040359, "lr": 0.000300, "neg_dist": 3.760405, "pos_dist": 5.499684, "time_diff": 20.090000, "triplet": 2.039279}
[08/12 16:06:04][INFO] utils.logging:   91: {"_type": "train_iter", "epoch": "3/30", "eta": "0:21:39", "iter": "3401/7445", "loss": 1.242898, "lr": 0.000300, "neg_dist": 2.910459, "pos_dist": 3.852345, "time_diff": 21.320000, "triplet": 1.241885}
[08/12 16:06:06][INFO] utils.logging:   91: {"_type": "train_iter", "epoch": "3/30", "eta": "0:21:39", "iter": "3601/7445", "loss": 0.894050, "lr": 0.000300, "neg_dist": 3.374288, "pos_dist": 3.952736, "time_diff": 22.620000, "triplet": 0.893278}
[08/12 16:06:07][INFO] utils.logging:   91: {"_type": "train_iter", "epoch": "3/30", "eta": "0:21:37", "iter": "3801/7445", "loss": 1.289162, "lr": 0.000300, "neg_dist": 3.066733, "pos_dist": 4.054668, "time_diff": 23.890000, "triplet": 1.287935}
[08/12 16:06:08][INFO] utils.logging:   91: {"_type": "train_iter", "epoch": "3/30", "eta": "0:21:36", "iter": "4001/7445", "loss": 1.433212, "lr": 0.000300, "neg_dist": 3.714043, "pos_dist": 4.845935, "time_diff": 25.120000, "triplet": 1.431893}
[08/12 16:06:09][INFO] utils.logging:   91: {"_type": "train_iter", "epoch": "3/30", "eta": "0:21:34", "iter": "4201/7445", "loss": 1.610539, "lr": 0.000300, "neg_dist": 3.373648, "pos_dist": 4.683256, "time_diff": 26.360000, "triplet": 1.609608}
[08/12 16:06:11][INFO] utils.logging:   91: {"_type": "train_iter", "epoch": "3/30", "eta": "0:21:33", "iter": "4401/7445", "loss": 1.218309, "lr": 0.000300, "neg_dist": 3.032608, "pos_dist": 3.949418, "time_diff": 27.610000, "triplet": 1.216810}
[08/12 16:06:12][INFO] utils.logging:   91: {"_type": "train_iter", "epoch": "3/30", "eta": "0:21:31", "iter": "4601/7445", "loss": 1.208824, "lr": 0.000300, "neg_dist": 3.475482, "pos_dist": 4.350958, "time_diff": 28.850000, "triplet": 1.207376}
[08/12 16:06:13][INFO] utils.logging:   91: {"_type": "train_iter", "epoch": "3/30", "eta": "0:21:29", "iter": "4801/7445", "loss": 0.740085, "lr": 0.000300, "neg_dist": 3.334527, "pos_dist": 3.735919, "time_diff": 30.080000, "triplet": 0.738998}
[08/12 16:06:14][INFO] utils.logging:   91: {"_type": "train_iter", "epoch": "3/30", "eta": "0:21:28", "iter": "5001/7445", "loss": 2.027887, "lr": 0.000300, "neg_dist": 4.020136, "pos_dist": 5.747158, "time_diff": 31.310000, "triplet": 2.027023}
[08/12 16:06:16][INFO] utils.logging:   91: {"_type": "train_iter", "epoch": "3/30", "eta": "0:21:26", "iter": "5201/7445", "loss": 1.063808, "lr": 0.000300, "neg_dist": 3.322714, "pos_dist": 4.077640, "time_diff": 32.550000, "triplet": 1.062785}
[08/12 16:06:17][INFO] utils.logging:   91: {"_type": "train_iter", "epoch": "3/30", "eta": "0:21:25", "iter": "5401/7445", "loss": 0.826997, "lr": 0.000300, "neg_dist": 3.397073, "pos_dist": 3.922763, "time_diff": 33.780000, "triplet": 0.825690}
[08/12 16:06:18][INFO] utils.logging:   91: {"_type": "train_iter", "epoch": "3/30", "eta": "0:21:23", "iter": "5601/7445", "loss": 1.233298, "lr": 0.000300, "neg_dist": 3.154565, "pos_dist": 4.086858, "time_diff": 35.010000, "triplet": 1.232294}
[08/12 16:06:19][INFO] utils.logging:   91: {"_type": "train_iter", "epoch": "3/30", "eta": "0:21:21", "iter": "5801/7445", "loss": 1.460694, "lr": 0.000300, "neg_dist": 4.560483, "pos_dist": 5.720140, "time_diff": 36.240000, "triplet": 1.459658}
[08/12 16:06:21][INFO] utils.logging:   91: {"_type": "train_iter", "epoch": "3/30", "eta": "0:21:20", "iter": "6001/7445", "loss": 1.104913, "lr": 0.000300, "neg_dist": 3.839918, "pos_dist": 4.643624, "time_diff": 37.470000, "triplet": 1.103706}
[08/12 16:06:22][INFO] utils.logging:   91: {"_type": "train_iter", "epoch": "3/30", "eta": "0:21:18", "iter": "6201/7445", "loss": 0.866291, "lr": 0.000300, "neg_dist": 3.892339, "pos_dist": 4.457499, "time_diff": 38.720000, "triplet": 0.865160}
[08/12 16:06:23][INFO] utils.logging:   91: {"_type": "train_iter", "epoch": "3/30", "eta": "0:21:17", "iter": "6401/7445", "loss": 1.898159, "lr": 0.000300, "neg_dist": 3.815348, "pos_dist": 5.412178, "time_diff": 39.960000, "triplet": 1.896829}
[08/12 16:06:24][INFO] utils.logging:   91: {"_type": "train_iter", "epoch": "3/30", "eta": "0:21:15", "iter": "6601/7445", "loss": 0.555522, "lr": 0.000300, "neg_dist": 3.498327, "pos_dist": 3.671641, "time_diff": 41.190000, "triplet": 0.554363}
[08/12 16:06:26][INFO] utils.logging:   91: {"_type": "train_iter", "epoch": "3/30", "eta": "0:21:14", "iter": "6801/7445", "loss": 1.568053, "lr": 0.000300, "neg_dist": 4.584107, "pos_dist": 5.851216, "time_diff": 42.410000, "triplet": 1.567108}
[08/12 16:06:27][INFO] utils.logging:   91: {"_type": "train_iter", "epoch": "3/30", "eta": "0:21:12", "iter": "7001/7445", "loss": 1.278670, "lr": 0.000300, "neg_dist": 3.974034, "pos_dist": 4.951636, "time_diff": 43.650000, "triplet": 1.277602}
[08/12 16:06:28][INFO] utils.logging:   91: {"_type": "train_iter", "epoch": "3/30", "eta": "0:21:11", "iter": "7201/7445", "loss": 1.049705, "lr": 0.000300, "neg_dist": 2.729868, "pos_dist": 3.478286, "time_diff": 44.910000, "triplet": 1.048417}
[08/12 16:06:29][INFO] utils.logging:   91: {"_type": "train_iter", "epoch": "3/30", "eta": "0:21:09", "iter": "7401/7445", "loss": 1.871529, "lr": 0.000300, "neg_dist": 4.407843, "pos_dist": 5.978113, "time_diff": 46.150000, "triplet": 1.870270}
[08/12 16:06:30][INFO] utils.logging:   91: {"RAM": "14.57/125.63 GB", "_type": "train_epoch", "epoch": "3/30", "eta": "0:21:09", "gpu_mem": "0.39 GB", "loss": 1.263864, "lr": 0.000300, "neg_dist": 3.451438, "pos_dist": 4.396780, "time_diff": 46.450000, "triplet": 1.262721}
[08/12 16:06:30][INFO] utils.logging:   91: {"_type": "val_epoch", "epoch": "3/30", "loss": 1.334578}
[08/12 16:06:30][INFO] utils.logging:   91: {"_type": "train_iter", "epoch": "4/30", "eta": "0:21:15", "iter": "1/7445", "loss": 1.534814, "lr": 0.000299, "neg_dist": 3.745180, "pos_dist": 4.979069, "time_diff": 0.090000, "triplet": 1.533889}
[08/12 16:06:32][INFO] utils.logging:   91: {"_type": "train_iter", "epoch": "4/30", "eta": "0:21:14", "iter": "201/7445", "loss": 1.124906, "lr": 0.000299, "neg_dist": 3.460379, "pos_dist": 4.284045, "time_diff": 1.380000, "triplet": 1.123666}
[08/12 16:06:33][INFO] utils.logging:   91: {"_type": "train_iter", "epoch": "4/30", "eta": "0:21:13", "iter": "401/7445", "loss": 1.474827, "lr": 0.000299, "neg_dist": 3.383740, "pos_dist": 4.557640, "time_diff": 2.640000, "triplet": 1.473900}
[08/12 16:06:34][INFO] utils.logging:   91: {"_type": "train_iter", "epoch": "4/30", "eta": "0:21:11", "iter": "601/7445", "loss": 0.791411, "lr": 0.000299, "neg_dist": 4.230647, "pos_dist": 4.712103, "time_diff": 3.880000, "triplet": 0.790469}
[08/12 16:06:35][INFO] utils.logging:   91: {"_type": "train_iter", "epoch": "4/30", "eta": "0:21:10", "iter": "801/7445", "loss": 1.750941, "lr": 0.000299, "neg_dist": 3.355032, "pos_dist": 4.804961, "time_diff": 5.170000, "triplet": 1.749929}
[08/12 16:06:37][INFO] utils.logging:   91: {"_type": "train_iter", "epoch": "4/30", "eta": "0:21:09", "iter": "1001/7445", "loss": 1.646884, "lr": 0.000299, "neg_dist": 3.329628, "pos_dist": 4.675302, "time_diff": 6.410000, "triplet": 1.645674}
[08/12 16:06:38][INFO] utils.logging:   91: {"_type": "train_iter", "epoch": "4/30", "eta": "0:21:07", "iter": "1201/7445", "loss": 1.166161, "lr": 0.000299, "neg_dist": 3.191504, "pos_dist": 4.056765, "time_diff": 7.660000, "triplet": 1.165261}
[08/12 16:06:39][INFO] utils.logging:   91: {"_type": "train_iter", "epoch": "4/30", "eta": "0:21:06", "iter": "1401/7445", "loss": 1.329237, "lr": 0.000299, "neg_dist": 3.448518, "pos_dist": 4.476899, "time_diff": 8.920000, "triplet": 1.328380}
[08/12 16:06:40][INFO] utils.logging:   91: {"_type": "train_iter", "epoch": "4/30", "eta": "0:21:04", "iter": "1601/7445", "loss": 1.321626, "lr": 0.000299, "neg_dist": 3.650450, "pos_dist": 4.670664, "time_diff": 10.150000, "triplet": 1.320215}
[08/12 16:06:42][INFO] utils.logging:   91: {"_type": "train_iter", "epoch": "4/30", "eta": "0:21:03", "iter": "1801/7445", "loss": 0.902408, "lr": 0.000299, "neg_dist": 3.167962, "pos_dist": 3.769180, "time_diff": 11.380000, "triplet": 0.901219}
[08/12 16:06:43][INFO] utils.logging:   91: {"_type": "train_iter", "epoch": "4/30", "eta": "0:21:01", "iter": "2001/7445", "loss": 1.281782, "lr": 0.000299, "neg_dist": 3.100978, "pos_dist": 4.081365, "time_diff": 12.610000, "triplet": 1.280387}
[08/12 16:06:44][INFO] utils.logging:   91: {"_type": "train_iter", "epoch": "4/30", "eta": "0:21:00", "iter": "2201/7445", "loss": 2.629540, "lr": 0.000299, "neg_dist": 3.416208, "pos_dist": 5.744724, "time_diff": 13.850000, "triplet": 2.628516}
[08/12 16:06:45][INFO] utils.logging:   91: {"_type": "train_iter", "epoch": "4/30", "eta": "0:20:58", "iter": "2401/7445", "loss": 1.443246, "lr": 0.000299, "neg_dist": 3.847057, "pos_dist": 4.989092, "time_diff": 15.090000, "triplet": 1.442035}
[08/12 16:06:46][INFO] utils.logging:   91: {"_type": "train_iter", "epoch": "4/30", "eta": "0:20:57", "iter": "2601/7445", "loss": 1.033106, "lr": 0.000299, "neg_dist": 3.811075, "pos_dist": 4.491679, "time_diff": 16.330000, "triplet": 1.032260}
[08/12 16:06:48][INFO] utils.logging:   91: {"_type": "train_iter", "epoch": "4/30", "eta": "0:20:55", "iter": "2801/7445", "loss": 1.377663, "lr": 0.000299, "neg_dist": 3.541055, "pos_dist": 4.604593, "time_diff": 17.560000, "triplet": 1.376547}
[08/12 16:06:49][INFO] utils.logging:   91: {"_type": "train_iter", "epoch": "4/30", "eta": "0:20:53", "iter": "3001/7445", "loss": 1.129204, "lr": 0.000299, "neg_dist": 2.831807, "pos_dist": 3.659525, "time_diff": 18.790000, "triplet": 1.127718}
[08/12 16:06:50][INFO] utils.logging:   91: {"_type": "train_iter", "epoch": "4/30", "eta": "0:20:52", "iter": "3201/7445", "loss": 2.158875, "lr": 0.000299, "neg_dist": 3.210872, "pos_dist": 5.068793, "time_diff": 20.020000, "triplet": 2.157921}
[08/12 16:06:51][INFO] utils.logging:   91: {"_type": "train_iter", "epoch": "4/30", "eta": "0:20:50", "iter": "3401/7445", "loss": 1.755524, "lr": 0.000299, "neg_dist": 3.415247, "pos_dist": 4.869817, "time_diff": 21.260000, "triplet": 1.754570}
[08/12 16:06:53][INFO] utils.logging:   91: {"_type": "train_iter", "epoch": "4/30", "eta": "0:20:49", "iter": "3601/7445", "loss": 0.893157, "lr": 0.000299, "neg_dist": 3.160798, "pos_dist": 3.752803, "time_diff": 22.530000, "triplet": 0.892004}
[08/12 16:06:54][INFO] utils.logging:   91: {"_type": "train_iter", "epoch": "4/30", "eta": "0:20:48", "iter": "3801/7445", "loss": 1.313873, "lr": 0.000299, "neg_dist": 3.542747, "pos_dist": 4.555583, "time_diff": 23.750000, "triplet": 1.312836}
[08/12 16:06:55][INFO] utils.logging:   91: {"_type": "train_iter", "epoch": "4/30", "eta": "0:20:46", "iter": "4001/7445", "loss": 1.631594, "lr": 0.000299, "neg_dist": 3.350283, "pos_dist": 4.680707, "time_diff": 24.990000, "triplet": 1.630424}
[08/12 16:06:56][INFO] utils.logging:   91: {"_type": "train_iter", "epoch": "4/30", "eta": "0:20:44", "iter": "4201/7445", "loss": 0.934617, "lr": 0.000299, "neg_dist": 3.163984, "pos_dist": 3.774685, "time_diff": 26.190000, "triplet": 0.933571}
[08/12 16:06:58][INFO] utils.logging:   91: {"_type": "train_iter", "epoch": "4/30", "eta": "0:20:43", "iter": "4401/7445", "loss": 1.014061, "lr": 0.000299, "neg_dist": 3.049004, "pos_dist": 3.761736, "time_diff": 27.430000, "triplet": 1.012733}
[08/12 16:06:59][INFO] utils.logging:   91: {"_type": "train_iter", "epoch": "4/30", "eta": "0:20:41", "iter": "4601/7445", "loss": 0.992851, "lr": 0.000299, "neg_dist": 3.199470, "pos_dist": 3.850677, "time_diff": 28.650000, "triplet": 0.991908}
[08/12 16:07:00][INFO] utils.logging:   91: {"_type": "train_iter", "epoch": "4/30", "eta": "0:20:40", "iter": "4801/7445", "loss": 0.837839, "lr": 0.000299, "neg_dist": 3.600038, "pos_dist": 4.136755, "time_diff": 29.890000, "triplet": 0.836716}
[08/12 16:07:01][INFO] utils.logging:   91: {"_type": "train_iter", "epoch": "4/30", "eta": "0:20:38", "iter": "5001/7445", "loss": 1.302349, "lr": 0.000299, "neg_dist": 3.804693, "pos_dist": 4.805832, "time_diff": 31.120000, "triplet": 1.301139}
[08/12 16:07:02][INFO] utils.logging:   91: {"_type": "train_iter", "epoch": "4/30", "eta": "0:20:37", "iter": "5201/7445", "loss": 0.814216, "lr": 0.000299, "neg_dist": 3.495958, "pos_dist": 3.948512, "time_diff": 32.370000, "triplet": 0.813069}
[08/12 16:07:04][INFO] utils.logging:   91: {"_type": "train_iter", "epoch": "4/30", "eta": "0:20:35", "iter": "5401/7445", "loss": 1.331866, "lr": 0.000299, "neg_dist": 3.358189, "pos_dist": 4.261183, "time_diff": 33.600000, "triplet": 1.330473}
[08/12 16:07:05][INFO] utils.logging:   91: {"_type": "train_iter", "epoch": "4/30", "eta": "0:20:34", "iter": "5601/7445", "loss": 1.085987, "lr": 0.000299, "neg_dist": 3.714027, "pos_dist": 4.498988, "time_diff": 34.840000, "triplet": 1.084961}
[08/12 16:07:06][INFO] utils.logging:   91: {"_type": "train_iter", "epoch": "4/30", "eta": "0:20:33", "iter": "5801/7445", "loss": 0.871922, "lr": 0.000299, "neg_dist": 2.789888, "pos_dist": 3.330129, "time_diff": 36.100000, "triplet": 0.870701}
[08/12 16:07:07][INFO] utils.logging:   91: {"_type": "train_iter", "epoch": "4/30", "eta": "0:20:31", "iter": "6001/7445", "loss": 0.886714, "lr": 0.000299, "neg_dist": 2.848566, "pos_dist": 3.433808, "time_diff": 37.310000, "triplet": 0.885243}
[08/12 16:07:09][INFO] utils.logging:   91: {"_type": "train_iter", "epoch": "4/30", "eta": "0:20:30", "iter": "6201/7445", "loss": 1.524816, "lr": 0.000299, "neg_dist": 3.515109, "pos_dist": 4.738959, "time_diff": 38.550000, "triplet": 1.523849}
[08/12 16:07:10][INFO] utils.logging:   91: {"_type": "train_iter", "epoch": "4/30", "eta": "0:20:28", "iter": "6401/7445", "loss": 1.161323, "lr": 0.000299, "neg_dist": 3.620532, "pos_dist": 4.459910, "time_diff": 39.820000, "triplet": 1.159823}
[08/12 16:07:11][INFO] utils.logging:   91: {"_type": "train_iter", "epoch": "4/30", "eta": "0:20:27", "iter": "6601/7445", "loss": 1.007530, "lr": 0.000299, "neg_dist": 4.373253, "pos_dist": 5.079632, "time_diff": 41.050000, "triplet": 1.006379}
[08/12 16:07:12][INFO] utils.logging:   91: {"_type": "train_iter", "epoch": "4/30", "eta": "0:20:26", "iter": "6801/7445", "loss": 0.696463, "lr": 0.000299, "neg_dist": 2.752625, "pos_dist": 3.147665, "time_diff": 42.300000, "triplet": 0.695039}
[08/12 16:07:14][INFO] utils.logging:   91: {"_type": "train_iter", "epoch": "4/30", "eta": "0:20:24", "iter": "7001/7445", "loss": 0.831346, "lr": 0.000299, "neg_dist": 3.640165, "pos_dist": 4.054522, "time_diff": 43.540000, "triplet": 0.830014}
[08/12 16:07:15][INFO] utils.logging:   91: {"_type": "train_iter", "epoch": "4/30", "eta": "0:20:23", "iter": "7201/7445", "loss": 1.642764, "lr": 0.000299, "neg_dist": 3.607164, "pos_dist": 4.948608, "time_diff": 44.790000, "triplet": 1.641444}
[08/12 16:07:16][INFO] utils.logging:   91: {"_type": "train_iter", "epoch": "4/30", "eta": "0:20:21", "iter": "7401/7445", "loss": 1.380093, "lr": 0.000299, "neg_dist": 3.207479, "pos_dist": 4.286443, "time_diff": 46.010000, "triplet": 1.378964}
[08/12 16:07:16][INFO] utils.logging:   91: {"RAM": "14.59/125.63 GB", "_type": "train_epoch", "epoch": "4/30", "eta": "0:20:21", "gpu_mem": "0.39 GB", "loss": 1.255590, "lr": 0.000299, "neg_dist": 3.421206, "pos_dist": 4.359488, "time_diff": 46.310000, "triplet": 1.254450}
[08/12 16:07:17][INFO] utils.logging:   91: {"_type": "val_epoch", "epoch": "4/30", "loss": 1.249003}
[08/12 16:07:17][INFO] __main__:  217: Best checkpoint: output/frame_selector/ssv2_ViT-B16_PhaseOffset_BiMHM/frame_selector_best.pth (loss=1.249003)
[08/12 16:07:17][INFO] __main__:  530: New best val loss: 1.249003 at epoch 3
[08/12 16:07:17][INFO] utils.logging:   91: {"_type": "train_iter", "epoch": "5/30", "eta": "0:20:26", "iter": "1/7445", "loss": 1.124546, "lr": 0.000296, "neg_dist": 4.814249, "pos_dist": 5.522399, "time_diff": 0.090000, "triplet": 1.123657}
[08/12 16:07:18][INFO] utils.logging:   91: {"_type": "train_iter", "epoch": "5/30", "eta": "0:20:24", "iter": "201/7445", "loss": 1.438821, "lr": 0.000296, "neg_dist": 2.964040, "pos_dist": 4.101665, "time_diff": 1.340000, "triplet": 1.437626}
[08/12 16:07:20][INFO] utils.logging:   91: {"_type": "train_iter", "epoch": "5/30", "eta": "0:20:23", "iter": "401/7445", "loss": 1.173728, "lr": 0.000296, "neg_dist": 3.330568, "pos_dist": 4.203024, "time_diff": 2.560000, "triplet": 1.172456}
[08/12 16:07:21][INFO] utils.logging:   91: {"_type": "train_iter", "epoch": "5/30", "eta": "0:20:21", "iter": "601/7445", "loss": 1.321950, "lr": 0.000296, "neg_dist": 2.753210, "pos_dist": 3.773780, "time_diff": 3.820000, "triplet": 1.320570}
[08/12 16:07:22][INFO] utils.logging:   91: {"_type": "train_iter", "epoch": "5/30", "eta": "0:20:20", "iter": "801/7445", "loss": 1.261175, "lr": 0.000296, "neg_dist": 3.181165, "pos_dist": 4.141039, "time_diff": 5.050000, "triplet": 1.259874}
[08/12 16:07:23][INFO] utils.logging:   91: {"_type": "train_iter", "epoch": "5/30", "eta": "0:20:18", "iter": "1001/7445", "loss": 1.128247, "lr": 0.000296, "neg_dist": 3.447475, "pos_dist": 4.273123, "time_diff": 6.280000, "triplet": 1.127042}
[08/12 16:07:25][INFO] utils.logging:   91: {"_type": "train_iter", "epoch": "5/30", "eta": "0:20:17", "iter": "1201/7445", "loss": 1.378924, "lr": 0.000296, "neg_dist": 3.000169, "pos_dist": 4.077612, "time_diff": 7.530000, "triplet": 1.377443}
[08/12 16:07:26][INFO] utils.logging:   91: {"_type": "train_iter", "epoch": "5/30", "eta": "0:20:16", "iter": "1401/7445", "loss": 0.777501, "lr": 0.000296, "neg_dist": 2.930413, "pos_dist": 3.312019, "time_diff": 8.760000, "triplet": 0.776297}
[08/12 16:07:27][INFO] utils.logging:   91: {"_type": "train_iter", "epoch": "5/30", "eta": "0:20:14", "iter": "1601/7445", "loss": 1.060328, "lr": 0.000296, "neg_dist": 3.078635, "pos_dist": 3.837317, "time_diff": 9.980000, "triplet": 1.058681}
[08/12 16:07:28][INFO] utils.logging:   91: {"_type": "train_iter", "epoch": "5/30", "eta": "0:20:13", "iter": "1801/7445", "loss": 1.550443, "lr": 0.000296, "neg_dist": 3.493306, "pos_dist": 4.741999, "time_diff": 11.240000, "triplet": 1.548693}
[08/12 16:07:29][INFO] utils.logging:   91: {"_type": "train_iter", "epoch": "5/30", "eta": "0:20:11", "iter": "2001/7445", "loss": 1.016917, "lr": 0.000296, "neg_dist": 3.518581, "pos_dist": 4.234496, "time_diff": 12.450000, "triplet": 1.015915}
[08/12 16:07:31][INFO] utils.logging:   91: {"_type": "train_iter", "epoch": "5/30", "eta": "0:20:10", "iter": "2201/7445", "loss": 1.005527, "lr": 0.000296, "neg_dist": 3.803747, "pos_dist": 4.508246, "time_diff": 13.680000, "triplet": 1.004498}
[08/12 16:07:32][INFO] utils.logging:   91: {"_type": "train_iter", "epoch": "5/30", "eta": "0:20:08", "iter": "2401/7445", "loss": 1.335216, "lr": 0.000296, "neg_dist": 3.313194, "pos_dist": 4.346982, "time_diff": 14.920000, "triplet": 1.333788}
[08/12 16:07:33][INFO] utils.logging:   91: {"_type": "train_iter", "epoch": "5/30", "eta": "0:20:07", "iter": "2601/7445", "loss": 1.168092, "lr": 0.000296, "neg_dist": 3.632204, "pos_dist": 4.498947, "time_diff": 16.170000, "triplet": 1.166743}
[08/12 16:07:34][INFO] utils.logging:   91: {"_type": "train_iter", "epoch": "5/30", "eta": "0:20:06", "iter": "2801/7445", "loss": 0.989267, "lr": 0.000296, "neg_dist": 3.239478, "pos_dist": 3.912074, "time_diff": 17.420000, "triplet": 0.987952}
[08/12 16:07:36][INFO] utils.logging:   91: {"_type": "train_iter", "epoch": "5/30", "eta": "0:20:04", "iter": "3001/7445", "loss": 1.697441, "lr": 0.000296, "neg_dist": 3.928058, "pos_dist": 5.324731, "time_diff": 18.650000, "triplet": 1.696673}
[08/12 16:07:37][INFO] utils.logging:   91: {"_type": "train_iter", "epoch": "5/30", "eta": "0:20:03", "iter": "3201/7445", "loss": 1.843628, "lr": 0.000296, "neg_dist": 4.326737, "pos_dist": 5.869218, "time_diff": 19.880000, "triplet": 1.842481}
[08/12 16:07:38][INFO] utils.logging:   91: {"_type": "train_iter", "epoch": "5/30", "eta": "0:20:01", "iter": "3401/7445", "loss": 1.334484, "lr": 0.000296, "neg_dist": 2.715071, "pos_dist": 3.747901, "time_diff": 21.120000, "triplet": 1.332830}
[08/12 16:07:39][INFO] utils.logging:   91: {"_type": "train_iter", "epoch": "5/30", "eta": "0:20:00", "iter": "3601/7445", "loss": 0.836518, "lr": 0.000296, "neg_dist": 3.457448, "pos_dist": 3.993155, "time_diff": 22.390000, "triplet": 0.835707}
[08/12 16:07:41][INFO] utils.logging:   91: {"_type": "train_iter", "epoch": "5/30", "eta": "0:19:59", "iter": "3801/7445", "loss": 1.223381, "lr": 0.000296, "neg_dist": 2.679220, "pos_dist": 3.601524, "time_diff": 23.630000, "triplet": 1.222304}
[08/12 16:07:42][INFO] utils.logging:   91: {"_type": "train_iter", "epoch": "5/30", "eta": "0:19:57", "iter": "4001/7445", "loss": 1.673924, "lr": 0.000296, "neg_dist": 4.166239, "pos_dist": 5.539141, "time_diff": 24.860000, "triplet": 1.672902}
[08/12 16:07:43][INFO] utils.logging:   91: {"_type": "train_iter", "epoch": "5/30", "eta": "0:19:56", "iter": "4201/7445", "loss": 1.433595, "lr": 0.000296, "neg_dist": 3.308938, "pos_dist": 4.441338, "time_diff": 26.080000, "triplet": 1.432399}
[08/12 16:07:44][INFO] utils.logging:   91: {"_type": "train_iter", "epoch": "5/30", "eta": "0:19:54", "iter": "4401/7445", "loss": 0.987275, "lr": 0.000296, "neg_dist": 3.266727, "pos_dist": 3.952624, "time_diff": 27.310000, "triplet": 0.985897}
[08/12 16:07:46][INFO] utils.logging:   91: {"_type": "train_iter", "epoch": "5/30", "eta": "0:19:53", "iter": "4601/7445", "loss": 1.507164, "lr": 0.000296, "neg_dist": 4.294535, "pos_dist": 5.500773, "time_diff": 28.590000, "triplet": 1.506238}
[08/12 16:07:47][INFO] utils.logging:   91: {"_type": "train_iter", "epoch": "5/30", "eta": "0:19:52", "iter": "4801/7445", "loss": 2.584237, "lr": 0.000296, "neg_dist": 4.339445, "pos_dist": 6.622674, "time_diff": 29.830000, "triplet": 2.583229}
[08/12 16:07:48][INFO] utils.logging:   91: {"_type": "train_iter", "epoch": "5/30", "eta": "0:19:50", "iter": "5001/7445", "loss": 1.226863, "lr": 0.000296, "neg_dist": 4.760073, "pos_dist": 5.293858, "time_diff": 31.060000, "triplet": 1.226003}
[08/12 16:07:49][INFO] utils.logging:   91: {"_type": "train_iter", "epoch": "5/30", "eta": "0:19:49", "iter": "5201/7445", "loss": 0.981293, "lr": 0.000296, "neg_dist": 3.626216, "pos_dist": 4.306426, "time_diff": 32.320000, "triplet": 0.980210}
[08/12 16:07:51][INFO] utils.logging:   91: {"_type": "train_iter", "epoch": "5/30", "eta": "0:19:47", "iter": "5401/7445", "loss": 0.940484, "lr": 0.000296, "neg_dist": 3.196006, "pos_dist": 3.806639, "time_diff": 33.520000, "triplet": 0.939314}
[08/12 16:07:52][INFO] utils.logging:   91: {"_type": "train_iter", "epoch": "5/30", "eta": "0:19:46", "iter": "5601/7445", "loss": 0.843462, "lr": 0.000296, "neg_dist": 3.360673, "pos_dist": 3.902867, "time_diff": 34.770000, "triplet": 0.842194}
[08/12 16:07:53][INFO] utils.logging:   91: {"_type": "train_iter", "epoch": "5/30", "eta": "0:19:45", "iter": "5801/7445", "loss": 0.888145, "lr": 0.000296, "neg_dist": 2.995182, "pos_dist": 3.581903, "time_diff": 35.990000, "triplet": 0.886721}
[08/12 16:07:54][INFO] utils.logging:   91: {"_type": "train_iter", "epoch": "5/30", "eta": "0:19:43", "iter": "6001/7445", "loss": 0.867150, "lr": 0.000296, "neg_dist": 3.822557, "pos_dist": 4.388992, "time_diff": 37.240000, "triplet": 0.866435}
[08/12 16:07:55][INFO] utils.logging:   91: {"_type": "train_iter", "epoch": "5/30", "eta": "0:19:42", "iter": "6201/7445", "loss": 1.526802, "lr": 0.000296, "neg_dist": 3.146149, "pos_dist": 4.371995, "time_diff": 38.460000, "triplet": 1.525845}
[08/12 16:07:57][INFO] utils.logging:   91: {"_type": "train_iter", "epoch": "5/30", "eta": "0:19:40", "iter": "6401/7445", "loss": 1.737580, "lr": 0.000296, "neg_dist": 3.329509, "pos_dist": 4.765669, "time_diff": 39.710000, "triplet": 1.736160}
[08/12 16:07:58][INFO] utils.logging:   91: {"_type": "train_iter", "epoch": "5/30", "eta": "0:19:39", "iter": "6601/7445", "loss": 1.113323, "lr": 0.000296, "neg_dist": 3.271777, "pos_dist": 4.083926, "time_diff": 40.950000, "triplet": 1.112148}
[08/12 16:07:59][INFO] utils.logging:   91: {"_type": "train_iter", "epoch": "5/30", "eta": "0:19:37", "iter": "6801/7445", "loss": 1.630357, "lr": 0.000296, "neg_dist": 3.589544, "pos_dist": 4.918913, "time_diff": 42.160000, "triplet": 1.629369}
[08/12 16:08:00][INFO] utils.logging:   91: {"_type": "train_iter", "epoch": "5/30", "eta": "0:19:36", "iter": "7001/7445", "loss": 0.385979, "lr": 0.000296, "neg_dist": 3.346552, "pos_dist": 3.374637, "time_diff": 43.440000, "triplet": 0.385084}
[08/12 16:08:02][INFO] utils.logging:   91: {"_type": "train_iter", "epoch": "5/30", "eta": "0:19:35", "iter": "7201/7445", "loss": 1.125999, "lr": 0.000296, "neg_dist": 3.584507, "pos_dist": 4.409349, "time_diff": 44.700000, "triplet": 1.124842}
[08/12 16:08:03][INFO] utils.logging:   91: {"_type": "train_iter", "epoch": "5/30", "eta": "0:19:34", "iter": "7401/7445", "loss": 1.266103, "lr": 0.000296, "neg_dist": 3.817434, "pos_dist": 4.704072, "time_diff": 45.960000, "triplet": 1.265104}
[08/12 16:08:03][INFO] utils.logging:   91: {"RAM": "14.55/125.63 GB", "_type": "train_epoch", "epoch": "5/30", "eta": "0:19:34", "gpu_mem": "0.39 GB", "loss": 1.249186, "lr": 0.000296, "neg_dist": 3.440911, "pos_dist": 4.372272, "time_diff": 46.260000, "triplet": 1.248048}
[08/12 16:08:04][INFO] utils.logging:   91: {"_type": "val_epoch", "epoch": "5/30", "loss": 1.265398}
[08/12 16:08:04][INFO] utils.logging:   91: {"_type": "train_iter", "epoch": "6/30", "eta": "0:19:37", "iter": "1/7445", "loss": 1.143196, "lr": 0.000291, "neg_dist": 3.391404, "pos_dist": 4.233119, "time_diff": 0.090000, "triplet": 1.141714}
[08/12 16:08:05][INFO] utils.logging:   91: {"_type": "train_iter", "epoch": "6/30", "eta": "0:19:36", "iter": "201/7445", "loss": 1.311879, "lr": 0.000291, "neg_dist": 3.448679, "pos_dist": 4.459204, "time_diff": 1.400000, "triplet": 1.310525}
[08/12 16:08:07][INFO] utils.logging:   91: {"_type": "train_iter", "epoch": "6/30", "eta": "0:19:35", "iter": "401/7445", "loss": 1.854860, "lr": 0.000291, "neg_dist": 3.236739, "pos_dist": 4.790480, "time_diff": 2.640000, "triplet": 1.853740}
[08/12 16:08:08][INFO] utils.logging:   91: {"_type": "train_iter", "epoch": "6/30", "eta": "0:19:33", "iter": "601/7445", "loss": 1.014837, "lr": 0.000291, "neg_dist": 3.673546, "pos_dist": 4.294541, "time_diff": 3.880000, "triplet": 1.013718}
[08/12 16:08:09][INFO] utils.logging:   91: {"_type": "train_iter", "epoch": "6/30", "eta": "0:19:32", "iter": "801/7445", "loss": 1.655981, "lr": 0.000291, "neg_dist": 3.427113, "pos_dist": 4.781863, "time_diff": 5.110000, "triplet": 1.654750}
[08/12 16:08:10][INFO] utils.logging:   91: {"_type": "train_iter", "epoch": "6/30", "eta": "0:19:30", "iter": "1001/7445", "loss": 0.985930, "lr": 0.000291, "neg_dist": 3.722463, "pos_dist": 4.241996, "time_diff": 6.360000, "triplet": 0.984807}
[08/12 16:08:12][INFO] utils.logging:   91: {"_type": "train_iter", "epoch": "6/30", "eta": "0:19:29", "iter": "1201/7445", "loss": 1.463887, "lr": 0.000291, "neg_dist": 3.387195, "pos_dist": 4.549797, "time_diff": 7.630000, "triplet": 1.462602}
[08/12 16:08:13][INFO] utils.logging:   91: {"_type": "train_iter", "epoch": "6/30", "eta": "0:19:28", "iter": "1401/7445", "loss": 1.266624, "lr": 0.000291, "neg_dist": 3.029790, "pos_dist": 3.995370, "time_diff": 8.870000, "triplet": 1.265580}
[08/12 16:08:14][INFO] utils.logging:   91: {"_type": "train_iter", "epoch": "6/30", "eta": "0:19:26", "iter": "1601/7445", "loss": 1.464213, "lr": 0.000291, "neg_dist": 4.120278, "pos_dist": 5.209380, "time_diff": 10.120000, "triplet": 1.462765}
[08/12 16:08:15][INFO] utils.logging:   91: {"_type": "train_iter", "epoch": "6/30", "eta": "0:19:25", "iter": "1801/7445", "loss": 1.411046, "lr": 0.000291, "neg_dist": 3.370387, "pos_dist": 4.480025, "time_diff": 11.350000, "triplet": 1.409638}
[08/12 16:08:16][INFO] utils.logging:   91: {"_type": "train_iter", "epoch": "6/30", "eta": "0:19:24", "iter": "2001/7445", "loss": 0.611118, "lr": 0.000291, "neg_dist": 3.344945, "pos_dist": 3.644191, "time_diff": 12.580000, "triplet": 0.609485}
[08/12 16:08:18][INFO] utils.logging:   91: {"_type": "train_iter", "epoch": "6/30", "eta": "0:19:22", "iter": "2201/7445", "loss": 1.456192, "lr": 0.000291, "neg_dist": 3.865022, "pos_dist": 5.020190, "time_diff": 13.810000, "triplet": 1.455168}
[08/12 16:08:19][INFO] utils.logging:   91: {"_type": "train_iter", "epoch": "6/30", "eta": "0:19:21", "iter": "2401/7445", "loss": 1.366461, "lr": 0.000291, "neg_dist": 3.614722, "pos_dist": 4.534804, "time_diff": 15.030000, "triplet": 1.365087}
[08/12 16:08:20][INFO] utils.logging:   91: {"_type": "train_iter", "epoch": "6/30", "eta": "0:19:19", "iter": "2601/7445", "loss": 1.598120, "lr": 0.000291, "neg_dist": 3.368856, "pos_dist": 4.665794, "time_diff": 16.260000, "triplet": 1.596938}
[08/12 16:08:21][INFO] utils.logging:   91: {"_type": "train_iter", "epoch": "6/30", "eta": "0:19:18", "iter": "2801/7445", "loss": 1.102252, "lr": 0.000291, "neg_dist": 3.812689, "pos_dist": 4.608755, "time_diff": 17.490000, "triplet": 1.101064}
[08/12 16:08:23][INFO] utils.logging:   91: {"_type": "train_iter", "epoch": "6/30", "eta": "0:19:16", "iter": "3001/7445", "loss": 1.262665, "lr": 0.000291, "neg_dist": 3.355585, "pos_dist": 4.241808, "time_diff": 18.730000, "triplet": 1.261210}
[08/12 16:08:24][INFO] utils.logging:   91: {"_type": "train_iter", "epoch": "6/30", "eta": "0:19:15", "iter": "3201/7445", "loss": 1.890348, "lr": 0.000291, "neg_dist": 3.398331, "pos_dist": 4.987649, "time_diff": 20.010000, "triplet": 1.889318}
[08/12 16:08:25][INFO] utils.logging:   91: {"_type": "train_iter", "epoch": "6/30", "eta": "0:19:14", "iter": "3401/7445", "loss": 0.887282, "lr": 0.000291, "neg_dist": 3.497451, "pos_dist": 4.054132, "time_diff": 21.250000, "triplet": 0.886157}
[08/12 16:08:26][INFO] utils.logging:   91: {"_type": "train_iter", "epoch": "6/30", "eta": "0:19:13", "iter": "3601/7445", "loss": 0.783956, "lr": 0.000291, "neg_dist": 3.112706, "pos_dist": 3.595729, "time_diff": 22.480000, "triplet": 0.783022}
[08/12 16:08:28][INFO] utils.logging:   91: {"_type": "train_iter", "epoch": "6/30", "eta": "0:19:11", "iter": "3801/7445", "loss": 1.052261, "lr": 0.000291, "neg_dist": 3.963620, "pos_dist": 4.705573, "time_diff": 23.750000, "triplet": 1.051068}
[08/12 16:08:29][INFO] utils.logging:   91: {"_type": "train_iter", "epoch": "6/30", "eta": "0:19:10", "iter": "4001/7445", "loss": 1.221807, "lr": 0.000291, "neg_dist": 3.046700, "pos_dist": 3.966377, "time_diff": 24.980000, "triplet": 1.220605}
[08/12 16:08:30][INFO] utils.logging:   91: {"_type": "train_iter", "epoch": "6/30", "eta": "0:19:09", "iter": "4201/7445", "loss": 1.064808, "lr": 0.000291, "neg_dist": 2.820099, "pos_dist": 3.583884, "time_diff": 26.270000, "triplet": 1.063785}
[08/12 16:08:31][INFO] utils.logging:   91: {"_type": "train_iter", "epoch": "6/30", "eta": "0:19:07", "iter": "4401/7445", "loss": 1.117198, "lr": 0.000291, "neg_dist": 2.997436, "pos_dist": 3.813175, "time_diff": 27.530000, "triplet": 1.115739}
[08/12 16:08:33][INFO] utils.logging:   91: {"_type": "train_iter", "epoch": "6/30", "eta": "0:19:06", "iter": "4601/7445", "loss": 1.453998, "lr": 0.000291, "neg_dist": 2.879750, "pos_dist": 4.032376, "time_diff": 28.740000, "triplet": 1.452626}
[08/12 16:08:34][INFO] utils.logging:   91: {"_type": "train_iter", "epoch": "6/30", "eta": "0:19:05", "iter": "4801/7445", "loss": 1.165232, "lr": 0.000291, "neg_dist": 3.318688, "pos_dist": 4.143294, "time_diff": 29.980000, "triplet": 1.164038}
[08/12 16:08:35][INFO] utils.logging:   91: {"_type": "train_iter", "epoch": "6/30", "eta": "0:19:03", "iter": "5001/7445", "loss": 1.486861, "lr": 0.000291, "neg_dist": 3.701592, "pos_dist": 4.887520, "time_diff": 31.250000, "triplet": 1.485928}
[08/12 16:08:36][INFO] utils.logging:   91: {"_type": "train_iter", "epoch": "6/30", "eta": "0:19:02", "iter": "5201/7445", "loss": 1.430181, "lr": 0.000291, "neg_dist": 3.573985, "pos_dist": 4.675117, "time_diff": 32.490000, "triplet": 1.428702}
[08/12 16:08:38][INFO] utils.logging:   91: {"_type": "train_iter", "epoch": "6/30", "eta": "0:19:01", "iter": "5401/7445", "loss": 1.213751, "lr": 0.000291, "neg_dist": 3.154756, "pos_dist": 4.064258, "time_diff": 33.710000, "triplet": 1.212678}
[08/12 16:08:39][INFO] utils.logging:   91: {"_type": "train_iter", "epoch": "6/30", "eta": "0:18:59", "iter": "5601/7445", "loss": 1.979748, "lr": 0.000291, "neg_dist": 3.953128, "pos_dist": 5.631734, "time_diff": 34.970000, "triplet": 1.978606}
[08/12 16:08:40][INFO] utils.logging:   91: {"_type": "train_iter", "epoch": "6/30", "eta": "0:18:58", "iter": "5801/7445", "loss": 1.423380, "lr": 0.000291, "neg_dist": 2.940402, "pos_dist": 4.062523, "time_diff": 36.210000, "triplet": 1.422121}
[08/12 16:08:41][INFO] utils.logging:   91: {"_type": "train_iter", "epoch": "6/30", "eta": "0:18:56", "iter": "6001/7445", "loss": 1.153070, "lr": 0.000291, "neg_dist": 3.094109, "pos_dist": 3.946025, "time_diff": 37.430000, "triplet": 1.151917}
[08/12 16:08:43][INFO] utils.logging:   91: {"_type": "train_iter", "epoch": "6/30", "eta": "0:18:55", "iter": "6201/7445", "loss": 1.208185, "lr": 0.000291, "neg_dist": 3.439746, "pos_dist": 4.346693, "time_diff": 38.680000, "triplet": 1.206946}
[08/12 16:08:44][INFO] utils.logging:   91: {"_type": "train_iter", "epoch": "6/30", "eta": "0:18:54", "iter": "6401/7445", "loss": 1.483936, "lr": 0.000291, "neg_dist": 3.525563, "pos_dist": 4.708548, "time_diff": 39.900000, "triplet": 1.482984}
[08/12 16:08:45][INFO] utils.logging:   91: {"_type": "train_iter", "epoch": "6/30", "eta": "0:18:52", "iter": "6601/7445", "loss": 1.405336, "lr": 0.000291, "neg_dist": 3.173927, "pos_dist": 4.256501, "time_diff": 41.160000, "triplet": 1.404034}
[08/12 16:08:46][INFO] utils.logging:   91: {"_type": "train_iter", "epoch": "6/30", "eta": "0:18:51", "iter": "6801/7445", "loss": 1.164096, "lr": 0.000291, "neg_dist": 4.111063, "pos_dist": 4.974056, "time_diff": 42.410000, "triplet": 1.162993}
[08/12 16:08:48][INFO] utils.logging:   91: {"_type": "train_iter", "epoch": "6/30", "eta": "0:18:50", "iter": "7001/7445", "loss": 1.587858, "lr": 0.000291, "neg_dist": 3.178674, "pos_dist": 4.465750, "time_diff": 43.640000, "triplet": 1.587076}
[08/12 16:08:49][INFO] utils.logging:   91: {"_type": "train_iter", "epoch": "6/30", "eta": "0:18:48", "iter": "7201/7445", "loss": 1.509350, "lr": 0.000291, "neg_dist": 3.022536, "pos_dist": 4.230909, "time_diff": 44.870000, "triplet": 1.508373}
[08/12 16:08:50][INFO] utils.logging:   91: {"_type": "train_iter", "epoch": "6/30", "eta": "0:18:47", "iter": "7401/7445", "loss": 1.521196, "lr": 0.000291, "neg_dist": 2.665361, "pos_dist": 3.885475, "time_diff": 46.110000, "triplet": 1.520113}
[08/12 16:08:50][INFO] __main__:  214: Checkpoint: output/frame_selector/ssv2_ViT-B16_PhaseOffset_BiMHM/frame_selector_epoch0005.pth
[08/12 16:08:50][INFO] utils.logging:   91: {"RAM": "14.56/125.63 GB", "_type": "train_epoch", "epoch": "6/30", "eta": "0:18:47", "gpu_mem": "0.39 GB", "loss": 1.240261, "lr": 0.000291, "neg_dist": 3.435687, "pos_dist": 4.357055, "time_diff": 46.430000, "triplet": 1.239120}
[08/12 16:08:51][INFO] utils.logging:   91: {"_type": "val_epoch", "epoch": "6/30", "loss": 1.245984}
[08/12 16:08:51][INFO] __main__:  214: Checkpoint: output/frame_selector/ssv2_ViT-B16_PhaseOffset_BiMHM/frame_selector_epoch0005.pth
[08/12 16:08:51][INFO] __main__:  217: Best checkpoint: output/frame_selector/ssv2_ViT-B16_PhaseOffset_BiMHM/frame_selector_best.pth (loss=1.245984)
[08/12 16:08:51][INFO] __main__:  530: New best val loss: 1.245984 at epoch 5
[08/12 16:08:51][INFO] utils.logging:   91: {"_type": "train_iter", "epoch": "7/30", "eta": "0:18:50", "iter": "1/7445", "loss": 1.188597, "lr": 0.000284, "neg_dist": 3.881693, "pos_dist": 4.682112, "time_diff": 0.090000, "triplet": 1.187662}
[08/12 16:08:52][INFO] utils.logging:   91: {"_type": "train_iter", "epoch": "7/30", "eta": "0:18:48", "iter": "201/7445", "loss": 1.583168, "lr": 0.000284, "neg_dist": 3.304137, "pos_dist": 4.586307, "time_diff": 1.360000, "triplet": 1.582170}
[08/12 16:08:53][INFO] utils.logging:   91: {"_type": "train_iter", "epoch": "7/30", "eta": "0:18:47", "iter": "401/7445", "loss": 1.798244, "lr": 0.000284, "neg_dist": 3.201654, "pos_dist": 4.698605, "time_diff": 2.600000, "triplet": 1.796951}
[08/12 16:08:55][INFO] utils.logging:   91: {"_type": "train_iter", "epoch": "7/30", "eta": "0:18:46", "iter": "601/7445", "loss": 1.734715, "lr": 0.000284, "neg_dist": 3.713782, "pos_dist": 5.147094, "time_diff": 3.870000, "triplet": 1.733312}
[08/12 16:08:56][INFO] utils.logging:   91: {"_type": "train_iter", "epoch": "7/30", "eta": "0:18:44", "iter": "801/7445", "loss": 1.782674, "lr": 0.000284, "neg_dist": 3.161639, "pos_dist": 4.643192, "time_diff": 5.120000, "triplet": 1.781553}
[08/12 16:08:57][INFO] utils.logging:   91: {"_type": "train_iter", "epoch": "7/30", "eta": "0:18:43", "iter": "1001/7445", "loss": 1.335940, "lr": 0.000284, "neg_dist": 2.554221, "pos_dist": 3.588824, "time_diff": 6.360000, "triplet": 1.334603}
[08/12 16:08:58][INFO] utils.logging:   91: {"_type": "train_iter", "epoch": "7/30", "eta": "0:18:42", "iter": "1201/7445", "loss": 0.769193, "lr": 0.000284, "neg_dist": 3.372527, "pos_dist": 3.832108, "time_diff": 7.580000, "triplet": 0.767655}
[08/12 16:09:00][INFO] utils.logging:   91: {"_type": "train_iter", "epoch": "7/30", "eta": "0:18:40", "iter": "1401/7445", "loss": 1.306159, "lr": 0.000284, "neg_dist": 3.281419, "pos_dist": 4.286321, "time_diff": 8.820000, "triplet": 1.304915}
[08/12 16:09:01][INFO] utils.logging:   91: {"_type": "train_iter", "epoch": "7/30", "eta": "0:18:39", "iter": "1601/7445", "loss": 1.587972, "lr": 0.000284, "neg_dist": 3.280988, "pos_dist": 4.567414, "time_diff": 10.070000, "triplet": 1.586426}
[08/12 16:09:02][INFO] utils.logging:   91: {"_type": "train_iter", "epoch": "7/30", "eta": "0:18:38", "iter": "1801/7445", "loss": 1.103212, "lr": 0.000284, "neg_dist": 3.150987, "pos_dist": 3.953401, "time_diff": 11.340000, "triplet": 1.102415}
[08/12 16:09:03][INFO] utils.logging:   91: {"_type": "train_iter", "epoch": "7/30", "eta": "0:18:36", "iter": "2001/7445", "loss": 1.654442, "lr": 0.000284, "neg_dist": 3.274285, "pos_dist": 4.627600, "time_diff": 12.590000, "triplet": 1.653315}
[08/12 16:09:05][INFO] utils.logging:   91: {"_type": "train_iter", "epoch": "7/30", "eta": "0:18:35", "iter": "2201/7445", "loss": 0.759334, "lr": 0.000284, "neg_dist": 3.347820, "pos_dist": 3.719338, "time_diff": 13.800000, "triplet": 0.758033}
[08/12 16:09:06][INFO] utils.logging:   91: {"_type": "train_iter", "epoch": "7/30", "eta": "0:18:34", "iter": "2401/7445", "loss": 1.187794, "lr": 0.000284, "neg_dist": 3.263390, "pos_dist": 4.149990, "time_diff": 15.070000, "triplet": 1.186601}
[08/12 16:09:07][INFO] utils.logging:   91: {"_type": "train_iter", "epoch": "7/30", "eta": "0:18:32", "iter": "2601/7445", "loss": 0.868373, "lr": 0.000284, "neg_dist": 3.096111, "pos_dist": 3.663110, "time_diff": 16.310000, "triplet": 0.867000}
[08/12 16:09:08][INFO] utils.logging:   91: {"_type": "train_iter", "epoch": "7/30", "eta": "0:18:31", "iter": "2801/7445", "loss": 1.621305, "lr": 0.000284, "neg_dist": 3.115349, "pos_dist": 4.435688, "time_diff": 17.580000, "triplet": 1.620339}
[08/12 16:09:10][INFO] utils.logging:   91: {"_type": "train_iter", "epoch": "7/30", "eta": "0:18:30", "iter": "3001/7445", "loss": 1.830665, "lr": 0.000284, "neg_dist": 3.826350, "pos_dist": 5.355913, "time_diff": 18.850000, "triplet": 1.829563}
[08/12 16:09:11][INFO] utils.logging:   91: {"_type": "train_iter", "epoch": "7/30", "eta": "0:18:28", "iter": "3201/7445", "loss": 1.224754, "lr": 0.000284, "neg_dist": 3.772922, "pos_dist": 4.696550, "time_diff": 20.070000, "triplet": 1.223628}
[08/12 16:09:12][INFO] utils.logging:   91: {"_type": "train_iter", "epoch": "7/30", "eta": "0:18:27", "iter": "3401/7445", "loss": 1.292987, "lr": 0.000284, "neg_dist": 3.048924, "pos_dist": 4.019097, "time_diff": 21.310000, "triplet": 1.291769}
[08/12 16:09:13][INFO] utils.logging:   91: {"_type": "train_iter", "epoch": "7/30", "eta": "0:18:26", "iter": "3601/7445", "loss": 1.421409, "lr": 0.000284, "neg_dist": 3.694133, "pos_dist": 4.791904, "time_diff": 22.540000, "triplet": 1.420808}
[08/12 16:09:15][INFO] utils.logging:   91: {"_type": "train_iter", "epoch": "7/30", "eta": "0:18:24", "iter": "3801/7445", "loss": 1.257308, "lr": 0.000284, "neg_dist": 3.426075, "pos_dist": 4.381873, "time_diff": 23.770000, "triplet": 1.255797}
[08/12 16:09:16][INFO] utils.logging:   91: {"_type": "train_iter", "epoch": "7/30", "eta": "0:18:23", "iter": "4001/7445", "loss": 0.765247, "lr": 0.000284, "neg_dist": 3.497878, "pos_dist": 3.961631, "time_diff": 24.980000, "triplet": 0.763752}
[08/12 16:09:17][INFO] utils.logging:   91: {"_type": "train_iter", "epoch": "7/30", "eta": "0:18:21", "iter": "4201/7445", "loss": 0.902694, "lr": 0.000284, "neg_dist": 3.066365, "pos_dist": 3.667821, "time_diff": 26.220000, "triplet": 0.901456}
[08/12 16:09:18][INFO] utils.logging:   91: {"_type": "train_iter", "epoch": "7/30", "eta": "0:18:20", "iter": "4401/7445", "loss": 0.948893, "lr": 0.000284, "neg_dist": 3.136929, "pos_dist": 3.784491, "time_diff": 27.450000, "triplet": 0.947563}
[08/12 16:09:20][INFO] utils.logging:   91: {"_type": "train_iter", "epoch": "7/30", "eta": "0:18:19", "iter": "4601/7445", "loss": 0.944083, "lr": 0.000284, "neg_dist": 3.311887, "pos_dist": 3.954541, "time_diff": 28.690000, "triplet": 0.942655}
[08/12 16:09:21][INFO] utils.logging:   91: {"_type": "train_iter", "epoch": "7/30", "eta": "0:18:17", "iter": "4801/7445", "loss": 0.808926, "lr": 0.000284, "neg_dist": 3.620988, "pos_dist": 4.128549, "time_diff": 29.960000, "triplet": 0.807561}
[08/12 16:09:22][INFO] utils.logging:   91: {"_type": "train_iter", "epoch": "7/30", "eta": "0:18:16", "iter": "5001/7445", "loss": 0.820843, "lr": 0.000284, "neg_dist": 3.320238, "pos_dist": 3.839855, "time_diff": 31.180000, "triplet": 0.819616}
[08/12 16:09:23][INFO] utils.logging:   91: {"_type": "train_iter", "epoch": "7/30", "eta": "0:18:15", "iter": "5201/7445", "loss": 1.208516, "lr": 0.000284, "neg_dist": 2.950192, "pos_dist": 3.857709, "time_diff": 32.430000, "triplet": 1.207517}
[08/12 16:09:25][INFO] utils.logging:   91: {"_type": "train_iter", "epoch": "7/30", "eta": "0:18:13", "iter": "5401/7445", "loss": 1.373499, "lr": 0.000284, "neg_dist": 3.941342, "pos_dist": 5.013974, "time_diff": 33.690000, "triplet": 1.372632}
[08/12 16:09:26][INFO] utils.logging:   91: {"_type": "train_iter", "epoch": "7/30", "eta": "0:18:12", "iter": "5601/7445", "loss": 0.871373, "lr": 0.000284, "neg_dist": 3.419561, "pos_dist": 3.942587, "time_diff": 34.940000, "triplet": 0.869987}
[08/12 16:09:27][INFO] utils.logging:   91: {"_type": "train_iter", "epoch": "7/30", "eta": "0:18:11", "iter": "5801/7445", "loss": 1.492463, "lr": 0.000284, "neg_dist": 3.668393, "pos_dist": 4.854827, "time_diff": 36.170000, "triplet": 1.491613}
[08/12 16:09:28][INFO] utils.logging:   91: {"_type": "train_iter", "epoch": "7/30", "eta": "0:18:10", "iter": "6001/7445", "loss": 1.136935, "lr": 0.000284, "neg_dist": 3.719423, "pos_dist": 4.555180, "time_diff": 37.450000, "triplet": 1.135757}
[08/12 16:09:30][INFO] utils.logging:   91: {"_type": "train_iter", "epoch": "7/30", "eta": "0:18:08", "iter": "6201/7445", "loss": 1.553085, "lr": 0.000284, "neg_dist": 2.944455, "pos_dist": 4.196148, "time_diff": 38.720000, "triplet": 1.551692}
[08/12 16:09:31][INFO] utils.logging:   91: {"_type": "train_iter", "epoch": "7/30", "eta": "0:18:07", "iter": "6401/7445", "loss": 1.541035, "lr": 0.000284, "neg_dist": 3.303748, "pos_dist": 4.543868, "time_diff": 39.960000, "triplet": 1.540120}
[08/12 16:09:32][INFO] utils.logging:   91: {"_type": "train_iter", "epoch": "7/30", "eta": "0:18:06", "iter": "6601/7445", "loss": 0.870667, "lr": 0.000284, "neg_dist": 3.881154, "pos_dist": 4.081697, "time_diff": 41.220000, "triplet": 0.869624}
[08/12 16:09:33][INFO] utils.logging:   91: {"_type": "train_iter", "epoch": "7/30", "eta": "0:18:04", "iter": "6801/7445", "loss": 1.526548, "lr": 0.000284, "neg_dist": 3.400851, "pos_dist": 4.626194, "time_diff": 42.440000, "triplet": 1.525342}
[08/12 16:09:35][INFO] utils.logging:   91: {"_type": "train_iter", "epoch": "7/30", "eta": "0:18:03", "iter": "7001/7445", "loss": 1.205692, "lr": 0.000284, "neg_dist": 2.842950, "pos_dist": 3.747415, "time_diff": 43.680000, "triplet": 1.204464}
[08/12 16:09:36][INFO] utils.logging:   91: {"_type": "train_iter", "epoch": "7/30", "eta": "0:18:02", "iter": "7201/7445", "loss": 1.243259, "lr": 0.000284, "neg_dist": 3.579487, "pos_dist": 4.521510, "time_diff": 44.910000, "triplet": 1.242023}
[08/12 16:09:37][INFO] utils.logging:   91: {"_type": "train_iter", "epoch": "7/30", "eta": "0:18:00", "iter": "7401/7445", "loss": 1.185115, "lr": 0.000284, "neg_dist": 3.305400, "pos_dist": 4.188787, "time_diff": 46.150000, "triplet": 1.183387}
[08/12 16:09:37][INFO] utils.logging:   91: {"RAM": "14.56/125.63 GB", "_type": "train_epoch", "epoch": "7/30", "eta": "0:18:00", "gpu_mem": "0.39 GB", "loss": 1.241493, "lr": 0.000284, "neg_dist": 3.427528, "pos_dist": 4.349948, "time_diff": 46.440000, "triplet": 1.240352}
[08/12 16:09:38][INFO] utils.logging:   91: {"_type": "val_epoch", "epoch": "7/30", "loss": 1.232570}
[08/12 16:09:38][INFO] __main__:  217: Best checkpoint: output/frame_selector/ssv2_ViT-B16_PhaseOffset_BiMHM/frame_selector_best.pth (loss=1.232570)
[08/12 16:09:38][INFO] __main__:  530: New best val loss: 1.232570 at epoch 6
[08/12 16:09:38][INFO] utils.logging:   91: {"_type": "train_iter", "epoch": "8/30", "eta": "0:18:02", "iter": "1/7445", "loss": 1.399499, "lr": 0.000275, "neg_dist": 3.844291, "pos_dist": 4.942386, "time_diff": 0.090000, "triplet": 1.398096}
[08/12 16:09:39][INFO] utils.logging:   91: {"_type": "train_iter", "epoch": "8/30", "eta": "0:18:01", "iter": "201/7445", "loss": 1.037670, "lr": 0.000275, "neg_dist": 3.219676, "pos_dist": 3.956097, "time_diff": 1.370000, "triplet": 1.036421}
[08/12 16:09:41][INFO] utils.logging:   91: {"_type": "train_iter", "epoch": "8/30", "eta": "0:18:00", "iter": "401/7445", "loss": 1.239467, "lr": 0.000275, "neg_dist": 3.288972, "pos_dist": 4.227252, "time_diff": 2.590000, "triplet": 1.238280}
[08/12 16:09:42][INFO] utils.logging:   91: {"_type": "train_iter", "epoch": "8/30", "eta": "0:17:58", "iter": "601/7445", "loss": 1.562881, "lr": 0.000275, "neg_dist": 3.650402, "pos_dist": 4.912032, "time_diff": 3.830000, "triplet": 1.561629}
[08/12 16:09:43][INFO] utils.logging:   91: {"_type": "train_iter", "epoch": "8/30", "eta": "0:17:57", "iter": "801/7445", "loss": 1.536222, "lr": 0.000275, "neg_dist": 3.438241, "pos_dist": 4.673464, "time_diff": 5.090000, "triplet": 1.535222}
[08/12 16:09:44][INFO] utils.logging:   91: {"_type": "train_iter", "epoch": "8/30", "eta": "0:17:56", "iter": "1001/7445", "loss": 0.932794, "lr": 0.000275, "neg_dist": 3.098120, "pos_dist": 3.729519, "time_diff": 6.320000, "triplet": 0.931399}
[08/12 16:09:46][INFO] utils.logging:   91: {"_type": "train_iter", "epoch": "8/30", "eta": "0:17:54", "iter": "1201/7445", "loss": 1.211579, "lr": 0.000275, "neg_dist": 2.830644, "pos_dist": 3.740940, "time_diff": 7.560000, "triplet": 1.210295}
[08/12 16:09:47][INFO] utils.logging:   91: {"_type": "train_iter", "epoch": "8/30", "eta": "0:17:53", "iter": "1401/7445", "loss": 1.625736, "lr": 0.000275, "neg_dist": 3.688975, "pos_dist": 4.969875, "time_diff": 8.790000, "triplet": 1.624472}
[08/12 16:09:48][INFO] utils.logging:   91: {"_type": "train_iter", "epoch": "8/30", "eta": "0:17:52", "iter": "1601/7445", "loss": 1.920064, "lr": 0.000275, "neg_dist": 3.576931, "pos_dist": 5.196175, "time_diff": 10.050000, "triplet": 1.919244}
[08/12 16:09:49][INFO] utils.logging:   91: {"_type": "train_iter", "epoch": "8/30", "eta": "0:17:50", "iter": "1801/7445", "loss": 0.789058, "lr": 0.000275, "neg_dist": 3.300605, "pos_dist": 3.772525, "time_diff": 11.290000, "triplet": 0.787926}
[08/12 16:09:50][INFO] utils.logging:   91: {"_type": "train_iter", "epoch": "8/30", "eta": "0:17:49", "iter": "2001/7445", "loss": 2.006248, "lr": 0.000275, "neg_dist": 3.637741, "pos_dist": 5.343119, "time_diff": 12.500000, "triplet": 2.005378}
[08/12 16:09:52][INFO] utils.logging:   91: {"_type": "train_iter", "epoch": "8/30", "eta": "0:17:48", "iter": "2201/7445", "loss": 1.233392, "lr": 0.000275, "neg_dist": 3.219679, "pos_dist": 4.152160, "time_diff": 13.740000, "triplet": 1.232481}
[08/12 16:09:53][INFO] utils.logging:   91: {"_type": "train_iter", "epoch": "8/30", "eta": "0:17:46", "iter": "2401/7445", "loss": 1.531019, "lr": 0.000275, "neg_dist": 3.249588, "pos_dist": 4.479681, "time_diff": 15.030000, "triplet": 1.530094}
[08/12 16:09:54][INFO] utils.logging:   91: {"_type": "train_iter", "epoch": "8/30", "eta": "0:17:45", "iter": "2601/7445", "loss": 1.103176, "lr": 0.000275, "neg_dist": 3.452131, "pos_dist": 4.246928, "time_diff": 16.300000, "triplet": 1.102223}
[08/12 16:09:55][INFO] utils.logging:   91: {"_type": "train_iter", "epoch": "8/30", "eta": "0:17:44", "iter": "2801/7445", "loss": 1.162228, "lr": 0.000275, "neg_dist": 3.295413, "pos_dist": 4.156067, "time_diff": 17.540000, "triplet": 1.160655}
[08/12 16:09:57][INFO] utils.logging:   91: {"_type": "train_iter", "epoch": "8/30", "eta": "0:17:42", "iter": "3001/7445", "loss": 0.754691, "lr": 0.000275, "neg_dist": 3.025584, "pos_dist": 3.420645, "time_diff": 18.770000, "triplet": 0.753008}
[08/12 16:09:58][INFO] utils.logging:   91: {"_type": "train_iter", "epoch": "8/30", "eta": "0:17:41", "iter": "3201/7445", "loss": 1.527059, "lr": 0.000275, "neg_dist": 3.253776, "pos_dist": 4.479432, "time_diff": 20.030000, "triplet": 1.525657}
[08/12 16:09:59][INFO] utils.logging:   91: {"_type": "train_iter", "epoch": "8/30", "eta": "0:17:40", "iter": "3401/7445", "loss": 0.511614, "lr": 0.000275, "neg_dist": 3.072057, "pos_dist": 3.216188, "time_diff": 21.250000, "triplet": 0.510446}
[08/12 16:10:00][INFO] utils.logging:   91: {"_type": "train_iter", "epoch": "8/30", "eta": "0:17:39", "iter": "3601/7445", "loss": 1.489344, "lr": 0.000275, "neg_dist": 3.801611, "pos_dist": 4.990012, "time_diff": 22.510000, "triplet": 1.488401}
[08/12 16:10:02][INFO] utils.logging:   91: {"_type": "train_iter", "epoch": "8/30", "eta": "0:17:37", "iter": "3801/7445", "loss": 1.303349, "lr": 0.000275, "neg_dist": 3.426321, "pos_dist": 4.408492, "time_diff": 23.720000, "triplet": 1.302179}
[08/12 16:10:03][INFO] utils.logging:   91: {"_type": "train_iter", "epoch": "8/30", "eta": "0:17:36", "iter": "4001/7445", "loss": 0.684910, "lr": 0.000275, "neg_dist": 3.709970, "pos_dist": 3.835846, "time_diff": 24.970000, "triplet": 0.683825}
[08/12 16:10:04][INFO] utils.logging:   91: {"_type": "train_iter", "epoch": "8/30", "eta": "0:17:34", "iter": "4201/7445", "loss": 1.812465, "lr": 0.000275, "neg_dist": 3.945776, "pos_dist": 5.457312, "time_diff": 26.210000, "triplet": 1.811535}
[08/12 16:10:05][INFO] utils.logging:   91: {"_type": "train_iter", "epoch": "8/30", "eta": "0:17:33", "iter": "4401/7445", "loss": 1.774959, "lr": 0.000275, "neg_dist": 3.216281, "pos_dist": 4.690385, "time_diff": 27.460000, "triplet": 1.774104}
[08/12 16:10:07][INFO] utils.logging:   91: {"_type": "train_iter", "epoch": "8/30", "eta": "0:17:32", "iter": "4601/7445", "loss": 1.305841, "lr": 0.000275, "neg_dist": 3.651332, "pos_dist": 4.620130, "time_diff": 28.690000, "triplet": 1.304668}
[08/12 16:10:08][INFO] utils.logging:   91: {"_type": "train_iter", "epoch": "8/30", "eta": "0:17:30", "iter": "4801/7445", "loss": 1.440384, "lr": 0.000275, "neg_dist": 2.869176, "pos_dist": 4.008384, "time_diff": 29.920000, "triplet": 1.439208}
[08/12 16:10:09][INFO] utils.logging:   91: {"_type": "train_iter", "epoch": "8/30", "eta": "0:17:29", "iter": "5001/7445", "loss": 1.244523, "lr": 0.000275, "neg_dist": 3.221175, "pos_dist": 4.148127, "time_diff": 31.150000, "triplet": 1.243144}
[08/12 16:10:10][INFO] utils.logging:   91: {"_type": "train_iter", "epoch": "8/30", "eta": "0:17:28", "iter": "5201/7445", "loss": 0.887551, "lr": 0.000275, "neg_dist": 2.916516, "pos_dist": 3.500709, "time_diff": 32.400000, "triplet": 0.886422}
[08/12 16:10:12][INFO] utils.logging:   91: {"_type": "train_iter", "epoch": "8/30", "eta": "0:17:26", "iter": "5401/7445", "loss": 1.348189, "lr": 0.000275, "neg_dist": 3.446979, "pos_dist": 4.494040, "time_diff": 33.630000, "triplet": 1.347061}
[08/12 16:10:13][INFO] utils.logging:   91: {"_type": "train_iter", "epoch": "8/30", "eta": "0:17:25", "iter": "5601/7445", "loss": 1.371087, "lr": 0.000275, "neg_dist": 3.414523, "pos_dist": 4.484728, "time_diff": 34.890000, "triplet": 1.370206}
[08/12 16:10:14][INFO] utils.logging:   91: {"_type": "train_iter", "epoch": "8/30", "eta": "0:17:24", "iter": "5801/7445", "loss": 1.097365, "lr": 0.000275, "neg_dist": 3.878299, "pos_dist": 4.655035, "time_diff": 36.140000, "triplet": 1.096365}
[08/12 16:10:15][INFO] utils.logging:   91: {"_type": "train_iter", "epoch": "8/30", "eta": "0:17:23", "iter": "6001/7445", "loss": 1.513721, "lr": 0.000275, "neg_dist": 2.936984, "pos_dist": 4.149600, "time_diff": 37.400000, "triplet": 1.512615}
[08/12 16:10:17][INFO] utils.logging:   91: {"_type": "train_iter", "epoch": "8/30", "eta": "0:17:21", "iter": "6201/7445", "loss": 0.879693, "lr": 0.000275, "neg_dist": 3.501147, "pos_dist": 3.985816, "time_diff": 38.630000, "triplet": 0.878733}
[08/12 16:10:18][INFO] utils.logging:   91: {"_type": "train_iter", "epoch": "8/30", "eta": "0:17:20", "iter": "6401/7445", "loss": 1.615020, "lr": 0.000275, "neg_dist": 3.336145, "pos_dist": 4.650091, "time_diff": 39.880000, "triplet": 1.613945}
[08/12 16:10:19][INFO] utils.logging:   91: {"_type": "train_iter", "epoch": "8/30", "eta": "0:17:19", "iter": "6601/7445", "loss": 1.224294, "lr": 0.000275, "neg_dist": 3.253570, "pos_dist": 4.176588, "time_diff": 41.100000, "triplet": 1.223018}
[08/12 16:10:20][INFO] utils.logging:   91: {"_type": "train_iter", "epoch": "8/30", "eta": "0:17:17", "iter": "6801/7445", "loss": 1.220672, "lr": 0.000275, "neg_dist": 3.121119, "pos_dist": 4.040483, "time_diff": 42.350000, "triplet": 1.219363}
[08/12 16:10:22][INFO] utils.logging:   91: {"_type": "train_iter", "epoch": "8/30", "eta": "0:17:16", "iter": "7001/7445", "loss": 1.146302, "lr": 0.000275, "neg_dist": 3.340466, "pos_dist": 4.185867, "time_diff": 43.590000, "triplet": 1.145401}
[08/12 16:10:23][INFO] utils.logging:   91: {"_type": "train_iter", "epoch": "8/30", "eta": "0:17:15", "iter": "7201/7445", "loss": 1.397705, "lr": 0.000275, "neg_dist": 3.402964, "pos_dist": 4.499547, "time_diff": 44.830000, "triplet": 1.396583}
[08/12 16:10:24][INFO] utils.logging:   91: {"_type": "train_iter", "epoch": "8/30", "eta": "0:17:13", "iter": "7401/7445", "loss": 1.241205, "lr": 0.000275, "neg_dist": 3.571722, "pos_dist": 4.511881, "time_diff": 46.070000, "triplet": 1.240158}
[08/12 16:10:24][INFO] utils.logging:   91: {"RAM": "14.55/125.63 GB", "_type": "train_epoch", "epoch": "8/30", "eta": "0:17:13", "gpu_mem": "0.39 GB", "loss": 1.241999, "lr": 0.000275, "neg_dist": 3.428156, "pos_dist": 4.351448, "time_diff": 46.380000, "triplet": 1.240860}
[08/12 16:10:25][INFO] utils.logging:   91: {"_type": "val_epoch", "epoch": "8/30", "loss": 1.216956}
[08/12 16:10:25][INFO] __main__:  217: Best checkpoint: output/frame_selector/ssv2_ViT-B16_PhaseOffset_BiMHM/frame_selector_best.pth (loss=1.216956)
[08/12 16:10:25][INFO] __main__:  530: New best val loss: 1.216956 at epoch 7
[08/12 16:10:25][INFO] utils.logging:   91: {"_type": "train_iter", "epoch": "9/30", "eta": "0:17:15", "iter": "1/7445", "loss": 0.929151, "lr": 0.000265, "neg_dist": 3.515270, "pos_dist": 4.118649, "time_diff": 0.090000, "triplet": 0.928243}
[08/12 16:10:26][INFO] utils.logging:   91: {"_type": "train_iter", "epoch": "9/30", "eta": "0:17:14", "iter": "201/7445", "loss": 1.335766, "lr": 0.000265, "neg_dist": 3.853169, "pos_dist": 4.856688, "time_diff": 1.360000, "triplet": 1.334860}
[08/12 16:10:28][INFO] utils.logging:   91: {"_type": "train_iter", "epoch": "9/30", "eta": "0:17:12", "iter": "401/7445", "loss": 1.762577, "lr": 0.000265, "neg_dist": 3.715542, "pos_dist": 5.177160, "time_diff": 2.590000, "triplet": 1.761618}
[08/12 16:10:29][INFO] utils.logging:   91: {"_type": "train_iter", "epoch": "9/30", "eta": "0:17:11", "iter": "601/7445", "loss": 1.804090, "lr": 0.000265, "neg_dist": 3.378379, "pos_dist": 4.880732, "time_diff": 3.840000, "triplet": 1.802353}
[08/12 16:10:30][INFO] utils.logging:   91: {"_type": "train_iter", "epoch": "9/30", "eta": "0:17:10", "iter": "801/7445", "loss": 1.747630, "lr": 0.000265, "neg_dist": 3.991470, "pos_dist": 5.438285, "time_diff": 5.110000, "triplet": 1.746815}
[08/12 16:10:31][INFO] utils.logging:   91: {"_type": "train_iter", "epoch": "9/30", "eta": "0:17:09", "iter": "1001/7445", "loss": 0.823976, "lr": 0.000265, "neg_dist": 3.302032, "pos_dist": 3.825058, "time_diff": 6.360000, "triplet": 0.823026}
[08/12 16:10:33][INFO] utils.logging:   91: {"_type": "train_iter", "epoch": "9/30", "eta": "0:17:07", "iter": "1201/7445", "loss": 0.918045, "lr": 0.000265, "neg_dist": 3.396509, "pos_dist": 4.013669, "time_diff": 7.620000, "triplet": 0.917159}
[08/12 16:10:34][INFO] utils.logging:   91: {"_type": "train_iter", "epoch": "9/30", "eta": "0:17:06", "iter": "1401/7445", "loss": 1.728673, "lr": 0.000265, "neg_dist": 3.330434, "pos_dist": 4.749509, "time_diff": 8.850000, "triplet": 1.727662}
[08/12 16:10:35][INFO] utils.logging:   91: {"_type": "train_iter", "epoch": "9/30", "eta": "0:17:05", "iter": "1601/7445", "loss": 1.115911, "lr": 0.000265, "neg_dist": 4.182940, "pos_dist": 4.789002, "time_diff": 10.110000, "triplet": 1.114974}
[08/12 16:10:36][INFO] utils.logging:   91: {"_type": "train_iter", "epoch": "9/30", "eta": "0:17:03", "iter": "1801/7445", "loss": 0.886538, "lr": 0.000265, "neg_dist": 3.481643, "pos_dist": 3.934297, "time_diff": 11.350000, "triplet": 0.885255}
[08/12 16:10:38][INFO] utils.logging:   91: {"_type": "train_iter", "epoch": "9/30", "eta": "0:17:02", "iter": "2001/7445", "loss": 1.047472, "lr": 0.000265, "neg_dist": 3.527676, "pos_dist": 4.274248, "time_diff": 12.600000, "triplet": 1.046571}
[08/12 16:10:39][INFO] utils.logging:   91: {"_type": "train_iter", "epoch": "9/30", "eta": "0:17:01", "iter": "2201/7445", "loss": 0.814160, "lr": 0.000265, "neg_dist": 2.460337, "pos_dist": 2.973172, "time_diff": 13.850000, "triplet": 0.812836}
[08/12 16:10:40][INFO] utils.logging:   91: {"_type": "train_iter", "epoch": "9/30", "eta": "0:16:59", "iter": "2401/7445", "loss": 1.142156, "lr": 0.000265, "neg_dist": 4.104781, "pos_dist": 4.665972, "time_diff": 15.070000, "triplet": 1.141077}
[08/12 16:10:41][INFO] utils.logging:   91: {"_type": "train_iter", "epoch": "9/30", "eta": "0:16:58", "iter": "2601/7445", "loss": 0.618653, "lr": 0.000265, "neg_dist": 3.337021, "pos_dist": 3.639422, "time_diff": 16.320000, "triplet": 0.617643}
[08/12 16:10:42][INFO] utils.logging:   91: {"_type": "train_iter", "epoch": "9/30", "eta": "0:16:57", "iter": "2801/7445", "loss": 0.919406, "lr": 0.000265, "neg_dist": 3.171949, "pos_dist": 3.790197, "time_diff": 17.540000, "triplet": 0.918247}
[08/12 16:10:44][INFO] utils.logging:   91: {"_type": "train_iter", "epoch": "9/30", "eta": "0:16:55", "iter": "3001/7445", "loss": 1.689308, "lr": 0.000265, "neg_dist": 3.879787, "pos_dist": 5.267692, "time_diff": 18.780000, "triplet": 1.687905}
[08/12 16:10:45][INFO] utils.logging:   91: {"_type": "train_iter", "epoch": "9/30", "eta": "0:16:54", "iter": "3201/7445", "loss": 0.888568, "lr": 0.000265, "neg_dist": 2.740736, "pos_dist": 3.328056, "time_diff": 20.030000, "triplet": 0.887320}
[08/12 16:10:46][INFO] utils.logging:   91: {"_type": "train_iter", "epoch": "9/30", "eta": "0:16:53", "iter": "3401/7445", "loss": 0.871086, "lr": 0.000265, "neg_dist": 3.667772, "pos_dist": 4.236995, "time_diff": 21.300000, "triplet": 0.869223}
[08/12 16:10:47][INFO] utils.logging:   91: {"_type": "train_iter", "epoch": "9/30", "eta": "0:16:51", "iter": "3601/7445", "loss": 0.367936, "lr": 0.000265, "neg_dist": 3.612332, "pos_dist": 3.599037, "time_diff": 22.550000, "triplet": 0.367102}
[08/12 16:10:49][INFO] utils.logging:   91: {"_type": "train_iter", "epoch": "9/30", "eta": "0:16:50", "iter": "3801/7445", "loss": 1.264912, "lr": 0.000265, "neg_dist": 3.350363, "pos_dist": 4.313903, "time_diff": 23.800000, "triplet": 1.263540}
[08/12 16:10:50][INFO] utils.logging:   91: {"_type": "train_iter", "epoch": "9/30", "eta": "0:16:49", "iter": "4001/7445", "loss": 1.448119, "lr": 0.000265, "neg_dist": 3.158489, "pos_dist": 4.305304, "time_diff": 25.060000, "triplet": 1.446814}
[08/12 16:10:51][INFO] utils.logging:   91: {"_type": "train_iter", "epoch": "9/30", "eta": "0:16:47", "iter": "4201/7445", "loss": 1.609980, "lr": 0.000265, "neg_dist": 2.852504, "pos_dist": 4.161078, "time_diff": 26.270000, "triplet": 1.608575}
[08/12 16:10:52][INFO] utils.logging:   91: {"_type": "train_iter", "epoch": "9/30", "eta": "0:16:46", "iter": "4401/7445", "loss": 1.567983, "lr": 0.000265, "neg_dist": 3.169801, "pos_dist": 4.436504, "time_diff": 27.560000, "triplet": 1.566703}
[08/12 16:10:54][INFO] utils.logging:   91: {"_type": "train_iter", "epoch": "9/30", "eta": "0:16:45", "iter": "4601/7445", "loss": 1.937577, "lr": 0.000265, "neg_dist": 4.290803, "pos_dist": 5.927386, "time_diff": 28.770000, "triplet": 1.936583}
[08/12 16:10:55][INFO] utils.logging:   91: {"_type": "train_iter", "epoch": "9/30", "eta": "0:16:44", "iter": "4801/7445", "loss": 0.928867, "lr": 0.000265, "neg_dist": 3.039015, "pos_dist": 3.639851, "time_diff": 30.010000, "triplet": 0.927606}
[08/12 16:10:56][INFO] utils.logging:   91: {"_type": "train_iter", "epoch": "9/30", "eta": "0:16:42", "iter": "5001/7445", "loss": 0.572945, "lr": 0.000265, "neg_dist": 3.529717, "pos_dist": 3.623430, "time_diff": 31.260000, "triplet": 0.571802}
[08/12 16:10:57][INFO] utils.logging:   91: {"_type": "train_iter", "epoch": "9/30", "eta": "0:16:41", "iter": "5201/7445", "loss": 0.948313, "lr": 0.000265, "neg_dist": 3.688303, "pos_dist": 4.335299, "time_diff": 32.520000, "triplet": 0.946996}
[08/12 16:10:59][INFO] utils.logging:   91: {"_type": "train_iter", "epoch": "9/30", "eta": "0:16:40", "iter": "5401/7445", "loss": 0.661823, "lr": 0.000265, "neg_dist": 3.226552, "pos_dist": 3.587009, "time_diff": 33.760000, "triplet": 0.660458}
[08/12 16:11:00][INFO] utils.logging:   91: {"_type": "train_iter", "epoch": "9/30", "eta": "0:16:38", "iter": "5601/7445", "loss": 1.074605, "lr": 0.000265, "neg_dist": 3.135423, "pos_dist": 3.908325, "time_diff": 35.020000, "triplet": 1.072902}
[08/12 16:11:01][INFO] utils.logging:   91: {"_type": "train_iter", "epoch": "9/30", "eta": "0:16:37", "iter": "5801/7445", "loss": 0.993784, "lr": 0.000265, "neg_dist": 2.750619, "pos_dist": 3.442954, "time_diff": 36.270000, "triplet": 0.992335}
[08/12 16:11:02][INFO] utils.logging:   91: {"_type": "train_iter", "epoch": "9/30", "eta": "0:16:36", "iter": "6001/7445", "loss": 1.513763, "lr": 0.000265, "neg_dist": 3.805730, "pos_dist": 5.018132, "time_diff": 37.490000, "triplet": 1.512402}
[08/12 16:11:04][INFO] utils.logging:   91: {"_type": "train_iter", "epoch": "9/30", "eta": "0:16:34", "iter": "6201/7445", "loss": 1.518610, "lr": 0.000265, "neg_dist": 3.449470, "pos_dist": 4.666930, "time_diff": 38.740000, "triplet": 1.517460}
[08/12 16:11:05][INFO] utils.logging:   91: {"_type": "train_iter", "epoch": "9/30", "eta": "0:16:33", "iter": "6401/7445", "loss": 1.167607, "lr": 0.000265, "neg_dist": 3.565814, "pos_dist": 4.227293, "time_diff": 39.970000, "triplet": 1.166591}
[08/12 16:11:06][INFO] utils.logging:   91: {"_type": "train_iter", "epoch": "9/30", "eta": "0:16:32", "iter": "6601/7445", "loss": 1.335464, "lr": 0.000265, "neg_dist": 3.209897, "pos_dist": 4.244461, "time_diff": 41.210000, "triplet": 1.334564}
[08/12 16:11:07][INFO] utils.logging:   91: {"_type": "train_iter", "epoch": "9/30", "eta": "0:16:31", "iter": "6801/7445", "loss": 0.442878, "lr": 0.000265, "neg_dist": 2.768367, "pos_dist": 2.812522, "time_diff": 42.470000, "triplet": 0.441234}
[08/12 16:11:09][INFO] utils.logging:   91: {"_type": "train_iter", "epoch": "9/30", "eta": "0:16:29", "iter": "7001/7445", "loss": 0.588221, "lr": 0.000265, "neg_dist": 4.046314, "pos_dist": 3.718605, "time_diff": 43.680000, "triplet": 0.587464}
[08/12 16:11:10][INFO] utils.logging:   91: {"_type": "train_iter", "epoch": "9/30", "eta": "0:16:28", "iter": "7201/7445", "loss": 1.619614, "lr": 0.000265, "neg_dist": 3.822531, "pos_dist": 5.141016, "time_diff": 44.920000, "triplet": 1.618485}
[08/12 16:11:11][INFO] utils.logging:   91: {"_type": "train_iter", "epoch": "9/30", "eta": "0:16:26", "iter": "7401/7445", "loss": 1.317343, "lr": 0.000265, "neg_dist": 3.622502, "pos_dist": 4.532259, "time_diff": 46.150000, "triplet": 1.316040}
[08/12 16:11:11][INFO] utils.logging:   91: {"RAM": "14.57/125.63 GB", "_type": "train_epoch", "epoch": "9/30", "eta": "0:16:26", "gpu_mem": "0.39 GB", "loss": 1.250631, "lr": 0.000265, "neg_dist": 3.438163, "pos_dist": 4.369413, "time_diff": 46.450000, "triplet": 1.249494}
[08/12 16:11:12][INFO] utils.logging:   91: {"_type": "val_epoch", "epoch": "9/30", "loss": 1.267637}
[08/12 16:11:12][INFO] utils.logging:   91: {"_type": "train_iter", "epoch": "10/30", "eta": "0:16:28", "iter": "1/7445", "loss": 1.297371, "lr": 0.000253, "neg_dist": 3.294291, "pos_dist": 4.290538, "time_diff": 0.090000, "triplet": 1.296247}
[08/12 16:11:13][INFO] utils.logging:   91: {"_type": "train_iter", "epoch": "10/30", "eta": "0:16:27", "iter": "201/7445", "loss": 1.592965, "lr": 0.000253, "neg_dist": 3.571618, "pos_dist": 4.863668, "time_diff": 1.370000, "triplet": 1.592050}
[08/12 16:11:15][INFO] utils.logging:   91: {"_type": "train_iter", "epoch": "10/30", "eta": "0:16:25", "iter": "401/7445", "loss": 1.648783, "lr": 0.000253, "neg_dist": 3.891239, "pos_dist": 5.239092, "time_diff": 2.620000, "triplet": 1.647854}
[08/12 16:11:16][INFO] utils.logging:   91: {"_type": "train_iter", "epoch": "10/30", "eta": "0:16:24", "iter": "601/7445", "loss": 1.423824, "lr": 0.000253, "neg_dist": 3.857371, "pos_dist": 4.850275, "time_diff": 3.870000, "triplet": 1.422714}
[08/12 16:11:17][INFO] utils.logging:   91: {"_type": "train_iter", "epoch": "10/30", "eta": "0:16:23", "iter": "801/7445", "loss": 0.785931, "lr": 0.000253, "neg_dist": 3.440407, "pos_dist": 3.925083, "time_diff": 5.100000, "triplet": 0.784676}
[08/12 16:11:18][INFO] utils.logging:   91: {"_type": "train_iter", "epoch": "10/30", "eta": "0:16:21", "iter": "1001/7445", "loss": 0.905868, "lr": 0.000253, "neg_dist": 3.375490, "pos_dist": 3.980188, "time_diff": 6.330000, "triplet": 0.904698}
[08/12 16:11:20][INFO] utils.logging:   91: {"_type": "train_iter", "epoch": "10/30", "eta": "0:16:20", "iter": "1201/7445", "loss": 0.870069, "lr": 0.000253, "neg_dist": 4.625803, "pos_dist": 5.134367, "time_diff": 7.570000, "triplet": 0.869273}
[08/12 16:11:21][INFO] utils.logging:   91: {"_type": "train_iter", "epoch": "10/30", "eta": "0:16:19", "iter": "1401/7445", "loss": 1.120797, "lr": 0.000253, "neg_dist": 3.653660, "pos_dist": 4.473286, "time_diff": 8.790000, "triplet": 1.119626}
[08/12 16:11:22][INFO] utils.logging:   91: {"_type": "train_iter", "epoch": "10/30", "eta": "0:16:17", "iter": "1601/7445", "loss": 0.994152, "lr": 0.000253, "neg_dist": 3.304746, "pos_dist": 3.997586, "time_diff": 10.060000, "triplet": 0.992840}
[08/12 16:11:23][INFO] utils.logging:   91: {"_type": "train_iter", "epoch": "10/30", "eta": "0:16:16", "iter": "1801/7445", "loss": 1.366626, "lr": 0.000253, "neg_dist": 3.154092, "pos_dist": 4.219622, "time_diff": 11.340000, "triplet": 1.365530}
[08/12 16:11:25][INFO] utils.logging:   91: {"_type": "train_iter", "epoch": "10/30", "eta": "0:16:15", "iter": "2001/7445", "loss": 1.012364, "lr": 0.000253, "neg_dist": 3.066020, "pos_dist": 3.720247, "time_diff": 12.580000, "triplet": 1.011344}
[08/12 16:11:26][INFO] utils.logging:   91: {"_type": "train_iter", "epoch": "10/30", "eta": "0:16:14", "iter": "2201/7445", "loss": 1.588527, "lr": 0.000253, "neg_dist": 3.806773, "pos_dist": 5.094681, "time_diff": 13.840000, "triplet": 1.587908}
[08/12 16:11:27][INFO] utils.logging:   91: {"_type": "train_iter", "epoch": "10/30", "eta": "0:16:12", "iter": "2401/7445", "loss": 1.479247, "lr": 0.000253, "neg_dist": 3.700189, "pos_dist": 4.878277, "time_diff": 15.110000, "triplet": 1.478089}
[08/12 16:11:28][INFO] utils.logging:   91: {"_type": "train_iter", "epoch": "10/30", "eta": "0:16:11", "iter": "2601/7445", "loss": 1.875138, "lr": 0.000253, "neg_dist": 3.319746, "pos_dist": 4.893931, "time_diff": 16.340000, "triplet": 1.874185}
[08/12 16:11:30][INFO] utils.logging:   91: {"_type": "train_iter", "epoch": "10/30", "eta": "0:16:10", "iter": "2801/7445", "loss": 1.172185, "lr": 0.000253, "neg_dist": 3.271025, "pos_dist": 4.141646, "time_diff": 17.580000, "triplet": 1.170622}
[08/12 16:11:31][INFO] utils.logging:   91: {"_type": "train_iter", "epoch": "10/30", "eta": "0:16:08", "iter": "3001/7445", "loss": 1.179678, "lr": 0.000253, "neg_dist": 3.669746, "pos_dist": 4.548105, "time_diff": 18.820000, "triplet": 1.178359}
[08/12 16:11:32][INFO] utils.logging:   91: {"_type": "train_iter", "epoch": "10/30", "eta": "0:16:07", "iter": "3201/7445", "loss": 1.107229, "lr": 0.000253, "neg_dist": 3.159080, "pos_dist": 3.965017, "time_diff": 20.080000, "triplet": 1.105937}
[08/12 16:11:33][INFO] utils.logging:   91: {"_type": "train_iter", "epoch": "10/30", "eta": "0:16:06", "iter": "3401/7445", "loss": 1.555364, "lr": 0.000253, "neg_dist": 3.234387, "pos_dist": 4.488644, "time_diff": 21.340000, "triplet": 1.554256}
[08/12 16:11:35][INFO] utils.logging:   91: {"_type": "train_iter", "epoch": "10/30", "eta": "0:16:05", "iter": "3601/7445", "loss": 1.359054, "lr": 0.000253, "neg_dist": 4.062435, "pos_dist": 5.120556, "time_diff": 22.570000, "triplet": 1.358121}
[08/12 16:11:36][INFO] utils.logging:   91: {"_type": "train_iter", "epoch": "10/30", "eta": "0:16:03", "iter": "3801/7445", "loss": 1.264359, "lr": 0.000253, "neg_dist": 3.115226, "pos_dist": 4.077996, "time_diff": 23.820000, "triplet": 1.262770}
[08/12 16:11:37][INFO] utils.logging:   91: {"_type": "train_iter", "epoch": "10/30", "eta": "0:16:02", "iter": "4001/7445", "loss": 1.321501, "lr": 0.000253, "neg_dist": 3.774640, "pos_dist": 4.795226, "time_diff": 25.040000, "triplet": 1.320585}
[08/12 16:11:38][INFO] utils.logging:   91: {"_type": "train_iter", "epoch": "10/30", "eta": "0:16:01", "iter": "4201/7445", "loss": 1.879569, "lr": 0.000253, "neg_dist": 2.815004, "pos_dist": 4.393234, "time_diff": 26.290000, "triplet": 1.878230}
[08/12 16:11:39][INFO] utils.logging:   91: {"_type": "train_iter", "epoch": "10/30", "eta": "0:15:59", "iter": "4401/7445", "loss": 1.563342, "lr": 0.000253, "neg_dist": 2.859600, "pos_dist": 4.121521, "time_diff": 27.510000, "triplet": 1.561921}
[08/12 16:11:41][INFO] utils.logging:   91: {"_type": "train_iter", "epoch": "10/30", "eta": "0:15:58", "iter": "4601/7445", "loss": 1.235472, "lr": 0.000253, "neg_dist": 3.462332, "pos_dist": 4.380970, "time_diff": 28.770000, "triplet": 1.234140}
[08/12 16:11:42][INFO] utils.logging:   91: {"_type": "train_iter", "epoch": "10/30", "eta": "0:15:57", "iter": "4801/7445", "loss": 1.321301, "lr": 0.000253, "neg_dist": 3.154104, "pos_dist": 4.170557, "time_diff": 30.020000, "triplet": 1.320072}
[08/12 16:11:43][INFO] utils.logging:   91: {"_type": "train_iter", "epoch": "10/30", "eta": "0:15:55", "iter": "5001/7445", "loss": 1.645439, "lr": 0.000253, "neg_dist": 3.163930, "pos_dist": 4.508372, "time_diff": 31.280000, "triplet": 1.644442}
[08/12 16:11:44][INFO] utils.logging:   91: {"_type": "train_iter", "epoch": "10/30", "eta": "0:15:54", "iter": "5201/7445", "loss": 1.493554, "lr": 0.000253, "neg_dist": 3.299553, "pos_dist": 4.492180, "time_diff": 32.520000, "triplet": 1.492628}
[08/12 16:11:46][INFO] utils.logging:   91: {"_type": "train_iter", "epoch": "10/30", "eta": "0:15:53", "iter": "5401/7445", "loss": 1.550542, "lr": 0.000253, "neg_dist": 3.710303, "pos_dist": 4.959923, "time_diff": 33.740000, "triplet": 1.549619}
[08/12 16:11:47][INFO] utils.logging:   91: {"_type": "train_iter", "epoch": "10/30", "eta": "0:15:51", "iter": "5601/7445", "loss": 0.745872, "lr": 0.000253, "neg_dist": 3.163352, "pos_dist": 3.607895, "time_diff": 34.990000, "triplet": 0.744543}
[08/12 16:11:48][INFO] utils.logging:   91: {"_type": "train_iter", "epoch": "10/30", "eta": "0:15:50", "iter": "5801/7445", "loss": 1.160599, "lr": 0.000253, "neg_dist": 3.653552, "pos_dist": 4.512778, "time_diff": 36.230000, "triplet": 1.159225}
[08/12 16:11:49][INFO] utils.logging:   91: {"_type": "train_iter", "epoch": "10/30", "eta": "0:15:49", "iter": "6001/7445", "loss": 1.923969, "lr": 0.000253, "neg_dist": 3.262336, "pos_dist": 4.885257, "time_diff": 37.460000, "triplet": 1.922921}
[08/12 16:11:51][INFO] utils.logging:   91: {"_type": "train_iter", "epoch": "10/30", "eta": "0:15:47", "iter": "6201/7445", "loss": 1.544394, "lr": 0.000253, "neg_dist": 3.475936, "pos_dist": 4.675523, "time_diff": 38.710000, "triplet": 1.542928}
[08/12 16:11:52][INFO] utils.logging:   91: {"_type": "train_iter", "epoch": "10/30", "eta": "0:15:46", "iter": "6401/7445", "loss": 1.292352, "lr": 0.000253, "neg_dist": 3.244790, "pos_dist": 4.236003, "time_diff": 39.930000, "triplet": 1.291213}
[08/12 16:11:53][INFO] utils.logging:   91: {"_type": "train_iter", "epoch": "10/30", "eta": "0:15:45", "iter": "6601/7445", "loss": 1.592167, "lr": 0.000253, "neg_dist": 3.253971, "pos_dist": 4.544511, "time_diff": 41.190000, "triplet": 1.590540}
[08/12 16:11:54][INFO] utils.logging:   91: {"_type": "train_iter", "epoch": "10/30", "eta": "0:15:44", "iter": "6801/7445", "loss": 1.950923, "lr": 0.000253, "neg_dist": 3.224358, "pos_dist": 4.874418, "time_diff": 42.410000, "triplet": 1.950060}
[08/12 16:11:56][INFO] utils.logging:   91: {"_type": "train_iter", "epoch": "10/30", "eta": "0:15:42", "iter": "7001/7445", "loss": 1.353995, "lr": 0.000253, "neg_dist": 3.535716, "pos_dist": 4.588990, "time_diff": 43.640000, "triplet": 1.353274}
[08/12 16:11:57][INFO] utils.logging:   91: {"_type": "train_iter", "epoch": "10/30", "eta": "0:15:41", "iter": "7201/7445", "loss": 1.081178, "lr": 0.000253, "neg_dist": 3.259819, "pos_dist": 4.039881, "time_diff": 44.880000, "triplet": 1.080062}
[08/12 16:11:58][INFO] utils.logging:   91: {"_type": "train_iter", "epoch": "10/30", "eta": "0:15:40", "iter": "7401/7445", "loss": 0.832963, "lr": 0.000253, "neg_dist": 3.409072, "pos_dist": 3.911467, "time_diff": 46.120000, "triplet": 0.832052}
[08/12 16:11:58][INFO] utils.logging:   91: {"RAM": "14.57/125.63 GB", "_type": "train_epoch", "epoch": "10/30", "eta": "0:15:39", "gpu_mem": "0.39 GB", "loss": 1.246724, "lr": 0.000253, "neg_dist": 3.431022, "pos_dist": 4.358521, "time_diff": 46.430000, "triplet": 1.245589}
[08/12 16:11:59][INFO] utils.logging:   91: {"_type": "val_epoch", "epoch": "10/30", "loss": 1.292152}
[08/12 16:11:59][INFO] utils.logging:   91: {"_type": "train_iter", "epoch": "11/30", "eta": "0:15:41", "iter": "1/7445", "loss": 0.945354, "lr": 0.000240, "neg_dist": 3.716802, "pos_dist": 4.361288, "time_diff": 0.090000, "triplet": 0.944485}
[08/12 16:12:00][INFO] utils.logging:   91: {"_type": "train_iter", "epoch": "11/30", "eta": "0:15:39", "iter": "201/7445", "loss": 1.278812, "lr": 0.000240, "neg_dist": 3.464147, "pos_dist": 4.442078, "time_diff": 1.370000, "triplet": 1.277931}
[08/12 16:12:02][INFO] utils.logging:   91: {"_type": "train_iter", "epoch": "11/30", "eta": "0:15:38", "iter": "401/7445", "loss": 1.580006, "lr": 0.000240, "neg_dist": 4.598418, "pos_dist": 5.877507, "time_diff": 2.610000, "triplet": 1.579088}
[08/12 16:12:03][INFO] utils.logging:   91: {"_type": "train_iter", "epoch": "11/30", "eta": "0:15:37", "iter": "601/7445", "loss": 1.397248, "lr": 0.000240, "neg_dist": 3.417380, "pos_dist": 4.502342, "time_diff": 3.840000, "triplet": 1.395878}
[08/12 16:12:04][INFO] utils.logging:   91: {"_type": "train_iter", "epoch": "11/30", "eta": "0:15:36", "iter": "801/7445", "loss": 2.237549, "lr": 0.000240, "neg_dist": 3.403749, "pos_dist": 5.340088, "time_diff": 5.110000, "triplet": 2.236340}
[08/12 16:12:05][INFO] utils.logging:   91: {"_type": "train_iter", "epoch": "11/30", "eta": "0:15:34", "iter": "1001/7445", "loss": 1.281201, "lr": 0.000240, "neg_dist": 4.242317, "pos_dist": 5.111022, "time_diff": 6.350000, "triplet": 1.280076}
[08/12 16:12:07][INFO] utils.logging:   91: {"_type": "train_iter", "epoch": "11/30", "eta": "0:15:33", "iter": "1201/7445", "loss": 0.594564, "lr": 0.000240, "neg_dist": 3.420143, "pos_dist": 3.571437, "time_diff": 7.600000, "triplet": 0.593983}
[08/12 16:12:08][INFO] utils.logging:   91: {"_type": "train_iter", "epoch": "11/30", "eta": "0:15:32", "iter": "1401/7445", "loss": 1.094075, "lr": 0.000240, "neg_dist": 3.081311, "pos_dist": 3.874288, "time_diff": 8.850000, "triplet": 1.092977}
[08/12 16:12:09][INFO] utils.logging:   91: {"_type": "train_iter", "epoch": "11/30", "eta": "0:15:30", "iter": "1601/7445", "loss": 1.145268, "lr": 0.000240, "neg_dist": 3.335602, "pos_dist": 4.179722, "time_diff": 10.100000, "triplet": 1.144121}
[08/12 16:12:10][INFO] utils.logging:   91: {"_type": "train_iter", "epoch": "11/30", "eta": "0:15:29", "iter": "1801/7445", "loss": 1.394916, "lr": 0.000240, "neg_dist": 3.657521, "pos_dist": 4.750969, "time_diff": 11.330000, "triplet": 1.393448}
[08/12 16:12:12][INFO] utils.logging:   91: {"_type": "train_iter", "epoch": "11/30", "eta": "0:15:28", "iter": "2001/7445", "loss": 1.171793, "lr": 0.000240, "neg_dist": 2.989429, "pos_dist": 3.860363, "time_diff": 12.570000, "triplet": 1.170934}
[08/12 16:12:13][INFO] utils.logging:   91: {"_type": "train_iter", "epoch": "11/30", "eta": "0:15:26", "iter": "2201/7445", "loss": 0.769761, "lr": 0.000240, "neg_dist": 3.273683, "pos_dist": 3.742201, "time_diff": 13.790000, "triplet": 0.768518}
[08/12 16:12:14][INFO] utils.logging:   91: {"_type": "train_iter", "epoch": "11/30", "eta": "0:15:25", "iter": "2401/7445", "loss": 1.021850, "lr": 0.000240, "neg_dist": 2.545387, "pos_dist": 3.265948, "time_diff": 15.020000, "triplet": 1.020561}
[08/12 16:12:15][INFO] utils.logging:   91: {"_type": "train_iter", "epoch": "11/30", "eta": "0:15:24", "iter": "2601/7445", "loss": 1.551090, "lr": 0.000240, "neg_dist": 3.567884, "pos_dist": 4.818186, "time_diff": 16.270000, "triplet": 1.550303}
[08/12 16:12:16][INFO] utils.logging:   91: {"_type": "train_iter", "epoch": "11/30", "eta": "0:15:22", "iter": "2801/7445", "loss": 1.244039, "lr": 0.000240, "neg_dist": 4.367794, "pos_dist": 5.301064, "time_diff": 17.490000, "triplet": 1.243361}
[08/12 16:12:18][INFO] utils.logging:   91: {"_type": "train_iter", "epoch": "11/30", "eta": "0:15:21", "iter": "3001/7445", "loss": 1.041091, "lr": 0.000240, "neg_dist": 3.189161, "pos_dist": 3.929199, "time_diff": 18.730000, "triplet": 1.040038}
[08/12 16:12:19][INFO] utils.logging:   91: {"_type": "train_iter", "epoch": "11/30", "eta": "0:15:20", "iter": "3201/7445", "loss": 0.997883, "lr": 0.000240, "neg_dist": 3.546295, "pos_dist": 4.243288, "time_diff": 19.960000, "triplet": 0.996992}
[08/12 16:12:20][INFO] utils.logging:   91: {"_type": "train_iter", "epoch": "11/30", "eta": "0:15:18", "iter": "3401/7445", "loss": 1.494685, "lr": 0.000240, "neg_dist": 3.382410, "pos_dist": 4.576259, "time_diff": 21.210000, "triplet": 1.493848}
[08/12 16:12:21][INFO] utils.logging:   91: {"_type": "train_iter", "epoch": "11/30", "eta": "0:15:17", "iter": "3601/7445", "loss": 1.108133, "lr": 0.000240, "neg_dist": 2.863403, "pos_dist": 3.670372, "time_diff": 22.440000, "triplet": 1.106969}
[08/12 16:12:23][INFO] utils.logging:   91: {"_type": "train_iter", "epoch": "11/30", "eta": "0:15:16", "iter": "3801/7445", "loss": 1.035000, "lr": 0.000240, "neg_dist": 3.323549, "pos_dist": 4.045696, "time_diff": 23.650000, "triplet": 1.034069}
[08/12 16:12:24][INFO] utils.logging:   91: {"_type": "train_iter", "epoch": "11/30", "eta": "0:15:14", "iter": "4001/7445", "loss": 0.716616, "lr": 0.000240, "neg_dist": 3.544047, "pos_dist": 3.959439, "time_diff": 24.900000, "triplet": 0.715392}
[08/12 16:12:25][INFO] utils.logging:   91: {"_type": "train_iter", "epoch": "11/30", "eta": "0:15:13", "iter": "4201/7445", "loss": 1.178895, "lr": 0.000240, "neg_dist": 3.013059, "pos_dist": 3.890789, "time_diff": 26.110000, "triplet": 1.177730}
[08/12 16:12:26][INFO] utils.logging:   91: {"_type": "train_iter", "epoch": "11/30", "eta": "0:15:12", "iter": "4401/7445", "loss": 1.676938, "lr": 0.000240, "neg_dist": 4.335429, "pos_dist": 5.711295, "time_diff": 27.340000, "triplet": 1.675867}
[08/12 16:12:28][INFO] utils.logging:   91: {"_type": "train_iter", "epoch": "11/30", "eta": "0:15:11", "iter": "4601/7445", "loss": 1.030469, "lr": 0.000240, "neg_dist": 3.018353, "pos_dist": 3.747199, "time_diff": 28.590000, "triplet": 1.028845}
[08/12 16:12:29][INFO] utils.logging:   91: {"_type": "train_iter", "epoch": "11/30", "eta": "0:15:09", "iter": "4801/7445", "loss": 1.163785, "lr": 0.000240, "neg_dist": 3.085465, "pos_dist": 3.947922, "time_diff": 29.820000, "triplet": 1.162457}
[08/12 16:12:30][INFO] utils.logging:   91: {"_type": "train_iter", "epoch": "11/30", "eta": "0:15:08", "iter": "5001/7445", "loss": 1.380926, "lr": 0.000240, "neg_dist": 3.456023, "pos_dist": 4.535821, "time_diff": 31.050000, "triplet": 1.379798}
[08/12 16:12:31][INFO] utils.logging:   91: {"_type": "train_iter", "epoch": "11/30", "eta": "0:15:07", "iter": "5201/7445", "loss": 1.222278, "lr": 0.000240, "neg_dist": 3.574107, "pos_dist": 4.495082, "time_diff": 32.270000, "triplet": 1.220975}
[08/12 16:12:32][INFO] utils.logging:   91: {"_type": "train_iter", "epoch": "11/30", "eta": "0:15:05", "iter": "5401/7445", "loss": 1.648427, "lr": 0.000240, "neg_dist": 3.801037, "pos_dist": 5.148533, "time_diff": 33.510000, "triplet": 1.647497}
[08/12 16:12:34][INFO] utils.logging:   91: {"_type": "train_iter", "epoch": "11/30", "eta": "0:15:04", "iter": "5601/7445", "loss": 0.982173, "lr": 0.000240, "neg_dist": 3.863364, "pos_dist": 4.496603, "time_diff": 34.740000, "triplet": 0.980974}
[08/12 16:12:35][INFO] utils.logging:   91: {"_type": "train_iter", "epoch": "11/30", "eta": "0:15:03", "iter": "5801/7445", "loss": 1.500880, "lr": 0.000240, "neg_dist": 3.008913, "pos_dist": 4.208470, "time_diff": 35.960000, "triplet": 1.499557}
[08/12 16:12:36][INFO] utils.logging:   91: {"_type": "train_iter", "epoch": "11/30", "eta": "0:15:01", "iter": "6001/7445", "loss": 0.863135, "lr": 0.000240, "neg_dist": 3.500070, "pos_dist": 4.062023, "time_diff": 37.220000, "triplet": 0.861954}
[08/12 16:12:37][INFO] utils.logging:   91: {"_type": "train_iter", "epoch": "11/30", "eta": "0:15:00", "iter": "6201/7445", "loss": 1.162541, "lr": 0.000240, "neg_dist": 3.342478, "pos_dist": 4.203836, "time_diff": 38.440000, "triplet": 1.161358}
[08/12 16:12:39][INFO] utils.logging:   91: {"_type": "train_iter", "epoch": "11/30", "eta": "0:14:59", "iter": "6401/7445", "loss": 1.189350, "lr": 0.000240, "neg_dist": 3.727802, "pos_dist": 4.609122, "time_diff": 39.690000, "triplet": 1.188289}
[08/12 16:12:40][INFO] utils.logging:   91: {"_type": "train_iter", "epoch": "11/30", "eta": "0:14:57", "iter": "6601/7445", "loss": 1.116603, "lr": 0.000240, "neg_dist": 3.917232, "pos_dist": 4.732807, "time_diff": 40.930000, "triplet": 1.115575}
[08/12 16:12:41][INFO] utils.logging:   91: {"_type": "train_iter", "epoch": "11/30", "eta": "0:14:56", "iter": "6801/7445", "loss": 1.124958, "lr": 0.000240, "neg_dist": 2.945413, "pos_dist": 3.769535, "time_diff": 42.170000, "triplet": 1.124122}
[08/12 16:12:42][INFO] utils.logging:   91: {"_type": "train_iter", "epoch": "11/30", "eta": "0:14:55", "iter": "7001/7445", "loss": 0.977597, "lr": 0.000240, "neg_dist": 3.146894, "pos_dist": 3.823488, "time_diff": 43.410000, "triplet": 0.976594}
[08/12 16:12:44][INFO] utils.logging:   91: {"_type": "train_iter", "epoch": "11/30", "eta": "0:14:54", "iter": "7201/7445", "loss": 1.254577, "lr": 0.000240, "neg_dist": 2.682250, "pos_dist": 3.635939, "time_diff": 44.680000, "triplet": 1.253689}
[08/12 16:12:45][INFO] utils.logging:   91: {"_type": "train_iter", "epoch": "11/30", "eta": "0:14:52", "iter": "7401/7445", "loss": 1.531237, "lr": 0.000240, "neg_dist": 3.692464, "pos_dist": 4.903844, "time_diff": 45.940000, "triplet": 1.530501}
[08/12 16:12:45][INFO] __main__:  214: Checkpoint: output/frame_selector/ssv2_ViT-B16_PhaseOffset_BiMHM/frame_selector_epoch0010.pth
[08/12 16:12:45][INFO] utils.logging:   91: {"RAM": "14.57/125.63 GB", "_type": "train_epoch", "epoch": "11/30", "eta": "0:14:52", "gpu_mem": "0.39 GB", "loss": 1.243189, "lr": 0.000240, "neg_dist": 3.432585, "pos_dist": 4.357823, "time_diff": 46.240000, "triplet": 1.242050}
[08/12 16:12:46][INFO] utils.logging:   91: {"_type": "val_epoch", "epoch": "11/30", "loss": 1.259469}
[08/12 16:12:46][INFO] utils.logging:   91: {"_type": "train_iter", "epoch": "12/30", "eta": "0:14:53", "iter": "1/7445", "loss": 1.342140, "lr": 0.000225, "neg_dist": 3.486210, "pos_dist": 4.385889, "time_diff": 0.090000, "triplet": 1.341147}
[08/12 16:12:47][INFO] utils.logging:   91: {"_type": "train_iter", "epoch": "12/30", "eta": "0:14:52", "iter": "201/7445", "loss": 1.672801, "lr": 0.000225, "neg_dist": 3.411821, "pos_dist": 4.783476, "time_diff": 1.370000, "triplet": 1.671654}
[08/12 16:12:48][INFO] utils.logging:   91: {"_type": "train_iter", "epoch": "12/30", "eta": "0:14:51", "iter": "401/7445", "loss": 1.784215, "lr": 0.000225, "neg_dist": 4.042577, "pos_dist": 5.525928, "time_diff": 2.610000, "triplet": 1.783351}
[08/12 16:12:50][INFO] utils.logging:   91: {"_type": "train_iter", "epoch": "12/30", "eta": "0:14:49", "iter": "601/7445", "loss": 1.647795, "lr": 0.000225, "neg_dist": 2.847829, "pos_dist": 4.194300, "time_diff": 3.860000, "triplet": 1.646471}
[08/12 16:12:51][INFO] utils.logging:   91: {"_type": "train_iter", "epoch": "12/30", "eta": "0:14:48", "iter": "801/7445", "loss": 0.838097, "lr": 0.000225, "neg_dist": 3.190938, "pos_dist": 3.727882, "time_diff": 5.100000, "triplet": 0.836944}
[08/12 16:12:52][INFO] utils.logging:   91: {"_type": "train_iter", "epoch": "12/30", "eta": "0:14:47", "iter": "1001/7445", "loss": 1.375772, "lr": 0.000225, "neg_dist": 3.442308, "pos_dist": 4.516712, "time_diff": 6.340000, "triplet": 1.374404}
[08/12 16:12:53][INFO] utils.logging:   91: {"_type": "train_iter", "epoch": "12/30", "eta": "0:14:45", "iter": "1201/7445", "loss": 1.630069, "lr": 0.000225, "neg_dist": 3.247952, "pos_dist": 4.576608, "time_diff": 7.560000, "triplet": 1.628656}
[08/12 16:12:55][INFO] utils.logging:   91: {"_type": "train_iter", "epoch": "12/30", "eta": "0:14:44", "iter": "1401/7445", "loss": 1.763089, "lr": 0.000225, "neg_dist": 3.890241, "pos_dist": 5.352396, "time_diff": 8.830000, "triplet": 1.762155}
[08/12 16:12:56][INFO] utils.logging:   91: {"_type": "train_iter", "epoch": "12/30", "eta": "0:14:43", "iter": "1601/7445", "loss": 1.201037, "lr": 0.000225, "neg_dist": 3.569232, "pos_dist": 4.468942, "time_diff": 10.080000, "triplet": 1.199710}
[08/12 16:12:57][INFO] utils.logging:   91: {"_type": "train_iter", "epoch": "12/30", "eta": "0:14:42", "iter": "1801/7445", "loss": 1.250514, "lr": 0.000225, "neg_dist": 3.833558, "pos_dist": 4.777604, "time_diff": 11.340000, "triplet": 1.249414}
[08/12 16:12:58][INFO] utils.logging:   91: {"_type": "train_iter", "epoch": "12/30", "eta": "0:14:40", "iter": "2001/7445", "loss": 1.267584, "lr": 0.000225, "neg_dist": 3.118896, "pos_dist": 4.085433, "time_diff": 12.570000, "triplet": 1.266538}
[08/12 16:13:00][INFO] utils.logging:   91: {"_type": "train_iter", "epoch": "12/30", "eta": "0:14:39", "iter": "2201/7445", "loss": 1.542379, "lr": 0.000225, "neg_dist": 3.974454, "pos_dist": 5.169145, "time_diff": 13.790000, "triplet": 1.540998}
[08/12 16:13:01][INFO] utils.logging:   91: {"_type": "train_iter", "epoch": "12/30", "eta": "0:14:38", "iter": "2401/7445", "loss": 0.858309, "lr": 0.000225, "neg_dist": 3.533764, "pos_dist": 4.057018, "time_diff": 15.040000, "triplet": 0.857038}
[08/12 16:13:02][INFO] utils.logging:   91: {"_type": "train_iter", "epoch": "12/30", "eta": "0:14:36", "iter": "2601/7445", "loss": 1.268598, "lr": 0.000225, "neg_dist": 3.148833, "pos_dist": 4.115939, "time_diff": 16.290000, "triplet": 1.267106}
[08/12 16:13:03][INFO] utils.logging:   91: {"_type": "train_iter", "epoch": "12/30", "eta": "0:14:35", "iter": "2801/7445", "loss": 1.369292, "lr": 0.000225, "neg_dist": 3.248289, "pos_dist": 4.316550, "time_diff": 17.530000, "triplet": 1.368261}
[08/12 16:13:05][INFO] utils.logging:   91: {"_type": "train_iter", "epoch": "12/30", "eta": "0:14:34", "iter": "3001/7445", "loss": 1.407504, "lr": 0.000225, "neg_dist": 3.539662, "pos_dist": 4.646443, "time_diff": 18.760000, "triplet": 1.406781}
[08/12 16:13:06][INFO] utils.logging:   91: {"_type": "train_iter", "epoch": "12/30", "eta": "0:14:33", "iter": "3201/7445", "loss": 1.165010, "lr": 0.000225, "neg_dist": 3.257429, "pos_dist": 4.121050, "time_diff": 20.030000, "triplet": 1.163621}
[08/12 16:13:07][INFO] utils.logging:   91: {"_type": "train_iter", "epoch": "12/30", "eta": "0:14:31", "iter": "3401/7445", "loss": 1.146440, "lr": 0.000225, "neg_dist": 3.458524, "pos_dist": 4.304099, "time_diff": 21.290000, "triplet": 1.145574}
[08/12 16:13:08][INFO] utils.logging:   91: {"_type": "train_iter", "epoch": "12/30", "eta": "0:14:30", "iter": "3601/7445", "loss": 0.969594, "lr": 0.000225, "neg_dist": 3.585108, "pos_dist": 4.253726, "time_diff": 22.520000, "triplet": 0.968618}
[08/12 16:13:10][INFO] utils.logging:   91: {"_type": "train_iter", "epoch": "12/30", "eta": "0:14:29", "iter": "3801/7445", "loss": 1.345249, "lr": 0.000225, "neg_dist": 3.848699, "pos_dist": 4.892882, "time_diff": 23.770000, "triplet": 1.344182}
[08/12 16:13:11][INFO] utils.logging:   91: {"_type": "train_iter", "epoch": "12/30", "eta": "0:14:27", "iter": "4001/7445", "loss": 1.180292, "lr": 0.000225, "neg_dist": 3.246149, "pos_dist": 4.125286, "time_diff": 25.010000, "triplet": 1.179137}
[08/12 16:13:12][INFO] utils.logging:   91: {"_type": "train_iter", "epoch": "12/30", "eta": "0:14:26", "iter": "4201/7445", "loss": 1.190518, "lr": 0.000225, "neg_dist": 3.880587, "pos_dist": 4.769972, "time_diff": 26.250000, "triplet": 1.189385}
[08/12 16:13:13][INFO] utils.logging:   91: {"_type": "train_iter", "epoch": "12/30", "eta": "0:14:25", "iter": "4401/7445", "loss": 1.146316, "lr": 0.000225, "neg_dist": 3.500115, "pos_dist": 4.345030, "time_diff": 27.500000, "triplet": 1.144915}
[08/12 16:13:15][INFO] utils.logging:   91: {"_type": "train_iter", "epoch": "12/30", "eta": "0:14:23", "iter": "4601/7445", "loss": 1.193088, "lr": 0.000225, "neg_dist": 2.958429, "pos_dist": 3.850240, "time_diff": 28.740000, "triplet": 1.191811}
[08/12 16:13:16][INFO] utils.logging:   91: {"_type": "train_iter", "epoch": "12/30", "eta": "0:14:22", "iter": "4801/7445", "loss": 1.655882, "lr": 0.000225, "neg_dist": 3.565381, "pos_dist": 4.920384, "time_diff": 29.980000, "triplet": 1.655004}
[08/12 16:13:17][INFO] utils.logging:   91: {"_type": "train_iter", "epoch": "12/30", "eta": "0:14:21", "iter": "5001/7445", "loss": 1.000805, "lr": 0.000225, "neg_dist": 3.813522, "pos_dist": 4.473241, "time_diff": 31.210000, "triplet": 0.999847}
[08/12 16:13:18][INFO] utils.logging:   91: {"_type": "train_iter", "epoch": "12/30", "eta": "0:14:20", "iter": "5201/7445", "loss": 0.674466, "lr": 0.000225, "neg_dist": 3.240924, "pos_dist": 3.553386, "time_diff": 32.460000, "triplet": 0.673218}
[08/12 16:13:19][INFO] utils.logging:   91: {"_type": "train_iter", "epoch": "12/30", "eta": "0:14:18", "iter": "5401/7445", "loss": 0.830203, "lr": 0.000225, "neg_dist": 3.750570, "pos_dist": 4.279890, "time_diff": 33.690000, "triplet": 0.829319}
[08/12 16:13:21][INFO] utils.logging:   91: {"_type": "train_iter", "epoch": "12/30", "eta": "0:14:17", "iter": "5601/7445", "loss": 1.174896, "lr": 0.000225, "neg_dist": 4.048591, "pos_dist": 4.914084, "time_diff": 34.940000, "triplet": 1.173870}
[08/12 16:13:22][INFO] utils.logging:   91: {"_type": "train_iter", "epoch": "12/30", "eta": "0:14:16", "iter": "5801/7445", "loss": 1.031833, "lr": 0.000225, "neg_dist": 3.363998, "pos_dist": 4.094684, "time_diff": 36.150000, "triplet": 1.030686}
[08/12 16:13:23][INFO] utils.logging:   91: {"_type": "train_iter", "epoch": "12/30", "eta": "0:14:14", "iter": "6001/7445", "loss": 1.136797, "lr": 0.000225, "neg_dist": 3.196799, "pos_dist": 4.032536, "time_diff": 37.400000, "triplet": 1.135737}
[08/12 16:13:24][INFO] utils.logging:   91: {"_type": "train_iter", "epoch": "12/30", "eta": "0:14:13", "iter": "6201/7445", "loss": 0.705410, "lr": 0.000225, "neg_dist": 2.947504, "pos_dist": 3.323989, "time_diff": 38.680000, "triplet": 0.704261}
[08/12 16:13:26][INFO] utils.logging:   91: {"_type": "train_iter", "epoch": "12/30", "eta": "0:14:12", "iter": "6401/7445", "loss": 1.599405, "lr": 0.000225, "neg_dist": 3.657829, "pos_dist": 4.956338, "time_diff": 39.940000, "triplet": 1.598509}
[08/12 16:13:27][INFO] utils.logging:   91: {"_type": "train_iter", "epoch": "12/30", "eta": "0:14:11", "iter": "6601/7445", "loss": 0.966257, "lr": 0.000225, "neg_dist": 4.114250, "pos_dist": 4.722969, "time_diff": 41.200000, "triplet": 0.965079}
[08/12 16:13:28][INFO] utils.logging:   91: {"_type": "train_iter", "epoch": "12/30", "eta": "0:14:09", "iter": "6801/7445", "loss": 1.247632, "lr": 0.000225, "neg_dist": 3.974468, "pos_dist": 4.878947, "time_diff": 42.420000, "triplet": 1.246556}
[08/12 16:13:29][INFO] utils.logging:   91: {"_type": "train_iter", "epoch": "12/30", "eta": "0:14:08", "iter": "7001/7445", "loss": 1.439319, "lr": 0.000225, "neg_dist": 3.885609, "pos_dist": 5.024154, "time_diff": 43.680000, "triplet": 1.438545}
[08/12 16:13:31][INFO] utils.logging:   91: {"_type": "train_iter", "epoch": "12/30", "eta": "0:14:07", "iter": "7201/7445", "loss": 0.917433, "lr": 0.000225, "neg_dist": 2.952017, "pos_dist": 3.568194, "time_diff": 44.910000, "triplet": 0.916177}
[08/12 16:13:32][INFO] utils.logging:   91: {"_type": "train_iter", "epoch": "12/30", "eta": "0:14:05", "iter": "7401/7445", "loss": 1.239922, "lr": 0.000225, "neg_dist": 3.504108, "pos_dist": 4.442723, "time_diff": 46.160000, "triplet": 1.238615}
[08/12 16:13:32][INFO] utils.logging:   91: {"RAM": "14.58/125.63 GB", "_type": "train_epoch", "epoch": "12/30", "eta": "0:14:05", "gpu_mem": "0.39 GB", "loss": 1.240655, "lr": 0.000225, "neg_dist": 3.427932, "pos_dist": 4.349008, "time_diff": 46.460000, "triplet": 1.239517}
[08/12 16:13:33][INFO] utils.logging:   91: {"_type": "val_epoch", "epoch": "12/30", "loss": 1.280402}
[08/12 16:13:33][INFO] utils.logging:   91: {"_type": "train_iter", "epoch": "13/30", "eta": "0:14:06", "iter": "1/7445", "loss": 1.754971, "lr": 0.000209, "neg_dist": 3.689868, "pos_dist": 5.143805, "time_diff": 0.090000, "triplet": 1.753936}
[08/12 16:13:34][INFO] utils.logging:   91: {"_type": "train_iter", "epoch": "13/30", "eta": "0:14:05", "iter": "201/7445", "loss": 1.558047, "lr": 0.000209, "neg_dist": 2.913110, "pos_dist": 4.170033, "time_diff": 1.370000, "triplet": 1.556923}
[08/12 16:13:35][INFO] utils.logging:   91: {"_type": "train_iter", "epoch": "13/30", "eta": "0:14:04", "iter": "401/7445", "loss": 1.112654, "lr": 0.000209, "neg_dist": 3.416221, "pos_dist": 4.153808, "time_diff": 2.600000, "triplet": 1.111825}
[08/12 16:13:37][INFO] utils.logging:   91: {"_type": "train_iter", "epoch": "13/30", "eta": "0:14:02", "iter": "601/7445", "loss": 1.516356, "lr": 0.000209, "neg_dist": 3.709774, "pos_dist": 4.925066, "time_diff": 3.830000, "triplet": 1.515292}
[08/12 16:13:38][INFO] utils.logging:   91: {"_type": "train_iter", "epoch": "13/30", "eta": "0:14:01", "iter": "801/7445", "loss": 1.254754, "lr": 0.000209, "neg_dist": 3.091585, "pos_dist": 4.045156, "time_diff": 5.080000, "triplet": 1.253571}
[08/12 16:13:39][INFO] utils.logging:   91: {"_type": "train_iter", "epoch": "13/30", "eta": "0:14:00", "iter": "1001/7445", "loss": 0.968622, "lr": 0.000209, "neg_dist": 2.812037, "pos_dist": 3.478988, "time_diff": 6.290000, "triplet": 0.966951}
[08/12 16:13:40][INFO] utils.logging:   91: {"_type": "train_iter", "epoch": "13/30", "eta": "0:13:58", "iter": "1201/7445", "loss": 0.958952, "lr": 0.000209, "neg_dist": 3.558557, "pos_dist": 4.216258, "time_diff": 7.530000, "triplet": 0.957702}
[08/12 16:13:42][INFO] utils.logging:   91: {"_type": "train_iter", "epoch": "13/30", "eta": "0:13:57", "iter": "1401/7445", "loss": 1.281819, "lr": 0.000209, "neg_dist": 3.268541, "pos_dist": 4.249219, "time_diff": 8.770000, "triplet": 1.280678}
[08/12 16:13:43][INFO] utils.logging:   91: {"_type": "train_iter", "epoch": "13/30", "eta": "0:13:56", "iter": "1601/7445", "loss": 0.785712, "lr": 0.000209, "neg_dist": 3.660775, "pos_dist": 4.131922, "time_diff": 10.030000, "triplet": 0.784879}
[08/12 16:13:44][INFO] utils.logging:   91: {"_type": "train_iter", "epoch": "13/30", "eta": "0:13:54", "iter": "1801/7445", "loss": 0.772371, "lr": 0.000209, "neg_dist": 3.726674, "pos_dist": 4.198065, "time_diff": 11.260000, "triplet": 0.771391}
[08/12 16:13:45][INFO] utils.logging:   91: {"_type": "train_iter", "epoch": "13/30", "eta": "0:13:53", "iter": "2001/7445", "loss": 1.530649, "lr": 0.000209, "neg_dist": 3.095157, "pos_dist": 4.324708, "time_diff": 12.480000, "triplet": 1.529551}
[08/12 16:13:47][INFO] utils.logging:   91: {"_type": "train_iter", "epoch": "13/30", "eta": "0:13:52", "iter": "2201/7445", "loss": 0.697791, "lr": 0.000209, "neg_dist": 3.594388, "pos_dist": 3.986664, "time_diff": 13.730000, "triplet": 0.696191}
[08/12 16:13:48][INFO] utils.logging:   91: {"_type": "train_iter", "epoch": "13/30", "eta": "0:13:51", "iter": "2401/7445", "loss": 1.429369, "lr": 0.000209, "neg_dist": 2.862343, "pos_dist": 3.990690, "time_diff": 14.990000, "triplet": 1.428347}
[08/12 16:13:49][INFO] utils.logging:   91: {"_type": "train_iter", "epoch": "13/30", "eta": "0:13:49", "iter": "2601/7445", "loss": 1.166885, "lr": 0.000209, "neg_dist": 3.846024, "pos_dist": 4.712039, "time_diff": 16.220000, "triplet": 1.166015}
[08/12 16:13:50][INFO] utils.logging:   91: {"_type": "train_iter", "epoch": "13/30", "eta": "0:13:48", "iter": "2801/7445", "loss": 0.908571, "lr": 0.000209, "neg_dist": 3.172558, "pos_dist": 3.779706, "time_diff": 17.470000, "triplet": 0.907485}
[08/12 16:13:52][INFO] utils.logging:   91: {"_type": "train_iter", "epoch": "13/30", "eta": "0:13:47", "iter": "3001/7445", "loss": 1.367160, "lr": 0.000209, "neg_dist": 4.010947, "pos_dist": 5.077303, "time_diff": 18.780000, "triplet": 1.366356}
[08/12 16:13:53][INFO] utils.logging:   91: {"_type": "train_iter", "epoch": "13/30", "eta": "0:13:45", "iter": "3201/7445", "loss": 1.370095, "lr": 0.000209, "neg_dist": 3.053124, "pos_dist": 4.121824, "time_diff": 20.000000, "triplet": 1.368700}
[08/12 16:13:54][INFO] utils.logging:   91: {"_type": "train_iter", "epoch": "13/30", "eta": "0:13:44", "iter": "3401/7445", "loss": 1.159324, "lr": 0.000209, "neg_dist": 3.668904, "pos_dist": 4.526944, "time_diff": 21.240000, "triplet": 1.158040}
[08/12 16:13:55][INFO] utils.logging:   91: {"_type": "train_iter", "epoch": "13/30", "eta": "0:13:43", "iter": "3601/7445", "loss": 1.690091, "lr": 0.000209, "neg_dist": 4.859639, "pos_dist": 6.092364, "time_diff": 22.490000, "triplet": 1.689385}
[08/12 16:13:57][INFO] utils.logging:   91: {"_type": "train_iter", "epoch": "13/30", "eta": "0:13:42", "iter": "3801/7445", "loss": 1.259400, "lr": 0.000209, "neg_dist": 3.291577, "pos_dist": 4.249610, "time_diff": 23.720000, "triplet": 1.258033}
[08/12 16:13:58][INFO] utils.logging:   91: {"_type": "train_iter", "epoch": "13/30", "eta": "0:13:40", "iter": "4001/7445", "loss": 1.169650, "lr": 0.000209, "neg_dist": 3.129935, "pos_dist": 3.998547, "time_diff": 24.970000, "triplet": 1.168612}
[08/12 16:13:59][INFO] utils.logging:   91: {"_type": "train_iter", "epoch": "13/30", "eta": "0:13:39", "iter": "4201/7445", "loss": 1.779082, "lr": 0.000209, "neg_dist": 3.161811, "pos_dist": 4.639095, "time_diff": 26.190000, "triplet": 1.777284}
[08/12 16:14:00][INFO] utils.logging:   91: {"_type": "train_iter", "epoch": "13/30", "eta": "0:13:38", "iter": "4401/7445", "loss": 1.129300, "lr": 0.000209, "neg_dist": 3.156100, "pos_dist": 3.984154, "time_diff": 27.460000, "triplet": 1.128054}
[08/12 16:14:02][INFO] utils.logging:   91: {"_type": "train_iter", "epoch": "13/30", "eta": "0:13:36", "iter": "4601/7445", "loss": 1.076090, "lr": 0.000209, "neg_dist": 4.802948, "pos_dist": 5.538351, "time_diff": 28.710000, "triplet": 1.075427}
[08/12 16:14:03][INFO] utils.logging:   91: {"_type": "train_iter", "epoch": "13/30", "eta": "0:13:35", "iter": "4801/7445", "loss": 1.354190, "lr": 0.000209, "neg_dist": 2.749213, "pos_dist": 3.802338, "time_diff": 29.960000, "triplet": 1.353124}
[08/12 16:14:04][INFO] utils.logging:   91: {"_type": "train_iter", "epoch": "13/30", "eta": "0:13:34", "iter": "5001/7445", "loss": 0.738266, "lr": 0.000209, "neg_dist": 3.377193, "pos_dist": 3.814190, "time_diff": 31.240000, "triplet": 0.736997}
[08/12 16:14:05][INFO] utils.logging:   91: {"_type": "train_iter", "epoch": "13/30", "eta": "0:13:33", "iter": "5201/7445", "loss": 0.996501, "lr": 0.000209, "neg_dist": 3.019513, "pos_dist": 3.714893, "time_diff": 32.480000, "triplet": 0.995380}
[08/12 16:14:07][INFO] utils.logging:   91: {"_type": "train_iter", "epoch": "13/30", "eta": "0:13:31", "iter": "5401/7445", "loss": 1.199642, "lr": 0.000209, "neg_dist": 3.664515, "pos_dist": 4.563121, "time_diff": 33.720000, "triplet": 1.198606}
[08/12 16:14:08][INFO] utils.logging:   91: {"_type": "train_iter", "epoch": "13/30", "eta": "0:13:30", "iter": "5601/7445", "loss": 1.199364, "lr": 0.000209, "neg_dist": 3.109033, "pos_dist": 4.006972, "time_diff": 34.960000, "triplet": 1.197938}
[08/12 16:14:09][INFO] utils.logging:   91: {"_type": "train_iter", "epoch": "13/30", "eta": "0:13:29", "iter": "5801/7445", "loss": 0.890477, "lr": 0.000209, "neg_dist": 2.980695, "pos_dist": 3.569873, "time_diff": 36.190000, "triplet": 0.889208}
[08/12 16:14:10][INFO] utils.logging:   91: {"_type": "train_iter", "epoch": "13/30", "eta": "0:13:27", "iter": "6001/7445", "loss": 1.646870, "lr": 0.000209, "neg_dist": 4.202848, "pos_dist": 5.548883, "time_diff": 37.420000, "triplet": 1.646036}
[08/12 16:14:12][INFO] utils.logging:   91: {"_type": "train_iter", "epoch": "13/30", "eta": "0:13:26", "iter": "6201/7445", "loss": 0.966796, "lr": 0.000209, "neg_dist": 3.295646, "pos_dist": 3.924638, "time_diff": 38.690000, "triplet": 0.965904}
[08/12 16:14:13][INFO] utils.logging:   91: {"_type": "train_iter", "epoch": "13/30", "eta": "0:13:25", "iter": "6401/7445", "loss": 1.434190, "lr": 0.000209, "neg_dist": 3.926609, "pos_dist": 5.059692, "time_diff": 39.940000, "triplet": 1.433084}
[08/12 16:14:14][INFO] utils.logging:   91: {"_type": "train_iter", "epoch": "13/30", "eta": "0:13:24", "iter": "6601/7445", "loss": 1.252943, "lr": 0.000209, "neg_dist": 3.154164, "pos_dist": 4.105949, "time_diff": 41.160000, "triplet": 1.251786}
[08/12 16:14:15][INFO] utils.logging:   91: {"_type": "train_iter", "epoch": "13/30", "eta": "0:13:22", "iter": "6801/7445", "loss": 1.236853, "lr": 0.000209, "neg_dist": 2.640714, "pos_dist": 3.576699, "time_diff": 42.400000, "triplet": 1.235985}
[08/12 16:14:16][INFO] utils.logging:   91: {"_type": "train_iter", "epoch": "13/30", "eta": "0:13:21", "iter": "7001/7445", "loss": 0.998295, "lr": 0.000209, "neg_dist": 2.923981, "pos_dist": 3.589048, "time_diff": 43.620000, "triplet": 0.996982}
[08/12 16:14:18][INFO] utils.logging:   91: {"_type": "train_iter", "epoch": "13/30", "eta": "0:13:20", "iter": "7201/7445", "loss": 0.664985, "lr": 0.000209, "neg_dist": 3.038985, "pos_dist": 3.402896, "time_diff": 44.840000, "triplet": 0.663911}
[08/12 16:14:19][INFO] utils.logging:   91: {"_type": "train_iter", "epoch": "13/30", "eta": "0:13:18", "iter": "7401/7445", "loss": 1.041605, "lr": 0.000209, "neg_dist": 2.894319, "pos_dist": 3.605365, "time_diff": 46.060000, "triplet": 1.040549}
[08/12 16:14:19][INFO] utils.logging:   91: {"RAM": "14.57/125.63 GB", "_type": "train_epoch", "epoch": "13/30", "eta": "0:13:18", "gpu_mem": "0.39 GB", "loss": 1.243366, "lr": 0.000209, "neg_dist": 3.417300, "pos_dist": 4.342059, "time_diff": 46.370000, "triplet": 1.242227}
[08/12 16:14:20][INFO] utils.logging:   91: {"_type": "val_epoch", "epoch": "13/30", "loss": 1.250089}
[08/12 16:14:20][INFO] utils.logging:   91: {"_type": "train_iter", "epoch": "14/30", "eta": "0:13:19", "iter": "1/7445", "loss": 1.081959, "lr": 0.000193, "neg_dist": 3.263360, "pos_dist": 4.043898, "time_diff": 0.090000, "triplet": 1.080538}
[08/12 16:14:21][INFO] utils.logging:   91: {"_type": "train_iter", "epoch": "14/30", "eta": "0:13:18", "iter": "201/7445", "loss": 1.436933, "lr": 0.000193, "neg_dist": 2.944912, "pos_dist": 4.080577, "time_diff": 1.360000, "triplet": 1.435665}
[08/12 16:14:22][INFO] utils.logging:   91: {"_type": "train_iter", "epoch": "14/30", "eta": "0:13:16", "iter": "401/7445", "loss": 1.050803, "lr": 0.000193, "neg_dist": 3.897990, "pos_dist": 4.622426, "time_diff": 2.600000, "triplet": 1.049864}
[08/12 16:14:24][INFO] utils.logging:   91: {"_type": "train_iter", "epoch": "14/30", "eta": "0:13:15", "iter": "601/7445", "loss": 1.788910, "lr": 0.000193, "neg_dist": 3.243652, "pos_dist": 4.731511, "time_diff": 3.830000, "triplet": 1.787859}
[08/12 16:14:25][INFO] utils.logging:   91: {"_type": "train_iter", "epoch": "14/30", "eta": "0:13:14", "iter": "801/7445", "loss": 1.747341, "lr": 0.000193, "neg_dist": 3.467041, "pos_dist": 4.913548, "time_diff": 5.040000, "triplet": 1.746507}
[08/12 16:14:26][INFO] utils.logging:   91: {"_type": "train_iter", "epoch": "14/30", "eta": "0:13:12", "iter": "1001/7445", "loss": 1.302163, "lr": 0.000193, "neg_dist": 3.046353, "pos_dist": 4.047187, "time_diff": 6.260000, "triplet": 1.300834}
[08/12 16:14:27][INFO] utils.logging:   91: {"_type": "train_iter", "epoch": "14/30", "eta": "0:13:11", "iter": "1201/7445", "loss": 1.123182, "lr": 0.000193, "neg_dist": 2.990428, "pos_dist": 3.812480, "time_diff": 7.480000, "triplet": 1.122052}
[08/12 16:14:28][INFO] utils.logging:   91: {"_type": "train_iter", "epoch": "14/30", "eta": "0:13:10", "iter": "1401/7445", "loss": 1.300976, "lr": 0.000193, "neg_dist": 3.190290, "pos_dist": 4.189960, "time_diff": 8.710000, "triplet": 1.299670}
[08/12 16:14:30][INFO] utils.logging:   91: {"_type": "train_iter", "epoch": "14/30", "eta": "0:13:09", "iter": "1601/7445", "loss": 1.116633, "lr": 0.000193, "neg_dist": 2.681053, "pos_dist": 3.496677, "time_diff": 9.950000, "triplet": 1.115624}
[08/12 16:14:31][INFO] utils.logging:   91: {"_type": "train_iter", "epoch": "14/30", "eta": "0:13:07", "iter": "1801/7445", "loss": 1.543847, "lr": 0.000193, "neg_dist": 3.686808, "pos_dist": 4.929378, "time_diff": 11.180000, "triplet": 1.542570}
[08/12 16:14:32][INFO] utils.logging:   91: {"_type": "train_iter", "epoch": "14/30", "eta": "0:13:06", "iter": "2001/7445", "loss": 1.051301, "lr": 0.000193, "neg_dist": 3.634140, "pos_dist": 4.331155, "time_diff": 12.450000, "triplet": 1.050176}
[08/12 16:14:33][INFO] utils.logging:   91: {"_type": "train_iter", "epoch": "14/30", "eta": "0:13:05", "iter": "2201/7445", "loss": 1.168592, "lr": 0.000193, "neg_dist": 3.318295, "pos_dist": 4.185793, "time_diff": 13.700000, "triplet": 1.167497}
[08/12 16:14:35][INFO] utils.logging:   91: {"_type": "train_iter", "epoch": "14/30", "eta": "0:13:03", "iter": "2401/7445", "loss": 1.141245, "lr": 0.000193, "neg_dist": 3.265422, "pos_dist": 4.105381, "time_diff": 14.940000, "triplet": 1.139960}
[08/12 16:14:36][INFO] utils.logging:   91: {"_type": "train_iter", "epoch": "14/30", "eta": "0:13:02", "iter": "2601/7445", "loss": 1.277463, "lr": 0.000193, "neg_dist": 3.110887, "pos_dist": 4.087287, "time_diff": 16.160000, "triplet": 1.276400}
[08/12 16:14:37][INFO] utils.logging:   91: {"_type": "train_iter", "epoch": "14/30", "eta": "0:13:01", "iter": "2801/7445", "loss": 1.133102, "lr": 0.000193, "neg_dist": 3.385624, "pos_dist": 4.217661, "time_diff": 17.420000, "triplet": 1.132037}
[08/12 16:14:38][INFO] utils.logging:   91: {"_type": "train_iter", "epoch": "14/30", "eta": "0:13:00", "iter": "3001/7445", "loss": 1.424317, "lr": 0.000193, "neg_dist": 2.863464, "pos_dist": 3.986283, "time_diff": 18.630000, "triplet": 1.422820}
[08/12 16:14:40][INFO] utils.logging:   91: {"_type": "train_iter", "epoch": "14/30", "eta": "0:12:58", "iter": "3201/7445", "loss": 0.537483, "lr": 0.000193, "neg_dist": 3.026429, "pos_dist": 3.243470, "time_diff": 19.870000, "triplet": 0.536670}
[08/12 16:14:41][INFO] utils.logging:   91: {"_type": "train_iter", "epoch": "14/30", "eta": "0:12:57", "iter": "3401/7445", "loss": 1.926487, "lr": 0.000193, "neg_dist": 3.382670, "pos_dist": 5.008070, "time_diff": 21.100000, "triplet": 1.925400}
[08/12 16:14:42][INFO] utils.logging:   91: {"_type": "train_iter", "epoch": "14/30", "eta": "0:12:56", "iter": "3601/7445", "loss": 0.754238, "lr": 0.000193, "neg_dist": 2.397253, "pos_dist": 2.849605, "time_diff": 22.350000, "triplet": 0.752352}
[08/12 16:14:43][INFO] utils.logging:   91: {"_type": "train_iter", "epoch": "14/30", "eta": "0:12:54", "iter": "3801/7445", "loss": 1.129811, "lr": 0.000193, "neg_dist": 3.105064, "pos_dist": 3.906541, "time_diff": 23.600000, "triplet": 1.128389}
[08/12 16:14:45][INFO] utils.logging:   91: {"_type": "train_iter", "epoch": "14/30", "eta": "0:12:53", "iter": "4001/7445", "loss": 1.714052, "lr": 0.000193, "neg_dist": 3.943242, "pos_dist": 5.356364, "time_diff": 24.840000, "triplet": 1.713122}
[08/12 16:14:46][INFO] utils.logging:   91: {"_type": "train_iter", "epoch": "14/30", "eta": "0:12:52", "iter": "4201/7445", "loss": 1.658598, "lr": 0.000193, "neg_dist": 3.934987, "pos_dist": 5.292442, "time_diff": 26.100000, "triplet": 1.657454}
[08/12 16:14:47][INFO] utils.logging:   91: {"_type": "train_iter", "epoch": "14/30", "eta": "0:12:51", "iter": "4401/7445", "loss": 1.398729, "lr": 0.000193, "neg_dist": 3.195529, "pos_dist": 4.292951, "time_diff": 27.330000, "triplet": 1.397421}
[08/12 16:14:48][INFO] utils.logging:   91: {"_type": "train_iter", "epoch": "14/30", "eta": "0:12:49", "iter": "4601/7445", "loss": 1.609024, "lr": 0.000193, "neg_dist": 3.931290, "pos_dist": 5.233315, "time_diff": 28.530000, "triplet": 1.608022}
[08/12 16:14:50][INFO] utils.logging:   91: {"_type": "train_iter", "epoch": "14/30", "eta": "0:12:48", "iter": "4801/7445", "loss": 1.539939, "lr": 0.000193, "neg_dist": 3.782909, "pos_dist": 5.021779, "time_diff": 29.790000, "triplet": 1.538869}
[08/12 16:14:51][INFO] utils.logging:   91: {"_type": "train_iter", "epoch": "14/30", "eta": "0:12:47", "iter": "5001/7445", "loss": 0.961651, "lr": 0.000193, "neg_dist": 3.543805, "pos_dist": 4.203711, "time_diff": 31.030000, "triplet": 0.959906}
[08/12 16:14:52][INFO] utils.logging:   91: {"_type": "train_iter", "epoch": "14/30", "eta": "0:12:45", "iter": "5201/7445", "loss": 1.694373, "lr": 0.000193, "neg_dist": 3.096583, "pos_dist": 4.481054, "time_diff": 32.260000, "triplet": 1.692913}
[08/12 16:14:53][INFO] utils.logging:   91: {"_type": "train_iter", "epoch": "14/30", "eta": "0:12:44", "iter": "5401/7445", "loss": 1.443227, "lr": 0.000193, "neg_dist": 3.765962, "pos_dist": 4.908329, "time_diff": 33.480000, "triplet": 1.442368}
[08/12 16:14:54][INFO] utils.logging:   91: {"_type": "train_iter", "epoch": "14/30", "eta": "0:12:43", "iter": "5601/7445", "loss": 1.149268, "lr": 0.000193, "neg_dist": 3.311062, "pos_dist": 4.159379, "time_diff": 34.730000, "triplet": 1.148317}
[08/12 16:14:56][INFO] utils.logging:   91: {"_type": "train_iter", "epoch": "14/30", "eta": "0:12:41", "iter": "5801/7445", "loss": 1.084075, "lr": 0.000193, "neg_dist": 2.983643, "pos_dist": 3.766446, "time_diff": 35.980000, "triplet": 1.082803}
[08/12 16:14:57][INFO] utils.logging:   91: {"_type": "train_iter", "epoch": "14/30", "eta": "0:12:40", "iter": "6001/7445", "loss": 1.842460, "lr": 0.000193, "neg_dist": 4.327688, "pos_dist": 5.869277, "time_diff": 37.200000, "triplet": 1.841589}
[08/12 16:14:58][INFO] utils.logging:   91: {"_type": "train_iter", "epoch": "14/30", "eta": "0:12:39", "iter": "6201/7445", "loss": 1.765480, "lr": 0.000193, "neg_dist": 3.586473, "pos_dist": 5.050932, "time_diff": 38.460000, "triplet": 1.764459}
[08/12 16:14:59][INFO] utils.logging:   91: {"_type": "train_iter", "epoch": "14/30", "eta": "0:12:38", "iter": "6401/7445", "loss": 0.793297, "lr": 0.000193, "neg_dist": 3.114608, "pos_dist": 3.606750, "time_diff": 39.690000, "triplet": 0.792143}
[08/12 16:15:01][INFO] utils.logging:   91: {"_type": "train_iter", "epoch": "14/30", "eta": "0:12:36", "iter": "6601/7445", "loss": 1.007879, "lr": 0.000193, "neg_dist": 2.776100, "pos_dist": 3.480358, "time_diff": 40.950000, "triplet": 1.006694}
[08/12 16:15:02][INFO] utils.logging:   91: {"_type": "train_iter", "epoch": "14/30", "eta": "0:12:35", "iter": "6801/7445", "loss": 1.848855, "lr": 0.000193, "neg_dist": 4.177890, "pos_dist": 5.725806, "time_diff": 42.200000, "triplet": 1.847916}
[08/12 16:15:03][INFO] utils.logging:   91: {"_type": "train_iter", "epoch": "14/30", "eta": "0:12:34", "iter": "7001/7445", "loss": 1.150448, "lr": 0.000193, "neg_dist": 3.324328, "pos_dist": 4.127615, "time_diff": 43.450000, "triplet": 1.149439}
[08/12 16:15:04][INFO] utils.logging:   91: {"_type": "train_iter", "epoch": "14/30", "eta": "0:12:32", "iter": "7201/7445", "loss": 0.937428, "lr": 0.000193, "neg_dist": 3.058410, "pos_dist": 3.521841, "time_diff": 44.700000, "triplet": 0.936157}
[08/12 16:15:06][INFO] utils.logging:   91: {"_type": "train_iter", "epoch": "14/30", "eta": "0:12:31", "iter": "7401/7445", "loss": 1.011698, "lr": 0.000193, "neg_dist": 3.320304, "pos_dist": 4.030814, "time_diff": 45.940000, "triplet": 1.010510}
[08/12 16:15:06][INFO] utils.logging:   91: {"RAM": "14.59/125.63 GB", "_type": "train_epoch", "epoch": "14/30", "eta": "0:12:31", "gpu_mem": "0.39 GB", "loss": 1.242226, "lr": 0.000193, "neg_dist": 3.413632, "pos_dist": 4.337039, "time_diff": 46.240000, "triplet": 1.241087}
[08/12 16:15:07][INFO] utils.logging:   91: {"_type": "val_epoch", "epoch": "14/30", "loss": 1.258777}
[08/12 16:15:07][INFO] utils.logging:   91: {"_type": "train_iter", "epoch": "15/30", "eta": "0:12:32", "iter": "1/7445", "loss": 0.910764, "lr": 0.000176, "neg_dist": 3.350346, "pos_dist": 3.959802, "time_diff": 0.090000, "triplet": 0.909456}
[08/12 16:15:08][INFO] utils.logging:   91: {"_type": "train_iter", "epoch": "15/30", "eta": "0:12:30", "iter": "201/7445", "loss": 1.329927, "lr": 0.000176, "neg_dist": 3.168411, "pos_dist": 4.197375, "time_diff": 1.380000, "triplet": 1.328965}
[08/12 16:15:09][INFO] utils.logging:   91: {"_type": "train_iter", "epoch": "15/30", "eta": "0:12:29", "iter": "401/7445", "loss": 1.377598, "lr": 0.000176, "neg_dist": 2.851041, "pos_dist": 3.927115, "time_diff": 2.620000, "triplet": 1.376074}
[08/12 16:15:10][INFO] utils.logging:   91: {"_type": "train_iter", "epoch": "15/30", "eta": "0:12:28", "iter": "601/7445", "loss": 1.173848, "lr": 0.000176, "neg_dist": 4.119679, "pos_dist": 4.914969, "time_diff": 3.830000, "triplet": 1.172838}
[08/12 16:15:12][INFO] utils.logging:   91: {"_type": "train_iter", "epoch": "15/30", "eta": "0:12:27", "iter": "801/7445", "loss": 1.594733, "lr": 0.000176, "neg_dist": 3.516722, "pos_dist": 4.810559, "time_diff": 5.090000, "triplet": 1.593836}
[08/12 16:15:13][INFO] utils.logging:   91: {"_type": "train_iter", "epoch": "15/30", "eta": "0:12:25", "iter": "1001/7445", "loss": 1.427099, "lr": 0.000176, "neg_dist": 2.976285, "pos_dist": 4.102182, "time_diff": 6.320000, "triplet": 1.425898}
[08/12 16:15:14][INFO] utils.logging:   91: {"_type": "train_iter", "epoch": "15/30", "eta": "0:12:24", "iter": "1201/7445", "loss": 1.621198, "lr": 0.000176, "neg_dist": 3.082759, "pos_dist": 4.402553, "time_diff": 7.570000, "triplet": 1.619794}
[08/12 16:15:15][INFO] utils.logging:   91: {"_type": "train_iter", "epoch": "15/30", "eta": "0:12:23", "iter": "1401/7445", "loss": 1.316548, "lr": 0.000176, "neg_dist": 4.001189, "pos_dist": 4.922942, "time_diff": 8.790000, "triplet": 1.315612}
[08/12 16:15:17][INFO] utils.logging:   91: {"_type": "train_iter", "epoch": "15/30", "eta": "0:12:21", "iter": "1601/7445", "loss": 1.422711, "lr": 0.000176, "neg_dist": 3.371352, "pos_dist": 4.480774, "time_diff": 10.040000, "triplet": 1.421552}
[08/12 16:15:18][INFO] utils.logging:   91: {"_type": "train_iter", "epoch": "15/30", "eta": "0:12:20", "iter": "1801/7445", "loss": 0.907539, "lr": 0.000176, "neg_dist": 2.758760, "pos_dist": 3.365252, "time_diff": 11.290000, "triplet": 0.906492}
[08/12 16:15:19][INFO] utils.logging:   91: {"_type": "train_iter", "epoch": "15/30", "eta": "0:12:19", "iter": "2001/7445", "loss": 0.738832, "lr": 0.000176, "neg_dist": 3.061879, "pos_dist": 3.455489, "time_diff": 12.530000, "triplet": 0.737709}
[08/12 16:15:20][INFO] utils.logging:   91: {"_type": "train_iter", "epoch": "15/30", "eta": "0:12:18", "iter": "2201/7445", "loss": 1.771376, "lr": 0.000176, "neg_dist": 4.637355, "pos_dist": 6.107828, "time_diff": 13.780000, "triplet": 1.770472}
[08/12 16:15:22][INFO] utils.logging:   91: {"_type": "train_iter", "epoch": "15/30", "eta": "0:12:16", "iter": "2401/7445", "loss": 1.212543, "lr": 0.000176, "neg_dist": 3.307269, "pos_dist": 4.184828, "time_diff": 15.010000, "triplet": 1.211538}
[08/12 16:15:23][INFO] utils.logging:   91: {"_type": "train_iter", "epoch": "15/30", "eta": "0:12:15", "iter": "2601/7445", "loss": 1.009995, "lr": 0.000176, "neg_dist": 3.135401, "pos_dist": 3.844132, "time_diff": 16.250000, "triplet": 1.008731}
[08/12 16:15:24][INFO] utils.logging:   91: {"_type": "train_iter", "epoch": "15/30", "eta": "0:12:14", "iter": "2801/7445", "loss": 1.222791, "lr": 0.000176, "neg_dist": 2.873413, "pos_dist": 3.794927, "time_diff": 17.490000, "triplet": 1.221515}
[08/12 16:15:25][INFO] utils.logging:   91: {"_type": "train_iter", "epoch": "15/30", "eta": "0:12:12", "iter": "3001/7445", "loss": 2.033769, "lr": 0.000176, "neg_dist": 3.292787, "pos_dist": 5.024885, "time_diff": 18.750000, "triplet": 2.032097}
[08/12 16:15:27][INFO] utils.logging:   91: {"_type": "train_iter", "epoch": "15/30", "eta": "0:12:11", "iter": "3201/7445", "loss": 1.017894, "lr": 0.000176, "neg_dist": 2.940455, "pos_dist": 3.657252, "time_diff": 19.990000, "triplet": 1.016796}
[08/12 16:15:28][INFO] utils.logging:   91: {"_type": "train_iter", "epoch": "15/30", "eta": "0:12:10", "iter": "3401/7445", "loss": 1.923020, "lr": 0.000176, "neg_dist": 3.608634, "pos_dist": 5.230496, "time_diff": 21.240000, "triplet": 1.921862}
[08/12 16:15:29][INFO] utils.logging:   91: {"_type": "train_iter", "epoch": "15/30", "eta": "0:12:09", "iter": "3601/7445", "loss": 1.515785, "lr": 0.000176, "neg_dist": 3.532979, "pos_dist": 4.747542, "time_diff": 22.510000, "triplet": 1.514563}
[08/12 16:15:30][INFO] utils.logging:   91: {"_type": "train_iter", "epoch": "15/30", "eta": "0:12:07", "iter": "3801/7445", "loss": 1.151522, "lr": 0.000176, "neg_dist": 3.993167, "pos_dist": 4.843868, "time_diff": 23.730000, "triplet": 1.150701}
[08/12 16:15:32][INFO] utils.logging:   91: {"_type": "train_iter", "epoch": "15/30", "eta": "0:12:06", "iter": "4001/7445", "loss": 0.694168, "lr": 0.000176, "neg_dist": 3.244997, "pos_dist": 3.638210, "time_diff": 24.940000, "triplet": 0.693213}
[08/12 16:15:33][INFO] utils.logging:   91: {"_type": "train_iter", "epoch": "15/30", "eta": "0:12:05", "iter": "4201/7445", "loss": 1.638198, "lr": 0.000176, "neg_dist": 3.880325, "pos_dist": 5.217398, "time_diff": 26.150000, "triplet": 1.637073}
[08/12 16:15:34][INFO] utils.logging:   91: {"_type": "train_iter", "epoch": "15/30", "eta": "0:12:03", "iter": "4401/7445", "loss": 1.258158, "lr": 0.000176, "neg_dist": 3.050108, "pos_dist": 4.006919, "time_diff": 27.390000, "triplet": 1.256811}
[08/12 16:15:35][INFO] utils.logging:   91: {"_type": "train_iter", "epoch": "15/30", "eta": "0:12:02", "iter": "4601/7445", "loss": 1.142187, "lr": 0.000176, "neg_dist": 3.160804, "pos_dist": 3.986019, "time_diff": 28.640000, "triplet": 1.141208}
[08/12 16:15:36][INFO] utils.logging:   91: {"_type": "train_iter", "epoch": "15/30", "eta": "0:12:01", "iter": "4801/7445", "loss": 1.095590, "lr": 0.000176, "neg_dist": 3.532450, "pos_dist": 4.283555, "time_diff": 29.880000, "triplet": 1.094537}
[08/12 16:15:38][INFO] utils.logging:   91: {"_type": "train_iter", "epoch": "15/30", "eta": "0:12:00", "iter": "5001/7445", "loss": 0.888776, "lr": 0.000176, "neg_dist": 3.346198, "pos_dist": 3.934083, "time_diff": 31.150000, "triplet": 0.887884}
[08/12 16:15:39][INFO] utils.logging:   91: {"_type": "train_iter", "epoch": "15/30", "eta": "0:11:58", "iter": "5201/7445", "loss": 0.676115, "lr": 0.000176, "neg_dist": 3.917432, "pos_dist": 4.202731, "time_diff": 32.400000, "triplet": 0.674926}
[08/12 16:15:40][INFO] utils.logging:   91: {"_type": "train_iter", "epoch": "15/30", "eta": "0:11:57", "iter": "5401/7445", "loss": 0.982245, "lr": 0.000176, "neg_dist": 3.697503, "pos_dist": 4.378775, "time_diff": 33.620000, "triplet": 0.981272}
[08/12 16:15:41][INFO] utils.logging:   91: {"_type": "train_iter", "epoch": "15/30", "eta": "0:11:56", "iter": "5601/7445", "loss": 1.224392, "lr": 0.000176, "neg_dist": 3.250781, "pos_dist": 4.172357, "time_diff": 34.820000, "triplet": 1.222969}
[08/12 16:15:43][INFO] utils.logging:   91: {"_type": "train_iter", "epoch": "15/30", "eta": "0:11:54", "iter": "5801/7445", "loss": 0.756875, "lr": 0.000176, "neg_dist": 3.615262, "pos_dist": 4.025599, "time_diff": 36.050000, "triplet": 0.755706}
[08/12 16:15:44][INFO] utils.logging:   91: {"_type": "train_iter", "epoch": "15/30", "eta": "0:11:53", "iter": "6001/7445", "loss": 1.079338, "lr": 0.000176, "neg_dist": 3.216374, "pos_dist": 3.992332, "time_diff": 37.290000, "triplet": 1.078202}
[08/12 16:15:45][INFO] utils.logging:   91: {"_type": "train_iter", "epoch": "15/30", "eta": "0:11:52", "iter": "6201/7445", "loss": 1.410426, "lr": 0.000176, "neg_dist": 3.366683, "pos_dist": 4.475811, "time_diff": 38.520000, "triplet": 1.409128}
[08/12 16:15:46][INFO] utils.logging:   91: {"_type": "train_iter", "epoch": "15/30", "eta": "0:11:51", "iter": "6401/7445", "loss": 2.285483, "lr": 0.000176, "neg_dist": 3.886823, "pos_dist": 5.870972, "time_diff": 39.770000, "triplet": 2.284148}
[08/12 16:15:48][INFO] utils.logging:   91: {"_type": "train_iter", "epoch": "15/30", "eta": "0:11:49", "iter": "6601/7445", "loss": 1.014149, "lr": 0.000176, "neg_dist": 3.194292, "pos_dist": 3.907043, "time_diff": 40.980000, "triplet": 1.012751}
[08/12 16:15:49][INFO] utils.logging:   91: {"_type": "train_iter", "epoch": "15/30", "eta": "0:11:48", "iter": "6801/7445", "loss": 0.791626, "lr": 0.000176, "neg_dist": 2.866952, "pos_dist": 3.357301, "time_diff": 42.220000, "triplet": 0.790349}
[08/12 16:15:50][INFO] utils.logging:   91: {"_type": "train_iter", "epoch": "15/30", "eta": "0:11:47", "iter": "7001/7445", "loss": 1.128524, "lr": 0.000176, "neg_dist": 2.846620, "pos_dist": 3.674232, "time_diff": 43.420000, "triplet": 1.127612}
[08/12 16:15:51][INFO] utils.logging:   91: {"_type": "train_iter", "epoch": "15/30", "eta": "0:11:45", "iter": "7201/7445", "loss": 1.172627, "lr": 0.000176, "neg_dist": 3.346874, "pos_dist": 4.218026, "time_diff": 44.680000, "triplet": 1.171152}
[08/12 16:15:52][INFO] utils.logging:   91: {"_type": "train_iter", "epoch": "15/30", "eta": "0:11:44", "iter": "7401/7445", "loss": 0.967572, "lr": 0.000176, "neg_dist": 3.132853, "pos_dist": 3.799224, "time_diff": 45.910000, "triplet": 0.966371}
[08/12 16:15:53][INFO] utils.logging:   91: {"RAM": "14.59/125.63 GB", "_type": "train_epoch", "epoch": "15/30", "eta": "0:11:44", "gpu_mem": "0.39 GB", "loss": 1.241656, "lr": 0.000176, "neg_dist": 3.419180, "pos_dist": 4.342126, "time_diff": 46.210000, "triplet": 1.240520}
[08/12 16:15:53][INFO] utils.logging:   91: {"_type": "val_epoch", "epoch": "15/30", "loss": 1.270676}
[08/12 16:15:53][INFO] utils.logging:   91: {"_type": "train_iter", "epoch": "16/30", "eta": "0:11:44", "iter": "1/7445", "loss": 1.519915, "lr": 0.000159, "neg_dist": 3.851149, "pos_dist": 5.069949, "time_diff": 0.090000, "triplet": 1.518800}
[08/12 16:15:55][INFO] utils.logging:   91: {"_type": "train_iter", "epoch": "16/30", "eta": "0:11:43", "iter": "201/7445", "loss": 0.935473, "lr": 0.000159, "neg_dist": 4.265745, "pos_dist": 4.899845, "time_diff": 1.330000, "triplet": 0.934100}
[08/12 16:15:56][INFO] utils.logging:   91: {"_type": "train_iter", "epoch": "16/30", "eta": "0:11:42", "iter": "401/7445", "loss": 0.948419, "lr": 0.000159, "neg_dist": 3.174309, "pos_dist": 3.724624, "time_diff": 2.570000, "triplet": 0.947037}
[08/12 16:15:57][INFO] utils.logging:   91: {"_type": "train_iter", "epoch": "16/30", "eta": "0:11:41", "iter": "601/7445", "loss": 1.024256, "lr": 0.000159, "neg_dist": 3.437170, "pos_dist": 4.160144, "time_diff": 3.790000, "triplet": 1.022974}
[08/12 16:15:58][INFO] utils.logging:   91: {"_type": "train_iter", "epoch": "16/30", "eta": "0:11:39", "iter": "801/7445", "loss": 1.193503, "lr": 0.000159, "neg_dist": 2.904607, "pos_dist": 3.796373, "time_diff": 5.020000, "triplet": 1.191766}
[08/12 16:16:00][INFO] utils.logging:   91: {"_type": "train_iter", "epoch": "16/30", "eta": "0:11:38", "iter": "1001/7445", "loss": 1.114230, "lr": 0.000159, "neg_dist": 3.472910, "pos_dist": 4.260565, "time_diff": 6.270000, "triplet": 1.112855}
[08/12 16:16:01][INFO] utils.logging:   91: {"_type": "train_iter", "epoch": "16/30", "eta": "0:11:37", "iter": "1201/7445", "loss": 1.337045, "lr": 0.000159, "neg_dist": 3.382246, "pos_dist": 4.418353, "time_diff": 7.520000, "triplet": 1.336107}
[08/12 16:16:02][INFO] utils.logging:   91: {"_type": "train_iter", "epoch": "16/30", "eta": "0:11:35", "iter": "1401/7445", "loss": 1.482564, "lr": 0.000159, "neg_dist": 2.692709, "pos_dist": 3.874282, "time_diff": 8.760000, "triplet": 1.481573}
[08/12 16:16:03][INFO] utils.logging:   91: {"_type": "train_iter", "epoch": "16/30", "eta": "0:11:34", "iter": "1601/7445", "loss": 0.979790, "lr": 0.000159, "neg_dist": 3.504348, "pos_dist": 4.182711, "time_diff": 9.990000, "triplet": 0.978363}
[08/12 16:16:05][INFO] utils.logging:   91: {"_type": "train_iter", "epoch": "16/30", "eta": "0:11:33", "iter": "1801/7445", "loss": 1.747052, "lr": 0.000159, "neg_dist": 3.472489, "pos_dist": 4.918452, "time_diff": 11.210000, "triplet": 1.745963}
[08/12 16:16:06][INFO] utils.logging:   91: {"_type": "train_iter", "epoch": "16/30", "eta": "0:11:32", "iter": "2001/7445", "loss": 0.829077, "lr": 0.000159, "neg_dist": 3.647300, "pos_dist": 4.175168, "time_diff": 12.460000, "triplet": 0.827868}
[08/12 16:16:07][INFO] utils.logging:   91: {"_type": "train_iter", "epoch": "16/30", "eta": "0:11:30", "iter": "2201/7445", "loss": 1.082431, "lr": 0.000159, "neg_dist": 3.456364, "pos_dist": 4.237870, "time_diff": 13.690000, "triplet": 1.081506}
[08/12 16:16:08][INFO] utils.logging:   91: {"_type": "train_iter", "epoch": "16/30", "eta": "0:11:29", "iter": "2401/7445", "loss": 1.545083, "lr": 0.000159, "neg_dist": 3.046035, "pos_dist": 4.290049, "time_diff": 14.900000, "triplet": 1.544014}
[08/12 16:16:09][INFO] utils.logging:   91: {"_type": "train_iter", "epoch": "16/30", "eta": "0:11:28", "iter": "2601/7445", "loss": 1.344229, "lr": 0.000159, "neg_dist": 3.859243, "pos_dist": 4.902565, "time_diff": 16.120000, "triplet": 1.343322}
[08/12 16:16:11][INFO] utils.logging:   91: {"_type": "train_iter", "epoch": "16/30", "eta": "0:11:26", "iter": "2801/7445", "loss": 1.441340, "lr": 0.000159, "neg_dist": 3.197538, "pos_dist": 4.337471, "time_diff": 17.370000, "triplet": 1.439933}
[08/12 16:16:12][INFO] utils.logging:   91: {"_type": "train_iter", "epoch": "16/30", "eta": "0:11:25", "iter": "3001/7445", "loss": 1.002605, "lr": 0.000159, "neg_dist": 3.136993, "pos_dist": 3.838606, "time_diff": 18.620000, "triplet": 1.001612}
[08/12 16:16:13][INFO] utils.logging:   91: {"_type": "train_iter", "epoch": "16/30", "eta": "0:11:24", "iter": "3201/7445", "loss": 1.563007, "lr": 0.000159, "neg_dist": 3.788151, "pos_dist": 5.050198, "time_diff": 19.910000, "triplet": 1.562047}
[08/12 16:16:15][INFO] utils.logging:   91: {"_type": "train_iter", "epoch": "16/30", "eta": "0:11:23", "iter": "3401/7445", "loss": 1.408193, "lr": 0.000159, "neg_dist": 4.528989, "pos_dist": 5.636063, "time_diff": 21.150000, "triplet": 1.407074}
[08/12 16:16:16][INFO] utils.logging:   91: {"_type": "train_iter", "epoch": "16/30", "eta": "0:11:21", "iter": "3601/7445", "loss": 0.553239, "lr": 0.000159, "neg_dist": 3.568952, "pos_dist": 3.821111, "time_diff": 22.380000, "triplet": 0.552479}
[08/12 16:16:17][INFO] utils.logging:   91: {"_type": "train_iter", "epoch": "16/30", "eta": "0:11:20", "iter": "3801/7445", "loss": 1.171683, "lr": 0.000159, "neg_dist": 3.666173, "pos_dist": 4.536445, "time_diff": 23.610000, "triplet": 1.170272}
[08/12 16:16:18][INFO] utils.logging:   91: {"_type": "train_iter", "epoch": "16/30", "eta": "0:11:19", "iter": "4001/7445", "loss": 1.285162, "lr": 0.000159, "neg_dist": 3.876023, "pos_dist": 4.860190, "time_diff": 24.820000, "triplet": 1.284167}
[08/12 16:16:19][INFO] utils.logging:   91: {"_type": "train_iter", "epoch": "16/30", "eta": "0:11:17", "iter": "4201/7445", "loss": 0.864774, "lr": 0.000159, "neg_dist": 3.586979, "pos_dist": 4.070508, "time_diff": 26.020000, "triplet": 0.863772}
[08/12 16:16:21][INFO] utils.logging:   91: {"_type": "train_iter", "epoch": "16/30", "eta": "0:11:16", "iter": "4401/7445", "loss": 1.382289, "lr": 0.000159, "neg_dist": 3.622791, "pos_dist": 4.703937, "time_diff": 27.230000, "triplet": 1.381146}
[08/12 16:16:22][INFO] utils.logging:   91: {"_type": "train_iter", "epoch": "16/30", "eta": "0:11:15", "iter": "4601/7445", "loss": 1.101288, "lr": 0.000159, "neg_dist": 3.357558, "pos_dist": 4.157722, "time_diff": 28.470000, "triplet": 1.100165}
[08/12 16:16:23][INFO] utils.logging:   91: {"_type": "train_iter", "epoch": "16/30", "eta": "0:11:14", "iter": "4801/7445", "loss": 2.090537, "lr": 0.000159, "neg_dist": 3.404686, "pos_dist": 5.194209, "time_diff": 29.690000, "triplet": 2.089524}
[08/12 16:16:24][INFO] utils.logging:   91: {"_type": "train_iter", "epoch": "16/30", "eta": "0:11:12", "iter": "5001/7445", "loss": 1.075282, "lr": 0.000159, "neg_dist": 2.935374, "pos_dist": 3.709329, "time_diff": 30.980000, "triplet": 1.073955}
[08/12 16:16:26][INFO] utils.logging:   91: {"_type": "train_iter", "epoch": "16/30", "eta": "0:11:11", "iter": "5201/7445", "loss": 1.874032, "lr": 0.000159, "neg_dist": 2.825032, "pos_dist": 4.398009, "time_diff": 32.210000, "triplet": 1.872976}
[08/12 16:16:27][INFO] utils.logging:   91: {"_type": "train_iter", "epoch": "16/30", "eta": "0:11:10", "iter": "5401/7445", "loss": 1.166768, "lr": 0.000159, "neg_dist": 2.925357, "pos_dist": 3.790627, "time_diff": 33.430000, "triplet": 1.165270}
[08/12 16:16:28][INFO] utils.logging:   91: {"_type": "train_iter", "epoch": "16/30", "eta": "0:11:08", "iter": "5601/7445", "loss": 0.720512, "lr": 0.000159, "neg_dist": 3.399650, "pos_dist": 3.819028, "time_diff": 34.670000, "triplet": 0.719378}
[08/12 16:16:29][INFO] utils.logging:   91: {"_type": "train_iter", "epoch": "16/30", "eta": "0:11:07", "iter": "5801/7445", "loss": 1.827667, "lr": 0.000159, "neg_dist": 3.852937, "pos_dist": 5.376846, "time_diff": 35.900000, "triplet": 1.826427}
[08/12 16:16:30][INFO] utils.logging:   91: {"_type": "train_iter", "epoch": "16/30", "eta": "0:11:06", "iter": "6001/7445", "loss": 0.896792, "lr": 0.000159, "neg_dist": 3.505068, "pos_dist": 4.090697, "time_diff": 37.140000, "triplet": 0.895594}
[08/12 16:16:32][INFO] utils.logging:   91: {"_type": "train_iter", "epoch": "16/30", "eta": "0:11:05", "iter": "6201/7445", "loss": 1.765979, "lr": 0.000159, "neg_dist": 5.123804, "pos_dist": 6.588972, "time_diff": 38.390000, "triplet": 1.765168}
[08/12 16:16:33][INFO] utils.logging:   91: {"_type": "train_iter", "epoch": "16/30", "eta": "0:11:03", "iter": "6401/7445", "loss": 1.252130, "lr": 0.000159, "neg_dist": 4.256922, "pos_dist": 5.208282, "time_diff": 39.630000, "triplet": 1.251360}
[08/12 16:16:34][INFO] utils.logging:   91: {"_type": "train_iter", "epoch": "16/30", "eta": "0:11:02", "iter": "6601/7445", "loss": 0.943944, "lr": 0.000159, "neg_dist": 3.568195, "pos_dist": 3.999590, "time_diff": 40.890000, "triplet": 0.942841}
[08/12 16:16:35][INFO] utils.logging:   91: {"_type": "train_iter", "epoch": "16/30", "eta": "0:11:01", "iter": "6801/7445", "loss": 1.212631, "lr": 0.000159, "neg_dist": 4.226322, "pos_dist": 5.137879, "time_diff": 42.140000, "triplet": 1.211557}
[08/12 16:16:37][INFO] utils.logging:   91: {"_type": "train_iter", "epoch": "16/30", "eta": "0:10:59", "iter": "7001/7445", "loss": 1.641461, "lr": 0.000159, "neg_dist": 3.178537, "pos_dist": 4.518685, "time_diff": 43.370000, "triplet": 1.640148}
[08/12 16:16:38][INFO] utils.logging:   91: {"_type": "train_iter", "epoch": "16/30", "eta": "0:10:58", "iter": "7201/7445", "loss": 0.973358, "lr": 0.000159, "neg_dist": 3.523916, "pos_dist": 4.196347, "time_diff": 44.610000, "triplet": 0.972432}
[08/12 16:16:39][INFO] utils.logging:   91: {"_type": "train_iter", "epoch": "16/30", "eta": "0:10:57", "iter": "7401/7445", "loss": 1.522043, "lr": 0.000159, "neg_dist": 3.283321, "pos_dist": 4.504397, "time_diff": 45.850000, "triplet": 1.521076}
[08/12 16:16:39][INFO] __main__:  214: Checkpoint: output/frame_selector/ssv2_ViT-B16_PhaseOffset_BiMHM/frame_selector_epoch0015.pth
[08/12 16:16:40][INFO] utils.logging:   91: {"RAM": "14.56/125.63 GB", "_type": "train_epoch", "epoch": "16/30", "eta": "0:10:57", "gpu_mem": "0.39 GB", "loss": 1.240755, "lr": 0.000159, "neg_dist": 3.419016, "pos_dist": 4.341164, "time_diff": 46.150000, "triplet": 1.239618}
[08/12 16:16:40][INFO] utils.logging:   91: {"_type": "val_epoch", "epoch": "16/30", "loss": 1.276067}
[08/12 16:16:40][INFO] utils.logging:   91: {"_type": "train_iter", "epoch": "17/30", "eta": "0:10:57", "iter": "1/7445", "loss": 1.159183, "lr": 0.000141, "neg_dist": 3.445668, "pos_dist": 4.303731, "time_diff": 0.090000, "triplet": 1.158063}
[08/12 16:16:41][INFO] utils.logging:   91: {"_type": "train_iter", "epoch": "17/30", "eta": "0:10:56", "iter": "201/7445", "loss": 1.232471, "lr": 0.000141, "neg_dist": 2.834152, "pos_dist": 3.765363, "time_diff": 1.340000, "triplet": 1.231211}
[08/12 16:16:43][INFO] utils.logging:   91: {"_type": "train_iter", "epoch": "17/30", "eta": "0:10:55", "iter": "401/7445", "loss": 0.817675, "lr": 0.000141, "neg_dist": 2.970901, "pos_dist": 3.449742, "time_diff": 2.590000, "triplet": 0.816496}
[08/12 16:16:44][INFO] utils.logging:   91: {"_type": "train_iter", "epoch": "17/30", "eta": "0:10:53", "iter": "601/7445", "loss": 1.577226, "lr": 0.000141, "neg_dist": 2.630560, "pos_dist": 3.906585, "time_diff": 3.820000, "triplet": 1.576025}
[08/12 16:16:45][INFO] utils.logging:   91: {"_type": "train_iter", "epoch": "17/30", "eta": "0:10:52", "iter": "801/7445", "loss": 2.271520, "lr": 0.000141, "neg_dist": 3.495075, "pos_dist": 5.465345, "time_diff": 5.050000, "triplet": 2.270269}
[08/12 16:16:46][INFO] utils.logging:   91: {"_type": "train_iter", "epoch": "17/30", "eta": "0:10:51", "iter": "1001/7445", "loss": 0.873409, "lr": 0.000141, "neg_dist": 3.705002, "pos_dist": 4.254309, "time_diff": 6.280000, "triplet": 0.872202}
[08/12 16:16:48][INFO] utils.logging:   91: {"_type": "train_iter", "epoch": "17/30", "eta": "0:10:50", "iter": "1201/7445", "loss": 1.212934, "lr": 0.000141, "neg_dist": 2.956306, "pos_dist": 3.867873, "time_diff": 7.510000, "triplet": 1.211567}
[08/12 16:16:49][INFO] utils.logging:   91: {"_type": "train_iter", "epoch": "17/30", "eta": "0:10:48", "iter": "1401/7445", "loss": 0.994641, "lr": 0.000141, "neg_dist": 3.498212, "pos_dist": 4.192169, "time_diff": 8.730000, "triplet": 0.993957}
[08/12 16:16:50][INFO] utils.logging:   91: {"_type": "train_iter", "epoch": "17/30", "eta": "0:10:47", "iter": "1601/7445", "loss": 1.097715, "lr": 0.000141, "neg_dist": 3.866964, "pos_dist": 4.663721, "time_diff": 9.950000, "triplet": 1.096756}
[08/12 16:16:51][INFO] utils.logging:   91: {"_type": "train_iter", "epoch": "17/30", "eta": "0:10:46", "iter": "1801/7445", "loss": 1.236585, "lr": 0.000141, "neg_dist": 3.050192, "pos_dist": 3.985462, "time_diff": 11.190000, "triplet": 1.235270}
[08/12 16:16:53][INFO] utils.logging:   91: {"_type": "train_iter", "epoch": "17/30", "eta": "0:10:44", "iter": "2001/7445", "loss": 0.958959, "lr": 0.000141, "neg_dist": 3.251347, "pos_dist": 3.894707, "time_diff": 12.420000, "triplet": 0.957322}
[08/12 16:16:54][INFO] utils.logging:   91: {"_type": "train_iter", "epoch": "17/30", "eta": "0:10:43", "iter": "2201/7445", "loss": 1.272097, "lr": 0.000141, "neg_dist": 3.260537, "pos_dist": 4.208939, "time_diff": 13.650000, "triplet": 1.270891}
[08/12 16:16:55][INFO] utils.logging:   91: {"_type": "train_iter", "epoch": "17/30", "eta": "0:10:42", "iter": "2401/7445", "loss": 0.825354, "lr": 0.000141, "neg_dist": 3.091985, "pos_dist": 3.601580, "time_diff": 14.890000, "triplet": 0.824221}
[08/12 16:16:56][INFO] utils.logging:   91: {"_type": "train_iter", "epoch": "17/30", "eta": "0:10:41", "iter": "2601/7445", "loss": 1.861664, "lr": 0.000141, "neg_dist": 3.503383, "pos_dist": 5.064337, "time_diff": 16.170000, "triplet": 1.860954}
[08/12 16:16:58][INFO] utils.logging:   91: {"_type": "train_iter", "epoch": "17/30", "eta": "0:10:39", "iter": "2801/7445", "loss": 2.018134, "lr": 0.000141, "neg_dist": 3.106792, "pos_dist": 4.823987, "time_diff": 17.430000, "triplet": 2.017194}
[08/12 16:16:59][INFO] utils.logging:   91: {"_type": "train_iter", "epoch": "17/30", "eta": "0:10:38", "iter": "3001/7445", "loss": 1.107201, "lr": 0.000141, "neg_dist": 3.713540, "pos_dist": 4.519912, "time_diff": 18.660000, "triplet": 1.106372}
[08/12 16:17:00][INFO] utils.logging:   91: {"_type": "train_iter", "epoch": "17/30", "eta": "0:10:37", "iter": "3201/7445", "loss": 1.303184, "lr": 0.000141, "neg_dist": 3.210300, "pos_dist": 4.212483, "time_diff": 19.930000, "triplet": 1.302183}
[08/12 16:17:01][INFO] utils.logging:   91: {"_type": "train_iter", "epoch": "17/30", "eta": "0:10:35", "iter": "3401/7445", "loss": 1.382326, "lr": 0.000141, "neg_dist": 3.598949, "pos_dist": 4.642303, "time_diff": 21.160000, "triplet": 1.381410}
[08/12 16:17:03][INFO] utils.logging:   91: {"_type": "train_iter", "epoch": "17/30", "eta": "0:10:34", "iter": "3601/7445", "loss": 1.525683, "lr": 0.000141, "neg_dist": 4.100368, "pos_dist": 5.322051, "time_diff": 22.390000, "triplet": 1.524631}
[08/12 16:17:04][INFO] utils.logging:   91: {"_type": "train_iter", "epoch": "17/30", "eta": "0:10:33", "iter": "3801/7445", "loss": 1.124899, "lr": 0.000141, "neg_dist": 3.222472, "pos_dist": 4.046126, "time_diff": 23.630000, "triplet": 1.123654}
[08/12 16:17:05][INFO] utils.logging:   91: {"_type": "train_iter", "epoch": "17/30", "eta": "0:10:32", "iter": "4001/7445", "loss": 1.324027, "lr": 0.000141, "neg_dist": 3.023748, "pos_dist": 4.046599, "time_diff": 24.880000, "triplet": 1.322851}
[08/12 16:17:06][INFO] utils.logging:   91: {"_type": "train_iter", "epoch": "17/30", "eta": "0:10:30", "iter": "4201/7445", "loss": 1.182350, "lr": 0.000141, "neg_dist": 3.357266, "pos_dist": 4.238632, "time_diff": 26.120000, "triplet": 1.181365}
[08/12 16:17:07][INFO] utils.logging:   91: {"_type": "train_iter", "epoch": "17/30", "eta": "0:10:29", "iter": "4401/7445", "loss": 1.301479, "lr": 0.000141, "neg_dist": 3.107377, "pos_dist": 4.107745, "time_diff": 27.350000, "triplet": 1.300367}
[08/12 16:17:09][INFO] utils.logging:   91: {"_type": "train_iter", "epoch": "17/30", "eta": "0:10:28", "iter": "4601/7445", "loss": 0.976504, "lr": 0.000141, "neg_dist": 3.397158, "pos_dist": 4.072682, "time_diff": 28.590000, "triplet": 0.975524}
[08/12 16:17:10][INFO] utils.logging:   91: {"_type": "train_iter", "epoch": "17/30", "eta": "0:10:26", "iter": "4801/7445", "loss": 1.264523, "lr": 0.000141, "neg_dist": 3.350242, "pos_dist": 4.313590, "time_diff": 29.790000, "triplet": 1.263348}
[08/12 16:17:11][INFO] utils.logging:   91: {"_type": "train_iter", "epoch": "17/30", "eta": "0:10:25", "iter": "5001/7445", "loss": 1.529846, "lr": 0.000141, "neg_dist": 2.749531, "pos_dist": 3.978244, "time_diff": 31.030000, "triplet": 1.528713}
[08/12 16:17:12][INFO] utils.logging:   91: {"_type": "train_iter", "epoch": "17/30", "eta": "0:10:24", "iter": "5201/7445", "loss": 1.771309, "lr": 0.000141, "neg_dist": 2.845944, "pos_dist": 4.315882, "time_diff": 32.290000, "triplet": 1.769939}
[08/12 16:17:14][INFO] utils.logging:   91: {"_type": "train_iter", "epoch": "17/30", "eta": "0:10:23", "iter": "5401/7445", "loss": 0.774353, "lr": 0.000141, "neg_dist": 2.943681, "pos_dist": 3.416750, "time_diff": 33.520000, "triplet": 0.773070}
[08/12 16:17:15][INFO] utils.logging:   91: {"_type": "train_iter", "epoch": "17/30", "eta": "0:10:21", "iter": "5601/7445", "loss": 0.435262, "lr": 0.000141, "neg_dist": 3.571679, "pos_dist": 3.684501, "time_diff": 34.750000, "triplet": 0.434363}
[08/12 16:17:16][INFO] utils.logging:   91: {"_type": "train_iter", "epoch": "17/30", "eta": "0:10:20", "iter": "5801/7445", "loss": 0.728755, "lr": 0.000141, "neg_dist": 3.636891, "pos_dist": 3.988630, "time_diff": 35.970000, "triplet": 0.727542}
[08/12 16:17:17][INFO] utils.logging:   91: {"_type": "train_iter", "epoch": "17/30", "eta": "0:10:19", "iter": "6001/7445", "loss": 1.232616, "lr": 0.000141, "neg_dist": 3.516654, "pos_dist": 4.414330, "time_diff": 37.200000, "triplet": 1.231530}
[08/12 16:17:19][INFO] utils.logging:   91: {"_type": "train_iter", "epoch": "17/30", "eta": "0:10:18", "iter": "6201/7445", "loss": 1.317722, "lr": 0.000141, "neg_dist": 3.711946, "pos_dist": 4.696721, "time_diff": 38.420000, "triplet": 1.316790}
[08/12 16:17:20][INFO] utils.logging:   91: {"_type": "train_iter", "epoch": "17/30", "eta": "0:10:16", "iter": "6401/7445", "loss": 1.530011, "lr": 0.000141, "neg_dist": 3.536811, "pos_dist": 4.765534, "time_diff": 39.660000, "triplet": 1.528723}
[08/12 16:17:21][INFO] utils.logging:   91: {"_type": "train_iter", "epoch": "17/30", "eta": "0:10:15", "iter": "6601/7445", "loss": 0.677083, "lr": 0.000141, "neg_dist": 3.155067, "pos_dist": 3.337435, "time_diff": 40.910000, "triplet": 0.675864}
[08/12 16:17:22][INFO] utils.logging:   91: {"_type": "train_iter", "epoch": "17/30", "eta": "0:10:14", "iter": "6801/7445", "loss": 1.163513, "lr": 0.000141, "neg_dist": 3.345187, "pos_dist": 4.207325, "time_diff": 42.160000, "triplet": 1.162139}
[08/12 16:17:24][INFO] utils.logging:   91: {"_type": "train_iter", "epoch": "17/30", "eta": "0:10:12", "iter": "7001/7445", "loss": 1.707712, "lr": 0.000141, "neg_dist": 3.241516, "pos_dist": 4.648083, "time_diff": 43.400000, "triplet": 1.706568}
[08/12 16:17:25][INFO] utils.logging:   91: {"_type": "train_iter", "epoch": "17/30", "eta": "0:10:11", "iter": "7201/7445", "loss": 0.826097, "lr": 0.000141, "neg_dist": 2.777738, "pos_dist": 3.302795, "time_diff": 44.640000, "triplet": 0.825057}
[08/12 16:17:26][INFO] utils.logging:   91: {"_type": "train_iter", "epoch": "17/30", "eta": "0:10:10", "iter": "7401/7445", "loss": 0.915618, "lr": 0.000141, "neg_dist": 3.071954, "pos_dist": 3.686238, "time_diff": 45.870000, "triplet": 0.914284}
[08/12 16:17:26][INFO] utils.logging:   91: {"RAM": "14.54/125.63 GB", "_type": "train_epoch", "epoch": "17/30", "eta": "0:10:10", "gpu_mem": "0.39 GB", "loss": 1.240011, "lr": 0.000141, "neg_dist": 3.424656, "pos_dist": 4.346280, "time_diff": 46.170000, "triplet": 1.238872}
[08/12 16:17:27][INFO] utils.logging:   91: {"_type": "val_epoch", "epoch": "17/30", "loss": 1.258407}
[08/12 16:17:27][INFO] utils.logging:   91: {"_type": "train_iter", "epoch": "18/30", "eta": "0:10:10", "iter": "1/7445", "loss": 1.990857, "lr": 0.000124, "neg_dist": 3.621976, "pos_dist": 5.311779, "time_diff": 0.090000, "triplet": 1.989803}
[08/12 16:17:28][INFO] utils.logging:   91: {"_type": "train_iter", "epoch": "18/30", "eta": "0:10:09", "iter": "201/7445", "loss": 1.391793, "lr": 0.000124, "neg_dist": 3.445473, "pos_dist": 4.536016, "time_diff": 1.390000, "triplet": 1.390543}
[08/12 16:17:30][INFO] utils.logging:   91: {"_type": "train_iter", "epoch": "18/30", "eta": "0:10:08", "iter": "401/7445", "loss": 1.798971, "lr": 0.000124, "neg_dist": 3.429260, "pos_dist": 4.927283, "time_diff": 2.640000, "triplet": 1.798022}
[08/12 16:17:31][INFO] utils.logging:   91: {"_type": "train_iter", "epoch": "18/30", "eta": "0:10:06", "iter": "601/7445", "loss": 0.997955, "lr": 0.000124, "neg_dist": 3.771917, "pos_dist": 4.356836, "time_diff": 3.860000, "triplet": 0.996668}
[08/12 16:17:32][INFO] utils.logging:   91: {"_type": "train_iter", "epoch": "18/30", "eta": "0:10:05", "iter": "801/7445", "loss": 1.260581, "lr": 0.000124, "neg_dist": 3.013778, "pos_dist": 3.973058, "time_diff": 5.080000, "triplet": 1.259280}
[08/12 16:17:33][INFO] utils.logging:   91: {"_type": "train_iter", "epoch": "18/30", "eta": "0:10:04", "iter": "1001/7445", "loss": 1.126912, "lr": 0.000124, "neg_dist": 3.243842, "pos_dist": 4.067313, "time_diff": 6.320000, "triplet": 1.125854}
[08/12 16:17:34][INFO] utils.logging:   91: {"_type": "train_iter", "epoch": "18/30", "eta": "0:10:02", "iter": "1201/7445", "loss": 0.940523, "lr": 0.000124, "neg_dist": 3.048585, "pos_dist": 3.669738, "time_diff": 7.570000, "triplet": 0.939109}
[08/12 16:17:36][INFO] utils.logging:   91: {"_type": "train_iter", "epoch": "18/30", "eta": "0:10:01", "iter": "1401/7445", "loss": 0.949531, "lr": 0.000124, "neg_dist": 3.390428, "pos_dist": 4.038544, "time_diff": 8.800000, "triplet": 0.948115}
[08/12 16:17:37][INFO] utils.logging:   91: {"_type": "train_iter", "epoch": "18/30", "eta": "0:10:00", "iter": "1601/7445", "loss": 1.444840, "lr": 0.000124, "neg_dist": 3.690250, "pos_dist": 4.817721, "time_diff": 10.030000, "triplet": 1.443853}
[08/12 16:17:38][INFO] utils.logging:   91: {"_type": "train_iter", "epoch": "18/30", "eta": "0:09:59", "iter": "1801/7445", "loss": 1.643209, "lr": 0.000124, "neg_dist": 3.325713, "pos_dist": 4.668081, "time_diff": 11.260000, "triplet": 1.642368}
[08/12 16:17:39][INFO] utils.logging:   91: {"_type": "train_iter", "epoch": "18/30", "eta": "0:09:57", "iter": "2001/7445", "loss": 1.547117, "lr": 0.000124, "neg_dist": 3.102674, "pos_dist": 4.348560, "time_diff": 12.510000, "triplet": 1.545886}
[08/12 16:17:41][INFO] utils.logging:   91: {"_type": "train_iter", "epoch": "18/30", "eta": "0:09:56", "iter": "2201/7445", "loss": 1.138368, "lr": 0.000124, "neg_dist": 3.474345, "pos_dist": 4.251794, "time_diff": 13.740000, "triplet": 1.137393}
[08/12 16:17:42][INFO] utils.logging:   91: {"_type": "train_iter", "epoch": "18/30", "eta": "0:09:55", "iter": "2401/7445", "loss": 0.905179, "lr": 0.000124, "neg_dist": 3.099383, "pos_dist": 3.669006, "time_diff": 14.950000, "triplet": 0.903926}
[08/12 16:17:43][INFO] utils.logging:   91: {"_type": "train_iter", "epoch": "18/30", "eta": "0:09:53", "iter": "2601/7445", "loss": 1.149916, "lr": 0.000124, "neg_dist": 3.395728, "pos_dist": 4.244348, "time_diff": 16.180000, "triplet": 1.148620}
[08/12 16:17:44][INFO] utils.logging:   91: {"_type": "train_iter", "epoch": "18/30", "eta": "0:09:52", "iter": "2801/7445", "loss": 1.337090, "lr": 0.000124, "neg_dist": 3.339030, "pos_dist": 4.374828, "time_diff": 17.420000, "triplet": 1.335798}
[08/12 16:17:46][INFO] utils.logging:   91: {"_type": "train_iter", "epoch": "18/30", "eta": "0:09:51", "iter": "3001/7445", "loss": 1.323139, "lr": 0.000124, "neg_dist": 3.765033, "pos_dist": 4.555750, "time_diff": 18.650000, "triplet": 1.322529}
[08/12 16:17:47][INFO] utils.logging:   91: {"_type": "train_iter", "epoch": "18/30", "eta": "0:09:50", "iter": "3201/7445", "loss": 0.924377, "lr": 0.000124, "neg_dist": 3.556129, "pos_dist": 3.993087, "time_diff": 19.880000, "triplet": 0.923295}
[08/12 16:17:48][INFO] utils.logging:   91: {"_type": "train_iter", "epoch": "18/30", "eta": "0:09:48", "iter": "3401/7445", "loss": 1.332659, "lr": 0.000124, "neg_dist": 3.842174, "pos_dist": 4.873556, "time_diff": 21.110000, "triplet": 1.331381}
[08/12 16:17:49][INFO] utils.logging:   91: {"_type": "train_iter", "epoch": "18/30", "eta": "0:09:47", "iter": "3601/7445", "loss": 1.005831, "lr": 0.000124, "neg_dist": 4.351359, "pos_dist": 5.012571, "time_diff": 22.370000, "triplet": 1.004527}
[08/12 16:17:50][INFO] utils.logging:   91: {"_type": "train_iter", "epoch": "18/30", "eta": "0:09:46", "iter": "3801/7445", "loss": 1.393672, "lr": 0.000124, "neg_dist": 3.490934, "pos_dist": 4.582795, "time_diff": 23.610000, "triplet": 1.392408}
[08/12 16:17:52][INFO] utils.logging:   91: {"_type": "train_iter", "epoch": "18/30", "eta": "0:09:45", "iter": "4001/7445", "loss": 1.038067, "lr": 0.000124, "neg_dist": 3.889784, "pos_dist": 4.589360, "time_diff": 24.870000, "triplet": 1.037210}
[08/12 16:17:53][INFO] utils.logging:   91: {"_type": "train_iter", "epoch": "18/30", "eta": "0:09:43", "iter": "4201/7445", "loss": 1.015712, "lr": 0.000124, "neg_dist": 3.729567, "pos_dist": 4.426721, "time_diff": 26.120000, "triplet": 1.014743}
[08/12 16:17:54][INFO] utils.logging:   91: {"_type": "train_iter", "epoch": "18/30", "eta": "0:09:42", "iter": "4401/7445", "loss": 1.141122, "lr": 0.000124, "neg_dist": 2.901546, "pos_dist": 3.741101, "time_diff": 27.350000, "triplet": 1.139555}
[08/12 16:17:55][INFO] utils.logging:   91: {"_type": "train_iter", "epoch": "18/30", "eta": "0:09:41", "iter": "4601/7445", "loss": 1.656893, "lr": 0.000124, "neg_dist": 2.960428, "pos_dist": 4.316178, "time_diff": 28.620000, "triplet": 1.655750}
[08/12 16:17:57][INFO] utils.logging:   91: {"_type": "train_iter", "epoch": "18/30", "eta": "0:09:39", "iter": "4801/7445", "loss": 0.924521, "lr": 0.000124, "neg_dist": 4.067940, "pos_dist": 4.603166, "time_diff": 29.830000, "triplet": 0.923513}
[08/12 16:17:58][INFO] utils.logging:   91: {"_type": "train_iter", "epoch": "18/30", "eta": "0:09:38", "iter": "5001/7445", "loss": 0.995213, "lr": 0.000124, "neg_dist": 3.536308, "pos_dist": 4.230201, "time_diff": 31.090000, "triplet": 0.993892}
[08/12 16:17:59][INFO] utils.logging:   91: {"_type": "train_iter", "epoch": "18/30", "eta": "0:09:37", "iter": "5201/7445", "loss": 1.264317, "lr": 0.000124, "neg_dist": 3.296737, "pos_dist": 4.259929, "time_diff": 32.340000, "triplet": 1.263192}
[08/12 16:18:00][INFO] utils.logging:   91: {"_type": "train_iter", "epoch": "18/30", "eta": "0:09:36", "iter": "5401/7445", "loss": 1.100834, "lr": 0.000124, "neg_dist": 3.357805, "pos_dist": 4.157540, "time_diff": 33.580000, "triplet": 1.099735}
[08/12 16:18:02][INFO] utils.logging:   91: {"_type": "train_iter", "epoch": "18/30", "eta": "0:09:34", "iter": "5601/7445", "loss": 1.190440, "lr": 0.000124, "neg_dist": 3.171964, "pos_dist": 4.061167, "time_diff": 34.820000, "triplet": 1.189204}
[08/12 16:18:03][INFO] utils.logging:   91: {"_type": "train_iter", "epoch": "18/30", "eta": "0:09:33", "iter": "5801/7445", "loss": 1.230198, "lr": 0.000124, "neg_dist": 2.838824, "pos_dist": 3.767783, "time_diff": 36.070000, "triplet": 1.228960}
[08/12 16:18:04][INFO] utils.logging:   91: {"_type": "train_iter", "epoch": "18/30", "eta": "0:09:32", "iter": "6001/7445", "loss": 1.051029, "lr": 0.000124, "neg_dist": 3.595983, "pos_dist": 4.346087, "time_diff": 37.320000, "triplet": 1.050104}
[08/12 16:18:05][INFO] utils.logging:   91: {"_type": "train_iter", "epoch": "18/30", "eta": "0:09:31", "iter": "6201/7445", "loss": 1.569119, "lr": 0.000124, "neg_dist": 3.357510, "pos_dist": 4.625021, "time_diff": 38.570000, "triplet": 1.567511}
[08/12 16:18:07][INFO] utils.logging:   91: {"_type": "train_iter", "epoch": "18/30", "eta": "0:09:29", "iter": "6401/7445", "loss": 0.888608, "lr": 0.000124, "neg_dist": 3.556043, "pos_dist": 4.143406, "time_diff": 39.840000, "triplet": 0.887364}
[08/12 16:18:08][INFO] utils.logging:   91: {"_type": "train_iter", "epoch": "18/30", "eta": "0:09:28", "iter": "6601/7445", "loss": 0.650328, "lr": 0.000124, "neg_dist": 3.929385, "pos_dist": 4.161048, "time_diff": 41.070000, "triplet": 0.648907}
[08/12 16:18:09][INFO] utils.logging:   91: {"_type": "train_iter", "epoch": "18/30", "eta": "0:09:27", "iter": "6801/7445", "loss": 1.097385, "lr": 0.000124, "neg_dist": 3.712707, "pos_dist": 4.509094, "time_diff": 42.330000, "triplet": 1.096388}
[08/12 16:18:10][INFO] utils.logging:   91: {"_type": "train_iter", "epoch": "18/30", "eta": "0:09:25", "iter": "7001/7445", "loss": 1.222872, "lr": 0.000124, "neg_dist": 2.985042, "pos_dist": 3.906791, "time_diff": 43.580000, "triplet": 1.221749}
[08/12 16:18:12][INFO] utils.logging:   91: {"_type": "train_iter", "epoch": "18/30", "eta": "0:09:24", "iter": "7201/7445", "loss": 1.591601, "lr": 0.000124, "neg_dist": 3.407753, "pos_dist": 4.698185, "time_diff": 44.810000, "triplet": 1.590433}
[08/12 16:18:13][INFO] utils.logging:   91: {"_type": "train_iter", "epoch": "18/30", "eta": "0:09:23", "iter": "7401/7445", "loss": 0.931804, "lr": 0.000124, "neg_dist": 3.483903, "pos_dist": 4.114527, "time_diff": 46.060000, "triplet": 0.930624}
[08/12 16:18:13][INFO] utils.logging:   91: {"RAM": "14.54/125.63 GB", "_type": "train_epoch", "epoch": "18/30", "eta": "0:09:23", "gpu_mem": "0.39 GB", "loss": 1.240463, "lr": 0.000124, "neg_dist": 3.437733, "pos_dist": 4.358786, "time_diff": 46.360000, "triplet": 1.239329}
[08/12 16:18:14][INFO] utils.logging:   91: {"_type": "val_epoch", "epoch": "18/30", "loss": 1.214607}
[08/12 16:18:14][INFO] __main__:  217: Best checkpoint: output/frame_selector/ssv2_ViT-B16_PhaseOffset_BiMHM/frame_selector_best.pth (loss=1.214607)
[08/12 16:18:14][INFO] __main__:  530: New best val loss: 1.214607 at epoch 17
[08/12 16:18:14][INFO] utils.logging:   91: {"_type": "train_iter", "epoch": "19/30", "eta": "0:09:23", "iter": "1/7445", "loss": 1.080790, "lr": 0.000107, "neg_dist": 3.307019, "pos_dist": 4.086804, "time_diff": 0.090000, "triplet": 1.079785}
[08/12 16:18:15][INFO] utils.logging:   91: {"_type": "train_iter", "epoch": "19/30", "eta": "0:09:22", "iter": "201/7445", "loss": 1.219155, "lr": 0.000107, "neg_dist": 3.393126, "pos_dist": 4.262568, "time_diff": 1.350000, "triplet": 1.217958}
[08/12 16:18:16][INFO] utils.logging:   91: {"_type": "train_iter", "epoch": "19/30", "eta": "0:09:21", "iter": "401/7445", "loss": 1.682940, "lr": 0.000107, "neg_dist": 3.488721, "pos_dist": 4.870729, "time_diff": 2.570000, "triplet": 1.682009}
[08/12 16:18:18][INFO] utils.logging:   91: {"_type": "train_iter", "epoch": "19/30", "eta": "0:09:19", "iter": "601/7445", "loss": 1.401845, "lr": 0.000107, "neg_dist": 3.836232, "pos_dist": 4.936667, "time_diff": 3.800000, "triplet": 1.400435}
[08/12 16:18:19][INFO] utils.logging:   91: {"_type": "train_iter", "epoch": "19/30", "eta": "0:09:18", "iter": "801/7445", "loss": 0.741543, "lr": 0.000107, "neg_dist": 3.273310, "pos_dist": 3.713217, "time_diff": 5.030000, "triplet": 0.739907}
[08/12 16:18:20][INFO] utils.logging:   91: {"_type": "train_iter", "epoch": "19/30", "eta": "0:09:17", "iter": "1001/7445", "loss": 0.965978, "lr": 0.000107, "neg_dist": 2.886582, "pos_dist": 3.362828, "time_diff": 6.250000, "triplet": 0.964631}
[08/12 16:18:21][INFO] utils.logging:   91: {"_type": "train_iter", "epoch": "19/30", "eta": "0:09:15", "iter": "1201/7445", "loss": 1.194970, "lr": 0.000107, "neg_dist": 3.371455, "pos_dist": 4.159816, "time_diff": 7.480000, "triplet": 1.193693}
[08/12 16:18:23][INFO] utils.logging:   91: {"_type": "train_iter", "epoch": "19/30", "eta": "0:09:14", "iter": "1401/7445", "loss": 0.975814, "lr": 0.000107, "neg_dist": 3.241727, "pos_dist": 3.889005, "time_diff": 8.740000, "triplet": 0.974320}
[08/12 16:18:24][INFO] utils.logging:   91: {"_type": "train_iter", "epoch": "19/30", "eta": "0:09:13", "iter": "1601/7445", "loss": 1.658144, "lr": 0.000107, "neg_dist": 3.428167, "pos_dist": 4.785108, "time_diff": 10.000000, "triplet": 1.656941}
[08/12 16:18:25][INFO] utils.logging:   91: {"_type": "train_iter", "epoch": "19/30", "eta": "0:09:12", "iter": "1801/7445", "loss": 1.597472, "lr": 0.000107, "neg_dist": 3.511558, "pos_dist": 4.808125, "time_diff": 11.240000, "triplet": 1.596566}
[08/12 16:18:26][INFO] utils.logging:   91: {"_type": "train_iter", "epoch": "19/30", "eta": "0:09:10", "iter": "2001/7445", "loss": 0.779744, "lr": 0.000107, "neg_dist": 3.635791, "pos_dist": 3.895915, "time_diff": 12.460000, "triplet": 0.778597}
[08/12 16:18:28][INFO] utils.logging:   91: {"_type": "train_iter", "epoch": "19/30", "eta": "0:09:09", "iter": "2201/7445", "loss": 1.381936, "lr": 0.000107, "neg_dist": 3.584922, "pos_dist": 4.665547, "time_diff": 13.690000, "triplet": 1.380625}
[08/12 16:18:29][INFO] utils.logging:   91: {"_type": "train_iter", "epoch": "19/30", "eta": "0:09:08", "iter": "2401/7445", "loss": 0.643288, "lr": 0.000107, "neg_dist": 3.307038, "pos_dist": 3.493821, "time_diff": 14.910000, "triplet": 0.642366}
[08/12 16:18:30][INFO] utils.logging:   91: {"_type": "train_iter", "epoch": "19/30", "eta": "0:09:06", "iter": "2601/7445", "loss": 1.532486, "lr": 0.000107, "neg_dist": 2.926700, "pos_dist": 4.157672, "time_diff": 16.140000, "triplet": 1.530972}
[08/12 16:18:31][INFO] utils.logging:   91: {"_type": "train_iter", "epoch": "19/30", "eta": "0:09:05", "iter": "2801/7445", "loss": 1.087027, "lr": 0.000107, "neg_dist": 3.317491, "pos_dist": 4.103507, "time_diff": 17.350000, "triplet": 1.086016}
[08/12 16:18:32][INFO] utils.logging:   91: {"_type": "train_iter", "epoch": "19/30", "eta": "0:09:04", "iter": "3001/7445", "loss": 1.453048, "lr": 0.000107, "neg_dist": 3.539199, "pos_dist": 4.632319, "time_diff": 18.590000, "triplet": 1.452416}
[08/12 16:18:34][INFO] utils.logging:   91: {"_type": "train_iter", "epoch": "19/30", "eta": "0:09:03", "iter": "3201/7445", "loss": 1.106224, "lr": 0.000107, "neg_dist": 3.681774, "pos_dist": 4.478933, "time_diff": 19.830000, "triplet": 1.105045}
[08/12 16:18:35][INFO] utils.logging:   91: {"_type": "train_iter", "epoch": "19/30", "eta": "0:09:01", "iter": "3401/7445", "loss": 0.896380, "lr": 0.000107, "neg_dist": 3.467393, "pos_dist": 4.062587, "time_diff": 21.110000, "triplet": 0.895194}
[08/12 16:18:36][INFO] utils.logging:   91: {"_type": "train_iter", "epoch": "19/30", "eta": "0:09:00", "iter": "3601/7445", "loss": 0.754000, "lr": 0.000107, "neg_dist": 3.660286, "pos_dist": 4.063663, "time_diff": 22.310000, "triplet": 0.752678}
[08/12 16:18:37][INFO] utils.logging:   91: {"_type": "train_iter", "epoch": "19/30", "eta": "0:08:59", "iter": "3801/7445", "loss": 1.036233, "lr": 0.000107, "neg_dist": 3.392556, "pos_dist": 4.127588, "time_diff": 23.540000, "triplet": 1.035032}
[08/12 16:18:39][INFO] utils.logging:   91: {"_type": "train_iter", "epoch": "19/30", "eta": "0:08:58", "iter": "4001/7445", "loss": 2.067658, "lr": 0.000107, "neg_dist": 3.975024, "pos_dist": 5.741382, "time_diff": 24.820000, "triplet": 2.066359}
[08/12 16:18:40][INFO] utils.logging:   91: {"_type": "train_iter", "epoch": "19/30", "eta": "0:08:56", "iter": "4201/7445", "loss": 0.909141, "lr": 0.000107, "neg_dist": 3.384567, "pos_dist": 3.992704, "time_diff": 26.050000, "triplet": 0.908137}
[08/12 16:18:41][INFO] utils.logging:   91: {"_type": "train_iter", "epoch": "19/30", "eta": "0:08:55", "iter": "4401/7445", "loss": 0.969948, "lr": 0.000107, "neg_dist": 3.127312, "pos_dist": 3.796074, "time_diff": 27.330000, "triplet": 0.968762}
[08/12 16:18:42][INFO] utils.logging:   91: {"_type": "train_iter", "epoch": "19/30", "eta": "0:08:54", "iter": "4601/7445", "loss": 1.240086, "lr": 0.000107, "neg_dist": 3.396593, "pos_dist": 4.298810, "time_diff": 28.540000, "triplet": 1.239109}
[08/12 16:18:44][INFO] utils.logging:   91: {"_type": "train_iter", "epoch": "19/30", "eta": "0:08:52", "iter": "4801/7445", "loss": 1.157055, "lr": 0.000107, "neg_dist": 3.237817, "pos_dist": 4.093869, "time_diff": 29.780000, "triplet": 1.156052}
[08/12 16:18:45][INFO] utils.logging:   91: {"_type": "train_iter", "epoch": "19/30", "eta": "0:08:51", "iter": "5001/7445", "loss": 1.190311, "lr": 0.000107, "neg_dist": 2.844436, "pos_dist": 3.733706, "time_diff": 31.010000, "triplet": 1.189270}
[08/12 16:18:46][INFO] utils.logging:   91: {"_type": "train_iter", "epoch": "19/30", "eta": "0:08:50", "iter": "5201/7445", "loss": 1.190986, "lr": 0.000107, "neg_dist": 3.353534, "pos_dist": 4.243360, "time_diff": 32.260000, "triplet": 1.189826}
[08/12 16:18:47][INFO] utils.logging:   91: {"_type": "train_iter", "epoch": "19/30", "eta": "0:08:49", "iter": "5401/7445", "loss": 1.626067, "lr": 0.000107, "neg_dist": 3.287322, "pos_dist": 4.611942, "time_diff": 33.490000, "triplet": 1.624620}
[08/12 16:18:49][INFO] utils.logging:   91: {"_type": "train_iter", "epoch": "19/30", "eta": "0:08:47", "iter": "5601/7445", "loss": 1.305856, "lr": 0.000107, "neg_dist": 4.052991, "pos_dist": 5.057825, "time_diff": 34.720000, "triplet": 1.304833}
[08/12 16:18:50][INFO] utils.logging:   91: {"_type": "train_iter", "epoch": "19/30", "eta": "0:08:46", "iter": "5801/7445", "loss": 1.090973, "lr": 0.000107, "neg_dist": 3.065152, "pos_dist": 3.854797, "time_diff": 35.950000, "triplet": 1.089645}
[08/12 16:18:51][INFO] utils.logging:   91: {"_type": "train_iter", "epoch": "19/30", "eta": "0:08:45", "iter": "6001/7445", "loss": 0.862447, "lr": 0.000107, "neg_dist": 3.295369, "pos_dist": 3.803461, "time_diff": 37.190000, "triplet": 0.861324}
[08/12 16:18:52][INFO] utils.logging:   91: {"_type": "train_iter", "epoch": "19/30", "eta": "0:08:44", "iter": "6201/7445", "loss": 1.354704, "lr": 0.000107, "neg_dist": 3.483203, "pos_dist": 4.536629, "time_diff": 38.430000, "triplet": 1.353426}
[08/12 16:18:53][INFO] utils.logging:   91: {"_type": "train_iter", "epoch": "19/30", "eta": "0:08:42", "iter": "6401/7445", "loss": 0.699864, "lr": 0.000107, "neg_dist": 3.143780, "pos_dist": 3.521119, "time_diff": 39.670000, "triplet": 0.698500}
[08/12 16:18:55][INFO] utils.logging:   91: {"_type": "train_iter", "epoch": "19/30", "eta": "0:08:41", "iter": "6601/7445", "loss": 1.182037, "lr": 0.000107, "neg_dist": 4.002013, "pos_dist": 4.807827, "time_diff": 40.920000, "triplet": 1.181244}
[08/12 16:18:56][INFO] utils.logging:   91: {"_type": "train_iter", "epoch": "19/30", "eta": "0:08:40", "iter": "6801/7445", "loss": 1.522853, "lr": 0.000107, "neg_dist": 4.462545, "pos_dist": 5.684526, "time_diff": 42.160000, "triplet": 1.521982}
[08/12 16:18:57][INFO] utils.logging:   91: {"_type": "train_iter", "epoch": "19/30", "eta": "0:08:38", "iter": "7001/7445", "loss": 0.688506, "lr": 0.000107, "neg_dist": 3.027114, "pos_dist": 3.414619, "time_diff": 43.450000, "triplet": 0.687504}
[08/12 16:18:58][INFO] utils.logging:   91: {"_type": "train_iter", "epoch": "19/30", "eta": "0:08:37", "iter": "7201/7445", "loss": 1.616025, "lr": 0.000107, "neg_dist": 2.984716, "pos_dist": 4.299598, "time_diff": 44.660000, "triplet": 1.614882}
[08/12 16:19:00][INFO] utils.logging:   91: {"_type": "train_iter", "epoch": "19/30", "eta": "0:08:36", "iter": "7401/7445", "loss": 0.968654, "lr": 0.000107, "neg_dist": 3.211584, "pos_dist": 3.878953, "time_diff": 45.930000, "triplet": 0.967369}
[08/12 16:19:00][INFO] utils.logging:   91: {"RAM": "14.54/125.63 GB", "_type": "train_epoch", "epoch": "19/30", "eta": "0:08:36", "gpu_mem": "0.39 GB", "loss": 1.242488, "lr": 0.000107, "neg_dist": 3.428109, "pos_dist": 4.352056, "time_diff": 46.230000, "triplet": 1.241350}
[08/12 16:19:01][INFO] utils.logging:   91: {"_type": "val_epoch", "epoch": "19/30", "loss": 1.216520}
[08/12 16:19:01][INFO] utils.logging:   91: {"_type": "train_iter", "epoch": "20/30", "eta": "0:08:36", "iter": "1/7445", "loss": 1.184260, "lr": 0.000091, "neg_dist": 3.143163, "pos_dist": 4.026011, "time_diff": 0.090000, "triplet": 1.182849}
[08/12 16:19:02][INFO] utils.logging:   91: {"_type": "train_iter", "epoch": "20/30", "eta": "0:08:35", "iter": "201/7445", "loss": 1.498502, "lr": 0.000091, "neg_dist": 3.127015, "pos_dist": 4.324081, "time_diff": 1.360000, "triplet": 1.497066}
[08/12 16:19:03][INFO] utils.logging:   91: {"_type": "train_iter", "epoch": "20/30", "eta": "0:08:34", "iter": "401/7445", "loss": 1.097478, "lr": 0.000091, "neg_dist": 4.019204, "pos_dist": 4.795106, "time_diff": 2.580000, "triplet": 1.096498}
[08/12 16:19:04][INFO] utils.logging:   91: {"_type": "train_iter", "epoch": "20/30", "eta": "0:08:32", "iter": "601/7445", "loss": 1.692764, "lr": 0.000091, "neg_dist": 3.064773, "pos_dist": 4.456454, "time_diff": 3.840000, "triplet": 1.691681}
[08/12 16:19:06][INFO] utils.logging:   91: {"_type": "train_iter", "epoch": "20/30", "eta": "0:08:31", "iter": "801/7445", "loss": 1.248051, "lr": 0.000091, "neg_dist": 3.524968, "pos_dist": 4.404734, "time_diff": 5.090000, "triplet": 1.247009}
[08/12 16:19:07][INFO] utils.logging:   91: {"_type": "train_iter", "epoch": "20/30", "eta": "0:08:30", "iter": "1001/7445", "loss": 1.221980, "lr": 0.000091, "neg_dist": 3.778613, "pos_dist": 4.699515, "time_diff": 6.330000, "triplet": 1.220903}
[08/12 16:19:08][INFO] utils.logging:   91: {"_type": "train_iter", "epoch": "20/30", "eta": "0:08:28", "iter": "1201/7445", "loss": 1.791705, "lr": 0.000091, "neg_dist": 3.509785, "pos_dist": 4.836945, "time_diff": 7.540000, "triplet": 1.790517}
[08/12 16:19:09][INFO] utils.logging:   91: {"_type": "train_iter", "epoch": "20/30", "eta": "0:08:27", "iter": "1401/7445", "loss": 1.174759, "lr": 0.000091, "neg_dist": 3.316068, "pos_dist": 4.189925, "time_diff": 8.770000, "triplet": 1.173858}
[08/12 16:19:11][INFO] utils.logging:   91: {"_type": "train_iter", "epoch": "20/30", "eta": "0:08:26", "iter": "1601/7445", "loss": 0.989448, "lr": 0.000091, "neg_dist": 3.807077, "pos_dist": 4.475682, "time_diff": 9.990000, "triplet": 0.988257}
[08/12 16:19:12][INFO] utils.logging:   91: {"_type": "train_iter", "epoch": "20/30", "eta": "0:08:25", "iter": "1801/7445", "loss": 1.309682, "lr": 0.000091, "neg_dist": 3.219656, "pos_dist": 4.228131, "time_diff": 11.250000, "triplet": 1.308475}
[08/12 16:19:13][INFO] utils.logging:   91: {"_type": "train_iter", "epoch": "20/30", "eta": "0:08:23", "iter": "2001/7445", "loss": 1.359891, "lr": 0.000091, "neg_dist": 3.246066, "pos_dist": 4.305060, "time_diff": 12.490000, "triplet": 1.358994}
[08/12 16:19:14][INFO] utils.logging:   91: {"_type": "train_iter", "epoch": "20/30", "eta": "0:08:22", "iter": "2201/7445", "loss": 1.279756, "lr": 0.000091, "neg_dist": 3.661579, "pos_dist": 4.640226, "time_diff": 13.710000, "triplet": 1.278647}
[08/12 16:19:16][INFO] utils.logging:   91: {"_type": "train_iter", "epoch": "20/30", "eta": "0:08:21", "iter": "2401/7445", "loss": 1.380129, "lr": 0.000091, "neg_dist": 3.465703, "pos_dist": 4.517562, "time_diff": 14.960000, "triplet": 1.379101}
[08/12 16:19:17][INFO] utils.logging:   91: {"_type": "train_iter", "epoch": "20/30", "eta": "0:08:19", "iter": "2601/7445", "loss": 1.435930, "lr": 0.000091, "neg_dist": 3.253198, "pos_dist": 4.388171, "time_diff": 16.180000, "triplet": 1.434973}
[08/12 16:19:18][INFO] utils.logging:   91: {"_type": "train_iter", "epoch": "20/30", "eta": "0:08:18", "iter": "2801/7445", "loss": 1.352013, "lr": 0.000091, "neg_dist": 3.464029, "pos_dist": 4.514999, "time_diff": 17.400000, "triplet": 1.350971}
[08/12 16:19:19][INFO] utils.logging:   91: {"_type": "train_iter", "epoch": "20/30", "eta": "0:08:17", "iter": "3001/7445", "loss": 1.483214, "lr": 0.000091, "neg_dist": 3.129546, "pos_dist": 4.311556, "time_diff": 18.620000, "triplet": 1.482010}
[08/12 16:19:20][INFO] utils.logging:   91: {"_type": "train_iter", "epoch": "20/30", "eta": "0:08:16", "iter": "3201/7445", "loss": 1.322210, "lr": 0.000091, "neg_dist": 3.194801, "pos_dist": 4.215877, "time_diff": 19.850000, "triplet": 1.321076}
[08/12 16:19:22][INFO] utils.logging:   91: {"_type": "train_iter", "epoch": "20/30", "eta": "0:08:14", "iter": "3401/7445", "loss": 0.945717, "lr": 0.000091, "neg_dist": 3.113047, "pos_dist": 3.757860, "time_diff": 21.090000, "triplet": 0.944813}
[08/12 16:19:23][INFO] utils.logging:   91: {"_type": "train_iter", "epoch": "20/30", "eta": "0:08:13", "iter": "3601/7445", "loss": 1.785155, "lr": 0.000091, "neg_dist": 3.667337, "pos_dist": 5.151271, "time_diff": 22.340000, "triplet": 1.783935}
[08/12 16:19:24][INFO] utils.logging:   91: {"_type": "train_iter", "epoch": "20/30", "eta": "0:08:12", "iter": "3801/7445", "loss": 1.350833, "lr": 0.000091, "neg_dist": 3.360410, "pos_dist": 4.409891, "time_diff": 23.550000, "triplet": 1.349482}
[08/12 16:19:25][INFO] utils.logging:   91: {"_type": "train_iter", "epoch": "20/30", "eta": "0:08:11", "iter": "4001/7445", "loss": 1.743986, "lr": 0.000091, "neg_dist": 3.135221, "pos_dist": 4.578143, "time_diff": 24.760000, "triplet": 1.742921}
[08/12 16:19:27][INFO] utils.logging:   91: {"_type": "train_iter", "epoch": "20/30", "eta": "0:08:09", "iter": "4201/7445", "loss": 0.932544, "lr": 0.000091, "neg_dist": 3.356493, "pos_dist": 3.987585, "time_diff": 26.000000, "triplet": 0.931092}
[08/12 16:19:28][INFO] utils.logging:   91: {"_type": "train_iter", "epoch": "20/30", "eta": "0:08:08", "iter": "4401/7445", "loss": 1.259451, "lr": 0.000091, "neg_dist": 3.219456, "pos_dist": 4.178048, "time_diff": 27.240000, "triplet": 1.258592}
[08/12 16:19:29][INFO] utils.logging:   91: {"_type": "train_iter", "epoch": "20/30", "eta": "0:08:07", "iter": "4601/7445", "loss": 1.041646, "lr": 0.000091, "neg_dist": 2.791307, "pos_dist": 3.531854, "time_diff": 28.470000, "triplet": 1.040547}
[08/12 16:19:30][INFO] utils.logging:   91: {"_type": "train_iter", "epoch": "20/30", "eta": "0:08:05", "iter": "4801/7445", "loss": 1.063107, "lr": 0.000091, "neg_dist": 3.387084, "pos_dist": 4.135698, "time_diff": 29.710000, "triplet": 1.062255}
[08/12 16:19:32][INFO] utils.logging:   91: {"_type": "train_iter", "epoch": "20/30", "eta": "0:08:04", "iter": "5001/7445", "loss": 1.603406, "lr": 0.000091, "neg_dist": 3.103426, "pos_dist": 4.405433, "time_diff": 30.940000, "triplet": 1.602008}
[08/12 16:19:33][INFO] utils.logging:   91: {"_type": "train_iter", "epoch": "20/30", "eta": "0:08:03", "iter": "5201/7445", "loss": 1.188550, "lr": 0.000091, "neg_dist": 3.221299, "pos_dist": 4.108375, "time_diff": 32.160000, "triplet": 1.187075}
[08/12 16:19:34][INFO] utils.logging:   91: {"_type": "train_iter", "epoch": "20/30", "eta": "0:08:02", "iter": "5401/7445", "loss": 0.975751, "lr": 0.000091, "neg_dist": 3.607364, "pos_dist": 4.268152, "time_diff": 33.440000, "triplet": 0.974717}
[08/12 16:19:35][INFO] utils.logging:   91: {"_type": "train_iter", "epoch": "20/30", "eta": "0:08:00", "iter": "5601/7445", "loss": 1.397721, "lr": 0.000091, "neg_dist": 3.630928, "pos_dist": 4.727352, "time_diff": 34.650000, "triplet": 1.396424}
[08/12 16:19:37][INFO] utils.logging:   91: {"_type": "train_iter", "epoch": "20/30", "eta": "0:07:59", "iter": "5801/7445", "loss": 1.189101, "lr": 0.000091, "neg_dist": 3.238306, "pos_dist": 4.126438, "time_diff": 35.890000, "triplet": 1.188132}
[08/12 16:19:38][INFO] utils.logging:   91: {"_type": "train_iter", "epoch": "20/30", "eta": "0:07:58", "iter": "6001/7445", "loss": 1.917809, "lr": 0.000091, "neg_dist": 3.574092, "pos_dist": 5.190842, "time_diff": 37.180000, "triplet": 1.916750}
[08/12 16:19:39][INFO] utils.logging:   91: {"_type": "train_iter", "epoch": "20/30", "eta": "0:07:57", "iter": "6201/7445", "loss": 1.100037, "lr": 0.000091, "neg_dist": 3.423793, "pos_dist": 4.222536, "time_diff": 38.400000, "triplet": 1.098743}
[08/12 16:19:40][INFO] utils.logging:   91: {"_type": "train_iter", "epoch": "20/30", "eta": "0:07:55", "iter": "6401/7445", "loss": 1.503298, "lr": 0.000091, "neg_dist": 3.216548, "pos_dist": 4.419161, "time_diff": 39.640000, "triplet": 1.502614}
[08/12 16:19:42][INFO] utils.logging:   91: {"_type": "train_iter", "epoch": "20/30", "eta": "0:07:54", "iter": "6601/7445", "loss": 1.153710, "lr": 0.000091, "neg_dist": 3.697588, "pos_dist": 4.491581, "time_diff": 40.880000, "triplet": 1.152480}
[08/12 16:19:43][INFO] utils.logging:   91: {"_type": "train_iter", "epoch": "20/30", "eta": "0:07:53", "iter": "6801/7445", "loss": 0.965578, "lr": 0.000091, "neg_dist": 3.336145, "pos_dist": 4.000498, "time_diff": 42.110000, "triplet": 0.964352}
[08/12 16:19:44][INFO] utils.logging:   91: {"_type": "train_iter", "epoch": "20/30", "eta": "0:07:51", "iter": "7001/7445", "loss": 1.513219, "lr": 0.000091, "neg_dist": 3.484195, "pos_dist": 4.695946, "time_diff": 43.370000, "triplet": 1.511751}
[08/12 16:19:45][INFO] utils.logging:   91: {"_type": "train_iter", "epoch": "20/30", "eta": "0:07:50", "iter": "7201/7445", "loss": 1.232236, "lr": 0.000091, "neg_dist": 3.177723, "pos_dist": 4.108755, "time_diff": 44.610000, "triplet": 1.231032}
[08/12 16:19:46][INFO] utils.logging:   91: {"_type": "train_iter", "epoch": "20/30", "eta": "0:07:49", "iter": "7401/7445", "loss": 0.968183, "lr": 0.000091, "neg_dist": 3.975661, "pos_dist": 4.414688, "time_diff": 45.850000, "triplet": 0.966864}
[08/12 16:19:47][INFO] utils.logging:   91: {"RAM": "14.54/125.63 GB", "_type": "train_epoch", "epoch": "20/30", "eta": "0:07:49", "gpu_mem": "0.39 GB", "loss": 1.232529, "lr": 0.000091, "neg_dist": 3.427496, "pos_dist": 4.340622, "time_diff": 46.160000, "triplet": 1.231394}
[08/12 16:19:47][INFO] utils.logging:   91: {"_type": "val_epoch", "epoch": "20/30", "loss": 1.244364}
[08/12 16:19:47][INFO] utils.logging:   91: {"_type": "train_iter", "epoch": "21/30", "eta": "0:07:49", "iter": "1/7445", "loss": 1.255715, "lr": 0.000075, "neg_dist": 3.057762, "pos_dist": 4.012005, "time_diff": 0.090000, "triplet": 1.254243}
[08/12 16:19:49][INFO] utils.logging:   91: {"_type": "train_iter", "epoch": "21/30", "eta": "0:07:48", "iter": "201/7445", "loss": 1.171837, "lr": 0.000075, "neg_dist": 3.364691, "pos_dist": 4.235491, "time_diff": 1.360000, "triplet": 1.170799}
[08/12 16:19:50][INFO] utils.logging:   91: {"_type": "train_iter", "epoch": "21/30", "eta": "0:07:46", "iter": "401/7445", "loss": 1.634282, "lr": 0.000075, "neg_dist": 3.236518, "pos_dist": 4.569781, "time_diff": 2.630000, "triplet": 1.633263}
[08/12 16:19:51][INFO] utils.logging:   91: {"_type": "train_iter", "epoch": "21/30", "eta": "0:07:45", "iter": "601/7445", "loss": 1.293939, "lr": 0.000075, "neg_dist": 3.229616, "pos_dist": 4.222581, "time_diff": 3.890000, "triplet": 1.292965}
[08/12 16:19:52][INFO] utils.logging:   91: {"_type": "train_iter", "epoch": "21/30", "eta": "0:07:44", "iter": "801/7445", "loss": 1.211044, "lr": 0.000075, "neg_dist": 3.090245, "pos_dist": 4.000035, "time_diff": 5.110000, "triplet": 1.209790}
[08/12 16:19:54][INFO] utils.logging:   91: {"_type": "train_iter", "epoch": "21/30", "eta": "0:07:43", "iter": "1001/7445", "loss": 1.081214, "lr": 0.000075, "neg_dist": 2.811692, "pos_dist": 3.591596, "time_diff": 6.360000, "triplet": 1.079904}
[08/12 16:19:55][INFO] utils.logging:   91: {"_type": "train_iter", "epoch": "21/30", "eta": "0:07:41", "iter": "1201/7445", "loss": 2.100677, "lr": 0.000075, "neg_dist": 3.298529, "pos_dist": 5.098388, "time_diff": 7.600000, "triplet": 2.099859}
[08/12 16:19:56][INFO] utils.logging:   91: {"_type": "train_iter", "epoch": "21/30", "eta": "0:07:40", "iter": "1401/7445", "loss": 1.131149, "lr": 0.000075, "neg_dist": 3.202349, "pos_dist": 4.023179, "time_diff": 8.820000, "triplet": 1.129961}
[08/12 16:19:57][INFO] utils.logging:   91: {"_type": "train_iter", "epoch": "21/30", "eta": "0:07:39", "iter": "1601/7445", "loss": 1.372703, "lr": 0.000075, "neg_dist": 3.323925, "pos_dist": 4.395361, "time_diff": 10.050000, "triplet": 1.371436}
[08/12 16:19:59][INFO] utils.logging:   91: {"_type": "train_iter", "epoch": "21/30", "eta": "0:07:38", "iter": "1801/7445", "loss": 1.388714, "lr": 0.000075, "neg_dist": 3.006295, "pos_dist": 4.093632, "time_diff": 11.270000, "triplet": 1.387337}
[08/12 16:20:00][INFO] utils.logging:   91: {"_type": "train_iter", "epoch": "21/30", "eta": "0:07:36", "iter": "2001/7445", "loss": 1.616385, "lr": 0.000075, "neg_dist": 3.015209, "pos_dist": 4.330664, "time_diff": 12.510000, "triplet": 1.615455}
[08/12 16:20:01][INFO] utils.logging:   91: {"_type": "train_iter", "epoch": "21/30", "eta": "0:07:35", "iter": "2201/7445", "loss": 1.169329, "lr": 0.000075, "neg_dist": 2.935367, "pos_dist": 3.803610, "time_diff": 13.720000, "triplet": 1.168244}
[08/12 16:20:02][INFO] utils.logging:   91: {"_type": "train_iter", "epoch": "21/30", "eta": "0:07:34", "iter": "2401/7445", "loss": 1.666476, "lr": 0.000075, "neg_dist": 3.553783, "pos_dist": 4.919441, "time_diff": 14.920000, "triplet": 1.665658}
[08/12 16:20:04][INFO] utils.logging:   91: {"_type": "train_iter", "epoch": "21/30", "eta": "0:07:32", "iter": "2601/7445", "loss": 1.002948, "lr": 0.000075, "neg_dist": 3.512197, "pos_dist": 4.188362, "time_diff": 16.140000, "triplet": 1.001711}
[08/12 16:20:05][INFO] utils.logging:   91: {"_type": "train_iter", "epoch": "21/30", "eta": "0:07:31", "iter": "2801/7445", "loss": 1.649678, "lr": 0.000075, "neg_dist": 3.518943, "pos_dist": 4.849474, "time_diff": 17.360000, "triplet": 1.648611}
[08/12 16:20:06][INFO] utils.logging:   91: {"_type": "train_iter", "epoch": "21/30", "eta": "0:07:30", "iter": "3001/7445", "loss": 1.867790, "lr": 0.000075, "neg_dist": 3.534317, "pos_dist": 5.100546, "time_diff": 18.580000, "triplet": 1.866229}
[08/12 16:20:07][INFO] utils.logging:   91: {"_type": "train_iter", "epoch": "21/30", "eta": "0:07:29", "iter": "3201/7445", "loss": 1.098424, "lr": 0.000075, "neg_dist": 3.068135, "pos_dist": 3.865220, "time_diff": 19.800000, "triplet": 1.097085}
[08/12 16:20:08][INFO] utils.logging:   91: {"_type": "train_iter", "epoch": "21/30", "eta": "0:07:27", "iter": "3401/7445", "loss": 1.793453, "lr": 0.000075, "neg_dist": 3.970317, "pos_dist": 5.462606, "time_diff": 21.020000, "triplet": 1.792288}
[08/12 16:20:10][INFO] utils.logging:   91: {"_type": "train_iter", "epoch": "21/30", "eta": "0:07:26", "iter": "3601/7445", "loss": 1.096890, "lr": 0.000075, "neg_dist": 3.145998, "pos_dist": 3.941831, "time_diff": 22.270000, "triplet": 1.095833}
[08/12 16:20:11][INFO] utils.logging:   91: {"_type": "train_iter", "epoch": "21/30", "eta": "0:07:25", "iter": "3801/7445", "loss": 1.054996, "lr": 0.000075, "neg_dist": 3.481993, "pos_dist": 4.235765, "time_diff": 23.500000, "triplet": 1.053772}
[08/12 16:20:12][INFO] utils.logging:   91: {"_type": "train_iter", "epoch": "21/30", "eta": "0:07:23", "iter": "4001/7445", "loss": 1.188932, "lr": 0.000075, "neg_dist": 3.103631, "pos_dist": 3.991287, "time_diff": 24.730000, "triplet": 1.187656}
[08/12 16:20:13][INFO] utils.logging:   91: {"_type": "train_iter", "epoch": "21/30", "eta": "0:07:22", "iter": "4201/7445", "loss": 0.673803, "lr": 0.000075, "neg_dist": 3.257735, "pos_dist": 3.609548, "time_diff": 25.950000, "triplet": 0.672326}
[08/12 16:20:15][INFO] utils.logging:   91: {"_type": "train_iter", "epoch": "21/30", "eta": "0:07:21", "iter": "4401/7445", "loss": 1.331017, "lr": 0.000075, "neg_dist": 3.129938, "pos_dist": 4.159813, "time_diff": 27.170000, "triplet": 1.329875}
[08/12 16:20:16][INFO] utils.logging:   91: {"_type": "train_iter", "epoch": "21/30", "eta": "0:07:20", "iter": "4601/7445", "loss": 1.227893, "lr": 0.000075, "neg_dist": 3.936035, "pos_dist": 4.862765, "time_diff": 28.410000, "triplet": 1.226730}
[08/12 16:20:17][INFO] utils.logging:   91: {"_type": "train_iter", "epoch": "21/30", "eta": "0:07:18", "iter": "4801/7445", "loss": 1.155174, "lr": 0.000075, "neg_dist": 3.254438, "pos_dist": 4.108278, "time_diff": 29.630000, "triplet": 1.153840}
[08/12 16:20:18][INFO] utils.logging:   91: {"_type": "train_iter", "epoch": "21/30", "eta": "0:07:17", "iter": "5001/7445", "loss": 1.178611, "lr": 0.000075, "neg_dist": 3.256826, "pos_dist": 4.134420, "time_diff": 30.840000, "triplet": 1.177594}
[08/12 16:20:19][INFO] utils.logging:   91: {"_type": "train_iter", "epoch": "21/30", "eta": "0:07:16", "iter": "5201/7445", "loss": 1.351071, "lr": 0.000075, "neg_dist": 3.827665, "pos_dist": 4.877570, "time_diff": 32.070000, "triplet": 1.349906}
[08/12 16:20:21][INFO] utils.logging:   91: {"_type": "train_iter", "epoch": "21/30", "eta": "0:07:15", "iter": "5401/7445", "loss": 1.317323, "lr": 0.000075, "neg_dist": 3.373333, "pos_dist": 4.389269, "time_diff": 33.300000, "triplet": 1.315936}
[08/12 16:20:22][INFO] utils.logging:   91: {"_type": "train_iter", "epoch": "21/30", "eta": "0:07:13", "iter": "5601/7445", "loss": 1.928902, "lr": 0.000075, "neg_dist": 2.867081, "pos_dist": 4.494807, "time_diff": 34.560000, "triplet": 1.927726}
[08/12 16:20:23][INFO] utils.logging:   91: {"_type": "train_iter", "epoch": "21/30", "eta": "0:07:12", "iter": "5801/7445", "loss": 0.911620, "lr": 0.000075, "neg_dist": 3.306120, "pos_dist": 3.858578, "time_diff": 35.790000, "triplet": 0.910285}
[08/12 16:20:24][INFO] utils.logging:   91: {"_type": "train_iter", "epoch": "21/30", "eta": "0:07:11", "iter": "6001/7445", "loss": 1.139310, "lr": 0.000075, "neg_dist": 2.933369, "pos_dist": 3.771339, "time_diff": 37.030000, "triplet": 1.137970}
[08/12 16:20:26][INFO] utils.logging:   91: {"_type": "train_iter", "epoch": "21/30", "eta": "0:07:09", "iter": "6201/7445", "loss": 1.403145, "lr": 0.000075, "neg_dist": 3.652203, "pos_dist": 4.754204, "time_diff": 38.280000, "triplet": 1.402001}
[08/12 16:20:27][INFO] utils.logging:   91: {"_type": "train_iter", "epoch": "21/30", "eta": "0:07:08", "iter": "6401/7445", "loss": 0.795221, "lr": 0.000075, "neg_dist": 3.552665, "pos_dist": 3.787819, "time_diff": 39.500000, "triplet": 0.793967}
[08/12 16:20:28][INFO] utils.logging:   91: {"_type": "train_iter", "epoch": "21/30", "eta": "0:07:07", "iter": "6601/7445", "loss": 0.653094, "lr": 0.000075, "neg_dist": 3.476714, "pos_dist": 3.784488, "time_diff": 40.750000, "triplet": 0.651777}
[08/12 16:20:29][INFO] utils.logging:   91: {"_type": "train_iter", "epoch": "21/30", "eta": "0:07:06", "iter": "6801/7445", "loss": 1.188431, "lr": 0.000075, "neg_dist": 3.006061, "pos_dist": 3.886012, "time_diff": 41.980000, "triplet": 1.186711}
[08/12 16:20:31][INFO] utils.logging:   91: {"_type": "train_iter", "epoch": "21/30", "eta": "0:07:04", "iter": "7001/7445", "loss": 1.448813, "lr": 0.000075, "neg_dist": 3.258022, "pos_dist": 4.405727, "time_diff": 43.230000, "triplet": 1.447705}
[08/12 16:20:32][INFO] utils.logging:   91: {"_type": "train_iter", "epoch": "21/30", "eta": "0:07:03", "iter": "7201/7445", "loss": 0.959769, "lr": 0.000075, "neg_dist": 3.331067, "pos_dist": 3.989798, "time_diff": 44.450000, "triplet": 0.958731}
[08/12 16:20:33][INFO] utils.logging:   91: {"_type": "train_iter", "epoch": "21/30", "eta": "0:07:02", "iter": "7401/7445", "loss": 1.799325, "lr": 0.000075, "neg_dist": 3.275778, "pos_dist": 4.774024, "time_diff": 45.680000, "triplet": 1.798247}
[08/12 16:20:33][INFO] __main__:  214: Checkpoint: output/frame_selector/ssv2_ViT-B16_PhaseOffset_BiMHM/frame_selector_epoch0020.pth
[08/12 16:20:33][INFO] utils.logging:   91: {"RAM": "14.56/125.63 GB", "_type": "train_epoch", "epoch": "21/30", "eta": "0:07:02", "gpu_mem": "0.39 GB", "loss": 1.232400, "lr": 0.000075, "neg_dist": 3.439895, "pos_dist": 4.353241, "time_diff": 45.980000, "triplet": 1.231262}
[08/12 16:20:34][INFO] utils.logging:   91: {"_type": "val_epoch", "epoch": "21/30", "loss": 1.200332}
[08/12 16:20:34][INFO] __main__:  214: Checkpoint: output/frame_selector/ssv2_ViT-B16_PhaseOffset_BiMHM/frame_selector_epoch0020.pth
[08/12 16:20:34][INFO] __main__:  217: Best checkpoint: output/frame_selector/ssv2_ViT-B16_PhaseOffset_BiMHM/frame_selector_best.pth (loss=1.200332)
[08/12 16:20:34][INFO] __main__:  530: New best val loss: 1.200332 at epoch 20
[08/12 16:20:34][INFO] utils.logging:   91: {"_type": "train_iter", "epoch": "22/30", "eta": "0:07:02", "iter": "1/7445", "loss": 1.236732, "lr": 0.000060, "neg_dist": 2.951974, "pos_dist": 3.878333, "time_diff": 0.090000, "triplet": 1.235298}
[08/12 16:20:35][INFO] utils.logging:   91: {"_type": "train_iter", "epoch": "22/30", "eta": "0:07:01", "iter": "201/7445", "loss": 1.191702, "lr": 0.000060, "neg_dist": 2.791386, "pos_dist": 3.664609, "time_diff": 1.370000, "triplet": 1.190282}
[08/12 16:20:37][INFO] utils.logging:   91: {"_type": "train_iter", "epoch": "22/30", "eta": "0:06:59", "iter": "401/7445", "loss": 1.339398, "lr": 0.000060, "neg_dist": 3.577224, "pos_dist": 4.615187, "time_diff": 2.590000, "triplet": 1.337963}
[08/12 16:20:38][INFO] utils.logging:   91: {"_type": "train_iter", "epoch": "22/30", "eta": "0:06:58", "iter": "601/7445", "loss": 1.023206, "lr": 0.000060, "neg_dist": 3.735006, "pos_dist": 4.456886, "time_diff": 3.830000, "triplet": 1.021881}
[08/12 16:20:39][INFO] utils.logging:   91: {"_type": "train_iter", "epoch": "22/30", "eta": "0:06:57", "iter": "801/7445", "loss": 1.284737, "lr": 0.000060, "neg_dist": 3.454710, "pos_dist": 4.438145, "time_diff": 5.070000, "triplet": 1.283435}
[08/12 16:20:40][INFO] utils.logging:   91: {"_type": "train_iter", "epoch": "22/30", "eta": "0:06:56", "iter": "1001/7445", "loss": 1.240765, "lr": 0.000060, "neg_dist": 3.733436, "pos_dist": 4.672958, "time_diff": 6.310000, "triplet": 1.239522}
[08/12 16:20:41][INFO] utils.logging:   91: {"_type": "train_iter", "epoch": "22/30", "eta": "0:06:54", "iter": "1201/7445", "loss": 0.940760, "lr": 0.000060, "neg_dist": 3.047667, "pos_dist": 3.687583, "time_diff": 7.560000, "triplet": 0.939916}
[08/12 16:20:43][INFO] utils.logging:   91: {"_type": "train_iter", "epoch": "22/30", "eta": "0:06:53", "iter": "1401/7445", "loss": 1.662071, "lr": 0.000060, "neg_dist": 3.390290, "pos_dist": 4.751235, "time_diff": 8.790000, "triplet": 1.660944}
[08/12 16:20:44][INFO] utils.logging:   91: {"_type": "train_iter", "epoch": "22/30", "eta": "0:06:52", "iter": "1601/7445", "loss": 1.044245, "lr": 0.000060, "neg_dist": 3.576099, "pos_dist": 4.319327, "time_diff": 10.040000, "triplet": 1.043228}
[08/12 16:20:45][INFO] utils.logging:   91: {"_type": "train_iter", "epoch": "22/30", "eta": "0:06:50", "iter": "1801/7445", "loss": 1.195154, "lr": 0.000060, "neg_dist": 2.980079, "pos_dist": 3.873854, "time_diff": 11.260000, "triplet": 1.193775}
[08/12 16:20:46][INFO] utils.logging:   91: {"_type": "train_iter", "epoch": "22/30", "eta": "0:06:49", "iter": "2001/7445", "loss": 1.126120, "lr": 0.000060, "neg_dist": 3.028833, "pos_dist": 3.841324, "time_diff": 12.490000, "triplet": 1.125127}
[08/12 16:20:48][INFO] utils.logging:   91: {"_type": "train_iter", "epoch": "22/30", "eta": "0:06:48", "iter": "2201/7445", "loss": 1.293479, "lr": 0.000060, "neg_dist": 2.993562, "pos_dist": 3.985903, "time_diff": 13.720000, "triplet": 1.292341}
[08/12 16:20:49][INFO] utils.logging:   91: {"_type": "train_iter", "epoch": "22/30", "eta": "0:06:47", "iter": "2401/7445", "loss": 0.742188, "lr": 0.000060, "neg_dist": 3.640555, "pos_dist": 3.990162, "time_diff": 14.990000, "triplet": 0.740678}
[08/12 16:20:50][INFO] utils.logging:   91: {"_type": "train_iter", "epoch": "22/30", "eta": "0:06:45", "iter": "2601/7445", "loss": 1.457183, "lr": 0.000060, "neg_dist": 3.418860, "pos_dist": 4.575167, "time_diff": 16.250000, "triplet": 1.456306}
[08/12 16:20:51][INFO] utils.logging:   91: {"_type": "train_iter", "epoch": "22/30", "eta": "0:06:44", "iter": "2801/7445", "loss": 1.065834, "lr": 0.000060, "neg_dist": 4.434440, "pos_dist": 5.199368, "time_diff": 17.480000, "triplet": 1.064928}
[08/12 16:20:53][INFO] utils.logging:   91: {"_type": "train_iter", "epoch": "22/30", "eta": "0:06:43", "iter": "3001/7445", "loss": 1.230592, "lr": 0.000060, "neg_dist": 3.176343, "pos_dist": 4.105824, "time_diff": 18.710000, "triplet": 1.229481}
[08/12 16:20:54][INFO] utils.logging:   91: {"_type": "train_iter", "epoch": "22/30", "eta": "0:06:42", "iter": "3201/7445", "loss": 1.855749, "lr": 0.000060, "neg_dist": 3.427743, "pos_dist": 4.982180, "time_diff": 19.940000, "triplet": 1.854437}
[08/12 16:20:55][INFO] utils.logging:   91: {"_type": "train_iter", "epoch": "22/30", "eta": "0:06:40", "iter": "3401/7445", "loss": 1.052362, "lr": 0.000060, "neg_dist": 3.768383, "pos_dist": 4.519824, "time_diff": 21.190000, "triplet": 1.051441}
[08/12 16:20:56][INFO] utils.logging:   91: {"_type": "train_iter", "epoch": "22/30", "eta": "0:06:39", "iter": "3601/7445", "loss": 2.119049, "lr": 0.000060, "neg_dist": 3.813768, "pos_dist": 5.631628, "time_diff": 22.440000, "triplet": 2.117859}
[08/12 16:20:58][INFO] utils.logging:   91: {"_type": "train_iter", "epoch": "22/30", "eta": "0:06:38", "iter": "3801/7445", "loss": 1.097097, "lr": 0.000060, "neg_dist": 2.949169, "pos_dist": 3.744832, "time_diff": 23.680000, "triplet": 1.095664}
[08/12 16:20:59][INFO] utils.logging:   91: {"_type": "train_iter", "epoch": "22/30", "eta": "0:06:36", "iter": "4001/7445", "loss": 0.979293, "lr": 0.000060, "neg_dist": 3.443018, "pos_dist": 4.120981, "time_diff": 24.920000, "triplet": 0.977962}
[08/12 16:21:00][INFO] utils.logging:   91: {"_type": "train_iter", "epoch": "22/30", "eta": "0:06:35", "iter": "4201/7445", "loss": 1.302848, "lr": 0.000060, "neg_dist": 2.949494, "pos_dist": 3.951435, "time_diff": 26.150000, "triplet": 1.301941}
[08/12 16:21:01][INFO] utils.logging:   91: {"_type": "train_iter", "epoch": "22/30", "eta": "0:06:34", "iter": "4401/7445", "loss": 1.083985, "lr": 0.000060, "neg_dist": 3.786759, "pos_dist": 4.569704, "time_diff": 27.350000, "triplet": 1.082944}
[08/12 16:21:03][INFO] utils.logging:   91: {"_type": "train_iter", "epoch": "22/30", "eta": "0:06:33", "iter": "4601/7445", "loss": 0.832157, "lr": 0.000060, "neg_dist": 3.099626, "pos_dist": 3.607617, "time_diff": 28.590000, "triplet": 0.831127}
[08/12 16:21:04][INFO] utils.logging:   91: {"_type": "train_iter", "epoch": "22/30", "eta": "0:06:31", "iter": "4801/7445", "loss": 1.204915, "lr": 0.000060, "neg_dist": 3.176921, "pos_dist": 4.080985, "time_diff": 29.860000, "triplet": 1.204064}
[08/12 16:21:05][INFO] utils.logging:   91: {"_type": "train_iter", "epoch": "22/30", "eta": "0:06:30", "iter": "5001/7445", "loss": 0.896381, "lr": 0.000060, "neg_dist": 3.330761, "pos_dist": 3.918910, "time_diff": 31.120000, "triplet": 0.895365}
[08/12 16:21:06][INFO] utils.logging:   91: {"_type": "train_iter", "epoch": "22/30", "eta": "0:06:29", "iter": "5201/7445", "loss": 0.676999, "lr": 0.000060, "neg_dist": 3.649492, "pos_dist": 4.011770, "time_diff": 32.360000, "triplet": 0.676027}
[08/12 16:21:08][INFO] utils.logging:   91: {"_type": "train_iter", "epoch": "22/30", "eta": "0:06:28", "iter": "5401/7445", "loss": 1.317991, "lr": 0.000060, "neg_dist": 3.872055, "pos_dist": 4.889238, "time_diff": 33.590000, "triplet": 1.317183}
[08/12 16:21:09][INFO] utils.logging:   91: {"_type": "train_iter", "epoch": "22/30", "eta": "0:06:26", "iter": "5601/7445", "loss": 1.351234, "lr": 0.000060, "neg_dist": 3.739634, "pos_dist": 4.789778, "time_diff": 34.810000, "triplet": 1.350144}
[08/12 16:21:10][INFO] utils.logging:   91: {"_type": "train_iter", "epoch": "22/30", "eta": "0:06:25", "iter": "5801/7445", "loss": 0.989738, "lr": 0.000060, "neg_dist": 3.604784, "pos_dist": 4.257775, "time_diff": 36.060000, "triplet": 0.988957}
[08/12 16:21:11][INFO] utils.logging:   91: {"_type": "train_iter", "epoch": "22/30", "eta": "0:06:24", "iter": "6001/7445", "loss": 0.879153, "lr": 0.000060, "neg_dist": 3.491958, "pos_dist": 4.038901, "time_diff": 37.310000, "triplet": 0.877917}
[08/12 16:21:12][INFO] utils.logging:   91: {"_type": "train_iter", "epoch": "22/30", "eta": "0:06:23", "iter": "6201/7445", "loss": 1.280717, "lr": 0.000060, "neg_dist": 3.409250, "pos_dist": 4.388966, "time_diff": 38.530000, "triplet": 1.279716}
[08/12 16:21:14][INFO] utils.logging:   91: {"_type": "train_iter", "epoch": "22/30", "eta": "0:06:21", "iter": "6401/7445", "loss": 1.451315, "lr": 0.000060, "neg_dist": 3.372897, "pos_dist": 4.523348, "time_diff": 39.780000, "triplet": 1.450451}
[08/12 16:21:15][INFO] utils.logging:   91: {"_type": "train_iter", "epoch": "22/30", "eta": "0:06:20", "iter": "6601/7445", "loss": 0.683338, "lr": 0.000060, "neg_dist": 3.244838, "pos_dist": 3.588964, "time_diff": 41.000000, "triplet": 0.682120}
[08/12 16:21:16][INFO] utils.logging:   91: {"_type": "train_iter", "epoch": "22/30", "eta": "0:06:19", "iter": "6801/7445", "loss": 1.386867, "lr": 0.000060, "neg_dist": 3.271040, "pos_dist": 4.356539, "time_diff": 42.230000, "triplet": 1.385499}
[08/12 16:21:17][INFO] utils.logging:   91: {"_type": "train_iter", "epoch": "22/30", "eta": "0:06:17", "iter": "7001/7445", "loss": 1.803331, "lr": 0.000060, "neg_dist": 4.334632, "pos_dist": 5.692444, "time_diff": 43.440000, "triplet": 1.802028}
[08/12 16:21:19][INFO] utils.logging:   91: {"_type": "train_iter", "epoch": "22/30", "eta": "0:06:16", "iter": "7201/7445", "loss": 1.335421, "lr": 0.000060, "neg_dist": 3.294535, "pos_dist": 4.324433, "time_diff": 44.680000, "triplet": 1.334052}
[08/12 16:21:20][INFO] utils.logging:   91: {"_type": "train_iter", "epoch": "22/30", "eta": "0:06:15", "iter": "7401/7445", "loss": 1.367466, "lr": 0.000060, "neg_dist": 3.444777, "pos_dist": 4.511272, "time_diff": 45.940000, "triplet": 1.366496}
[08/12 16:21:20][INFO] utils.logging:   91: {"RAM": "14.57/125.63 GB", "_type": "train_epoch", "epoch": "22/30", "eta": "0:06:15", "gpu_mem": "0.39 GB", "loss": 1.235700, "lr": 0.000060, "neg_dist": 3.432629, "pos_dist": 4.349491, "time_diff": 46.250000, "triplet": 1.234563}
[08/12 16:21:21][INFO] utils.logging:   91: {"_type": "val_epoch", "epoch": "22/30", "loss": 1.242755}
[08/12 16:21:21][INFO] utils.logging:   91: {"_type": "train_iter", "epoch": "23/30", "eta": "0:06:15", "iter": "1/7445", "loss": 0.934661, "lr": 0.000047, "neg_dist": 3.781938, "pos_dist": 4.397470, "time_diff": 0.090000, "triplet": 0.933675}
[08/12 16:21:22][INFO] utils.logging:   91: {"_type": "train_iter", "epoch": "23/30", "eta": "0:06:14", "iter": "201/7445", "loss": 0.871700, "lr": 0.000047, "neg_dist": 3.672921, "pos_dist": 4.183874, "time_diff": 1.320000, "triplet": 0.870246}
[08/12 16:21:23][INFO] utils.logging:   91: {"_type": "train_iter", "epoch": "23/30", "eta": "0:06:12", "iter": "401/7445", "loss": 0.761096, "lr": 0.000047, "neg_dist": 2.810011, "pos_dist": 3.269824, "time_diff": 2.550000, "triplet": 0.759814}
[08/12 16:21:25][INFO] utils.logging:   91: {"_type": "train_iter", "epoch": "23/30", "eta": "0:06:11", "iter": "601/7445", "loss": 1.822738, "lr": 0.000047, "neg_dist": 3.231053, "pos_dist": 4.752523, "time_diff": 3.780000, "triplet": 1.821470}
[08/12 16:21:26][INFO] utils.logging:   91: {"_type": "train_iter", "epoch": "23/30", "eta": "0:06:10", "iter": "801/7445", "loss": 1.237461, "lr": 0.000047, "neg_dist": 3.665637, "pos_dist": 4.602003, "time_diff": 5.010000, "triplet": 1.236366}
[08/12 16:21:27][INFO] utils.logging:   91: {"_type": "train_iter", "epoch": "23/30", "eta": "0:06:09", "iter": "1001/7445", "loss": 1.059803, "lr": 0.000047, "neg_dist": 4.006702, "pos_dist": 4.762501, "time_diff": 6.240000, "triplet": 1.058851}
[08/12 16:21:28][INFO] utils.logging:   91: {"_type": "train_iter", "epoch": "23/30", "eta": "0:06:07", "iter": "1201/7445", "loss": 1.591720, "lr": 0.000047, "neg_dist": 3.432640, "pos_dist": 4.723240, "time_diff": 7.470000, "triplet": 1.590600}
[08/12 16:21:29][INFO] utils.logging:   91: {"_type": "train_iter", "epoch": "23/30", "eta": "0:06:06", "iter": "1401/7445", "loss": 0.708604, "lr": 0.000047, "neg_dist": 3.071063, "pos_dist": 3.393592, "time_diff": 8.700000, "triplet": 0.707684}
[08/12 16:21:31][INFO] utils.logging:   91: {"_type": "train_iter", "epoch": "23/30", "eta": "0:06:05", "iter": "1601/7445", "loss": 1.151740, "lr": 0.000047, "neg_dist": 4.132686, "pos_dist": 4.974768, "time_diff": 9.930000, "triplet": 1.150923}
[08/12 16:21:32][INFO] utils.logging:   91: {"_type": "train_iter", "epoch": "23/30", "eta": "0:06:03", "iter": "1801/7445", "loss": 1.343343, "lr": 0.000047, "neg_dist": 3.462980, "pos_dist": 4.505337, "time_diff": 11.170000, "triplet": 1.342356}
[08/12 16:21:33][INFO] utils.logging:   91: {"_type": "train_iter", "epoch": "23/30", "eta": "0:06:02", "iter": "2001/7445", "loss": 0.761799, "lr": 0.000047, "neg_dist": 3.573680, "pos_dist": 3.986178, "time_diff": 12.410000, "triplet": 0.760720}
[08/12 16:21:34][INFO] utils.logging:   91: {"_type": "train_iter", "epoch": "23/30", "eta": "0:06:01", "iter": "2201/7445", "loss": 1.158598, "lr": 0.000047, "neg_dist": 3.258544, "pos_dist": 4.116032, "time_diff": 13.620000, "triplet": 1.157488}
[08/12 16:21:36][INFO] utils.logging:   91: {"_type": "train_iter", "epoch": "23/30", "eta": "0:06:00", "iter": "2401/7445", "loss": 0.981812, "lr": 0.000047, "neg_dist": 3.691297, "pos_dist": 4.371546, "time_diff": 14.870000, "triplet": 0.980248}
[08/12 16:21:37][INFO] utils.logging:   91: {"_type": "train_iter", "epoch": "23/30", "eta": "0:05:58", "iter": "2601/7445", "loss": 1.661108, "lr": 0.000047, "neg_dist": 3.407211, "pos_dist": 4.767364, "time_diff": 16.090000, "triplet": 1.660154}
[08/12 16:21:38][INFO] utils.logging:   91: {"_type": "train_iter", "epoch": "23/30", "eta": "0:05:57", "iter": "2801/7445", "loss": 1.117959, "lr": 0.000047, "neg_dist": 3.212755, "pos_dist": 4.029202, "time_diff": 17.340000, "triplet": 1.116447}
[08/12 16:21:39][INFO] utils.logging:   91: {"_type": "train_iter", "epoch": "23/30", "eta": "0:05:56", "iter": "3001/7445", "loss": 0.915106, "lr": 0.000047, "neg_dist": 3.873731, "pos_dist": 4.487936, "time_diff": 18.570000, "triplet": 0.914206}
[08/12 16:21:41][INFO] utils.logging:   91: {"_type": "train_iter", "epoch": "23/30", "eta": "0:05:55", "iter": "3201/7445", "loss": 1.003961, "lr": 0.000047, "neg_dist": 3.293504, "pos_dist": 3.996588, "time_diff": 19.810000, "triplet": 1.003085}
[08/12 16:21:42][INFO] utils.logging:   91: {"_type": "train_iter", "epoch": "23/30", "eta": "0:05:53", "iter": "3401/7445", "loss": 1.727813, "lr": 0.000047, "neg_dist": 3.977998, "pos_dist": 5.404738, "time_diff": 21.070000, "triplet": 1.726740}
[08/12 16:21:43][INFO] utils.logging:   91: {"_type": "train_iter", "epoch": "23/30", "eta": "0:05:52", "iter": "3601/7445", "loss": 1.399892, "lr": 0.000047, "neg_dist": 3.721942, "pos_dist": 4.820814, "time_diff": 22.310000, "triplet": 1.398871}
[08/12 16:21:44][INFO] utils.logging:   91: {"_type": "train_iter", "epoch": "23/30", "eta": "0:05:51", "iter": "3801/7445", "loss": 1.034302, "lr": 0.000047, "neg_dist": 3.306524, "pos_dist": 4.039687, "time_diff": 23.590000, "triplet": 1.033164}
[08/12 16:21:46][INFO] utils.logging:   91: {"_type": "train_iter", "epoch": "23/30", "eta": "0:05:50", "iter": "4001/7445", "loss": 0.854858, "lr": 0.000047, "neg_dist": 3.516917, "pos_dist": 4.028510, "time_diff": 24.800000, "triplet": 0.853572}
[08/12 16:21:47][INFO] utils.logging:   91: {"_type": "train_iter", "epoch": "23/30", "eta": "0:05:48", "iter": "4201/7445", "loss": 1.589845, "lr": 0.000047, "neg_dist": 3.233984, "pos_dist": 4.522749, "time_diff": 26.040000, "triplet": 1.588765}
[08/12 16:21:48][INFO] utils.logging:   91: {"_type": "train_iter", "epoch": "23/30", "eta": "0:05:47", "iter": "4401/7445", "loss": 1.412487, "lr": 0.000047, "neg_dist": 3.637037, "pos_dist": 4.748312, "time_diff": 27.310000, "triplet": 1.411275}
[08/12 16:21:49][INFO] utils.logging:   91: {"_type": "train_iter", "epoch": "23/30", "eta": "0:05:46", "iter": "4601/7445", "loss": 0.782917, "lr": 0.000047, "neg_dist": 3.527718, "pos_dist": 3.939228, "time_diff": 28.580000, "triplet": 0.782035}
[08/12 16:21:51][INFO] utils.logging:   91: {"_type": "train_iter", "epoch": "23/30", "eta": "0:05:44", "iter": "4801/7445", "loss": 0.676605, "lr": 0.000047, "neg_dist": 3.088159, "pos_dist": 3.463637, "time_diff": 29.840000, "triplet": 0.675478}
[08/12 16:21:52][INFO] utils.logging:   91: {"_type": "train_iter", "epoch": "23/30", "eta": "0:05:43", "iter": "5001/7445", "loss": 1.844957, "lr": 0.000047, "neg_dist": 3.728223, "pos_dist": 5.256413, "time_diff": 31.070000, "triplet": 1.843730}
[08/12 16:21:53][INFO] utils.logging:   91: {"_type": "train_iter", "epoch": "23/30", "eta": "0:05:42", "iter": "5201/7445", "loss": 1.211667, "lr": 0.000047, "neg_dist": 3.079986, "pos_dist": 3.990005, "time_diff": 32.320000, "triplet": 1.210020}
[08/12 16:21:54][INFO] utils.logging:   91: {"_type": "train_iter", "epoch": "23/30", "eta": "0:05:41", "iter": "5401/7445", "loss": 1.146774, "lr": 0.000047, "neg_dist": 2.908600, "pos_dist": 3.753960, "time_diff": 33.560000, "triplet": 1.145360}
[08/12 16:21:56][INFO] utils.logging:   91: {"_type": "train_iter", "epoch": "23/30", "eta": "0:05:39", "iter": "5601/7445", "loss": 1.172339, "lr": 0.000047, "neg_dist": 2.851912, "pos_dist": 3.723231, "time_diff": 34.780000, "triplet": 1.171319}
[08/12 16:21:57][INFO] utils.logging:   91: {"_type": "train_iter", "epoch": "23/30", "eta": "0:05:38", "iter": "5801/7445", "loss": 1.212246, "lr": 0.000047, "neg_dist": 3.298856, "pos_dist": 4.179529, "time_diff": 36.020000, "triplet": 1.211027}
[08/12 16:21:58][INFO] utils.logging:   91: {"_type": "train_iter", "epoch": "23/30", "eta": "0:05:37", "iter": "6001/7445", "loss": 1.303068, "lr": 0.000047, "neg_dist": 3.019573, "pos_dist": 4.013780, "time_diff": 37.250000, "triplet": 1.301871}
[08/12 16:21:59][INFO] utils.logging:   91: {"_type": "train_iter", "epoch": "23/30", "eta": "0:05:36", "iter": "6201/7445", "loss": 0.511269, "lr": 0.000047, "neg_dist": 3.452473, "pos_dist": 3.652615, "time_diff": 38.510000, "triplet": 0.510448}
[08/12 16:22:01][INFO] utils.logging:   91: {"_type": "train_iter", "epoch": "23/30", "eta": "0:05:34", "iter": "6401/7445", "loss": 0.932507, "lr": 0.000047, "neg_dist": 3.563203, "pos_dist": 4.194352, "time_diff": 39.760000, "triplet": 0.931150}
[08/12 16:22:02][INFO] utils.logging:   91: {"_type": "train_iter", "epoch": "23/30", "eta": "0:05:33", "iter": "6601/7445", "loss": 1.205741, "lr": 0.000047, "neg_dist": 3.155663, "pos_dist": 4.060174, "time_diff": 40.990000, "triplet": 1.204511}
[08/12 16:22:03][INFO] utils.logging:   91: {"_type": "train_iter", "epoch": "23/30", "eta": "0:05:32", "iter": "6801/7445", "loss": 1.647406, "lr": 0.000047, "neg_dist": 3.604298, "pos_dist": 4.950635, "time_diff": 42.220000, "triplet": 1.646338}
[08/12 16:22:04][INFO] utils.logging:   91: {"_type": "train_iter", "epoch": "23/30", "eta": "0:05:31", "iter": "7001/7445", "loss": 1.020167, "lr": 0.000047, "neg_dist": 3.174278, "pos_dist": 3.810321, "time_diff": 43.450000, "triplet": 1.019281}
[08/12 16:22:05][INFO] utils.logging:   91: {"_type": "train_iter", "epoch": "23/30", "eta": "0:05:29", "iter": "7201/7445", "loss": 1.545073, "lr": 0.000047, "neg_dist": 3.937467, "pos_dist": 5.111333, "time_diff": 44.690000, "triplet": 1.544115}
[08/12 16:22:07][INFO] utils.logging:   91: {"_type": "train_iter", "epoch": "23/30", "eta": "0:05:28", "iter": "7401/7445", "loss": 1.199718, "lr": 0.000047, "neg_dist": 2.870519, "pos_dist": 3.768745, "time_diff": 45.930000, "triplet": 1.198226}
[08/12 16:22:07][INFO] utils.logging:   91: {"RAM": "14.57/125.63 GB", "_type": "train_epoch", "epoch": "23/30", "eta": "0:05:28", "gpu_mem": "0.39 GB", "loss": 1.225941, "lr": 0.000047, "neg_dist": 3.431989, "pos_dist": 4.338698, "time_diff": 46.230000, "triplet": 1.224807}
[08/12 16:22:08][INFO] utils.logging:   91: {"_type": "val_epoch", "epoch": "23/30", "loss": 1.243895}
[08/12 16:22:08][INFO] utils.logging:   91: {"_type": "train_iter", "epoch": "24/30", "eta": "0:05:28", "iter": "1/7445", "loss": 1.633620, "lr": 0.000035, "neg_dist": 3.372918, "pos_dist": 4.705372, "time_diff": 0.090000, "triplet": 1.632454}
[08/12 16:22:09][INFO] utils.logging:   91: {"_type": "train_iter", "epoch": "24/30", "eta": "0:05:27", "iter": "201/7445", "loss": 1.670132, "lr": 0.000035, "neg_dist": 3.049658, "pos_dist": 4.418374, "time_diff": 1.340000, "triplet": 1.668716}
[08/12 16:22:10][INFO] utils.logging:   91: {"_type": "train_iter", "epoch": "24/30", "eta": "0:05:25", "iter": "401/7445", "loss": 1.596060, "lr": 0.000035, "neg_dist": 2.848017, "pos_dist": 4.142907, "time_diff": 2.580000, "triplet": 1.594890}
[08/12 16:22:11][INFO] utils.logging:   91: {"_type": "train_iter", "epoch": "24/30", "eta": "0:05:24", "iter": "601/7445", "loss": 1.167768, "lr": 0.000035, "neg_dist": 2.801530, "pos_dist": 3.668003, "time_diff": 3.830000, "triplet": 1.166473}
[08/12 16:22:13][INFO] utils.logging:   91: {"_type": "train_iter", "epoch": "24/30", "eta": "0:05:23", "iter": "801/7445", "loss": 1.395852, "lr": 0.000035, "neg_dist": 3.109164, "pos_dist": 4.203968, "time_diff": 5.070000, "triplet": 1.394804}
[08/12 16:22:14][INFO] utils.logging:   91: {"_type": "train_iter", "epoch": "24/30", "eta": "0:05:22", "iter": "1001/7445", "loss": 1.510396, "lr": 0.000035, "neg_dist": 2.875749, "pos_dist": 4.084828, "time_diff": 6.290000, "triplet": 1.509079}
[08/12 16:22:15][INFO] utils.logging:   91: {"_type": "train_iter", "epoch": "24/30", "eta": "0:05:20", "iter": "1201/7445", "loss": 1.642631, "lr": 0.000035, "neg_dist": 3.974656, "pos_dist": 5.316062, "time_diff": 7.570000, "triplet": 1.641406}
[08/12 16:22:16][INFO] utils.logging:   91: {"_type": "train_iter", "epoch": "24/30", "eta": "0:05:19", "iter": "1401/7445", "loss": 1.384878, "lr": 0.000035, "neg_dist": 3.425073, "pos_dist": 4.508720, "time_diff": 8.790000, "triplet": 1.383647}
[08/12 16:22:18][INFO] utils.logging:   91: {"_type": "train_iter", "epoch": "24/30", "eta": "0:05:18", "iter": "1601/7445", "loss": 1.278961, "lr": 0.000035, "neg_dist": 3.668168, "pos_dist": 4.563383, "time_diff": 10.010000, "triplet": 1.277757}
[08/12 16:22:19][INFO] utils.logging:   91: {"_type": "train_iter", "epoch": "24/30", "eta": "0:05:17", "iter": "1801/7445", "loss": 1.175511, "lr": 0.000035, "neg_dist": 3.980992, "pos_dist": 4.855416, "time_diff": 11.260000, "triplet": 1.174425}
[08/12 16:22:20][INFO] utils.logging:   91: {"_type": "train_iter", "epoch": "24/30", "eta": "0:05:15", "iter": "2001/7445", "loss": 1.531992, "lr": 0.000035, "neg_dist": 3.356067, "pos_dist": 4.586775, "time_diff": 12.490000, "triplet": 1.530708}
[08/12 16:22:21][INFO] utils.logging:   91: {"_type": "train_iter", "epoch": "24/30", "eta": "0:05:14", "iter": "2201/7445", "loss": 1.482033, "lr": 0.000035, "neg_dist": 3.611334, "pos_dist": 4.792226, "time_diff": 13.730000, "triplet": 1.480892}
[08/12 16:22:23][INFO] utils.logging:   91: {"_type": "train_iter", "epoch": "24/30", "eta": "0:05:13", "iter": "2401/7445", "loss": 1.787190, "lr": 0.000035, "neg_dist": 3.704801, "pos_dist": 5.190866, "time_diff": 14.950000, "triplet": 1.786064}
[08/12 16:22:24][INFO] utils.logging:   91: {"_type": "train_iter", "epoch": "24/30", "eta": "0:05:11", "iter": "2601/7445", "loss": 1.837102, "lr": 0.000035, "neg_dist": 3.283594, "pos_dist": 4.820076, "time_diff": 16.170000, "triplet": 1.836482}
[08/12 16:22:25][INFO] utils.logging:   91: {"_type": "train_iter", "epoch": "24/30", "eta": "0:05:10", "iter": "2801/7445", "loss": 1.145654, "lr": 0.000035, "neg_dist": 4.059008, "pos_dist": 4.903565, "time_diff": 17.430000, "triplet": 1.144558}
[08/12 16:22:26][INFO] utils.logging:   91: {"_type": "train_iter", "epoch": "24/30", "eta": "0:05:09", "iter": "3001/7445", "loss": 0.795808, "lr": 0.000035, "neg_dist": 3.683260, "pos_dist": 4.178154, "time_diff": 18.660000, "triplet": 0.794895}
[08/12 16:22:27][INFO] utils.logging:   91: {"_type": "train_iter", "epoch": "24/30", "eta": "0:05:08", "iter": "3201/7445", "loss": 0.630518, "lr": 0.000035, "neg_dist": 3.250296, "pos_dist": 3.534998, "time_diff": 19.890000, "triplet": 0.629154}
[08/12 16:22:29][INFO] utils.logging:   91: {"_type": "train_iter", "epoch": "24/30", "eta": "0:05:06", "iter": "3401/7445", "loss": 0.746012, "lr": 0.000035, "neg_dist": 3.795456, "pos_dist": 4.074760, "time_diff": 21.100000, "triplet": 0.745033}
[08/12 16:22:30][INFO] utils.logging:   91: {"_type": "train_iter", "epoch": "24/30", "eta": "0:05:05", "iter": "3601/7445", "loss": 1.529644, "lr": 0.000035, "neg_dist": 3.263625, "pos_dist": 4.492050, "time_diff": 22.340000, "triplet": 1.528425}
[08/12 16:22:31][INFO] utils.logging:   91: {"_type": "train_iter", "epoch": "24/30", "eta": "0:05:04", "iter": "3801/7445", "loss": 0.829569, "lr": 0.000035, "neg_dist": 3.365975, "pos_dist": 3.893857, "time_diff": 23.580000, "triplet": 0.827882}
[08/12 16:22:32][INFO] utils.logging:   91: {"_type": "train_iter", "epoch": "24/30", "eta": "0:05:03", "iter": "4001/7445", "loss": 1.308461, "lr": 0.000035, "neg_dist": 2.822985, "pos_dist": 3.830421, "time_diff": 24.830000, "triplet": 1.307435}
[08/12 16:22:34][INFO] utils.logging:   91: {"_type": "train_iter", "epoch": "24/30", "eta": "0:05:01", "iter": "4201/7445", "loss": 1.018588, "lr": 0.000035, "neg_dist": 3.207025, "pos_dist": 3.924466, "time_diff": 26.090000, "triplet": 1.017441}
[08/12 16:22:35][INFO] utils.logging:   91: {"_type": "train_iter", "epoch": "24/30", "eta": "0:05:00", "iter": "4401/7445", "loss": 1.171365, "lr": 0.000035, "neg_dist": 3.895139, "pos_dist": 4.603519, "time_diff": 27.300000, "triplet": 1.170518}
[08/12 16:22:36][INFO] utils.logging:   91: {"_type": "train_iter", "epoch": "24/30", "eta": "0:04:59", "iter": "4601/7445", "loss": 1.427347, "lr": 0.000035, "neg_dist": 3.003276, "pos_dist": 4.129300, "time_diff": 28.560000, "triplet": 1.426023}
[08/12 16:22:37][INFO] utils.logging:   91: {"_type": "train_iter", "epoch": "24/30", "eta": "0:04:58", "iter": "4801/7445", "loss": 1.227942, "lr": 0.000035, "neg_dist": 3.154253, "pos_dist": 4.081228, "time_diff": 29.780000, "triplet": 1.226975}
[08/12 16:22:39][INFO] utils.logging:   91: {"_type": "train_iter", "epoch": "24/30", "eta": "0:04:56", "iter": "5001/7445", "loss": 1.315039, "lr": 0.000035, "neg_dist": 3.120138, "pos_dist": 4.134095, "time_diff": 31.010000, "triplet": 1.313957}
[08/12 16:22:40][INFO] utils.logging:   91: {"_type": "train_iter", "epoch": "24/30", "eta": "0:04:55", "iter": "5201/7445", "loss": 1.235630, "lr": 0.000035, "neg_dist": 3.088892, "pos_dist": 4.023031, "time_diff": 32.260000, "triplet": 1.234139}
[08/12 16:22:41][INFO] utils.logging:   91: {"_type": "train_iter", "epoch": "24/30", "eta": "0:04:54", "iter": "5401/7445", "loss": 1.171982, "lr": 0.000035, "neg_dist": 3.042215, "pos_dist": 3.889676, "time_diff": 33.500000, "triplet": 1.170890}
[08/12 16:22:42][INFO] utils.logging:   91: {"_type": "train_iter", "epoch": "24/30", "eta": "0:04:52", "iter": "5601/7445", "loss": 0.439969, "lr": 0.000035, "neg_dist": 3.186878, "pos_dist": 3.314300, "time_diff": 34.750000, "triplet": 0.438728}
[08/12 16:22:44][INFO] utils.logging:   91: {"_type": "train_iter", "epoch": "24/30", "eta": "0:04:51", "iter": "5801/7445", "loss": 1.637586, "lr": 0.000035, "neg_dist": 3.149801, "pos_dist": 4.486176, "time_diff": 35.990000, "triplet": 1.636376}
[08/12 16:22:45][INFO] utils.logging:   91: {"_type": "train_iter", "epoch": "24/30", "eta": "0:04:50", "iter": "6001/7445", "loss": 0.925917, "lr": 0.000035, "neg_dist": 3.018785, "pos_dist": 3.635556, "time_diff": 37.240000, "triplet": 0.924710}
[08/12 16:22:46][INFO] utils.logging:   91: {"_type": "train_iter", "epoch": "24/30", "eta": "0:04:49", "iter": "6201/7445", "loss": 1.193453, "lr": 0.000035, "neg_dist": 3.813806, "pos_dist": 4.706218, "time_diff": 38.470000, "triplet": 1.192412}
[08/12 16:22:47][INFO] utils.logging:   91: {"_type": "train_iter", "epoch": "24/30", "eta": "0:04:47", "iter": "6401/7445", "loss": 1.953498, "lr": 0.000035, "neg_dist": 3.612056, "pos_dist": 5.264515, "time_diff": 39.720000, "triplet": 1.952460}
[08/12 16:22:49][INFO] utils.logging:   91: {"_type": "train_iter", "epoch": "24/30", "eta": "0:04:46", "iter": "6601/7445", "loss": 1.565739, "lr": 0.000035, "neg_dist": 4.135141, "pos_dist": 5.399860, "time_diff": 40.950000, "triplet": 1.564719}
[08/12 16:22:50][INFO] utils.logging:   91: {"_type": "train_iter", "epoch": "24/30", "eta": "0:04:45", "iter": "6801/7445", "loss": 1.931020, "lr": 0.000035, "neg_dist": 4.040280, "pos_dist": 5.670341, "time_diff": 42.170000, "triplet": 1.930061}
[08/12 16:22:51][INFO] utils.logging:   91: {"_type": "train_iter", "epoch": "24/30", "eta": "0:04:44", "iter": "7001/7445", "loss": 1.432364, "lr": 0.000035, "neg_dist": 3.584590, "pos_dist": 4.707691, "time_diff": 43.400000, "triplet": 1.431272}
[08/12 16:22:52][INFO] utils.logging:   91: {"_type": "train_iter", "epoch": "24/30", "eta": "0:04:42", "iter": "7201/7445", "loss": 1.397038, "lr": 0.000035, "neg_dist": 3.000102, "pos_dist": 4.096289, "time_diff": 44.650000, "triplet": 1.396187}
[08/12 16:22:54][INFO] utils.logging:   91: {"_type": "train_iter", "epoch": "24/30", "eta": "0:04:41", "iter": "7401/7445", "loss": 0.812638, "lr": 0.000035, "neg_dist": 3.405476, "pos_dist": 3.916994, "time_diff": 45.930000, "triplet": 0.811518}
[08/12 16:22:54][INFO] utils.logging:   91: {"RAM": "14.34/125.63 GB", "_type": "train_epoch", "epoch": "24/30", "eta": "0:04:41", "gpu_mem": "0.39 GB", "loss": 1.231545, "lr": 0.000035, "neg_dist": 3.432421, "pos_dist": 4.344374, "time_diff": 46.230000, "triplet": 1.230405}
[08/12 16:22:54][INFO] utils.logging:   91: {"_type": "val_epoch", "epoch": "24/30", "loss": 1.300687}
[08/12 16:22:54][INFO] utils.logging:   91: {"_type": "train_iter", "epoch": "25/30", "eta": "0:04:41", "iter": "1/7445", "loss": 1.584997, "lr": 0.000025, "neg_dist": 3.688110, "pos_dist": 4.972162, "time_diff": 0.090000, "triplet": 1.584052}
[08/12 16:22:56][INFO] utils.logging:   91: {"_type": "train_iter", "epoch": "25/30", "eta": "0:04:40", "iter": "201/7445", "loss": 1.135433, "lr": 0.000025, "neg_dist": 3.150809, "pos_dist": 3.985148, "time_diff": 1.360000, "triplet": 1.134339}
[08/12 16:22:57][INFO] utils.logging:   91: {"_type": "train_iter", "epoch": "25/30", "eta": "0:04:38", "iter": "401/7445", "loss": 0.954403, "lr": 0.000025, "neg_dist": 3.544704, "pos_dist": 4.197806, "time_diff": 2.590000, "triplet": 0.953102}
[08/12 16:22:58][INFO] utils.logging:   91: {"_type": "train_iter", "epoch": "25/30", "eta": "0:04:37", "iter": "601/7445", "loss": 1.085514, "lr": 0.000025, "neg_dist": 3.677263, "pos_dist": 4.461399, "time_diff": 3.820000, "triplet": 1.084135}
[08/12 16:22:59][INFO] utils.logging:   91: {"_type": "train_iter", "epoch": "25/30", "eta": "0:04:36", "iter": "801/7445", "loss": 1.154292, "lr": 0.000025, "neg_dist": 2.991826, "pos_dist": 3.844696, "time_diff": 5.080000, "triplet": 1.152870}
[08/12 16:23:01][INFO] utils.logging:   91: {"_type": "train_iter", "epoch": "25/30", "eta": "0:04:35", "iter": "1001/7445", "loss": 1.139842, "lr": 0.000025, "neg_dist": 3.164609, "pos_dist": 4.003176, "time_diff": 6.310000, "triplet": 1.138567}
[08/12 16:23:02][INFO] utils.logging:   91: {"_type": "train_iter", "epoch": "25/30", "eta": "0:04:33", "iter": "1201/7445", "loss": 1.923558, "lr": 0.000025, "neg_dist": 3.603836, "pos_dist": 5.226561, "time_diff": 7.580000, "triplet": 1.922725}
[08/12 16:23:03][INFO] utils.logging:   91: {"_type": "train_iter", "epoch": "25/30", "eta": "0:04:32", "iter": "1401/7445", "loss": 1.840246, "lr": 0.000025, "neg_dist": 3.599494, "pos_dist": 5.138933, "time_diff": 8.830000, "triplet": 1.839438}
[08/12 16:23:04][INFO] utils.logging:   91: {"_type": "train_iter", "epoch": "25/30", "eta": "0:04:31", "iter": "1601/7445", "loss": 1.282158, "lr": 0.000025, "neg_dist": 3.270443, "pos_dist": 4.251453, "time_diff": 10.080000, "triplet": 1.281010}
[08/12 16:23:06][INFO] utils.logging:   91: {"_type": "train_iter", "epoch": "25/30", "eta": "0:04:30", "iter": "1801/7445", "loss": 1.325547, "lr": 0.000025, "neg_dist": 3.113091, "pos_dist": 4.137357, "time_diff": 11.340000, "triplet": 1.324265}
[08/12 16:23:07][INFO] utils.logging:   91: {"_type": "train_iter", "epoch": "25/30", "eta": "0:04:28", "iter": "2001/7445", "loss": 1.460205, "lr": 0.000025, "neg_dist": 2.937948, "pos_dist": 4.096872, "time_diff": 12.600000, "triplet": 1.458925}
[08/12 16:23:08][INFO] utils.logging:   91: {"_type": "train_iter", "epoch": "25/30", "eta": "0:04:27", "iter": "2201/7445", "loss": 1.366993, "lr": 0.000025, "neg_dist": 3.458593, "pos_dist": 4.524408, "time_diff": 13.840000, "triplet": 1.365815}
[08/12 16:23:09][INFO] utils.logging:   91: {"_type": "train_iter", "epoch": "25/30", "eta": "0:04:26", "iter": "2401/7445", "loss": 0.929255, "lr": 0.000025, "neg_dist": 2.936978, "pos_dist": 3.564789, "time_diff": 15.070000, "triplet": 0.927812}
[08/12 16:23:11][INFO] utils.logging:   91: {"_type": "train_iter", "epoch": "25/30", "eta": "0:04:25", "iter": "2601/7445", "loss": 1.236075, "lr": 0.000025, "neg_dist": 3.104160, "pos_dist": 4.039056, "time_diff": 16.310000, "triplet": 1.234896}
[08/12 16:23:12][INFO] utils.logging:   91: {"_type": "train_iter", "epoch": "25/30", "eta": "0:04:23", "iter": "2801/7445", "loss": 0.904744, "lr": 0.000025, "neg_dist": 3.101727, "pos_dist": 3.705600, "time_diff": 17.530000, "triplet": 0.903873}
[08/12 16:23:13][INFO] utils.logging:   91: {"_type": "train_iter", "epoch": "25/30", "eta": "0:04:22", "iter": "3001/7445", "loss": 0.735232, "lr": 0.000025, "neg_dist": 3.129197, "pos_dist": 3.363947, "time_diff": 18.800000, "triplet": 0.733836}
[08/12 16:23:14][INFO] utils.logging:   91: {"_type": "train_iter", "epoch": "25/30", "eta": "0:04:21", "iter": "3201/7445", "loss": 1.427638, "lr": 0.000025, "neg_dist": 3.221506, "pos_dist": 4.335360, "time_diff": 20.010000, "triplet": 1.426550}
[08/12 16:23:16][INFO] utils.logging:   91: {"_type": "train_iter", "epoch": "25/30", "eta": "0:04:20", "iter": "3401/7445", "loss": 1.135834, "lr": 0.000025, "neg_dist": 3.478741, "pos_dist": 4.313719, "time_diff": 21.260000, "triplet": 1.134977}
[08/12 16:23:17][INFO] utils.logging:   91: {"_type": "train_iter", "epoch": "25/30", "eta": "0:04:18", "iter": "3601/7445", "loss": 1.140072, "lr": 0.000025, "neg_dist": 3.370840, "pos_dist": 4.209767, "time_diff": 22.500000, "triplet": 1.138927}
[08/12 16:23:18][INFO] utils.logging:   91: {"_type": "train_iter", "epoch": "25/30", "eta": "0:04:17", "iter": "3801/7445", "loss": 0.827939, "lr": 0.000025, "neg_dist": 3.504756, "pos_dist": 3.891968, "time_diff": 23.730000, "triplet": 0.826516}
[08/12 16:23:19][INFO] utils.logging:   91: {"_type": "train_iter", "epoch": "25/30", "eta": "0:04:16", "iter": "4001/7445", "loss": 1.507379, "lr": 0.000025, "neg_dist": 3.582445, "pos_dist": 4.788809, "time_diff": 24.970000, "triplet": 1.506363}
[08/12 16:23:21][INFO] utils.logging:   91: {"_type": "train_iter", "epoch": "25/30", "eta": "0:04:14", "iter": "4201/7445", "loss": 1.141096, "lr": 0.000025, "neg_dist": 3.065326, "pos_dist": 3.847795, "time_diff": 26.210000, "triplet": 1.139860}
[08/12 16:23:22][INFO] utils.logging:   91: {"_type": "train_iter", "epoch": "25/30", "eta": "0:04:13", "iter": "4401/7445", "loss": 0.975271, "lr": 0.000025, "neg_dist": 3.203448, "pos_dist": 3.845559, "time_diff": 27.450000, "triplet": 0.973716}
[08/12 16:23:23][INFO] utils.logging:   91: {"_type": "train_iter", "epoch": "25/30", "eta": "0:04:12", "iter": "4601/7445", "loss": 1.823952, "lr": 0.000025, "neg_dist": 3.063168, "pos_dist": 4.585845, "time_diff": 28.690000, "triplet": 1.822678}
[08/12 16:23:24][INFO] utils.logging:   91: {"_type": "train_iter", "epoch": "25/30", "eta": "0:04:11", "iter": "4801/7445", "loss": 1.074510, "lr": 0.000025, "neg_dist": 2.832294, "pos_dist": 3.605155, "time_diff": 29.940000, "triplet": 1.072861}
[08/12 16:23:26][INFO] utils.logging:   91: {"_type": "train_iter", "epoch": "25/30", "eta": "0:04:09", "iter": "5001/7445", "loss": 1.069556, "lr": 0.000025, "neg_dist": 3.154378, "pos_dist": 3.922679, "time_diff": 31.210000, "triplet": 1.068300}
[08/12 16:23:27][INFO] utils.logging:   91: {"_type": "train_iter", "epoch": "25/30", "eta": "0:04:08", "iter": "5201/7445", "loss": 1.399455, "lr": 0.000025, "neg_dist": 3.403939, "pos_dist": 4.502224, "time_diff": 32.470000, "triplet": 1.398285}
[08/12 16:23:28][INFO] utils.logging:   91: {"_type": "train_iter", "epoch": "25/30", "eta": "0:04:07", "iter": "5401/7445", "loss": 0.975847, "lr": 0.000025, "neg_dist": 3.373216, "pos_dist": 4.021006, "time_diff": 33.730000, "triplet": 0.974873}
[08/12 16:23:29][INFO] utils.logging:   91: {"_type": "train_iter", "epoch": "25/30", "eta": "0:04:06", "iter": "5601/7445", "loss": 1.017553, "lr": 0.000025, "neg_dist": 2.991945, "pos_dist": 3.708566, "time_diff": 34.970000, "triplet": 1.016621}
[08/12 16:23:31][INFO] utils.logging:   91: {"_type": "train_iter", "epoch": "25/30", "eta": "0:04:04", "iter": "5801/7445", "loss": 0.846849, "lr": 0.000025, "neg_dist": 3.146931, "pos_dist": 3.692675, "time_diff": 36.220000, "triplet": 0.845744}
[08/12 16:23:32][INFO] utils.logging:   91: {"_type": "train_iter", "epoch": "25/30", "eta": "0:04:03", "iter": "6001/7445", "loss": 1.468610, "lr": 0.000025, "neg_dist": 4.056657, "pos_dist": 5.224140, "time_diff": 37.460000, "triplet": 1.467483}
[08/12 16:23:33][INFO] utils.logging:   91: {"_type": "train_iter", "epoch": "25/30", "eta": "0:04:02", "iter": "6201/7445", "loss": 1.319234, "lr": 0.000025, "neg_dist": 4.458017, "pos_dist": 5.465125, "time_diff": 38.690000, "triplet": 1.318397}
[08/12 16:23:34][INFO] utils.logging:   91: {"_type": "train_iter", "epoch": "25/30", "eta": "0:04:01", "iter": "6401/7445", "loss": 1.520407, "lr": 0.000025, "neg_dist": 3.047466, "pos_dist": 4.266831, "time_diff": 39.960000, "triplet": 1.519365}
[08/12 16:23:36][INFO] utils.logging:   91: {"_type": "train_iter", "epoch": "25/30", "eta": "0:03:59", "iter": "6601/7445", "loss": 1.851314, "lr": 0.000025, "neg_dist": 3.278850, "pos_dist": 4.828888, "time_diff": 41.180000, "triplet": 1.850039}
[08/12 16:23:37][INFO] utils.logging:   91: {"_type": "train_iter", "epoch": "25/30", "eta": "0:03:58", "iter": "6801/7445", "loss": 1.186970, "lr": 0.000025, "neg_dist": 3.309614, "pos_dist": 4.195330, "time_diff": 42.410000, "triplet": 1.185716}
[08/12 16:23:38][INFO] utils.logging:   91: {"_type": "train_iter", "epoch": "25/30", "eta": "0:03:57", "iter": "7001/7445", "loss": 1.206176, "lr": 0.000025, "neg_dist": 3.097054, "pos_dist": 4.002031, "time_diff": 43.630000, "triplet": 1.204977}
[08/12 16:23:39][INFO] utils.logging:   91: {"_type": "train_iter", "epoch": "25/30", "eta": "0:03:56", "iter": "7201/7445", "loss": 1.177730, "lr": 0.000025, "neg_dist": 3.168262, "pos_dist": 4.044558, "time_diff": 44.900000, "triplet": 1.176296}
[08/12 16:23:41][INFO] utils.logging:   91: {"_type": "train_iter", "epoch": "25/30", "eta": "0:03:54", "iter": "7401/7445", "loss": 1.040274, "lr": 0.000025, "neg_dist": 3.409574, "pos_dist": 4.149075, "time_diff": 46.160000, "triplet": 1.039502}
[08/12 16:23:41][INFO] utils.logging:   91: {"RAM": "14.43/125.63 GB", "_type": "train_epoch", "epoch": "25/30", "eta": "0:03:54", "gpu_mem": "0.39 GB", "loss": 1.234799, "lr": 0.000025, "neg_dist": 3.436954, "pos_dist": 4.353356, "time_diff": 46.460000, "triplet": 1.233660}
[08/12 16:23:41][INFO] utils.logging:   91: {"_type": "val_epoch", "epoch": "25/30", "loss": 1.268074}
[08/12 16:23:42][INFO] utils.logging:   91: {"_type": "train_iter", "epoch": "26/30", "eta": "0:03:54", "iter": "1/7445", "loss": 1.098785, "lr": 0.000016, "neg_dist": 3.337296, "pos_dist": 4.135004, "time_diff": 0.100000, "triplet": 1.097708}
[08/12 16:23:43][INFO] utils.logging:   91: {"_type": "train_iter", "epoch": "26/30", "eta": "0:03:53", "iter": "201/7445", "loss": 0.872384, "lr": 0.000016, "neg_dist": 3.130915, "pos_dist": 3.673306, "time_diff": 1.350000, "triplet": 0.871039}
[08/12 16:23:44][INFO] utils.logging:   91: {"_type": "train_iter", "epoch": "26/30", "eta": "0:03:52", "iter": "401/7445", "loss": 1.662265, "lr": 0.000016, "neg_dist": 3.370975, "pos_dist": 4.732045, "time_diff": 2.570000, "triplet": 1.661070}
[08/12 16:23:45][INFO] utils.logging:   91: {"_type": "train_iter", "epoch": "26/30", "eta": "0:03:50", "iter": "601/7445", "loss": 1.338357, "lr": 0.000016, "neg_dist": 3.339170, "pos_dist": 4.376327, "time_diff": 3.800000, "triplet": 1.337157}
[08/12 16:23:46][INFO] utils.logging:   91: {"_type": "train_iter", "epoch": "26/30", "eta": "0:03:49", "iter": "801/7445", "loss": 0.774193, "lr": 0.000016, "neg_dist": 3.016485, "pos_dist": 3.489501, "time_diff": 5.030000, "triplet": 0.773016}
[08/12 16:23:48][INFO] utils.logging:   91: {"_type": "train_iter", "epoch": "26/30", "eta": "0:03:48", "iter": "1001/7445", "loss": 0.985444, "lr": 0.000016, "neg_dist": 3.023553, "pos_dist": 3.707353, "time_diff": 6.290000, "triplet": 0.983800}
[08/12 16:23:49][INFO] utils.logging:   91: {"_type": "train_iter", "epoch": "26/30", "eta": "0:03:47", "iter": "1201/7445", "loss": 0.778100, "lr": 0.000016, "neg_dist": 3.020992, "pos_dist": 3.491527, "time_diff": 7.520000, "triplet": 0.776756}
[08/12 16:23:50][INFO] utils.logging:   91: {"_type": "train_iter", "epoch": "26/30", "eta": "0:03:45", "iter": "1401/7445", "loss": 0.810870, "lr": 0.000016, "neg_dist": 3.828603, "pos_dist": 4.327591, "time_diff": 8.740000, "triplet": 0.809807}
[08/12 16:23:51][INFO] utils.logging:   91: {"_type": "train_iter", "epoch": "26/30", "eta": "0:03:44", "iter": "1601/7445", "loss": 0.669927, "lr": 0.000016, "neg_dist": 3.702446, "pos_dist": 4.071420, "time_diff": 9.990000, "triplet": 0.668974}
[08/12 16:23:53][INFO] utils.logging:   91: {"_type": "train_iter", "epoch": "26/30", "eta": "0:03:43", "iter": "1801/7445", "loss": 1.385541, "lr": 0.000016, "neg_dist": 3.233392, "pos_dist": 4.317606, "time_diff": 11.270000, "triplet": 1.384214}
[08/12 16:23:54][INFO] utils.logging:   91: {"_type": "train_iter", "epoch": "26/30", "eta": "0:03:41", "iter": "2001/7445", "loss": 1.048563, "lr": 0.000016, "neg_dist": 3.619710, "pos_dist": 4.360930, "time_diff": 12.520000, "triplet": 1.047389}
[08/12 16:23:55][INFO] utils.logging:   91: {"_type": "train_iter", "epoch": "26/30", "eta": "0:03:40", "iter": "2201/7445", "loss": 0.887697, "lr": 0.000016, "neg_dist": 4.711076, "pos_dist": 5.243011, "time_diff": 13.750000, "triplet": 0.886994}
[08/12 16:23:56][INFO] utils.logging:   91: {"_type": "train_iter", "epoch": "26/30", "eta": "0:03:39", "iter": "2401/7445", "loss": 1.669319, "lr": 0.000016, "neg_dist": 4.015288, "pos_dist": 5.383637, "time_diff": 15.010000, "triplet": 1.668349}
[08/12 16:23:58][INFO] utils.logging:   91: {"_type": "train_iter", "epoch": "26/30", "eta": "0:03:38", "iter": "2601/7445", "loss": 0.939145, "lr": 0.000016, "neg_dist": 3.690028, "pos_dist": 4.259358, "time_diff": 16.230000, "triplet": 0.938059}
[08/12 16:23:59][INFO] utils.logging:   91: {"_type": "train_iter", "epoch": "26/30", "eta": "0:03:36", "iter": "2801/7445", "loss": 1.289756, "lr": 0.000016, "neg_dist": 2.796301, "pos_dist": 3.784843, "time_diff": 17.460000, "triplet": 1.288542}
[08/12 16:24:00][INFO] utils.logging:   91: {"_type": "train_iter", "epoch": "26/30", "eta": "0:03:35", "iter": "3001/7445", "loss": 1.474988, "lr": 0.000016, "neg_dist": 3.807884, "pos_dist": 4.981914, "time_diff": 18.700000, "triplet": 1.474030}
[08/12 16:24:01][INFO] utils.logging:   91: {"_type": "train_iter", "epoch": "26/30", "eta": "0:03:34", "iter": "3201/7445", "loss": 0.923436, "lr": 0.000016, "neg_dist": 3.290151, "pos_dist": 3.912120, "time_diff": 19.960000, "triplet": 0.921969}
[08/12 16:24:03][INFO] utils.logging:   91: {"_type": "train_iter", "epoch": "26/30", "eta": "0:03:33", "iter": "3401/7445", "loss": 1.573951, "lr": 0.000016, "neg_dist": 3.143089, "pos_dist": 4.399622, "time_diff": 21.150000, "triplet": 1.572877}
[08/12 16:24:04][INFO] utils.logging:   91: {"_type": "train_iter", "epoch": "26/30", "eta": "0:03:31", "iter": "3601/7445", "loss": 1.434805, "lr": 0.000016, "neg_dist": 3.385816, "pos_dist": 4.489994, "time_diff": 22.410000, "triplet": 1.433732}
[08/12 16:24:05][INFO] utils.logging:   91: {"_type": "train_iter", "epoch": "26/30", "eta": "0:03:30", "iter": "3801/7445", "loss": 1.520186, "lr": 0.000016, "neg_dist": 3.754800, "pos_dist": 4.974179, "time_diff": 23.660000, "triplet": 1.519379}
[08/12 16:24:06][INFO] utils.logging:   91: {"_type": "train_iter", "epoch": "26/30", "eta": "0:03:29", "iter": "4001/7445", "loss": 1.766441, "lr": 0.000016, "neg_dist": 3.390650, "pos_dist": 4.855950, "time_diff": 24.900000, "triplet": 1.765300}
[08/12 16:24:08][INFO] utils.logging:   91: {"_type": "train_iter", "epoch": "26/30", "eta": "0:03:28", "iter": "4201/7445", "loss": 1.612927, "lr": 0.000016, "neg_dist": 3.112135, "pos_dist": 4.423987, "time_diff": 26.140000, "triplet": 1.611853}
[08/12 16:24:09][INFO] utils.logging:   91: {"_type": "train_iter", "epoch": "26/30", "eta": "0:03:26", "iter": "4401/7445", "loss": 1.365185, "lr": 0.000016, "neg_dist": 3.784831, "pos_dist": 4.849005, "time_diff": 27.430000, "triplet": 1.364174}
[08/12 16:24:10][INFO] utils.logging:   91: {"_type": "train_iter", "epoch": "26/30", "eta": "0:03:25", "iter": "4601/7445", "loss": 0.800027, "lr": 0.000016, "neg_dist": 3.528369, "pos_dist": 4.027541, "time_diff": 28.710000, "triplet": 0.799171}
[08/12 16:24:11][INFO] utils.logging:   91: {"_type": "train_iter", "epoch": "26/30", "eta": "0:03:24", "iter": "4801/7445", "loss": 1.021837, "lr": 0.000016, "neg_dist": 2.802221, "pos_dist": 3.522857, "time_diff": 29.960000, "triplet": 1.020636}
[08/12 16:24:13][INFO] utils.logging:   91: {"_type": "train_iter", "epoch": "26/30", "eta": "0:03:23", "iter": "5001/7445", "loss": 1.331176, "lr": 0.000016, "neg_dist": 3.552522, "pos_dist": 4.520605, "time_diff": 31.190000, "triplet": 1.330262}
[08/12 16:24:14][INFO] utils.logging:   91: {"_type": "train_iter", "epoch": "26/30", "eta": "0:03:21", "iter": "5201/7445", "loss": 1.294254, "lr": 0.000016, "neg_dist": 3.054073, "pos_dist": 4.047251, "time_diff": 32.410000, "triplet": 1.293178}
[08/12 16:24:15][INFO] utils.logging:   91: {"_type": "train_iter", "epoch": "26/30", "eta": "0:03:20", "iter": "5401/7445", "loss": 0.892399, "lr": 0.000016, "neg_dist": 2.984028, "pos_dist": 3.575142, "time_diff": 33.650000, "triplet": 0.891114}
[08/12 16:24:16][INFO] utils.logging:   91: {"_type": "train_iter", "epoch": "26/30", "eta": "0:03:19", "iter": "5601/7445", "loss": 1.144740, "lr": 0.000016, "neg_dist": 4.508543, "pos_dist": 5.352003, "time_diff": 34.890000, "triplet": 1.143459}
[08/12 16:24:18][INFO] utils.logging:   91: {"_type": "train_iter", "epoch": "26/30", "eta": "0:03:17", "iter": "5801/7445", "loss": 1.352386, "lr": 0.000016, "neg_dist": 3.359745, "pos_dist": 4.325903, "time_diff": 36.110000, "triplet": 1.351486}
[08/12 16:24:19][INFO] utils.logging:   91: {"_type": "train_iter", "epoch": "26/30", "eta": "0:03:16", "iter": "6001/7445", "loss": 1.169881, "lr": 0.000016, "neg_dist": 3.713340, "pos_dist": 4.581726, "time_diff": 37.360000, "triplet": 1.168386}
[08/12 16:24:20][INFO] utils.logging:   91: {"_type": "train_iter", "epoch": "26/30", "eta": "0:03:15", "iter": "6201/7445", "loss": 1.001518, "lr": 0.000016, "neg_dist": 3.235652, "pos_dist": 3.932850, "time_diff": 38.590000, "triplet": 1.000241}
[08/12 16:24:21][INFO] utils.logging:   91: {"_type": "train_iter", "epoch": "26/30", "eta": "0:03:14", "iter": "6401/7445", "loss": 0.505485, "lr": 0.000016, "neg_dist": 3.254512, "pos_dist": 3.458537, "time_diff": 39.840000, "triplet": 0.504025}
[08/12 16:24:23][INFO] utils.logging:   91: {"_type": "train_iter", "epoch": "26/30", "eta": "0:03:12", "iter": "6601/7445", "loss": 1.332544, "lr": 0.000016, "neg_dist": 3.607056, "pos_dist": 4.638342, "time_diff": 41.130000, "triplet": 1.331287}
[08/12 16:24:24][INFO] utils.logging:   91: {"_type": "train_iter", "epoch": "26/30", "eta": "0:03:11", "iter": "6801/7445", "loss": 1.672406, "lr": 0.000016, "neg_dist": 3.669023, "pos_dist": 5.040222, "time_diff": 42.350000, "triplet": 1.671198}
[08/12 16:24:25][INFO] utils.logging:   91: {"_type": "train_iter", "epoch": "26/30", "eta": "0:03:10", "iter": "7001/7445", "loss": 0.879346, "lr": 0.000016, "neg_dist": 3.410554, "pos_dist": 3.988636, "time_diff": 43.620000, "triplet": 0.878082}
[08/12 16:24:26][INFO] utils.logging:   91: {"_type": "train_iter", "epoch": "26/30", "eta": "0:03:09", "iter": "7201/7445", "loss": 0.608291, "lr": 0.000016, "neg_dist": 2.734027, "pos_dist": 2.909794, "time_diff": 44.860000, "triplet": 0.607442}
[08/12 16:24:28][INFO] utils.logging:   91: {"_type": "train_iter", "epoch": "26/30", "eta": "0:03:07", "iter": "7401/7445", "loss": 1.724295, "lr": 0.000016, "neg_dist": 3.708207, "pos_dist": 5.131649, "time_diff": 46.120000, "triplet": 1.723441}
[08/12 16:24:28][INFO] __main__:  214: Checkpoint: output/frame_selector/ssv2_ViT-B16_PhaseOffset_BiMHM/frame_selector_epoch0025.pth
[08/12 16:24:28][INFO] utils.logging:   91: {"RAM": "14.47/125.63 GB", "_type": "train_epoch", "epoch": "26/30", "eta": "0:03:07", "gpu_mem": "0.39 GB", "loss": 1.232149, "lr": 0.000016, "neg_dist": 3.438870, "pos_dist": 4.351311, "time_diff": 46.430000, "triplet": 1.231014}
[08/12 16:24:28][INFO] utils.logging:   91: {"_type": "val_epoch", "epoch": "26/30", "loss": 1.302453}
[08/12 16:24:29][INFO] utils.logging:   91: {"_type": "train_iter", "epoch": "27/30", "eta": "0:03:07", "iter": "1/7445", "loss": 1.298391, "lr": 0.000009, "neg_dist": 3.328083, "pos_dist": 4.325494, "time_diff": 0.090000, "triplet": 1.297411}
[08/12 16:24:30][INFO] utils.logging:   91: {"_type": "train_iter", "epoch": "27/30", "eta": "0:03:06", "iter": "201/7445", "loss": 1.543833, "lr": 0.000009, "neg_dist": 3.349677, "pos_dist": 4.592400, "time_diff": 1.360000, "triplet": 1.542722}
[08/12 16:24:31][INFO] utils.logging:   91: {"_type": "train_iter", "epoch": "27/30", "eta": "0:03:05", "iter": "401/7445", "loss": 1.383408, "lr": 0.000009, "neg_dist": 3.831706, "pos_dist": 4.914222, "time_diff": 2.610000, "triplet": 1.382516}
[08/12 16:24:32][INFO] utils.logging:   91: {"_type": "train_iter", "epoch": "27/30", "eta": "0:03:03", "iter": "601/7445", "loss": 1.578841, "lr": 0.000009, "neg_dist": 4.822272, "pos_dist": 5.713983, "time_diff": 3.830000, "triplet": 1.578104}
[08/12 16:24:34][INFO] utils.logging:   91: {"_type": "train_iter", "epoch": "27/30", "eta": "0:03:02", "iter": "801/7445", "loss": 1.140876, "lr": 0.000009, "neg_dist": 3.033340, "pos_dist": 3.873172, "time_diff": 5.090000, "triplet": 1.139832}
[08/12 16:24:35][INFO] utils.logging:   91: {"_type": "train_iter", "epoch": "27/30", "eta": "0:03:01", "iter": "1001/7445", "loss": 0.789040, "lr": 0.000009, "neg_dist": 3.232577, "pos_dist": 3.708572, "time_diff": 6.320000, "triplet": 0.788032}
[08/12 16:24:36][INFO] utils.logging:   91: {"_type": "train_iter", "epoch": "27/30", "eta": "0:03:00", "iter": "1201/7445", "loss": 1.663304, "lr": 0.000009, "neg_dist": 3.288071, "pos_dist": 4.650263, "time_diff": 7.540000, "triplet": 1.662192}
[08/12 16:24:37][INFO] utils.logging:   91: {"_type": "train_iter", "epoch": "27/30", "eta": "0:02:58", "iter": "1401/7445", "loss": 0.152124, "lr": 0.000009, "neg_dist": 3.907552, "pos_dist": 3.438538, "time_diff": 8.770000, "triplet": 0.150799}
[08/12 16:24:38][INFO] utils.logging:   91: {"_type": "train_iter", "epoch": "27/30", "eta": "0:02:57", "iter": "1601/7445", "loss": 0.850756, "lr": 0.000009, "neg_dist": 3.061874, "pos_dist": 3.611545, "time_diff": 10.000000, "triplet": 0.849671}
[08/12 16:24:40][INFO] utils.logging:   91: {"_type": "train_iter", "epoch": "27/30", "eta": "0:02:56", "iter": "1801/7445", "loss": 1.100233, "lr": 0.000009, "neg_dist": 3.641301, "pos_dist": 4.440085, "time_diff": 11.230000, "triplet": 1.098783}
[08/12 16:24:41][INFO] utils.logging:   91: {"_type": "train_iter", "epoch": "27/30", "eta": "0:02:55", "iter": "2001/7445", "loss": 1.932162, "lr": 0.000009, "neg_dist": 3.904998, "pos_dist": 5.535984, "time_diff": 12.490000, "triplet": 1.930986}
[08/12 16:24:42][INFO] utils.logging:   91: {"_type": "train_iter", "epoch": "27/30", "eta": "0:02:53", "iter": "2201/7445", "loss": 1.687525, "lr": 0.000009, "neg_dist": 3.595862, "pos_dist": 4.980634, "time_diff": 13.710000, "triplet": 1.686376}
[08/12 16:24:43][INFO] utils.logging:   91: {"_type": "train_iter", "epoch": "27/30", "eta": "0:02:52", "iter": "2401/7445", "loss": 0.947888, "lr": 0.000009, "neg_dist": 3.633970, "pos_dist": 4.280636, "time_diff": 14.980000, "triplet": 0.946666}
[08/12 16:24:45][INFO] utils.logging:   91: {"_type": "train_iter", "epoch": "27/30", "eta": "0:02:51", "iter": "2601/7445", "loss": 0.944412, "lr": 0.000009, "neg_dist": 3.250384, "pos_dist": 3.893680, "time_diff": 16.270000, "triplet": 0.943296}
[08/12 16:24:46][INFO] utils.logging:   91: {"_type": "train_iter", "epoch": "27/30", "eta": "0:02:50", "iter": "2801/7445", "loss": 1.320639, "lr": 0.000009, "neg_dist": 3.598668, "pos_dist": 4.617935, "time_diff": 17.530000, "triplet": 1.319267}
[08/12 16:24:47][INFO] utils.logging:   91: {"_type": "train_iter", "epoch": "27/30", "eta": "0:02:48", "iter": "3001/7445", "loss": 1.731178, "lr": 0.000009, "neg_dist": 3.301954, "pos_dist": 4.731877, "time_diff": 18.780000, "triplet": 1.729923}
[08/12 16:24:48][INFO] utils.logging:   91: {"_type": "train_iter", "epoch": "27/30", "eta": "0:02:47", "iter": "3201/7445", "loss": 1.643395, "lr": 0.000009, "neg_dist": 3.583101, "pos_dist": 4.925396, "time_diff": 20.020000, "triplet": 1.642296}
[08/12 16:24:50][INFO] utils.logging:   91: {"_type": "train_iter", "epoch": "27/30", "eta": "0:02:46", "iter": "3401/7445", "loss": 1.383650, "lr": 0.000009, "neg_dist": 3.383988, "pos_dist": 4.466614, "time_diff": 21.250000, "triplet": 1.382626}
[08/12 16:24:51][INFO] utils.logging:   91: {"_type": "train_iter", "epoch": "27/30", "eta": "0:02:44", "iter": "3601/7445", "loss": 1.319611, "lr": 0.000009, "neg_dist": 3.190749, "pos_dist": 4.209412, "time_diff": 22.500000, "triplet": 1.318662}
[08/12 16:24:52][INFO] utils.logging:   91: {"_type": "train_iter", "epoch": "27/30", "eta": "0:02:43", "iter": "3801/7445", "loss": 1.250844, "lr": 0.000009, "neg_dist": 3.092271, "pos_dist": 4.025136, "time_diff": 23.720000, "triplet": 1.249514}
[08/12 16:24:53][INFO] utils.logging:   91: {"_type": "train_iter", "epoch": "27/30", "eta": "0:02:42", "iter": "4001/7445", "loss": 1.974068, "lr": 0.000009, "neg_dist": 3.217703, "pos_dist": 4.890460, "time_diff": 24.950000, "triplet": 1.972757}
[08/12 16:24:55][INFO] utils.logging:   91: {"_type": "train_iter", "epoch": "27/30", "eta": "0:02:41", "iter": "4201/7445", "loss": 1.482452, "lr": 0.000009, "neg_dist": 3.479988, "pos_dist": 4.661127, "time_diff": 26.200000, "triplet": 1.481139}
[08/12 16:24:56][INFO] utils.logging:   91: {"_type": "train_iter", "epoch": "27/30", "eta": "0:02:39", "iter": "4401/7445", "loss": 1.076321, "lr": 0.000009, "neg_dist": 3.902032, "pos_dist": 4.439556, "time_diff": 27.450000, "triplet": 1.075275}
[08/12 16:24:57][INFO] utils.logging:   91: {"_type": "train_iter", "epoch": "27/30", "eta": "0:02:38", "iter": "4601/7445", "loss": 1.439343, "lr": 0.000009, "neg_dist": 3.377531, "pos_dist": 4.515714, "time_diff": 28.680000, "triplet": 1.438182}
[08/12 16:24:58][INFO] utils.logging:   91: {"_type": "train_iter", "epoch": "27/30", "eta": "0:02:37", "iter": "4801/7445", "loss": 1.816236, "lr": 0.000009, "neg_dist": 3.353834, "pos_dist": 4.869068, "time_diff": 29.900000, "triplet": 1.815233}
[08/12 16:25:00][INFO] utils.logging:   91: {"_type": "train_iter", "epoch": "27/30", "eta": "0:02:36", "iter": "5001/7445", "loss": 2.125664, "lr": 0.000009, "neg_dist": 4.108976, "pos_dist": 5.927218, "time_diff": 31.140000, "triplet": 2.124485}
[08/12 16:25:01][INFO] utils.logging:   91: {"_type": "train_iter", "epoch": "27/30", "eta": "0:02:34", "iter": "5201/7445", "loss": 1.515300, "lr": 0.000009, "neg_dist": 4.213636, "pos_dist": 5.427872, "time_diff": 32.380000, "triplet": 1.514235}
[08/12 16:25:02][INFO] utils.logging:   91: {"_type": "train_iter", "epoch": "27/30", "eta": "0:02:33", "iter": "5401/7445", "loss": 1.044629, "lr": 0.000009, "neg_dist": 3.522489, "pos_dist": 4.265961, "time_diff": 33.630000, "triplet": 1.043472}
[08/12 16:25:03][INFO] utils.logging:   91: {"_type": "train_iter", "epoch": "27/30", "eta": "0:02:32", "iter": "5601/7445", "loss": 1.302060, "lr": 0.000009, "neg_dist": 3.621617, "pos_dist": 4.622352, "time_diff": 34.850000, "triplet": 1.300735}
[08/12 16:25:05][INFO] utils.logging:   91: {"_type": "train_iter", "epoch": "27/30", "eta": "0:02:31", "iter": "5801/7445", "loss": 0.951522, "lr": 0.000009, "neg_dist": 3.592019, "pos_dist": 4.205736, "time_diff": 36.100000, "triplet": 0.950587}
[08/12 16:25:06][INFO] utils.logging:   91: {"_type": "train_iter", "epoch": "27/30", "eta": "0:02:29", "iter": "6001/7445", "loss": 0.782656, "lr": 0.000009, "neg_dist": 2.775879, "pos_dist": 3.240464, "time_diff": 37.340000, "triplet": 0.781073}
[08/12 16:25:07][INFO] utils.logging:   91: {"_type": "train_iter", "epoch": "27/30", "eta": "0:02:28", "iter": "6201/7445", "loss": 1.418706, "lr": 0.000009, "neg_dist": 2.509564, "pos_dist": 3.627162, "time_diff": 38.580000, "triplet": 1.417598}
[08/12 16:25:08][INFO] utils.logging:   91: {"_type": "train_iter", "epoch": "27/30", "eta": "0:02:27", "iter": "6401/7445", "loss": 1.789713, "lr": 0.000009, "neg_dist": 3.430205, "pos_dist": 4.918937, "time_diff": 39.820000, "triplet": 1.788731}
[08/12 16:25:10][INFO] utils.logging:   91: {"_type": "train_iter", "epoch": "27/30", "eta": "0:02:26", "iter": "6601/7445", "loss": 1.268355, "lr": 0.000009, "neg_dist": 3.811731, "pos_dist": 4.778672, "time_diff": 41.060000, "triplet": 1.266941}
[08/12 16:25:11][INFO] utils.logging:   91: {"_type": "train_iter", "epoch": "27/30", "eta": "0:02:24", "iter": "6801/7445", "loss": 1.448406, "lr": 0.000009, "neg_dist": 3.412242, "pos_dist": 4.559119, "time_diff": 42.310000, "triplet": 1.446876}
[08/12 16:25:12][INFO] utils.logging:   91: {"_type": "train_iter", "epoch": "27/30", "eta": "0:02:23", "iter": "7001/7445", "loss": 1.782026, "lr": 0.000009, "neg_dist": 3.640313, "pos_dist": 5.121205, "time_diff": 43.540000, "triplet": 1.780892}
[08/12 16:25:13][INFO] utils.logging:   91: {"_type": "train_iter", "epoch": "27/30", "eta": "0:02:22", "iter": "7201/7445", "loss": 1.195714, "lr": 0.000009, "neg_dist": 3.551637, "pos_dist": 4.446510, "time_diff": 44.810000, "triplet": 1.194873}
[08/12 16:25:15][INFO] utils.logging:   91: {"_type": "train_iter", "epoch": "27/30", "eta": "0:02:20", "iter": "7401/7445", "loss": 0.979936, "lr": 0.000009, "neg_dist": 3.735461, "pos_dist": 4.414494, "time_diff": 46.040000, "triplet": 0.979033}
[08/12 16:25:15][INFO] utils.logging:   91: {"RAM": "14.46/125.63 GB", "_type": "train_epoch", "epoch": "27/30", "eta": "0:02:20", "gpu_mem": "0.39 GB", "loss": 1.233988, "lr": 0.000009, "neg_dist": 3.431410, "pos_dist": 4.346287, "time_diff": 46.360000, "triplet": 1.232853}
[08/12 16:25:15][INFO] utils.logging:   91: {"_type": "val_epoch", "epoch": "27/30", "loss": 1.241077}
[08/12 16:25:16][INFO] utils.logging:   91: {"_type": "train_iter", "epoch": "28/30", "eta": "0:02:20", "iter": "1/7445", "loss": 1.381111, "lr": 0.000004, "neg_dist": 3.501889, "pos_dist": 4.582135, "time_diff": 0.090000, "triplet": 1.380246}
[08/12 16:25:17][INFO] utils.logging:   91: {"_type": "train_iter", "epoch": "28/30", "eta": "0:02:19", "iter": "201/7445", "loss": 1.731974, "lr": 0.000004, "neg_dist": 3.244130, "pos_dist": 4.674824, "time_diff": 1.330000, "triplet": 1.730694}
[08/12 16:25:18][INFO] utils.logging:   91: {"_type": "train_iter", "epoch": "28/30", "eta": "0:02:18", "iter": "401/7445", "loss": 1.263864, "lr": 0.000004, "neg_dist": 3.303319, "pos_dist": 4.266413, "time_diff": 2.590000, "triplet": 1.263095}
[08/12 16:25:19][INFO] utils.logging:   91: {"_type": "train_iter", "epoch": "28/30", "eta": "0:02:16", "iter": "601/7445", "loss": 1.643737, "lr": 0.000004, "neg_dist": 3.851024, "pos_dist": 5.193595, "time_diff": 3.830000, "triplet": 1.642572}
[08/12 16:25:20][INFO] utils.logging:   91: {"_type": "train_iter", "epoch": "28/30", "eta": "0:02:15", "iter": "801/7445", "loss": 1.411605, "lr": 0.000004, "neg_dist": 3.415511, "pos_dist": 4.525896, "time_diff": 5.050000, "triplet": 1.410385}
[08/12 16:25:22][INFO] utils.logging:   91: {"_type": "train_iter", "epoch": "28/30", "eta": "0:02:14", "iter": "1001/7445", "loss": 1.263554, "lr": 0.000004, "neg_dist": 3.094584, "pos_dist": 4.056525, "time_diff": 6.320000, "triplet": 1.261941}
[08/12 16:25:23][INFO] utils.logging:   91: {"_type": "train_iter", "epoch": "28/30", "eta": "0:02:13", "iter": "1201/7445", "loss": 1.011674, "lr": 0.000004, "neg_dist": 3.039826, "pos_dist": 3.749987, "time_diff": 7.550000, "triplet": 1.010161}
[08/12 16:25:24][INFO] utils.logging:   91: {"_type": "train_iter", "epoch": "28/30", "eta": "0:02:11", "iter": "1401/7445", "loss": 1.195232, "lr": 0.000004, "neg_dist": 3.501855, "pos_dist": 4.396195, "time_diff": 8.820000, "triplet": 1.194341}
[08/12 16:25:25][INFO] utils.logging:   91: {"_type": "train_iter", "epoch": "28/30", "eta": "0:02:10", "iter": "1601/7445", "loss": 1.041314, "lr": 0.000004, "neg_dist": 3.731886, "pos_dist": 4.402030, "time_diff": 10.050000, "triplet": 1.040316}
[08/12 16:25:27][INFO] utils.logging:   91: {"_type": "train_iter", "epoch": "28/30", "eta": "0:02:09", "iter": "1801/7445", "loss": 1.123575, "lr": 0.000004, "neg_dist": 4.070220, "pos_dist": 4.892646, "time_diff": 11.290000, "triplet": 1.122425}
[08/12 16:25:28][INFO] utils.logging:   91: {"_type": "train_iter", "epoch": "28/30", "eta": "0:02:08", "iter": "2001/7445", "loss": 0.896041, "lr": 0.000004, "neg_dist": 2.752051, "pos_dist": 3.347145, "time_diff": 12.530000, "triplet": 0.895094}
[08/12 16:25:29][INFO] utils.logging:   91: {"_type": "train_iter", "epoch": "28/30", "eta": "0:02:06", "iter": "2201/7445", "loss": 1.003374, "lr": 0.000004, "neg_dist": 2.817037, "pos_dist": 3.519221, "time_diff": 13.760000, "triplet": 1.002185}
[08/12 16:25:30][INFO] utils.logging:   91: {"_type": "train_iter", "epoch": "28/30", "eta": "0:02:05", "iter": "2401/7445", "loss": 1.384090, "lr": 0.000004, "neg_dist": 3.536965, "pos_dist": 4.585702, "time_diff": 15.000000, "triplet": 1.382771}
[08/12 16:25:32][INFO] utils.logging:   91: {"_type": "train_iter", "epoch": "28/30", "eta": "0:02:04", "iter": "2601/7445", "loss": 1.774961, "lr": 0.000004, "neg_dist": 2.850834, "pos_dist": 4.324722, "time_diff": 16.200000, "triplet": 1.773888}
[08/12 16:25:33][INFO] utils.logging:   91: {"_type": "train_iter", "epoch": "28/30", "eta": "0:02:03", "iter": "2801/7445", "loss": 0.574921, "lr": 0.000004, "neg_dist": 3.869011, "pos_dist": 4.099225, "time_diff": 17.460000, "triplet": 0.573787}
[08/12 16:25:34][INFO] utils.logging:   91: {"_type": "train_iter", "epoch": "28/30", "eta": "0:02:01", "iter": "3001/7445", "loss": 0.850369, "lr": 0.000004, "neg_dist": 3.246158, "pos_dist": 3.795170, "time_diff": 18.690000, "triplet": 0.849012}
[08/12 16:25:35][INFO] utils.logging:   91: {"_type": "train_iter", "epoch": "28/30", "eta": "0:02:00", "iter": "3201/7445", "loss": 1.453334, "lr": 0.000004, "neg_dist": 3.440138, "pos_dist": 4.506750, "time_diff": 19.950000, "triplet": 1.452307}
[08/12 16:25:37][INFO] utils.logging:   91: {"_type": "train_iter", "epoch": "28/30", "eta": "0:01:59", "iter": "3401/7445", "loss": 1.239746, "lr": 0.000004, "neg_dist": 4.443691, "pos_dist": 5.364611, "time_diff": 21.160000, "triplet": 1.238617}
[08/12 16:25:38][INFO] utils.logging:   91: {"_type": "train_iter", "epoch": "28/30", "eta": "0:01:58", "iter": "3601/7445", "loss": 1.156865, "lr": 0.000004, "neg_dist": 3.516103, "pos_dist": 4.371475, "time_diff": 22.420000, "triplet": 1.155373}
[08/12 16:25:39][INFO] utils.logging:   91: {"_type": "train_iter", "epoch": "28/30", "eta": "0:01:56", "iter": "3801/7445", "loss": 1.227850, "lr": 0.000004, "neg_dist": 3.373561, "pos_dist": 4.300082, "time_diff": 23.690000, "triplet": 1.226521}
[08/12 16:25:40][INFO] utils.logging:   91: {"_type": "train_iter", "epoch": "28/30", "eta": "0:01:55", "iter": "4001/7445", "loss": 1.484135, "lr": 0.000004, "neg_dist": 3.234878, "pos_dist": 4.418290, "time_diff": 24.920000, "triplet": 1.483412}
[08/12 16:25:42][INFO] utils.logging:   91: {"_type": "train_iter", "epoch": "28/30", "eta": "0:01:54", "iter": "4201/7445", "loss": 1.089259, "lr": 0.000004, "neg_dist": 3.876574, "pos_dist": 4.664458, "time_diff": 26.140000, "triplet": 1.087883}
[08/12 16:25:43][INFO] utils.logging:   91: {"_type": "train_iter", "epoch": "28/30", "eta": "0:01:52", "iter": "4401/7445", "loss": 0.357603, "lr": 0.000004, "neg_dist": 4.242372, "pos_dist": 4.153772, "time_diff": 27.350000, "triplet": 0.356739}
[08/12 16:25:44][INFO] utils.logging:   91: {"_type": "train_iter", "epoch": "28/30", "eta": "0:01:51", "iter": "4601/7445", "loss": 1.010745, "lr": 0.000004, "neg_dist": 3.652604, "pos_dist": 4.360958, "time_diff": 28.610000, "triplet": 1.009763}
[08/12 16:25:45][INFO] utils.logging:   91: {"_type": "train_iter", "epoch": "28/30", "eta": "0:01:50", "iter": "4801/7445", "loss": 1.509403, "lr": 0.000004, "neg_dist": 3.117396, "pos_dist": 4.325723, "time_diff": 29.840000, "triplet": 1.508327}
[08/12 16:25:47][INFO] utils.logging:   91: {"_type": "train_iter", "epoch": "28/30", "eta": "0:01:49", "iter": "5001/7445", "loss": 1.461239, "lr": 0.000004, "neg_dist": 3.627397, "pos_dist": 4.655910, "time_diff": 31.090000, "triplet": 1.459933}
[08/12 16:25:48][INFO] utils.logging:   91: {"_type": "train_iter", "epoch": "28/30", "eta": "0:01:47", "iter": "5201/7445", "loss": 0.681484, "lr": 0.000004, "neg_dist": 3.745446, "pos_dist": 4.098387, "time_diff": 32.320000, "triplet": 0.680260}
[08/12 16:25:49][INFO] utils.logging:   91: {"_type": "train_iter", "epoch": "28/30", "eta": "0:01:46", "iter": "5401/7445", "loss": 1.975020, "lr": 0.000004, "neg_dist": 3.323760, "pos_dist": 4.998057, "time_diff": 33.550000, "triplet": 1.974297}
[08/12 16:25:50][INFO] utils.logging:   91: {"_type": "train_iter", "epoch": "28/30", "eta": "0:01:45", "iter": "5601/7445", "loss": 1.040143, "lr": 0.000004, "neg_dist": 3.600579, "pos_dist": 4.339720, "time_diff": 34.810000, "triplet": 1.039141}
[08/12 16:25:51][INFO] utils.logging:   91: {"_type": "train_iter", "epoch": "28/30", "eta": "0:01:44", "iter": "5801/7445", "loss": 1.160739, "lr": 0.000004, "neg_dist": 3.300731, "pos_dist": 4.160320, "time_diff": 36.030000, "triplet": 1.159588}
[08/12 16:25:53][INFO] utils.logging:   91: {"_type": "train_iter", "epoch": "28/30", "eta": "0:01:42", "iter": "6001/7445", "loss": 0.935888, "lr": 0.000004, "neg_dist": 3.167251, "pos_dist": 3.801762, "time_diff": 37.250000, "triplet": 0.934511}
[08/12 16:25:54][INFO] utils.logging:   91: {"_type": "train_iter", "epoch": "28/30", "eta": "0:01:41", "iter": "6201/7445", "loss": 1.351570, "lr": 0.000004, "neg_dist": 3.354146, "pos_dist": 4.399932, "time_diff": 38.450000, "triplet": 1.350703}
[08/12 16:25:55][INFO] utils.logging:   91: {"_type": "train_iter", "epoch": "28/30", "eta": "0:01:40", "iter": "6401/7445", "loss": 2.049927, "lr": 0.000004, "neg_dist": 3.686311, "pos_dist": 5.435084, "time_diff": 39.700000, "triplet": 2.048774}
[08/12 16:25:56][INFO] utils.logging:   91: {"_type": "train_iter", "epoch": "28/30", "eta": "0:01:39", "iter": "6601/7445", "loss": 1.537184, "lr": 0.000004, "neg_dist": 3.261063, "pos_dist": 4.497144, "time_diff": 40.920000, "triplet": 1.536081}
[08/12 16:25:58][INFO] utils.logging:   91: {"_type": "train_iter", "epoch": "28/30", "eta": "0:01:37", "iter": "6801/7445", "loss": 1.548145, "lr": 0.000004, "neg_dist": 2.794341, "pos_dist": 4.041082, "time_diff": 42.150000, "triplet": 1.546741}
[08/12 16:25:59][INFO] utils.logging:   91: {"_type": "train_iter", "epoch": "28/30", "eta": "0:01:36", "iter": "7001/7445", "loss": 1.167268, "lr": 0.000004, "neg_dist": 3.846776, "pos_dist": 4.712816, "time_diff": 43.400000, "triplet": 1.166040}
[08/12 16:26:00][INFO] utils.logging:   91: {"_type": "train_iter", "epoch": "28/30", "eta": "0:01:35", "iter": "7201/7445", "loss": 0.747475, "lr": 0.000004, "neg_dist": 3.635855, "pos_dist": 4.081902, "time_diff": 44.620000, "triplet": 0.746366}
[08/12 16:26:01][INFO] utils.logging:   91: {"_type": "train_iter", "epoch": "28/30", "eta": "0:01:34", "iter": "7401/7445", "loss": 1.178265, "lr": 0.000004, "neg_dist": 3.395499, "pos_dist": 4.253798, "time_diff": 45.890000, "triplet": 1.177274}
[08/12 16:26:02][INFO] utils.logging:   91: {"RAM": "14.46/125.63 GB", "_type": "train_epoch", "epoch": "28/30", "eta": "0:01:33", "gpu_mem": "0.39 GB", "loss": 1.226462, "lr": 0.000004, "neg_dist": 3.436419, "pos_dist": 4.343645, "time_diff": 46.210000, "triplet": 1.225323}
[08/12 16:26:02][INFO] utils.logging:   91: {"_type": "val_epoch", "epoch": "28/30", "loss": 1.263562}
[08/12 16:26:02][INFO] utils.logging:   91: {"_type": "train_iter", "epoch": "29/30", "eta": "0:01:33", "iter": "1/7445", "loss": 1.111727, "lr": 0.000001, "neg_dist": 4.218282, "pos_dist": 4.826954, "time_diff": 0.090000, "triplet": 1.110691}
[08/12 16:26:04][INFO] utils.logging:   91: {"_type": "train_iter", "epoch": "29/30", "eta": "0:01:32", "iter": "201/7445", "loss": 1.082093, "lr": 0.000001, "neg_dist": 2.652306, "pos_dist": 3.432897, "time_diff": 1.360000, "triplet": 1.080591}
[08/12 16:26:05][INFO] utils.logging:   91: {"_type": "train_iter", "epoch": "29/30", "eta": "0:01:31", "iter": "401/7445", "loss": 1.140374, "lr": 0.000001, "neg_dist": 2.896335, "pos_dist": 3.724353, "time_diff": 2.590000, "triplet": 1.139293}
[08/12 16:26:06][INFO] utils.logging:   91: {"_type": "train_iter", "epoch": "29/30", "eta": "0:01:30", "iter": "601/7445", "loss": 1.515315, "lr": 0.000001, "neg_dist": 3.297963, "pos_dist": 4.512130, "time_diff": 3.850000, "triplet": 1.514168}
[08/12 16:26:07][INFO] utils.logging:   91: {"_type": "train_iter", "epoch": "29/30", "eta": "0:01:28", "iter": "801/7445", "loss": 1.040679, "lr": 0.000001, "neg_dist": 3.027106, "pos_dist": 3.766795, "time_diff": 5.090000, "triplet": 1.039689}
[08/12 16:26:09][INFO] utils.logging:   91: {"_type": "train_iter", "epoch": "29/30", "eta": "0:01:27", "iter": "1001/7445", "loss": 1.016360, "lr": 0.000001, "neg_dist": 2.901534, "pos_dist": 3.616712, "time_diff": 6.320000, "triplet": 1.015178}
[08/12 16:26:10][INFO] utils.logging:   91: {"_type": "train_iter", "epoch": "29/30", "eta": "0:01:26", "iter": "1201/7445", "loss": 1.168422, "lr": 0.000001, "neg_dist": 3.100885, "pos_dist": 3.968271, "time_diff": 7.560000, "triplet": 1.167386}
[08/12 16:26:11][INFO] utils.logging:   91: {"_type": "train_iter", "epoch": "29/30", "eta": "0:01:25", "iter": "1401/7445", "loss": 1.429878, "lr": 0.000001, "neg_dist": 3.887117, "pos_dist": 5.015638, "time_diff": 8.780000, "triplet": 1.428520}
[08/12 16:26:12][INFO] utils.logging:   91: {"_type": "train_iter", "epoch": "29/30", "eta": "0:01:23", "iter": "1601/7445", "loss": 0.914959, "lr": 0.000001, "neg_dist": 4.796725, "pos_dist": 5.410967, "time_diff": 10.030000, "triplet": 0.914243}
[08/12 16:26:13][INFO] utils.logging:   91: {"_type": "train_iter", "epoch": "29/30", "eta": "0:01:22", "iter": "1801/7445", "loss": 1.257337, "lr": 0.000001, "neg_dist": 3.635536, "pos_dist": 4.591900, "time_diff": 11.260000, "triplet": 1.256365}
[08/12 16:26:15][INFO] utils.logging:   91: {"_type": "train_iter", "epoch": "29/30", "eta": "0:01:21", "iter": "2001/7445", "loss": 1.669203, "lr": 0.000001, "neg_dist": 3.611508, "pos_dist": 4.912111, "time_diff": 12.510000, "triplet": 1.668069}
[08/12 16:26:16][INFO] utils.logging:   91: {"_type": "train_iter", "epoch": "29/30", "eta": "0:01:19", "iter": "2201/7445", "loss": 1.042259, "lr": 0.000001, "neg_dist": 3.248840, "pos_dist": 3.990042, "time_diff": 13.740000, "triplet": 1.041201}
[08/12 16:26:17][INFO] utils.logging:   91: {"_type": "train_iter", "epoch": "29/30", "eta": "0:01:18", "iter": "2401/7445", "loss": 1.652382, "lr": 0.000001, "neg_dist": 4.635067, "pos_dist": 5.986414, "time_diff": 14.960000, "triplet": 1.651348}
[08/12 16:26:18][INFO] utils.logging:   91: {"_type": "train_iter", "epoch": "29/30", "eta": "0:01:17", "iter": "2601/7445", "loss": 1.125964, "lr": 0.000001, "neg_dist": 3.240084, "pos_dist": 4.023510, "time_diff": 16.210000, "triplet": 1.124928}
[08/12 16:26:20][INFO] utils.logging:   91: {"_type": "train_iter", "epoch": "29/30", "eta": "0:01:16", "iter": "2801/7445", "loss": 0.925912, "lr": 0.000001, "neg_dist": 2.914173, "pos_dist": 3.439674, "time_diff": 17.430000, "triplet": 0.924802}
[08/12 16:26:21][INFO] utils.logging:   91: {"_type": "train_iter", "epoch": "29/30", "eta": "0:01:14", "iter": "3001/7445", "loss": 1.935716, "lr": 0.000001, "neg_dist": 4.616942, "pos_dist": 6.251562, "time_diff": 18.720000, "triplet": 1.934620}
[08/12 16:26:22][INFO] utils.logging:   91: {"_type": "train_iter", "epoch": "29/30", "eta": "0:01:13", "iter": "3201/7445", "loss": 0.787418, "lr": 0.000001, "neg_dist": 4.456614, "pos_dist": 4.771944, "time_diff": 19.950000, "triplet": 0.786553}
[08/12 16:26:23][INFO] utils.logging:   91: {"_type": "train_iter", "epoch": "29/30", "eta": "0:01:12", "iter": "3401/7445", "loss": 1.051308, "lr": 0.000001, "neg_dist": 2.877013, "pos_dist": 3.626889, "time_diff": 21.180000, "triplet": 1.049876}
[08/12 16:26:25][INFO] utils.logging:   91: {"_type": "train_iter", "epoch": "29/30", "eta": "0:01:11", "iter": "3601/7445", "loss": 1.296772, "lr": 0.000001, "neg_dist": 3.777336, "pos_dist": 4.772939, "time_diff": 22.430000, "triplet": 1.295603}
[08/12 16:26:26][INFO] utils.logging:   91: {"_type": "train_iter", "epoch": "29/30", "eta": "0:01:09", "iter": "3801/7445", "loss": 1.621290, "lr": 0.000001, "neg_dist": 3.505701, "pos_dist": 4.821153, "time_diff": 23.670000, "triplet": 1.620633}
[08/12 16:26:27][INFO] utils.logging:   91: {"_type": "train_iter", "epoch": "29/30", "eta": "0:01:08", "iter": "4001/7445", "loss": 1.133577, "lr": 0.000001, "neg_dist": 3.017160, "pos_dist": 3.849275, "time_diff": 24.930000, "triplet": 1.132115}
[08/12 16:26:28][INFO] utils.logging:   91: {"_type": "train_iter", "epoch": "29/30", "eta": "0:01:07", "iter": "4201/7445", "loss": 1.125313, "lr": 0.000001, "neg_dist": 3.500169, "pos_dist": 4.324568, "time_diff": 26.160000, "triplet": 1.124399}
[08/12 16:26:30][INFO] utils.logging:   91: {"_type": "train_iter", "epoch": "29/30", "eta": "0:01:06", "iter": "4401/7445", "loss": 0.873848, "lr": 0.000001, "neg_dist": 3.491729, "pos_dist": 4.017255, "time_diff": 27.380000, "triplet": 0.872772}
[08/12 16:26:31][INFO] utils.logging:   91: {"_type": "train_iter", "epoch": "29/30", "eta": "0:01:04", "iter": "4601/7445", "loss": 0.983623, "lr": 0.000001, "neg_dist": 3.382324, "pos_dist": 4.061517, "time_diff": 28.610000, "triplet": 0.981919}
[08/12 16:26:32][INFO] utils.logging:   91: {"_type": "train_iter", "epoch": "29/30", "eta": "0:01:03", "iter": "4801/7445", "loss": 1.664270, "lr": 0.000001, "neg_dist": 2.965651, "pos_dist": 4.328796, "time_diff": 29.860000, "triplet": 1.663146}
[08/12 16:26:33][INFO] utils.logging:   91: {"_type": "train_iter", "epoch": "29/30", "eta": "0:01:02", "iter": "5001/7445", "loss": 1.784156, "lr": 0.000001, "neg_dist": 4.489539, "pos_dist": 5.972552, "time_diff": 31.090000, "triplet": 1.783013}
[08/12 16:26:35][INFO] utils.logging:   91: {"_type": "train_iter", "epoch": "29/30", "eta": "0:01:01", "iter": "5201/7445", "loss": 1.283053, "lr": 0.000001, "neg_dist": 3.249096, "pos_dist": 4.231459, "time_diff": 32.320000, "triplet": 1.282363}
[08/12 16:26:36][INFO] utils.logging:   91: {"_type": "train_iter", "epoch": "29/30", "eta": "0:00:59", "iter": "5401/7445", "loss": 1.571928, "lr": 0.000001, "neg_dist": 3.143937, "pos_dist": 4.414458, "time_diff": 33.560000, "triplet": 1.570520}
[08/12 16:26:37][INFO] utils.logging:   91: {"_type": "train_iter", "epoch": "29/30", "eta": "0:00:58", "iter": "5601/7445", "loss": 1.667715, "lr": 0.000001, "neg_dist": 3.803319, "pos_dist": 5.169773, "time_diff": 34.770000, "triplet": 1.666454}
[08/12 16:26:38][INFO] utils.logging:   91: {"_type": "train_iter", "epoch": "29/30", "eta": "0:00:57", "iter": "5801/7445", "loss": 1.417468, "lr": 0.000001, "neg_dist": 3.632828, "pos_dist": 4.749051, "time_diff": 35.990000, "triplet": 1.416223}
[08/12 16:26:39][INFO] utils.logging:   91: {"_type": "train_iter", "epoch": "29/30", "eta": "0:00:55", "iter": "6001/7445", "loss": 1.687447, "lr": 0.000001, "neg_dist": 3.193797, "pos_dist": 4.579908, "time_diff": 37.240000, "triplet": 1.686111}
[08/12 16:26:41][INFO] utils.logging:   91: {"_type": "train_iter", "epoch": "29/30", "eta": "0:00:54", "iter": "6201/7445", "loss": 1.580717, "lr": 0.000001, "neg_dist": 3.340579, "pos_dist": 4.620378, "time_diff": 38.460000, "triplet": 1.579799}
[08/12 16:26:42][INFO] utils.logging:   91: {"_type": "train_iter", "epoch": "29/30", "eta": "0:00:53", "iter": "6401/7445", "loss": 1.476873, "lr": 0.000001, "neg_dist": 3.544358, "pos_dist": 4.720312, "time_diff": 39.690000, "triplet": 1.475953}
[08/12 16:26:43][INFO] utils.logging:   91: {"_type": "train_iter", "epoch": "29/30", "eta": "0:00:52", "iter": "6601/7445", "loss": 1.604155, "lr": 0.000001, "neg_dist": 3.334788, "pos_dist": 4.638080, "time_diff": 40.910000, "triplet": 1.603292}
[08/12 16:26:44][INFO] utils.logging:   91: {"_type": "train_iter", "epoch": "29/30", "eta": "0:00:50", "iter": "6801/7445", "loss": 1.127885, "lr": 0.000001, "neg_dist": 3.299543, "pos_dist": 4.126431, "time_diff": 42.150000, "triplet": 1.126887}
[08/12 16:26:46][INFO] utils.logging:   91: {"_type": "train_iter", "epoch": "29/30", "eta": "0:00:49", "iter": "7001/7445", "loss": 0.637845, "lr": 0.000001, "neg_dist": 3.160491, "pos_dist": 3.391079, "time_diff": 43.410000, "triplet": 0.636170}
[08/12 16:26:47][INFO] utils.logging:   91: {"_type": "train_iter", "epoch": "29/30", "eta": "0:00:48", "iter": "7201/7445", "loss": 1.595015, "lr": 0.000001, "neg_dist": 3.369748, "pos_dist": 4.663881, "time_diff": 44.640000, "triplet": 1.594133}
[08/12 16:26:48][INFO] utils.logging:   91: {"_type": "train_iter", "epoch": "29/30", "eta": "0:00:47", "iter": "7401/7445", "loss": 0.657988, "lr": 0.000001, "neg_dist": 3.555038, "pos_dist": 3.888767, "time_diff": 45.860000, "triplet": 0.656654}
[08/12 16:26:48][INFO] utils.logging:   91: {"RAM": "14.48/125.63 GB", "_type": "train_epoch", "epoch": "29/30", "eta": "0:00:46", "gpu_mem": "0.39 GB", "loss": 1.236539, "lr": 0.000001, "neg_dist": 3.440244, "pos_dist": 4.357347, "time_diff": 46.160000, "triplet": 1.235401}
[08/12 16:26:49][INFO] utils.logging:   91: {"_type": "val_epoch", "epoch": "29/30", "loss": 1.208357}
[08/12 16:26:49][INFO] utils.logging:   91: {"_type": "train_iter", "epoch": "30/30", "eta": "0:00:46", "iter": "1/7445", "loss": 0.905416, "lr": 0.000000, "neg_dist": 3.279482, "pos_dist": 3.795651, "time_diff": 0.090000, "triplet": 0.904159}
[08/12 16:26:50][INFO] utils.logging:   91: {"_type": "train_iter", "epoch": "30/30", "eta": "0:00:45", "iter": "201/7445", "loss": 1.712665, "lr": 0.000000, "neg_dist": 3.383924, "pos_dist": 4.795275, "time_diff": 1.350000, "triplet": 1.711351}
[08/12 16:26:52][INFO] utils.logging:   91: {"_type": "train_iter", "epoch": "30/30", "eta": "0:00:44", "iter": "401/7445", "loss": 2.005494, "lr": 0.000000, "neg_dist": 3.553708, "pos_dist": 5.258276, "time_diff": 2.580000, "triplet": 2.004567}
[08/12 16:26:53][INFO] utils.logging:   91: {"_type": "train_iter", "epoch": "30/30", "eta": "0:00:43", "iter": "601/7445", "loss": 1.641223, "lr": 0.000000, "neg_dist": 3.528546, "pos_dist": 4.868794, "time_diff": 3.840000, "triplet": 1.640247}
[08/12 16:26:54][INFO] utils.logging:   91: {"_type": "train_iter", "epoch": "30/30", "eta": "0:00:41", "iter": "801/7445", "loss": 1.675012, "lr": 0.000000, "neg_dist": 3.806186, "pos_dist": 5.180359, "time_diff": 5.070000, "triplet": 1.674172}
[08/12 16:26:55][INFO] utils.logging:   91: {"_type": "train_iter", "epoch": "30/30", "eta": "0:00:40", "iter": "1001/7445", "loss": 1.480957, "lr": 0.000000, "neg_dist": 3.864901, "pos_dist": 5.044262, "time_diff": 6.330000, "triplet": 1.479361}
[08/12 16:26:57][INFO] utils.logging:   91: {"_type": "train_iter", "epoch": "30/30", "eta": "0:00:39", "iter": "1201/7445", "loss": 1.418362, "lr": 0.000000, "neg_dist": 2.837498, "pos_dist": 3.954397, "time_diff": 7.570000, "triplet": 1.416900}
[08/12 16:26:58][INFO] utils.logging:   91: {"_type": "train_iter", "epoch": "30/30", "eta": "0:00:38", "iter": "1401/7445", "loss": 1.550079, "lr": 0.000000, "neg_dist": 2.927392, "pos_dist": 4.176689, "time_diff": 8.800000, "triplet": 1.549297}
[08/12 16:26:59][INFO] utils.logging:   91: {"_type": "train_iter", "epoch": "30/30", "eta": "0:00:36", "iter": "1601/7445", "loss": 1.142643, "lr": 0.000000, "neg_dist": 3.558636, "pos_dist": 4.399864, "time_diff": 10.030000, "triplet": 1.141493}
[08/12 16:27:00][INFO] utils.logging:   91: {"_type": "train_iter", "epoch": "30/30", "eta": "0:00:35", "iter": "1801/7445", "loss": 1.631078, "lr": 0.000000, "neg_dist": 3.649960, "pos_dist": 4.979558, "time_diff": 11.290000, "triplet": 1.629599}
[08/12 16:27:01][INFO] utils.logging:   91: {"_type": "train_iter", "epoch": "30/30", "eta": "0:00:34", "iter": "2001/7445", "loss": 1.549629, "lr": 0.000000, "neg_dist": 3.080934, "pos_dist": 4.329250, "time_diff": 12.520000, "triplet": 1.548316}
[08/12 16:27:03][INFO] utils.logging:   91: {"_type": "train_iter", "epoch": "30/30", "eta": "0:00:33", "iter": "2201/7445", "loss": 2.112159, "lr": 0.000000, "neg_dist": 3.462809, "pos_dist": 5.273900, "time_diff": 13.750000, "triplet": 2.111090}
[08/12 16:27:04][INFO] utils.logging:   91: {"_type": "train_iter", "epoch": "30/30", "eta": "0:00:31", "iter": "2401/7445", "loss": 1.052562, "lr": 0.000000, "neg_dist": 3.566963, "pos_dist": 4.264529, "time_diff": 15.010000, "triplet": 1.051241}
[08/12 16:27:05][INFO] utils.logging:   91: {"_type": "train_iter", "epoch": "30/30", "eta": "0:00:30", "iter": "2601/7445", "loss": 0.491257, "lr": 0.000000, "neg_dist": 3.412315, "pos_dist": 3.496944, "time_diff": 16.240000, "triplet": 0.489984}
[08/12 16:27:06][INFO] utils.logging:   91: {"_type": "train_iter", "epoch": "30/30", "eta": "0:00:29", "iter": "2801/7445", "loss": 1.147081, "lr": 0.000000, "neg_dist": 3.224317, "pos_dist": 4.070373, "time_diff": 17.470000, "triplet": 1.146056}
[08/12 16:27:08][INFO] utils.logging:   91: {"_type": "train_iter", "epoch": "30/30", "eta": "0:00:28", "iter": "3001/7445", "loss": 1.206190, "lr": 0.000000, "neg_dist": 2.770470, "pos_dist": 3.674869, "time_diff": 18.770000, "triplet": 1.204399}
[08/12 16:27:09][INFO] utils.logging:   91: {"_type": "train_iter", "epoch": "30/30", "eta": "0:00:26", "iter": "3201/7445", "loss": 0.947557, "lr": 0.000000, "neg_dist": 2.893916, "pos_dist": 3.518944, "time_diff": 20.000000, "triplet": 0.946255}
[08/12 16:27:10][INFO] utils.logging:   91: {"_type": "train_iter", "epoch": "30/30", "eta": "0:00:25", "iter": "3401/7445", "loss": 1.401865, "lr": 0.000000, "neg_dist": 3.049006, "pos_dist": 4.149643, "time_diff": 21.270000, "triplet": 1.400638}
[08/12 16:27:12][INFO] utils.logging:   91: {"_type": "train_iter", "epoch": "30/30", "eta": "0:00:24", "iter": "3601/7445", "loss": 1.537829, "lr": 0.000000, "neg_dist": 3.305770, "pos_dist": 4.542492, "time_diff": 22.540000, "triplet": 1.536722}
[08/12 16:27:13][INFO] utils.logging:   91: {"_type": "train_iter", "epoch": "30/30", "eta": "0:00:22", "iter": "3801/7445", "loss": 1.190017, "lr": 0.000000, "neg_dist": 3.170191, "pos_dist": 4.058400, "time_diff": 23.780000, "triplet": 1.188208}
[08/12 16:27:14][INFO] utils.logging:   91: {"_type": "train_iter", "epoch": "30/30", "eta": "0:00:21", "iter": "4001/7445", "loss": 1.465802, "lr": 0.000000, "neg_dist": 3.107070, "pos_dist": 4.271703, "time_diff": 25.030000, "triplet": 1.464633}
[08/12 16:27:15][INFO] utils.logging:   91: {"_type": "train_iter", "epoch": "30/30", "eta": "0:00:20", "iter": "4201/7445", "loss": 1.231091, "lr": 0.000000, "neg_dist": 4.036369, "pos_dist": 4.966081, "time_diff": 26.270000, "triplet": 1.229711}
[08/12 16:27:16][INFO] utils.logging:   91: {"_type": "train_iter", "epoch": "30/30", "eta": "0:00:19", "iter": "4401/7445", "loss": 1.607251, "lr": 0.000000, "neg_dist": 4.025167, "pos_dist": 5.331600, "time_diff": 27.530000, "triplet": 1.606433}
[08/12 16:27:18][INFO] utils.logging:   91: {"_type": "train_iter", "epoch": "30/30", "eta": "0:00:17", "iter": "4601/7445", "loss": 1.997306, "lr": 0.000000, "neg_dist": 3.371516, "pos_dist": 5.067667, "time_diff": 28.800000, "triplet": 1.996152}
[08/12 16:27:19][INFO] utils.logging:   91: {"_type": "train_iter", "epoch": "30/30", "eta": "0:00:16", "iter": "4801/7445", "loss": 1.162030, "lr": 0.000000, "neg_dist": 3.339122, "pos_dist": 4.199884, "time_diff": 30.050000, "triplet": 1.160763}
[08/12 16:27:20][INFO] utils.logging:   91: {"_type": "train_iter", "epoch": "30/30", "eta": "0:00:15", "iter": "5001/7445", "loss": 1.214098, "lr": 0.000000, "neg_dist": 3.498354, "pos_dist": 4.411244, "time_diff": 31.280000, "triplet": 1.212890}
[08/12 16:27:21][INFO] utils.logging:   91: {"_type": "train_iter", "epoch": "30/30", "eta": "0:00:14", "iter": "5201/7445", "loss": 1.203601, "lr": 0.000000, "neg_dist": 3.346563, "pos_dist": 4.249105, "time_diff": 32.500000, "triplet": 1.202542}
[08/12 16:27:23][INFO] utils.logging:   91: {"_type": "train_iter", "epoch": "30/30", "eta": "0:00:12", "iter": "5401/7445", "loss": 0.939924, "lr": 0.000000, "neg_dist": 3.691069, "pos_dist": 4.256394, "time_diff": 33.760000, "triplet": 0.939041}
[08/12 16:27:24][INFO] utils.logging:   91: {"_type": "train_iter", "epoch": "30/30", "eta": "0:00:11", "iter": "5601/7445", "loss": 0.880469, "lr": 0.000000, "neg_dist": 3.337005, "pos_dist": 3.892715, "time_diff": 35.000000, "triplet": 0.879433}
[08/12 16:27:25][INFO] utils.logging:   91: {"_type": "train_iter", "epoch": "30/30", "eta": "0:00:10", "iter": "5801/7445", "loss": 0.800181, "lr": 0.000000, "neg_dist": 3.179675, "pos_dist": 3.678615, "time_diff": 36.270000, "triplet": 0.798940}
[08/12 16:27:26][INFO] utils.logging:   91: {"_type": "train_iter", "epoch": "30/30", "eta": "0:00:09", "iter": "6001/7445", "loss": 1.400506, "lr": 0.000000, "neg_dist": 3.423806, "pos_dist": 4.523394, "time_diff": 37.480000, "triplet": 1.399588}
[08/12 16:27:28][INFO] utils.logging:   91: {"_type": "train_iter", "epoch": "30/30", "eta": "0:00:07", "iter": "6201/7445", "loss": 0.872502, "lr": 0.000000, "neg_dist": 3.339243, "pos_dist": 3.910400, "time_diff": 38.750000, "triplet": 0.871156}
[08/12 16:27:29][INFO] utils.logging:   91: {"_type": "train_iter", "epoch": "30/30", "eta": "0:00:06", "iter": "6401/7445", "loss": 1.024202, "lr": 0.000000, "neg_dist": 5.023101, "pos_dist": 5.702605, "time_diff": 40.000000, "triplet": 1.023609}
[08/12 16:27:30][INFO] utils.logging:   91: {"_type": "train_iter", "epoch": "30/30", "eta": "0:00:05", "iter": "6601/7445", "loss": 1.369606, "lr": 0.000000, "neg_dist": 4.098219, "pos_dist": 5.091567, "time_diff": 41.220000, "triplet": 1.368702}
[08/12 16:27:31][INFO] utils.logging:   91: {"_type": "train_iter", "epoch": "30/30", "eta": "0:00:04", "iter": "6801/7445", "loss": 1.301341, "lr": 0.000000, "neg_dist": 2.982938, "pos_dist": 3.983173, "time_diff": 42.470000, "triplet": 1.300235}
[08/12 16:27:33][INFO] utils.logging:   91: {"_type": "train_iter", "epoch": "30/30", "eta": "0:00:02", "iter": "7001/7445", "loss": 1.217236, "lr": 0.000000, "neg_dist": 2.903429, "pos_dist": 3.819345, "time_diff": 43.720000, "triplet": 1.215916}
[08/12 16:27:34][INFO] utils.logging:   91: {"_type": "train_iter", "epoch": "30/30", "eta": "0:00:01", "iter": "7201/7445", "loss": 0.912522, "lr": 0.000000, "neg_dist": 3.140585, "pos_dist": 3.751703, "time_diff": 44.990000, "triplet": 0.911118}
[08/12 16:27:35][INFO] utils.logging:   91: {"_type": "train_iter", "epoch": "30/30", "eta": "0:00:00", "iter": "7401/7445", "loss": 1.280945, "lr": 0.000000, "neg_dist": 3.585301, "pos_dist": 4.562316, "time_diff": 46.210000, "triplet": 1.279941}
[08/12 16:27:35][INFO] utils.logging:   91: {"RAM": "14.48/125.63 GB", "_type": "train_epoch", "epoch": "30/30", "eta": "0:00:00", "gpu_mem": "0.39 GB", "loss": 1.233846, "lr": 0.000000, "neg_dist": 3.440574, "pos_dist": 4.355486, "time_diff": 46.520000, "triplet": 1.232707}
[08/12 16:27:36][INFO] utils.logging:   91: {"_type": "val_epoch", "epoch": "30/30", "loss": 1.246139}
[08/12 16:27:36][INFO] __main__:  541: ================================================================================
[08/12 16:27:36][INFO] __main__:  542: Done! Time: 0:23:27
[08/12 16:27:36][INFO] __main__:  543: Best val loss: 1.200332
[08/12 16:27:36][INFO] __main__:  544: Final: output/frame_selector/ssv2_ViT-B16_PhaseOffset_BiMHM/frame_selector_best.pth
[08/12 16:27:36][INFO] __main__:  545: ================================================================================
