[08/12 14:33:55][INFO] __main__:  231: OTAM Frame Selector Pretraining
[08/12 14:33:55][INFO] __main__:  232: Config: config/frame_selector/ssv2_diverse_bimhm_train.yaml
[08/12 14:33:55][INFO] __main__:  233: Output: output/frame_selector/ssv2_ViT-B16_Diverse_BiMHM
[08/12 14:33:55][INFO] __main__:  234: Config:
{
  "TASK_TYPE": "classification",
  "PRETRAIN": {
    "ENABLE": false
  },
  "LOCALIZATION": {
    "ENABLE": false
  },
  "TRAIN": {
    "ENABLE": false,
    "DATASET": null,
    "BATCH_SIZE": 128,
    "LOG_FILE": "training_log.log",
    "EVAL_PERIOD": 10,
    "NUM_FOLDS": 1,
    "AUTO_RESUME": true,
    "CHECKPOINT_PERIOD": 10,
    "CHECKPOINT_FILE_PATH": "",
    "CHECKPOINT_TYPE": "pytorch",
    "CHECKPOINT_INFLATE": false,
    "CHECKPOINT_PRE_PROCESS": {
      "ENABLE": false
    },
    "FINE_TUNE": false,
    "ONLY_LINEAR": false,
    "LR_REDUCE": false,
    "TRAIN_VAL_COMBINE": false
  },
  "TEST": {
    "ENABLE": false,
    "DATASET": null,
    "BATCH_SIZE": 100,
    "NUM_SPATIAL_CROPS": 1,
    "SPATIAL_CROPS": "cc",
    "NUM_ENSEMBLE_VIEWS": 1,
    "LOG_FILE": "val.log",
    "CHECKPOINT_FILE_PATH": "",
    "CHECKPOINT_TYPE": "pytorch",
    "AUTOMATIC_MULTI_SCALE_TEST": true
  },
  "VISUALIZATION": {
    "ENABLE": false,
    "NAME": "",
    "FEATURE_MAPS": {
      "ENABLE": false,
      "BASE_OUTPUT_DIR": ""
    }
  },
  "SUBMISSION": {
    "ENABLE": false,
    "SAVE_RESULTS_PATH": "test.json"
  },
  "DATA": {
    "DATA_ROOT_DIR": "/mnt/data/yanyi2025/lrc/action_data/ssv2/videos/videos/",
    "ANNO_DIR": "./config/ssv2_full/",
    "NUM_INPUT_FRAMES": 16,
    "NUM_INPUT_CHANNELS": 3,
    "SAMPLING_MODE": "interval_based",
    "SAMPLING_RATE": 4,
    "TRAIN_JITTER_SCALES": [
      256,
      256
    ],
    "TRAIN_CROP_SIZE": 224,
    "TEST_SCALE": 224,
    "TEST_CROP_SIZE": 112,
    "MEAN": [
      0.48145466,
      0.4578275,
      0.40821073
    ],
    "STD": [
      0.26862954,
      0.26130258,
      0.27577711
    ],
    "MULTI_LABEL": false,
    "ENSEMBLE_METHOD": "sum",
    "TARGET_FPS": 30,
    "MINUS_INTERVAL": false,
    "TRAIN_LIST": "train_few_shot.txt",
    "VAL_LIST": "val_few_shot.txt",
    "TEST_LIST": "test_few_shot.txt",
    "FILE_EXTENSION": ".webm",
    "BATCH_SIZE": 8,
    "VAL_BATCH_SIZE": 8,
    "NUM_WORKERS": 4,
    "USE_AUG": false,
    "FEAT_CACHE": {
      "ENABLE": true,
      "CACHE_DIR": "data/feat_cache/ssv2",
      "AUTO_REBUILD": false
    }
  },
  "MODEL": {
    "NAME": null,
    "EMA": {
      "ENABLE": false,
      "DECAY": 0.99996
    }
  },
  "VIDEO": {
    "BACKBONE": {
      "DEPTH": null,
      "META_ARCH": null,
      "NUM_FILTERS": null,
      "NUM_INPUT_CHANNELS": 3,
      "NUM_OUT_FEATURES": null,
      "KERNEL_SIZE": null,
      "DOWNSAMPLING": null,
      "DOWNSAMPLING_TEMPORAL": null,
      "NUM_STREAMS": 1,
      "EXPANSION_RATIO": 2,
      "BRANCH": {
        "NAME": null
      },
      "STEM": {
        "NAME": null
      },
      "NONLOCAL": {
        "ENABLE": false,
        "STAGES": [
          5
        ],
        "MASK_ENABLE": false
      },
      "INITIALIZATION": null
    },
    "HEAD": {
      "NAME": "BaseHead",
      "ACTIVATION": "softmax",
      "DROPOUT_RATE": 0,
      "NUM_CLASSES": null
    }
  },
  "OPTIMIZER": {
    "ADJUST_LR": false,
    "BASE_LR": 0.002,
    "LR_POLICY": "cosine",
    "MAX_EPOCH": 300,
    "MOMENTUM": 0.9,
    "WEIGHT_DECAY": "1e-3",
    "WARMUP_EPOCHS": 10,
    "WARMUP_START_LR": 0.0002,
    "OPTIM_METHOD": "adam",
    "DAMPENING": 0.0,
    "NESTEROV": true
  },
  "BN": {
    "WB_LOCK": false,
    "FREEZE": false,
    "WEIGHT_DECAY": 0.0,
    "MOMENTUM": 0.1,
    "EPS": "1e-5",
    "SYNC": false
  },
  "DATA_LOADER": {
    "NUM_WORKERS": 4,
    "PIN_MEMORY": false,
    "ENABLE_MULTI_THREAD_DECODE": true,
    "COLLATE_FN": null
  },
  "NUM_GPUS": 1,
  "SHARD_ID": 0,
  "NUM_SHARDS": 1,
  "RANDOM_SEED": 0,
  "OUTPUT_DIR": "output/frame_selector/ssv2_ViT-B16_Diverse_BiMHM",
  "OUTPUT_CFG_FILE": "configuration.log",
  "LOG_PERIOD": 200,
  "DIST_BACKEND": "nccl",
  "LOG_MODEL_INFO": false,
  "LOG_CONFIG_INFO": true,
  "OSS": {
    "ENABLE": false,
    "KEY": null,
    "SECRET": null,
    "ENDPOINT": null,
    "CHECKPOINT_OUTPUT_PATH": null,
    "SECONDARY_DATA_OSS": {
      "ENABLE": false,
      "KEY": null,
      "SECRET": null,
      "ENDPOINT": null,
      "BUCKETS": [
        ""
      ]
    }
  },
  "AUGMENTATION": {
    "COLOR_AUG": false,
    "BRIGHTNESS": 0.5,
    "CONTRAST": 0.5,
    "SATURATION": 0.5,
    "HUE": 0.25,
    "GRAYSCALE": 0.3,
    "CONSISTENT": true,
    "SHUFFLE": true,
    "GRAY_FIRST": true,
    "RATIO": [
      0.857142857142857,
      1.1666666666666667
    ],
    "USE_GPU": false,
    "MIXUP": {
      "ENABLE": false,
      "ALPHA": 0.0,
      "PROB": 1.0,
      "MODE": "batch",
      "SWITCH_PROB": 0.5
    },
    "CUTMIX": {
      "ENABLE": false,
      "ALPHA": 0.0,
      "MINMAX": null
    },
    "RANDOM_ERASING": {
      "ENABLE": false,
      "PROB": 0.25,
      "MODE": "const",
      "COUNT": [
        1,
        1
      ],
      "NUM_SPLITS": 0,
      "AREA_RANGE": [
        0.02,
        0.33
      ],
      "MIN_ASPECT": 0.3
    },
    "LABEL_SMOOTHING": 0.0,
    "SSV2_FLIP": false
  },
  "PAI": false,
  "FRAME_SELECTOR": {
    "ENABLE": true,
    "TYPE": "pairwise_diverse_bimhm",
    "BACKBONE_NAME": "ViT-B/16",
    "TOTAL_FRAMES": 32,
    "SELECT_FRAMES": 8,
    "SEGMENTS": 4,
    "FEAT_DIM": 0,
    "STE_TAU": 0.5,
    "COVERAGE_WEIGHT": 0.35,
    "BOUNDARY_WEIGHT": 0.05
  },
  "LOSS": {
    "NAME": "pairwise_diverse_bimhm",
    "BIMHM_MODE": "match_aware",
    "MARGIN": 0.3,
    "TEMPERATURE": 1.0,
    "TRIPLET_WEIGHT": 1.0,
    "CLASS_CE_WEIGHT": 1.0,
    "MATCH_WEIGHT": 0.5,
    "MATCH_NORMALIZE_TARGETS": true,
    "NORMALIZE_BY_FRAMES": false,
    "DIVERSITY_WEIGHT": 0.15,
    "DIVERSITY_THRESHOLD": 0.55,
    "COVERAGE_RECON_WEIGHT": 0.1,
    "CLASS_BALANCED_BATCH": true,
    "CLASSES_PER_BATCH": 4,
    "SAMPLES_PER_CLASS": 2,
    "INDEX_COMPACT_WEIGHT": 0.0,
    "SCORE_MARGIN_WEIGHT": 0.0
  },
  "SOLVER": {
    "BASE_LR": 0.0003,
    "OPTIM_METHOD": "adamw",
    "MAX_EPOCH": 30,
    "WEIGHT_DECAY": "1e-4",
    "WARMUP_EPOCHS": 3,
    "LR_POLICY": "cosine"
  },
  "SAVE_PERIOD": 5
}
[08/12 14:33:55][INFO] __main__:  237: Device: cuda
[08/12 14:33:55][INFO] __main__:  245: 馃敡 鐗瑰緛缂撳瓨宸插紑鍚? tag=ViT-B-16_T32, dir=data/feat_cache/ssv2
[08/12 14:33:55][INFO] __main__:  250: Loading data...
[08/12 14:33:55][INFO] __main__:  254: Train: 67013 samples, 8376 iters/epoch
[08/12 14:33:57][INFO] __main__:  262: Trainable (selector) params: 132,097
[08/12 14:33:57][INFO] __main__:  279: Selector loss=pairwise_diverse_bimhm, margin=0.3, score_margin_weight=0.0 (0=disabled), index_compact_weight=0.0, STE_tau=0.5
[08/12 14:33:57][INFO] __main__:  297: ================================================================================
[08/12 14:33:57][INFO] __main__:  298: pairwise_diverse_bimhm training | Epochs: 30 | Log: 200 | Cache=ON
[08/12 14:33:57][INFO] __main__:  302: ================================================================================
[08/12 14:33:58][INFO] __main__:  392: Frame selector gradient check passed: grad.norm()=3.020660
[08/12 14:33:58][INFO] utils.logging:   91: {"_type": "train_iter", "epoch": "1/30", "eta": "2 days, 0:16:40", "iter": "1/8376", "loss": 1.303168, "lr": 0.000100, "neg_dist": 4.745545, "pos_dist": 5.071733, "time_diff": 0.690000, "triplet": 0.888410}
[08/12 14:34:05][INFO] utils.logging:   91: {"_type": "train_iter", "epoch": "1/30", "eta": "2:55:46", "iter": "201/8376", "loss": 1.054565, "lr": 0.000100, "neg_dist": 4.096910, "pos_dist": 4.353667, "time_diff": 8.440000, "triplet": 0.675033}
[08/12 14:34:10][INFO] utils.logging:   91: {"_type": "train_iter", "epoch": "1/30", "eta": "2:18:00", "iter": "401/8376", "loss": 1.407754, "lr": 0.000100, "neg_dist": 3.555761, "pos_dist": 4.276283, "time_diff": 13.240000, "triplet": 1.020522}
[08/12 14:34:12][INFO] utils.logging:   91: {"_type": "train_iter", "epoch": "1/30", "eta": "1:43:09", "iter": "601/8376", "loss": 1.382879, "lr": 0.000100, "neg_dist": 3.322283, "pos_dist": 3.998179, "time_diff": 14.840000, "triplet": 0.976697}
[08/12 14:34:18][INFO] utils.logging:   91: {"_type": "train_iter", "epoch": "1/30", "eta": "1:48:52", "iter": "801/8376", "loss": 0.650414, "lr": 0.000100, "neg_dist": 3.713006, "pos_dist": 3.648525, "time_diff": 20.890000, "triplet": 0.305639}
[08/12 14:34:25][INFO] utils.logging:   91: {"_type": "train_iter", "epoch": "1/30", "eta": "1:57:29", "iter": "1001/8376", "loss": 1.469672, "lr": 0.000100, "neg_dist": 3.665166, "pos_dist": 4.449699, "time_diff": 28.190000, "triplet": 1.084533}
[08/12 14:34:31][INFO] utils.logging:   91: {"_type": "train_iter", "epoch": "1/30", "eta": "1:59:04", "iter": "1201/8376", "loss": 1.444780, "lr": 0.000100, "neg_dist": 3.126507, "pos_dist": 3.981534, "time_diff": 34.310000, "triplet": 1.155026}
[08/12 14:34:33][INFO] utils.logging:   91: {"_type": "train_iter", "epoch": "1/30", "eta": "1:46:46", "iter": "1401/8376", "loss": 1.316992, "lr": 0.000100, "neg_dist": 3.555147, "pos_dist": 4.203565, "time_diff": 35.920000, "triplet": 0.992429}
[08/12 14:34:38][INFO] utils.logging:   91: {"_type": "train_iter", "epoch": "1/30", "eta": "1:45:57", "iter": "1601/8376", "loss": 1.579831, "lr": 0.000100, "neg_dist": 3.746187, "pos_dist": 4.708681, "time_diff": 40.770000, "triplet": 1.267398}
[08/12 14:34:45][INFO] utils.logging:   91: {"_type": "train_iter", "epoch": "1/30", "eta": "1:51:39", "iter": "1801/8376", "loss": 1.294165, "lr": 0.000100, "neg_dist": 3.877782, "pos_dist": 4.476380, "time_diff": 48.370000, "triplet": 0.949755}
[08/12 14:34:52][INFO] utils.logging:   91: {"_type": "train_iter", "epoch": "1/30", "eta": "1:53:58", "iter": "2001/8376", "loss": 1.318257, "lr": 0.000100, "neg_dist": 3.578048, "pos_dist": 3.982996, "time_diff": 54.890000, "triplet": 0.934551}
[08/12 14:34:54][INFO] utils.logging:   91: {"_type": "train_iter", "epoch": "1/30", "eta": "1:47:43", "iter": "2201/8376", "loss": 1.270736, "lr": 0.000100, "neg_dist": 2.946582, "pos_dist": 3.526212, "time_diff": 57.110000, "triplet": 0.879630}
[08/12 14:34:58][INFO] utils.logging:   91: {"_type": "train_iter", "epoch": "1/30", "eta": "1:45:16", "iter": "2401/8376", "loss": 1.194500, "lr": 0.000100, "neg_dist": 3.598039, "pos_dist": 4.009033, "time_diff": 60.930000, "triplet": 0.759004}
[08/12 14:35:05][INFO] utils.logging:   91: {"_type": "train_iter", "epoch": "1/30", "eta": "1:48:44", "iter": "2601/8376", "loss": 1.296742, "lr": 0.000100, "neg_dist": 3.160867, "pos_dist": 3.748734, "time_diff": 68.240000, "triplet": 0.887867}
[08/12 14:35:12][INFO] utils.logging:   91: {"_type": "train_iter", "epoch": "1/30", "eta": "1:51:11", "iter": "2801/8376", "loss": 1.113468, "lr": 0.000100, "neg_dist": 3.267366, "pos_dist": 3.592705, "time_diff": 75.200000, "triplet": 0.737278}
[08/12 14:35:15][INFO] utils.logging:   91: {"_type": "train_iter", "epoch": "1/30", "eta": "1:47:55", "iter": "3001/8376", "loss": 1.486568, "lr": 0.000100, "neg_dist": 3.314818, "pos_dist": 4.115411, "time_diff": 78.270000, "triplet": 1.100593}
[08/12 14:35:17][INFO] utils.logging:   91: {"_type": "train_iter", "epoch": "1/30", "eta": "1:43:09", "iter": "3201/8376", "loss": 1.276360, "lr": 0.000100, "neg_dist": 3.407022, "pos_dist": 3.991884, "time_diff": 79.860000, "triplet": 0.884862}
[08/12 14:35:18][INFO] utils.logging:   91: {"_type": "train_iter", "epoch": "1/30", "eta": "1:38:57", "iter": "3401/8376", "loss": 1.776896, "lr": 0.000100, "neg_dist": 3.349791, "pos_dist": 4.441841, "time_diff": 81.470000, "triplet": 1.392050}
[08/12 14:35:25][INFO] utils.logging:   91: {"_type": "train_iter", "epoch": "1/30", "eta": "1:41:07", "iter": "3601/8376", "loss": 1.497089, "lr": 0.000100, "neg_dist": 3.612667, "pos_dist": 4.331630, "time_diff": 88.220000, "triplet": 1.050506}
[08/12 14:35:32][INFO] utils.logging:   91: {"_type": "train_iter", "epoch": "1/30", "eta": "1:43:36", "iter": "3801/8376", "loss": 1.148994, "lr": 0.000100, "neg_dist": 3.460845, "pos_dist": 3.879551, "time_diff": 95.480000, "triplet": 0.808889}
[08/12 14:35:38][INFO] utils.logging:   91: {"_type": "train_iter", "epoch": "1/30", "eta": "1:43:54", "iter": "4001/8376", "loss": 1.227202, "lr": 0.000100, "neg_dist": 3.235812, "pos_dist": 3.741316, "time_diff": 100.870000, "triplet": 0.805753}
[08/12 14:35:39][INFO] utils.logging:   91: {"_type": "train_iter", "epoch": "1/30", "eta": "1:40:27", "iter": "4201/8376", "loss": 1.431475, "lr": 0.000100, "neg_dist": 3.818716, "pos_dist": 4.620123, "time_diff": 102.480000, "triplet": 1.101408}
[08/12 14:35:45][INFO] utils.logging:   91: {"_type": "train_iter", "epoch": "1/30", "eta": "1:40:51", "iter": "4401/8376", "loss": 0.918008, "lr": 0.000100, "neg_dist": 3.176877, "pos_dist": 3.384865, "time_diff": 107.880000, "triplet": 0.592399}
[08/12 14:35:52][INFO] utils.logging:   91: {"_type": "train_iter", "epoch": "1/30", "eta": "1:42:57", "iter": "4601/8376", "loss": 1.520965, "lr": 0.000100, "neg_dist": 3.505093, "pos_dist": 4.308182, "time_diff": 115.230000, "triplet": 1.130100}
[08/12 14:35:58][INFO] utils.logging:   91: {"_type": "train_iter", "epoch": "1/30", "eta": "1:43:54", "iter": "4801/8376", "loss": 1.552082, "lr": 0.000100, "neg_dist": 3.503951, "pos_dist": 4.324365, "time_diff": 121.440000, "triplet": 1.167638}
[08/12 14:36:00][INFO] utils.logging:   91: {"_type": "train_iter", "epoch": "1/30", "eta": "1:41:24", "iter": "5001/8376", "loss": 1.309992, "lr": 0.000100, "neg_dist": 3.833362, "pos_dist": 4.512158, "time_diff": 123.560000, "triplet": 0.979761}
[08/12 14:36:05][INFO] utils.logging:   91: {"_type": "train_iter", "epoch": "1/30", "eta": "1:40:49", "iter": "5201/8376", "loss": 0.825485, "lr": 0.000100, "neg_dist": 3.380922, "pos_dist": 3.473136, "time_diff": 127.850000, "triplet": 0.436914}
[08/12 14:36:12][INFO] utils.logging:   91: {"_type": "train_iter", "epoch": "1/30", "eta": "1:42:34", "iter": "5401/8376", "loss": 1.526471, "lr": 0.000100, "neg_dist": 5.215163, "pos_dist": 5.720269, "time_diff": 135.180000, "triplet": 1.091269}
[08/12 14:36:19][INFO] utils.logging:   91: {"_type": "train_iter", "epoch": "1/30", "eta": "1:44:07", "iter": "5601/8376", "loss": 1.173521, "lr": 0.000100, "neg_dist": 3.525696, "pos_dist": 3.986058, "time_diff": 142.430000, "triplet": 0.885201}
[08/12 14:36:22][INFO] utils.logging:   91: {"_type": "train_iter", "epoch": "1/30", "eta": "1:42:03", "iter": "5801/8376", "loss": 1.405767, "lr": 0.000100, "neg_dist": 3.014521, "pos_dist": 3.718193, "time_diff": 144.710000, "triplet": 1.044352}
[08/12 14:36:24][INFO] utils.logging:   91: {"_type": "train_iter", "epoch": "1/30", "eta": "1:40:18", "iter": "6001/8376", "loss": 1.317551, "lr": 0.000100, "neg_dist": 3.528356, "pos_dist": 4.094977, "time_diff": 147.250000, "triplet": 0.892779}
[08/12 14:36:32][INFO] utils.logging:   91: {"_type": "train_iter", "epoch": "1/30", "eta": "1:41:53", "iter": "6201/8376", "loss": 1.972314, "lr": 0.000100, "neg_dist": 4.039735, "pos_dist": 5.219913, "time_diff": 154.680000, "triplet": 1.528956}
[08/12 14:36:39][INFO] utils.logging:   91: {"_type": "train_iter", "epoch": "1/30", "eta": "1:43:25", "iter": "6401/8376", "loss": 1.529925, "lr": 0.000100, "neg_dist": 3.554660, "pos_dist": 4.492209, "time_diff": 162.220000, "triplet": 1.237549}
[08/12 14:36:43][INFO] utils.logging:   91: {"_type": "train_iter", "epoch": "1/30", "eta": "1:42:27", "iter": "6601/8376", "loss": 1.669883, "lr": 0.000100, "neg_dist": 3.291081, "pos_dist": 4.330327, "time_diff": 165.850000, "triplet": 1.339246}
[08/12 14:36:44][INFO] utils.logging:   91: {"_type": "train_iter", "epoch": "1/30", "eta": "1:40:21", "iter": "6801/8376", "loss": 1.439713, "lr": 0.000100, "neg_dist": 3.383041, "pos_dist": 4.188157, "time_diff": 167.510000, "triplet": 1.105116}
[08/12 14:36:51][INFO] utils.logging:   91: {"_type": "train_iter", "epoch": "1/30", "eta": "1:41:20", "iter": "7001/8376", "loss": 1.319468, "lr": 0.000100, "neg_dist": 3.316765, "pos_dist": 3.935008, "time_diff": 174.280000, "triplet": 1.014179}
[08/12 14:36:58][INFO] utils.logging:   91: {"_type": "train_iter", "epoch": "1/30", "eta": "1:42:15", "iter": "7201/8376", "loss": 0.897351, "lr": 0.000100, "neg_dist": 3.113754, "pos_dist": 3.448789, "time_diff": 181.020000, "triplet": 0.657065}
[08/12 14:37:04][INFO] utils.logging:   91: {"_type": "train_iter", "epoch": "1/30", "eta": "1:42:39", "iter": "7401/8376", "loss": 1.442075, "lr": 0.000100, "neg_dist": 3.627387, "pos_dist": 4.085137, "time_diff": 186.920000, "triplet": 1.102078}
[08/12 14:37:05][INFO] utils.logging:   91: {"_type": "train_iter", "epoch": "1/30", "eta": "1:40:43", "iter": "7601/8376", "loss": 1.248685, "lr": 0.000100, "neg_dist": 3.586097, "pos_dist": 4.100036, "time_diff": 188.510000, "triplet": 0.813939}
[08/12 14:37:11][INFO] utils.logging:   91: {"_type": "train_iter", "epoch": "1/30", "eta": "1:40:58", "iter": "7801/8376", "loss": 1.172246, "lr": 0.000100, "neg_dist": 3.352105, "pos_dist": 3.887012, "time_diff": 194.100000, "triplet": 0.846393}
[08/12 14:37:18][INFO] utils.logging:   91: {"_type": "train_iter", "epoch": "1/30", "eta": "1:42:03", "iter": "8001/8376", "loss": 1.122557, "lr": 0.000100, "neg_dist": 3.704340, "pos_dist": 4.070470, "time_diff": 201.400000, "triplet": 0.666130}
[08/12 14:37:24][INFO] utils.logging:   91: {"_type": "train_iter", "epoch": "1/30", "eta": "1:42:28", "iter": "8201/8376", "loss": 1.295430, "lr": 0.000100, "neg_dist": 4.626027, "pos_dist": 5.077828, "time_diff": 207.440000, "triplet": 1.019773}
[08/12 14:37:26][INFO] __main__:  184: Checkpoint: output/frame_selector/ssv2_ViT-B16_Diverse_BiMHM/frame_selector_epoch0000.pth
[08/12 14:37:26][INFO] utils.logging:   91: {"RAM": "18.42/125.63 GB", "_type": "train_epoch", "epoch": "1/30", "eta": "1:41:10", "gpu_mem": "0.39 GB", "loss": 1.298275, "lr": 0.000100, "neg_dist": 3.559223, "pos_dist": 4.122668, "time_diff": 209.340000, "triplet": 0.936498}
[08/12 14:37:27][INFO] utils.logging:   91: {"_type": "val_epoch", "epoch": "1/30", "loss": 1.329087}
[08/12 14:37:27][INFO] __main__:  184: Checkpoint: output/frame_selector/ssv2_ViT-B16_Diverse_BiMHM/frame_selector_epoch0000.pth
[08/12 14:37:27][INFO] __main__:  187: Best checkpoint: output/frame_selector/ssv2_ViT-B16_Diverse_BiMHM/frame_selector_best.pth (loss=1.329087)
[08/12 14:37:27][INFO] __main__:  489: New best val loss: 1.329087 at epoch 0
[08/12 14:37:27][INFO] utils.logging:   91: {"_type": "train_iter", "epoch": "2/30", "eta": "1:41:38", "iter": "1/8376", "loss": 1.658268, "lr": 0.000200, "neg_dist": 3.316594, "pos_dist": 4.336420, "time_diff": 0.070000, "triplet": 1.335699}
[08/12 14:37:33][INFO] utils.logging:   91: {"_type": "train_iter", "epoch": "2/30", "eta": "1:42:03", "iter": "201/8376", "loss": 1.110205, "lr": 0.000200, "neg_dist": 3.151345, "pos_dist": 3.299064, "time_diff": 6.140000, "triplet": 0.696696}
[08/12 14:37:41][INFO] utils.logging:   91: {"_type": "train_iter", "epoch": "2/30", "eta": "1:43:10", "iter": "401/8376", "loss": 1.300983, "lr": 0.000200, "neg_dist": 4.486704, "pos_dist": 5.226636, "time_diff": 13.810000, "triplet": 1.039932}
[08/12 14:37:47][INFO] utils.logging:   91: {"_type": "train_iter", "epoch": "2/30", "eta": "1:43:26", "iter": "601/8376", "loss": 1.343281, "lr": 0.000200, "neg_dist": 3.751259, "pos_dist": 4.442010, "time_diff": 19.680000, "triplet": 1.016116}
[08/12 14:37:48][INFO] utils.logging:   91: {"_type": "train_iter", "epoch": "2/30", "eta": "1:41:48", "iter": "801/8376", "loss": 1.565759, "lr": 0.000200, "neg_dist": 3.703377, "pos_dist": 4.491881, "time_diff": 21.270000, "triplet": 1.189253}
[08/12 14:37:53][INFO] utils.logging:   91: {"_type": "train_iter", "epoch": "2/30", "eta": "1:41:36", "iter": "1001/8376", "loss": 1.496840, "lr": 0.000200, "neg_dist": 3.365270, "pos_dist": 4.232862, "time_diff": 26.080000, "triplet": 1.193361}
[08/12 14:38:00][INFO] utils.logging:   91: {"_type": "train_iter", "epoch": "2/30", "eta": "1:42:28", "iter": "1201/8376", "loss": 1.462900, "lr": 0.000200, "neg_dist": 2.815981, "pos_dist": 3.602407, "time_diff": 33.360000, "triplet": 1.086427}
[08/12 14:38:07][INFO] utils.logging:   91: {"_type": "train_iter", "epoch": "2/30", "eta": "1:43:05", "iter": "1401/8376", "loss": 0.955847, "lr": 0.000200, "neg_dist": 3.755676, "pos_dist": 3.971937, "time_diff": 40.140000, "triplet": 0.632360}
[08/12 14:38:10][INFO] utils.logging:   91: {"_type": "train_iter", "epoch": "2/30", "eta": "1:41:51", "iter": "1601/8376", "loss": 1.159626, "lr": 0.000200, "neg_dist": 4.118567, "pos_dist": 4.406765, "time_diff": 42.410000, "triplet": 0.749867}
[08/12 14:38:12][INFO] utils.logging:   91: {"_type": "train_iter", "epoch": "2/30", "eta": "1:40:47", "iter": "1801/8376", "loss": 0.517326, "lr": 0.000200, "neg_dist": 3.125612, "pos_dist": 3.021707, "time_diff": 45.020000, "triplet": 0.259547}
[08/12 14:38:20][INFO] utils.logging:   91: {"_type": "train_iter", "epoch": "2/30", "eta": "1:41:43", "iter": "2001/8376", "loss": 1.260682, "lr": 0.000200, "neg_dist": 3.154360, "pos_dist": 3.733409, "time_diff": 52.650000, "triplet": 0.879049}
[08/12 14:38:27][INFO] utils.logging:   91: {"_type": "train_iter", "epoch": "2/30", "eta": "1:42:29", "iter": "2201/8376", "loss": 0.745478, "lr": 0.000200, "neg_dist": 3.539104, "pos_dist": 3.708582, "time_diff": 59.970000, "triplet": 0.471984}
[08/12 14:38:31][INFO] utils.logging:   91: {"_type": "train_iter", "epoch": "2/30", "eta": "1:41:51", "iter": "2401/8376", "loss": 0.490018, "lr": 0.000200, "neg_dist": 3.521726, "pos_dist": 2.817534, "time_diff": 63.580000, "triplet": 0.054169}
[08/12 14:38:32][INFO] utils.logging:   91: {"_type": "train_iter", "epoch": "2/30", "eta": "1:40:31", "iter": "2601/8376", "loss": 0.469599, "lr": 0.000200, "neg_dist": 3.666511, "pos_dist": 3.456041, "time_diff": 65.250000, "triplet": 0.145939}
[08/12 14:38:39][INFO] utils.logging:   91: {"_type": "train_iter", "epoch": "2/30", "eta": "1:41:10", "iter": "2801/8376", "loss": 1.303796, "lr": 0.000200, "neg_dist": 3.615227, "pos_dist": 4.220169, "time_diff": 72.340000, "triplet": 0.904942}
[08/12 14:38:47][INFO] utils.logging:   91: {"_type": "train_iter", "epoch": "2/30", "eta": "1:41:56", "iter": "3001/8376", "loss": 0.832042, "lr": 0.000200, "neg_dist": 3.430607, "pos_dist": 3.637964, "time_diff": 79.790000, "triplet": 0.508291}
[08/12 14:38:52][INFO] utils.logging:   91: {"_type": "train_iter", "epoch": "2/30", "eta": "1:41:47", "iter": "3201/8376", "loss": 2.054178, "lr": 0.000200, "neg_dist": 3.481035, "pos_dist": 4.900099, "time_diff": 84.720000, "triplet": 1.734514}
[08/12 14:38:53][INFO] utils.logging:   91: {"_type": "train_iter", "epoch": "2/30", "eta": "1:40:31", "iter": "3401/8376", "loss": 1.512440, "lr": 0.000200, "neg_dist": 3.747866, "pos_dist": 4.615626, "time_diff": 86.320000, "triplet": 1.167760}
[08/12 14:38:59][INFO] utils.logging:   91: {"_type": "train_iter", "epoch": "2/30", "eta": "1:40:44", "iter": "3601/8376", "loss": 1.806383, "lr": 0.000200, "neg_dist": 3.258144, "pos_dist": 4.492731, "time_diff": 92.270000, "triplet": 1.534587}
[08/12 14:39:07][INFO] utils.logging:   91: {"_type": "train_iter", "epoch": "2/30", "eta": "1:41:24", "iter": "3801/8376", "loss": 1.222445, "lr": 0.000200, "neg_dist": 3.563974, "pos_dist": 4.125446, "time_diff": 99.600000, "triplet": 0.861472}
[08/12 14:39:13][INFO] utils.logging:   91: {"_type": "train_iter", "epoch": "2/30", "eta": "1:41:36", "iter": "4001/8376", "loss": 0.803808, "lr": 0.000200, "neg_dist": 3.970431, "pos_dist": 3.855493, "time_diff": 105.610000, "triplet": 0.341176}
[08/12 14:39:15][INFO] utils.logging:   91: {"_type": "train_iter", "epoch": "2/30", "eta": "1:40:30", "iter": "4201/8376", "loss": 1.045454, "lr": 0.000200, "neg_dist": 2.878080, "pos_dist": 3.184268, "time_diff": 107.480000, "triplet": 0.627866}
[08/12 14:39:19][INFO] utils.logging:   91: {"_type": "train_iter", "epoch": "2/30", "eta": "1:40:12", "iter": "4401/8376", "loss": 1.286323, "lr": 0.000200, "neg_dist": 4.018021, "pos_dist": 4.608314, "time_diff": 111.840000, "triplet": 0.945014}
[08/12 14:39:26][INFO] utils.logging:   91: {"_type": "train_iter", "epoch": "2/30", "eta": "1:40:46", "iter": "4601/8376", "loss": 1.248738, "lr": 0.000200, "neg_dist": 3.334341, "pos_dist": 3.991454, "time_diff": 119.030000, "triplet": 0.960196}
[08/12 14:39:33][INFO] utils.logging:   91: {"_type": "train_iter", "epoch": "2/30", "eta": "1:41:20", "iter": "4801/8376", "loss": 1.261289, "lr": 0.000200, "neg_dist": 3.078624, "pos_dist": 3.686782, "time_diff": 126.220000, "triplet": 0.939374}
[08/12 14:39:36][INFO] utils.logging:   91: {"_type": "train_iter", "epoch": "2/30", "eta": "1:40:24", "iter": "5001/8376", "loss": 1.214996, "lr": 0.000200, "neg_dist": 3.919944, "pos_dist": 4.411263, "time_diff": 128.460000, "triplet": 0.791319}
[08/12 14:39:39][INFO] utils.logging:   91: {"_type": "train_iter", "epoch": "2/30", "eta": "1:39:42", "iter": "5201/8376", "loss": 1.517477, "lr": 0.000200, "neg_dist": 3.512810, "pos_dist": 4.379417, "time_diff": 131.440000, "triplet": 1.166608}
[08/12 14:39:46][INFO] utils.logging:   91: {"_type": "train_iter", "epoch": "2/30", "eta": "1:40:10", "iter": "5401/8376", "loss": 1.152811, "lr": 0.000200, "neg_dist": 3.371894, "pos_dist": 3.866400, "time_diff": 138.400000, "triplet": 0.794505}
[08/12 14:39:53][INFO] utils.logging:   91: {"_type": "train_iter", "epoch": "2/30", "eta": "1:40:43", "iter": "5601/8376", "loss": 1.717314, "lr": 0.000200, "neg_dist": 3.368415, "pos_dist": 4.333252, "time_diff": 145.710000, "triplet": 1.264837}
[08/12 14:39:57][INFO] utils.logging:   91: {"_type": "train_iter", "epoch": "2/30", "eta": "1:40:17", "iter": "5801/8376", "loss": 0.983882, "lr": 0.000200, "neg_dist": 3.911857, "pos_dist": 4.234311, "time_diff": 149.560000, "triplet": 0.659011}
[08/12 14:39:58][INFO] utils.logging:   91: {"_type": "train_iter", "epoch": "2/30", "eta": "1:39:15", "iter": "6001/8376", "loss": 1.114807, "lr": 0.000200, "neg_dist": 3.517343, "pos_dist": 4.026317, "time_diff": 151.130000, "triplet": 0.808974}
[08/12 14:40:05][INFO] utils.logging:   91: {"_type": "train_iter", "epoch": "2/30", "eta": "1:39:33", "iter": "6201/8376", "loss": 1.362597, "lr": 0.000200, "neg_dist": 4.774105, "pos_dist": 5.446866, "time_diff": 157.600000, "triplet": 0.988737}
[08/12 14:40:12][INFO] utils.logging:   91: {"_type": "train_iter", "epoch": "2/30", "eta": "1:40:08", "iter": "6401/8376", "loss": 0.774233, "lr": 0.000200, "neg_dist": 3.562076, "pos_dist": 3.548438, "time_diff": 165.160000, "triplet": 0.417531}
[08/12 14:40:18][INFO] utils.logging:   91: {"_type": "train_iter", "epoch": "2/30", "eta": "1:40:11", "iter": "6601/8376", "loss": 0.872240, "lr": 0.000200, "neg_dist": 3.723206, "pos_dist": 3.942434, "time_diff": 170.760000, "triplet": 0.547367}
[08/12 14:40:20][INFO] utils.logging:   91: {"_type": "train_iter", "epoch": "2/30", "eta": "1:39:12", "iter": "6801/8376", "loss": 1.258117, "lr": 0.000200, "neg_dist": 3.049435, "pos_dist": 3.590812, "time_diff": 172.400000, "triplet": 0.862474}
[08/12 14:40:25][INFO] utils.logging:   91: {"_type": "train_iter", "epoch": "2/30", "eta": "1:39:15", "iter": "7001/8376", "loss": 0.864504, "lr": 0.000200, "neg_dist": 3.726798, "pos_dist": 3.947184, "time_diff": 177.910000, "triplet": 0.617755}
[08/12 14:40:32][INFO] utils.logging:   91: {"_type": "train_iter", "epoch": "2/30", "eta": "1:39:37", "iter": "7201/8376", "loss": 0.866588, "lr": 0.000200, "neg_dist": 3.432985, "pos_dist": 3.698666, "time_diff": 184.790000, "triplet": 0.565681}
[08/12 14:40:38][INFO] utils.logging:   91: {"_type": "train_iter", "epoch": "2/30", "eta": "1:39:54", "iter": "7401/8376", "loss": 0.679772, "lr": 0.000200, "neg_dist": 3.480292, "pos_dist": 3.275819, "time_diff": 191.350000, "triplet": 0.312368}
[08/12 14:40:41][INFO] utils.logging:   91: {"_type": "train_iter", "epoch": "2/30", "eta": "1:39:07", "iter": "7601/8376", "loss": 0.800990, "lr": 0.000200, "neg_dist": 3.764400, "pos_dist": 3.807408, "time_diff": 193.550000, "triplet": 0.418912}
[08/12 14:40:45][INFO] utils.logging:   91: {"_type": "train_iter", "epoch": "2/30", "eta": "1:38:48", "iter": "7801/8376", "loss": 0.880443, "lr": 0.000200, "neg_dist": 2.983593, "pos_dist": 3.172516, "time_diff": 197.680000, "triplet": 0.589925}
[08/12 14:40:52][INFO] utils.logging:   91: {"_type": "train_iter", "epoch": "2/30", "eta": "1:39:15", "iter": "8001/8376", "loss": 1.734632, "lr": 0.000200, "neg_dist": 3.637585, "pos_dist": 4.771840, "time_diff": 204.940000, "triplet": 1.434255}
[08/12 14:40:59][INFO] utils.logging:   91: {"_type": "train_iter", "epoch": "2/30", "eta": "1:39:38", "iter": "8201/8376", "loss": 1.730411, "lr": 0.000200, "neg_dist": 3.500479, "pos_dist": 4.582227, "time_diff": 211.980000, "triplet": 1.381748}
[08/12 14:41:02][INFO] utils.logging:   91: {"RAM": "18.43/125.63 GB", "_type": "train_epoch", "epoch": "2/30", "eta": "1:39:05", "gpu_mem": "0.39 GB", "loss": 1.281421, "lr": 0.000200, "neg_dist": 3.563580, "pos_dist": 4.115109, "time_diff": 214.380000, "triplet": 0.925736}
[08/12 14:41:02][INFO] utils.logging:   91: {"_type": "val_epoch", "epoch": "2/30", "loss": 1.320763}
[08/12 14:41:02][INFO] __main__:  187: Best checkpoint: output/frame_selector/ssv2_ViT-B16_Diverse_BiMHM/frame_selector_best.pth (loss=1.320763)
[08/12 14:41:02][INFO] __main__:  489: New best val loss: 1.320763 at epoch 1
[08/12 14:41:03][INFO] utils.logging:   91: {"_type": "train_iter", "epoch": "3/30", "eta": "1:39:18", "iter": "1/8376", "loss": 1.795223, "lr": 0.000300, "neg_dist": 4.002968, "pos_dist": 5.173832, "time_diff": 0.070000, "triplet": 1.504666}
[08/12 14:41:07][INFO] utils.logging:   91: {"_type": "train_iter", "epoch": "3/30", "eta": "1:39:11", "iter": "201/8376", "loss": 1.171912, "lr": 0.000300, "neg_dist": 3.634186, "pos_dist": 4.062288, "time_diff": 5.010000, "triplet": 0.755596}
[08/12 14:41:15][INFO] utils.logging:   91: {"_type": "train_iter", "epoch": "3/30", "eta": "1:39:37", "iter": "401/8376", "loss": 1.738101, "lr": 0.000300, "neg_dist": 3.581708, "pos_dist": 4.638335, "time_diff": 12.340000, "triplet": 1.356627}
[08/12 14:41:21][INFO] utils.logging:   91: {"_type": "train_iter", "epoch": "3/30", "eta": "1:39:51", "iter": "601/8376", "loss": 1.319530, "lr": 0.000300, "neg_dist": 3.833323, "pos_dist": 4.445863, "time_diff": 18.920000, "triplet": 0.912540}
[08/12 14:41:24][INFO] utils.logging:   91: {"_type": "train_iter", "epoch": "3/30", "eta": "1:39:07", "iter": "801/8376", "loss": 1.171161, "lr": 0.000300, "neg_dist": 3.557849, "pos_dist": 4.115388, "time_diff": 21.130000, "triplet": 0.871992}
[08/12 14:41:25][INFO] utils.logging:   91: {"_type": "train_iter", "epoch": "3/30", "eta": "1:38:17", "iter": "1001/8376", "loss": 1.125811, "lr": 0.000300, "neg_dist": 3.489740, "pos_dist": 3.942830, "time_diff": 22.750000, "triplet": 0.767794}
[08/12 14:41:27][INFO] utils.logging:   91: {"_type": "train_iter", "epoch": "3/30", "eta": "1:37:31", "iter": "1201/8376", "loss": 1.515422, "lr": 0.000300, "neg_dist": 3.218395, "pos_dist": 3.860132, "time_diff": 24.670000, "triplet": 1.187618}
[08/12 14:41:35][INFO] utils.logging:   91: {"_type": "train_iter", "epoch": "3/30", "eta": "1:37:57", "iter": "1401/8376", "loss": 1.096717, "lr": 0.000300, "neg_dist": 2.822605, "pos_dist": 3.244931, "time_diff": 32.070000, "triplet": 0.723166}
[08/12 14:41:42][INFO] utils.logging:   91: {"_type": "train_iter", "epoch": "3/30", "eta": "1:38:17", "iter": "1601/8376", "loss": 1.464012, "lr": 0.000300, "neg_dist": 4.198122, "pos_dist": 4.806883, "time_diff": 39.130000, "triplet": 1.159804}
[08/12 14:41:46][INFO] utils.logging:   91: {"_type": "train_iter", "epoch": "3/30", "eta": "1:38:09", "iter": "1801/8376", "loss": 1.773324, "lr": 0.000300, "neg_dist": 3.240486, "pos_dist": 4.386609, "time_diff": 43.950000, "triplet": 1.446123}
[08/12 14:41:48][INFO] utils.logging:   91: {"_type": "train_iter", "epoch": "3/30", "eta": "1:37:21", "iter": "2001/8376", "loss": 1.497958, "lr": 0.000300, "neg_dist": 3.734642, "pos_dist": 4.569317, "time_diff": 45.550000, "triplet": 1.164280}
[08/12 14:41:54][INFO] utils.logging:   91: {"_type": "train_iter", "epoch": "3/30", "eta": "1:37:23", "iter": "2201/8376", "loss": 1.496781, "lr": 0.000300, "neg_dist": 3.632251, "pos_dist": 4.243235, "time_diff": 51.120000, "triplet": 1.128969}
[08/12 14:42:01][INFO] utils.logging:   91: {"_type": "train_iter", "epoch": "3/30", "eta": "1:37:50", "iter": "2401/8376", "loss": 1.379530, "lr": 0.000300, "neg_dist": 3.049903, "pos_dist": 3.518099, "time_diff": 58.800000, "triplet": 0.984541}
[08/12 14:42:07][INFO] utils.logging:   91: {"_type": "train_iter", "epoch": "3/30", "eta": "1:37:56", "iter": "2601/8376", "loss": 1.471948, "lr": 0.000300, "neg_dist": 3.003071, "pos_dist": 3.582109, "time_diff": 64.810000, "triplet": 1.005733}
[08/12 14:42:09][INFO] utils.logging:   91: {"_type": "train_iter", "epoch": "3/30", "eta": "1:37:12", "iter": "2801/8376", "loss": 0.671563, "lr": 0.000300, "neg_dist": 3.305130, "pos_dist": 3.301709, "time_diff": 66.600000, "triplet": 0.337809}
[08/12 14:42:13][INFO] utils.logging:   91: {"_type": "train_iter", "epoch": "3/30", "eta": "1:36:57", "iter": "3001/8376", "loss": 1.094018, "lr": 0.000300, "neg_dist": 3.695714, "pos_dist": 4.128691, "time_diff": 70.760000, "triplet": 0.757791}
[08/12 14:42:20][INFO] utils.logging:   91: {"_type": "train_iter", "epoch": "3/30", "eta": "1:37:18", "iter": "3201/8376", "loss": 1.002208, "lr": 0.000300, "neg_dist": 4.263936, "pos_dist": 4.557468, "time_diff": 78.030000, "triplet": 0.593533}
[08/12 14:42:28][INFO] utils.logging:   91: {"_type": "train_iter", "epoch": "3/30", "eta": "1:37:40", "iter": "3401/8376", "loss": 1.051001, "lr": 0.000300, "neg_dist": 3.473327, "pos_dist": 3.764406, "time_diff": 85.440000, "triplet": 0.633424}
[08/12 14:42:30][INFO] utils.logging:   91: {"_type": "train_iter", "epoch": "3/30", "eta": "1:37:03", "iter": "3601/8376", "loss": 1.455249, "lr": 0.000300, "neg_dist": 3.211920, "pos_dist": 4.004782, "time_diff": 87.670000, "triplet": 1.121328}
[08/12 14:42:33][INFO] utils.logging:   91: {"_type": "train_iter", "epoch": "3/30", "eta": "1:36:31", "iter": "3801/8376", "loss": 0.961860, "lr": 0.000300, "neg_dist": 3.988639, "pos_dist": 4.283748, "time_diff": 90.320000, "triplet": 0.655975}
[08/12 14:42:40][INFO] utils.logging:   91: {"_type": "train_iter", "epoch": "3/30", "eta": "1:36:51", "iter": "4001/8376", "loss": 1.154333, "lr": 0.000300, "neg_dist": 3.396899, "pos_dist": 3.847637, "time_diff": 97.590000, "triplet": 0.750738}
[08/12 14:42:47][INFO] utils.logging:   91: {"_type": "train_iter", "epoch": "3/30", "eta": "1:37:07", "iter": "4201/8376", "loss": 0.948959, "lr": 0.000300, "neg_dist": 3.665775, "pos_dist": 3.957933, "time_diff": 104.600000, "triplet": 0.613563}
[08/12 14:42:51][INFO] utils.logging:   91: {"_type": "train_iter", "epoch": "3/30", "eta": "1:36:51", "iter": "4401/8376", "loss": 1.298767, "lr": 0.000300, "neg_dist": 3.589352, "pos_dist": 4.287071, "time_diff": 108.660000, "triplet": 0.997719}
[08/12 14:42:53][INFO] utils.logging:   91: {"_type": "train_iter", "epoch": "3/30", "eta": "1:36:09", "iter": "4601/8376", "loss": 1.086352, "lr": 0.000300, "neg_dist": 2.885209, "pos_dist": 3.339973, "time_diff": 110.270000, "triplet": 0.754764}
[08/12 14:42:59][INFO] utils.logging:   91: {"_type": "train_iter", "epoch": "3/30", "eta": "1:36:21", "iter": "4801/8376", "loss": 1.321689, "lr": 0.000300, "neg_dist": 3.244388, "pos_dist": 3.862911, "time_diff": 116.900000, "triplet": 0.918523}
[08/12 14:43:07][INFO] utils.logging:   91: {"_type": "train_iter", "epoch": "3/30", "eta": "1:36:41", "iter": "5001/8376", "loss": 1.416939, "lr": 0.000300, "neg_dist": 3.976741, "pos_dist": 4.612863, "time_diff": 124.280000, "triplet": 0.993391}
[08/12 14:43:12][INFO] utils.logging:   91: {"_type": "train_iter", "epoch": "3/30", "eta": "1:36:41", "iter": "5201/8376", "loss": 1.334016, "lr": 0.000300, "neg_dist": 3.868961, "pos_dist": 4.362799, "time_diff": 129.790000, "triplet": 0.934187}
[08/12 14:43:14][INFO] utils.logging:   91: {"_type": "train_iter", "epoch": "3/30", "eta": "1:36:00", "iter": "5401/8376", "loss": 1.684931, "lr": 0.000300, "neg_dist": 3.849491, "pos_dist": 4.852784, "time_diff": 131.380000, "triplet": 1.334598}
[08/12 14:43:19][INFO] utils.logging:   91: {"_type": "train_iter", "epoch": "3/30", "eta": "1:35:53", "iter": "5601/8376", "loss": 0.989694, "lr": 0.000300, "neg_dist": 3.732582, "pos_dist": 3.992203, "time_diff": 136.260000, "triplet": 0.667296}
[08/12 14:43:26][INFO] utils.logging:   91: {"_type": "train_iter", "epoch": "3/30", "eta": "1:36:13", "iter": "5801/8376", "loss": 0.861085, "lr": 0.000300, "neg_dist": 4.020635, "pos_dist": 3.791120, "time_diff": 143.690000, "triplet": 0.485057}
[08/12 14:43:33][INFO] utils.logging:   91: {"_type": "train_iter", "epoch": "3/30", "eta": "1:36:22", "iter": "6001/8376", "loss": 1.110097, "lr": 0.000300, "neg_dist": 3.452217, "pos_dist": 3.812635, "time_diff": 150.190000, "triplet": 0.770022}
[08/12 14:43:35][INFO] utils.logging:   91: {"_type": "train_iter", "epoch": "3/30", "eta": "1:35:49", "iter": "6201/8376", "loss": 1.348125, "lr": 0.000300, "neg_dist": 3.964315, "pos_dist": 4.504837, "time_diff": 152.390000, "triplet": 0.994978}
[08/12 14:43:39][INFO] utils.logging:   91: {"_type": "train_iter", "epoch": "3/30", "eta": "1:35:33", "iter": "6401/8376", "loss": 0.978980, "lr": 0.000300, "neg_dist": 3.744526, "pos_dist": 3.738132, "time_diff": 156.390000, "triplet": 0.593806}
[08/12 14:43:46][INFO] utils.logging:   91: {"_type": "train_iter", "epoch": "3/30", "eta": "1:35:52", "iter": "6601/8376", "loss": 1.713221, "lr": 0.000300, "neg_dist": 3.468860, "pos_dist": 4.607940, "time_diff": 163.870000, "triplet": 1.439080}
[08/12 14:43:54][INFO] utils.logging:   91: {"_type": "train_iter", "epoch": "3/30", "eta": "1:36:09", "iter": "6801/8376", "loss": 1.833694, "lr": 0.000300, "neg_dist": 3.717554, "pos_dist": 4.903150, "time_diff": 171.170000, "triplet": 1.485595}
[08/12 14:43:56][INFO] utils.logging:   91: {"_type": "train_iter", "epoch": "3/30", "eta": "1:35:37", "iter": "7001/8376", "loss": 1.679913, "lr": 0.000300, "neg_dist": 4.055930, "pos_dist": 5.153132, "time_diff": 173.420000, "triplet": 1.397201}
[08/12 14:43:58][INFO] utils.logging:   91: {"_type": "train_iter", "epoch": "3/30", "eta": "1:35:05", "iter": "7201/8376", "loss": 0.838141, "lr": 0.000300, "neg_dist": 3.044911, "pos_dist": 3.199621, "time_diff": 175.580000, "triplet": 0.473914}
[08/12 14:44:05][INFO] utils.logging:   91: {"_type": "train_iter", "epoch": "3/30", "eta": "1:35:22", "iter": "7401/8376", "loss": 1.521069, "lr": 0.000300, "neg_dist": 3.867574, "pos_dist": 4.708173, "time_diff": 182.970000, "triplet": 1.140598}
[08/12 14:44:13][INFO] utils.logging:   91: {"_type": "train_iter", "epoch": "3/30", "eta": "1:35:39", "iter": "7601/8376", "loss": 0.792837, "lr": 0.000300, "neg_dist": 4.273180, "pos_dist": 4.404516, "time_diff": 190.330000, "triplet": 0.518416}
[08/12 14:44:17][INFO] utils.logging:   91: {"_type": "train_iter", "epoch": "3/30", "eta": "1:35:26", "iter": "7801/8376", "loss": 1.315852, "lr": 0.000300, "neg_dist": 3.551547, "pos_dist": 4.050262, "time_diff": 194.550000, "triplet": 1.003219}
[08/12 14:44:19][INFO] utils.logging:   91: {"_type": "train_iter", "epoch": "3/30", "eta": "1:34:49", "iter": "8001/8376", "loss": 1.405837, "lr": 0.000300, "neg_dist": 3.319474, "pos_dist": 4.006419, "time_diff": 196.170000, "triplet": 1.045679}
[08/12 14:44:25][INFO] utils.logging:   91: {"_type": "train_iter", "epoch": "3/30", "eta": "1:34:54", "iter": "8201/8376", "loss": 1.043053, "lr": 0.000300, "neg_dist": 3.711750, "pos_dist": 4.008045, "time_diff": 202.310000, "triplet": 0.634721}
[08/12 14:44:31][INFO] utils.logging:   91: {"RAM": "19.33/125.63 GB", "_type": "train_epoch", "epoch": "3/30", "eta": "1:35:10", "gpu_mem": "0.39 GB", "loss": 1.281163, "lr": 0.000300, "neg_dist": 3.561339, "pos_dist": 4.115340, "time_diff": 208.970000, "triplet": 0.926718}
[08/12 14:44:36][INFO] utils.logging:   91: {"_type": "val_epoch", "epoch": "3/30", "loss": 1.321789}
[08/12 14:44:36][INFO] utils.logging:   91: {"_type": "train_iter", "epoch": "4/30", "eta": "1:35:48", "iter": "1/8376", "loss": 1.479345, "lr": 0.000299, "neg_dist": 3.895405, "pos_dist": 4.732549, "time_diff": 0.120000, "triplet": 1.137144}
[08/12 14:44:39][INFO] utils.logging:   91: {"_type": "train_iter", "epoch": "4/30", "eta": "1:35:27", "iter": "201/8376", "loss": 1.033527, "lr": 0.000299, "neg_dist": 2.939822, "pos_dist": 3.308442, "time_diff": 3.390000, "triplet": 0.668620}
[08/12 14:44:41][INFO] utils.logging:   91: {"_type": "train_iter", "epoch": "4/30", "eta": "1:34:56", "iter": "401/8376", "loss": 1.535690, "lr": 0.000299, "neg_dist": 3.167440, "pos_dist": 3.944689, "time_diff": 5.550000, "triplet": 1.077249}
[08/12 14:44:49][INFO] utils.logging:   91: {"_type": "train_iter", "epoch": "4/30", "eta": "1:35:12", "iter": "601/8376", "loss": 1.131603, "lr": 0.000299, "neg_dist": 3.546418, "pos_dist": 3.892022, "time_diff": 12.960000, "triplet": 0.813673}
[08/12 14:44:56][INFO] utils.logging:   91: {"_type": "train_iter", "epoch": "4/30", "eta": "1:35:28", "iter": "801/8376", "loss": 1.530854, "lr": 0.000299, "neg_dist": 3.682463, "pos_dist": 4.615438, "time_diff": 20.440000, "triplet": 1.232975}
[08/12 14:45:00][INFO] utils.logging:   91: {"_type": "train_iter", "epoch": "4/30", "eta": "1:35:13", "iter": "1001/8376", "loss": 1.324578, "lr": 0.000299, "neg_dist": 3.728127, "pos_dist": 4.320288, "time_diff": 24.400000, "triplet": 0.892160}
[08/12 14:45:01][INFO] utils.logging:   91: {"_type": "train_iter", "epoch": "4/30", "eta": "1:34:38", "iter": "1201/8376", "loss": 1.276077, "lr": 0.000299, "neg_dist": 3.607837, "pos_dist": 4.109401, "time_diff": 25.960000, "triplet": 0.866812}
[08/12 14:45:03][INFO] utils.logging:   91: {"_type": "train_iter", "epoch": "4/30", "eta": "1:34:04", "iter": "1401/8376", "loss": 1.400855, "lr": 0.000299, "neg_dist": 3.298506, "pos_dist": 3.715260, "time_diff": 27.610000, "triplet": 1.071279}
[08/12 14:45:08][INFO] utils.logging:   91: {"_type": "train_iter", "epoch": "4/30", "eta": "1:33:58", "iter": "1601/8376", "loss": 0.959900, "lr": 0.000299, "neg_dist": 3.372011, "pos_dist": 3.459661, "time_diff": 32.550000, "triplet": 0.511987}
[08/12 14:45:15][INFO] utils.logging:   91: {"_type": "train_iter", "epoch": "4/30", "eta": "1:34:12", "iter": "1801/8376", "loss": 1.375453, "lr": 0.000299, "neg_dist": 3.998982, "pos_dist": 4.600754, "time_diff": 39.860000, "triplet": 1.113563}
[08/12 14:45:22][INFO] utils.logging:   91: {"_type": "train_iter", "epoch": "4/30", "eta": "1:34:20", "iter": "2001/8376", "loss": 1.193344, "lr": 0.000299, "neg_dist": 3.336612, "pos_dist": 3.772441, "time_diff": 46.470000, "triplet": 0.760802}
[08/12 14:45:24][INFO] utils.logging:   91: {"_type": "train_iter", "epoch": "4/30", "eta": "1:33:52", "iter": "2201/8376", "loss": 1.705482, "lr": 0.000299, "neg_dist": 3.338913, "pos_dist": 4.163302, "time_diff": 48.670000, "triplet": 1.321741}
[08/12 14:45:26][INFO] utils.logging:   91: {"_type": "train_iter", "epoch": "4/30", "eta": "1:33:19", "iter": "2401/8376", "loss": 0.891241, "lr": 0.000299, "neg_dist": 3.744734, "pos_dist": 3.823177, "time_diff": 50.300000, "triplet": 0.526849}
[08/12 14:45:28][INFO] utils.logging:   91: {"_type": "train_iter", "epoch": "4/30", "eta": "1:32:51", "iter": "2601/8376", "loss": 1.481834, "lr": 0.000299, "neg_dist": 3.835841, "pos_dist": 4.411978, "time_diff": 52.370000, "triplet": 1.099035}
[08/12 14:45:35][INFO] utils.logging:   91: {"_type": "train_iter", "epoch": "4/30", "eta": "1:33:05", "iter": "2801/8376", "loss": 1.024211, "lr": 0.000299, "neg_dist": 3.498671, "pos_dist": 3.882174, "time_diff": 59.750000, "triplet": 0.683504}
[08/12 14:45:42][INFO] utils.logging:   91: {"_type": "train_iter", "epoch": "4/30", "eta": "1:33:15", "iter": "3001/8376", "loss": 2.011562, "lr": 0.000299, "neg_dist": 3.854261, "pos_dist": 5.238740, "time_diff": 66.660000, "triplet": 1.684479}
[08/12 14:45:47][INFO] utils.logging:   91: {"_type": "train_iter", "epoch": "4/30", "eta": "1:33:07", "iter": "3201/8376", "loss": 2.192247, "lr": 0.000299, "neg_dist": 4.364200, "pos_dist": 5.902927, "time_diff": 71.360000, "triplet": 1.838728}
[08/12 14:45:49][INFO] utils.logging:   91: {"_type": "train_iter", "epoch": "4/30", "eta": "1:32:36", "iter": "3401/8376", "loss": 0.788733, "lr": 0.000299, "neg_dist": 3.430052, "pos_dist": 3.169127, "time_diff": 72.980000, "triplet": 0.392652}
[08/12 14:45:54][INFO] utils.logging:   91: {"_type": "train_iter", "epoch": "4/30", "eta": "1:32:37", "iter": "3601/8376", "loss": 1.035418, "lr": 0.000299, "neg_dist": 3.649292, "pos_dist": 3.775782, "time_diff": 78.780000, "triplet": 0.614166}
[08/12 14:46:02][INFO] utils.logging:   91: {"_type": "train_iter", "epoch": "4/30", "eta": "1:32:51", "iter": "3801/8376", "loss": 1.966882, "lr": 0.000299, "neg_dist": 3.660146, "pos_dist": 4.968058, "time_diff": 86.150000, "triplet": 1.607912}
[08/12 14:46:08][INFO] utils.logging:   91: {"_type": "train_iter", "epoch": "4/30", "eta": "1:32:54", "iter": "4001/8376", "loss": 1.248619, "lr": 0.000299, "neg_dist": 3.421652, "pos_dist": 3.880880, "time_diff": 92.260000, "triplet": 0.817434}
[08/12 14:46:10][INFO] utils.logging:   91: {"_type": "train_iter", "epoch": "4/30", "eta": "1:32:24", "iter": "4201/8376", "loss": 0.993481, "lr": 0.000299, "neg_dist": 3.704939, "pos_dist": 3.960152, "time_diff": 93.970000, "triplet": 0.621021}
[08/12 14:46:14][INFO] utils.logging:   91: {"_type": "train_iter", "epoch": "4/30", "eta": "1:32:14", "iter": "4401/8376", "loss": 1.587083, "lr": 0.000299, "neg_dist": 3.579289, "pos_dist": 4.501520, "time_diff": 98.290000, "triplet": 1.222231}
[08/12 14:46:21][INFO] utils.logging:   91: {"_type": "train_iter", "epoch": "4/30", "eta": "1:32:26", "iter": "4601/8376", "loss": 1.686275, "lr": 0.000299, "neg_dist": 3.227524, "pos_dist": 4.339398, "time_diff": 105.660000, "triplet": 1.411875}
[08/12 14:46:28][INFO] utils.logging:   91: {"_type": "train_iter", "epoch": "4/30", "eta": "1:32:38", "iter": "4801/8376", "loss": 0.939396, "lr": 0.000299, "neg_dist": 3.743303, "pos_dist": 3.824243, "time_diff": 112.840000, "triplet": 0.560651}
[08/12 14:46:31][INFO] utils.logging:   91: {"_type": "train_iter", "epoch": "4/30", "eta": "1:32:12", "iter": "5001/8376", "loss": 1.257086, "lr": 0.000299, "neg_dist": 3.534808, "pos_dist": 3.864227, "time_diff": 115.130000, "triplet": 0.849173}
[08/12 14:46:34][INFO] utils.logging:   91: {"_type": "train_iter", "epoch": "4/30", "eta": "1:31:54", "iter": "5201/8376", "loss": 1.233004, "lr": 0.000299, "neg_dist": 4.717978, "pos_dist": 4.240430, "time_diff": 118.290000, "triplet": 0.918034}
[08/12 14:46:41][INFO] utils.logging:   91: {"_type": "train_iter", "epoch": "4/30", "eta": "1:32:06", "iter": "5401/8376", "loss": 0.917715, "lr": 0.000299, "neg_dist": 3.950079, "pos_dist": 4.120766, "time_diff": 125.620000, "triplet": 0.530878}
[08/12 14:46:49][INFO] utils.logging:   91: {"_type": "train_iter", "epoch": "4/30", "eta": "1:32:19", "iter": "5601/8376", "loss": 1.391137, "lr": 0.000299, "neg_dist": 3.296742, "pos_dist": 3.948563, "time_diff": 133.130000, "triplet": 0.951821}
[08/12 14:46:52][INFO] utils.logging:   91: {"_type": "train_iter", "epoch": "4/30", "eta": "1:32:02", "iter": "5801/8376", "loss": 0.984771, "lr": 0.000299, "neg_dist": 3.251537, "pos_dist": 3.556803, "time_diff": 136.440000, "triplet": 0.661180}
[08/12 14:46:54][INFO] utils.logging:   91: {"_type": "train_iter", "epoch": "4/30", "eta": "1:31:35", "iter": "6001/8376", "loss": 1.439176, "lr": 0.000299, "neg_dist": 4.467221, "pos_dist": 5.111851, "time_diff": 138.450000, "triplet": 1.041362}
[08/12 14:47:01][INFO] utils.logging:   91: {"_type": "train_iter", "epoch": "4/30", "eta": "1:31:48", "iter": "6201/8376", "loss": 1.858213, "lr": 0.000299, "neg_dist": 3.647945, "pos_dist": 4.781880, "time_diff": 145.940000, "triplet": 1.439188}
[08/12 14:47:09][INFO] utils.logging:   91: {"_type": "train_iter", "epoch": "4/30", "eta": "1:32:01", "iter": "6401/8376", "loss": 0.942663, "lr": 0.000299, "neg_dist": 3.414231, "pos_dist": 3.783757, "time_diff": 153.550000, "triplet": 0.669526}
[08/12 14:47:13][INFO] utils.logging:   91: {"_type": "train_iter", "epoch": "4/30", "eta": "1:31:49", "iter": "6601/8376", "loss": 1.255413, "lr": 0.000299, "neg_dist": 3.077538, "pos_dist": 3.563645, "time_diff": 157.570000, "triplet": 0.834955}
[08/12 14:47:15][INFO] utils.logging:   91: {"_type": "train_iter", "epoch": "4/30", "eta": "1:31:21", "iter": "6801/8376", "loss": 1.426768, "lr": 0.000299, "neg_dist": 3.510032, "pos_dist": 4.147498, "time_diff": 159.200000, "triplet": 1.009652}
[08/12 14:47:22][INFO] utils.logging:   91: {"_type": "train_iter", "epoch": "4/30", "eta": "1:31:28", "iter": "7001/8376", "loss": 0.522750, "lr": 0.000299, "neg_dist": 4.232580, "pos_dist": 3.728534, "time_diff": 165.970000, "triplet": 0.160474}
[08/12 14:47:29][INFO] utils.logging:   91: {"_type": "train_iter", "epoch": "4/30", "eta": "1:31:40", "iter": "7201/8376", "loss": 1.703509, "lr": 0.000299, "neg_dist": 3.543442, "pos_dist": 4.486529, "time_diff": 173.480000, "triplet": 1.243087}
[08/12 14:47:34][INFO] utils.logging:   91: {"_type": "train_iter", "epoch": "4/30", "eta": "1:31:37", "iter": "7401/8376", "loss": 1.531962, "lr": 0.000299, "neg_dist": 4.439054, "pos_dist": 5.140922, "time_diff": 178.810000, "triplet": 1.182771}
[08/12 14:47:36][INFO] utils.logging:   91: {"_type": "train_iter", "epoch": "4/30", "eta": "1:31:09", "iter": "7601/8376", "loss": 2.161133, "lr": 0.000299, "neg_dist": 2.779253, "pos_dist": 4.286769, "time_diff": 180.430000, "triplet": 1.807517}
[08/12 14:47:41][INFO] utils.logging:   91: {"_type": "train_iter", "epoch": "4/30", "eta": "1:31:06", "iter": "7801/8376", "loss": 0.804585, "lr": 0.000299, "neg_dist": 2.845387, "pos_dist": 2.623489, "time_diff": 185.650000, "triplet": 0.420998}
[08/12 14:47:48][INFO] utils.logging:   91: {"_type": "train_iter", "epoch": "4/30", "eta": "1:31:14", "iter": "8001/8376", "loss": 1.186919, "lr": 0.000299, "neg_dist": 3.643815, "pos_dist": 4.033412, "time_diff": 192.730000, "triplet": 0.780557}
[08/12 14:47:55][INFO] utils.logging:   91: {"_type": "train_iter", "epoch": "4/30", "eta": "1:31:20", "iter": "8201/8376", "loss": 0.734464, "lr": 0.000299, "neg_dist": 3.250806, "pos_dist": 3.256220, "time_diff": 199.410000, "triplet": 0.458195}
[08/12 14:47:57][INFO] utils.logging:   91: {"RAM": "18.56/125.63 GB", "_type": "train_epoch", "epoch": "4/30", "eta": "1:31:01", "gpu_mem": "0.39 GB", "loss": 1.269917, "lr": 0.000299, "neg_dist": 3.552641, "pos_dist": 4.094808, "time_diff": 201.530000, "triplet": 0.917901}
[08/12 14:47:58][INFO] utils.logging:   91: {"_type": "val_epoch", "epoch": "4/30", "loss": 1.302442}
[08/12 14:47:58][INFO] __main__:  187: Best checkpoint: output/frame_selector/ssv2_ViT-B16_Diverse_BiMHM/frame_selector_best.pth (loss=1.302442)
[08/12 14:47:58][INFO] __main__:  489: New best val loss: 1.302442 at epoch 3
[08/12 14:47:58][INFO] utils.logging:   91: {"_type": "train_iter", "epoch": "5/30", "eta": "1:31:07", "iter": "1/8376", "loss": 1.305204, "lr": 0.000296, "neg_dist": 3.500343, "pos_dist": 4.186982, "time_diff": 0.070000, "triplet": 0.986639}
[08/12 14:48:04][INFO] utils.logging:   91: {"_type": "train_iter", "epoch": "5/30", "eta": "1:31:08", "iter": "201/8376", "loss": 2.051229, "lr": 0.000296, "neg_dist": 3.641760, "pos_dist": 4.976219, "time_diff": 6.100000, "triplet": 1.634459}
[08/12 14:48:11][INFO] utils.logging:   91: {"_type": "train_iter", "epoch": "5/30", "eta": "1:31:19", "iter": "401/8376", "loss": 1.473848, "lr": 0.000296, "neg_dist": 4.199986, "pos_dist": 5.051483, "time_diff": 13.560000, "triplet": 1.151497}
[08/12 14:48:17][INFO] utils.logging:   91: {"_type": "train_iter", "epoch": "5/30", "eta": "1:31:19", "iter": "601/8376", "loss": 1.636073, "lr": 0.000296, "neg_dist": 3.625232, "pos_dist": 4.563525, "time_diff": 19.480000, "triplet": 1.262084}
[08/12 14:48:19][INFO] utils.logging:   91: {"_type": "train_iter", "epoch": "5/30", "eta": "1:30:53", "iter": "801/8376", "loss": 1.099486, "lr": 0.000296, "neg_dist": 4.498590, "pos_dist": 4.942419, "time_diff": 21.180000, "triplet": 0.756391}
[08/12 14:48:23][INFO] utils.logging:   91: {"_type": "train_iter", "epoch": "5/30", "eta": "1:30:43", "iter": "1001/8376", "loss": 0.835521, "lr": 0.000296, "neg_dist": 4.105576, "pos_dist": 4.126534, "time_diff": 25.340000, "triplet": 0.540257}
[08/12 14:48:31][INFO] utils.logging:   91: {"_type": "train_iter", "epoch": "5/30", "eta": "1:30:53", "iter": "1201/8376", "loss": 0.994363, "lr": 0.000296, "neg_dist": 4.126063, "pos_dist": 4.263062, "time_diff": 32.780000, "triplet": 0.636038}
[08/12 14:48:38][INFO] utils.logging:   91: {"_type": "train_iter", "epoch": "5/30", "eta": "1:31:02", "iter": "1401/8376", "loss": 1.691736, "lr": 0.000296, "neg_dist": 4.145662, "pos_dist": 5.186439, "time_diff": 40.070000, "triplet": 1.340776}
[08/12 14:48:40][INFO] utils.logging:   91: {"_type": "train_iter", "epoch": "5/30", "eta": "1:30:39", "iter": "1601/8376", "loss": 0.957058, "lr": 0.000296, "neg_dist": 3.894309, "pos_dist": 4.253967, "time_diff": 42.310000, "triplet": 0.669124}
[08/12 14:48:43][INFO] utils.logging:   91: {"_type": "train_iter", "epoch": "5/30", "eta": "1:30:18", "iter": "1801/8376", "loss": 1.452304, "lr": 0.000296, "neg_dist": 2.755817, "pos_dist": 3.518919, "time_diff": 44.710000, "triplet": 1.083031}
[08/12 14:48:50][INFO] utils.logging:   91: {"_type": "train_iter", "epoch": "5/30", "eta": "1:30:26", "iter": "2001/8376", "loss": 1.743426, "lr": 0.000296, "neg_dist": 3.382924, "pos_dist": 4.224915, "time_diff": 51.900000, "triplet": 1.271773}
[08/12 14:48:57][INFO] utils.logging:   91: {"_type": "train_iter", "epoch": "5/30", "eta": "1:30:35", "iter": "2201/8376", "loss": 1.019173, "lr": 0.000296, "neg_dist": 3.579337, "pos_dist": 3.900087, "time_diff": 59.270000, "triplet": 0.677794}
[08/12 14:49:01][INFO] utils.logging:   91: {"_type": "train_iter", "epoch": "5/30", "eta": "1:30:25", "iter": "2401/8376", "loss": 1.418972, "lr": 0.000296, "neg_dist": 3.670894, "pos_dist": 4.488923, "time_diff": 63.370000, "triplet": 1.118029}
[08/12 14:49:03][INFO] utils.logging:   91: {"_type": "train_iter", "epoch": "5/30", "eta": "1:29:59", "iter": "2601/8376", "loss": 1.163620, "lr": 0.000296, "neg_dist": 3.093086, "pos_dist": 3.389537, "time_diff": 64.960000, "triplet": 0.726178}
[08/12 14:49:09][INFO] utils.logging:   91: {"_type": "train_iter", "epoch": "5/30", "eta": "1:30:02", "iter": "2801/8376", "loss": 1.592541, "lr": 0.000296, "neg_dist": 3.366464, "pos_dist": 4.283610, "time_diff": 71.300000, "triplet": 1.217146}
[08/12 14:49:17][INFO] utils.logging:   91: {"_type": "train_iter", "epoch": "5/30", "eta": "1:30:11", "iter": "3001/8376", "loss": 1.034961, "lr": 0.000296, "neg_dist": 3.874412, "pos_dist": 3.921234, "time_diff": 78.820000, "triplet": 0.670301}
[08/12 14:49:22][INFO] utils.logging:   91: {"_type": "train_iter", "epoch": "5/30", "eta": "1:30:10", "iter": "3201/8376", "loss": 0.973908, "lr": 0.000296, "neg_dist": 3.539692, "pos_dist": 3.725783, "time_diff": 84.520000, "triplet": 0.533959}
[08/12 14:49:24][INFO] utils.logging:   91: {"_type": "train_iter", "epoch": "5/30", "eta": "1:29:45", "iter": "3401/8376", "loss": 1.399356, "lr": 0.000296, "neg_dist": 4.055960, "pos_dist": 4.442475, "time_diff": 86.140000, "triplet": 0.979563}
[08/12 14:49:30][INFO] utils.logging:   91: {"_type": "train_iter", "epoch": "5/30", "eta": "1:29:43", "iter": "3601/8376", "loss": 0.874591, "lr": 0.000296, "neg_dist": 3.340508, "pos_dist": 3.448558, "time_diff": 91.700000, "triplet": 0.469582}
[08/12 14:49:37][INFO] utils.logging:   91: {"_type": "train_iter", "epoch": "5/30", "eta": "1:29:51", "iter": "3801/8376", "loss": 1.347107, "lr": 0.000296, "neg_dist": 3.818840, "pos_dist": 4.519343, "time_diff": 98.890000, "triplet": 1.034233}
[08/12 14:49:43][INFO] utils.logging:   91: {"_type": "train_iter", "epoch": "5/30", "eta": "1:29:53", "iter": "4001/8376", "loss": 1.197251, "lr": 0.000296, "neg_dist": 3.794006, "pos_dist": 4.341390, "time_diff": 105.200000, "triplet": 0.942223}
[08/12 14:49:45][INFO] utils.logging:   91: {"_type": "train_iter", "epoch": "5/30", "eta": "1:29:31", "iter": "4201/8376", "loss": 1.516066, "lr": 0.000296, "neg_dist": 2.989990, "pos_dist": 3.848791, "time_diff": 107.240000, "triplet": 1.207171}
[08/12 14:49:49][INFO] utils.logging:   91: {"_type": "train_iter", "epoch": "5/30", "eta": "1:29:19", "iter": "4401/8376", "loss": 1.041013, "lr": 0.000296, "neg_dist": 3.689929, "pos_dist": 3.944122, "time_diff": 111.060000, "triplet": 0.745132}
[08/12 14:49:57][INFO] utils.logging:   91: {"_type": "train_iter", "epoch": "5/30", "eta": "1:29:28", "iter": "4601/8376", "loss": 1.005503, "lr": 0.000296, "neg_dist": 3.331934, "pos_dist": 3.710598, "time_diff": 118.610000, "triplet": 0.718747}
[08/12 14:50:04][INFO] utils.logging:   91: {"_type": "train_iter", "epoch": "5/30", "eta": "1:29:36", "iter": "4801/8376", "loss": 0.921982, "lr": 0.000296, "neg_dist": 3.544511, "pos_dist": 3.689727, "time_diff": 125.940000, "triplet": 0.582243}
[08/12 14:50:06][INFO] utils.logging:   91: {"_type": "train_iter", "epoch": "5/30", "eta": "1:29:16", "iter": "5001/8376", "loss": 1.147868, "lr": 0.000296, "neg_dist": 4.038069, "pos_dist": 4.330980, "time_diff": 128.290000, "triplet": 0.785855}
[08/12 14:50:09][INFO] utils.logging:   91: {"_type": "train_iter", "epoch": "5/30", "eta": "1:28:56", "iter": "5201/8376", "loss": 1.480885, "lr": 0.000296, "neg_dist": 3.399207, "pos_dist": 4.136528, "time_diff": 130.590000, "triplet": 1.114801}
[08/12 14:50:15][INFO] utils.logging:   91: {"_type": "train_iter", "epoch": "5/30", "eta": "1:29:01", "iter": "5401/8376", "loss": 1.265265, "lr": 0.000296, "neg_dist": 3.283416, "pos_dist": 3.802459, "time_diff": 137.420000, "triplet": 0.819044}
[08/12 14:50:23][INFO] utils.logging:   91: {"_type": "train_iter", "epoch": "5/30", "eta": "1:29:10", "iter": "5601/8376", "loss": 1.118454, "lr": 0.000296, "neg_dist": 3.350865, "pos_dist": 3.524574, "time_diff": 145.040000, "triplet": 0.806205}
[08/12 14:50:27][INFO] utils.logging:   91: {"_type": "train_iter", "epoch": "5/30", "eta": "1:29:01", "iter": "5801/8376", "loss": 0.955645, "lr": 0.000296, "neg_dist": 3.094762, "pos_dist": 3.363002, "time_diff": 149.290000, "triplet": 0.612906}
[08/12 14:50:29][INFO] utils.logging:   91: {"_type": "train_iter", "epoch": "5/30", "eta": "1:28:37", "iter": "6001/8376", "loss": 1.137990, "lr": 0.000296, "neg_dist": 3.276994, "pos_dist": 3.388509, "time_diff": 150.870000, "triplet": 0.789688}
[08/12 14:50:30][INFO] utils.logging:   91: {"_type": "train_iter", "epoch": "5/30", "eta": "1:28:14", "iter": "6201/8376", "loss": 1.287532, "lr": 0.000296, "neg_dist": 3.580771, "pos_dist": 4.209340, "time_diff": 152.440000, "triplet": 0.928569}
[08/12 14:50:35][INFO] utils.logging:   91: {"_type": "train_iter", "epoch": "5/30", "eta": "1:28:06", "iter": "6401/8376", "loss": 1.092542, "lr": 0.000296, "neg_dist": 3.514703, "pos_dist": 3.946178, "time_diff": 157.060000, "triplet": 0.771698}
[08/12 14:50:42][INFO] utils.logging:   91: {"_type": "train_iter", "epoch": "5/30", "eta": "1:28:12", "iter": "6601/8376", "loss": 1.612235, "lr": 0.000296, "neg_dist": 3.586033, "pos_dist": 4.377871, "time_diff": 164.130000, "triplet": 1.156994}
[08/12 14:50:49][INFO] utils.logging:   91: {"_type": "train_iter", "epoch": "5/30", "eta": "1:28:18", "iter": "6801/8376", "loss": 1.406328, "lr": 0.000296, "neg_dist": 3.527576, "pos_dist": 4.242403, "time_diff": 171.230000, "triplet": 1.082798}
[08/12 14:50:51][INFO] utils.logging:   91: {"_type": "train_iter", "epoch": "5/30", "eta": "1:27:59", "iter": "7001/8376", "loss": 1.569759, "lr": 0.000296, "neg_dist": 3.943210, "pos_dist": 4.824084, "time_diff": 173.450000, "triplet": 1.198032}
[08/12 14:50:54][INFO] utils.logging:   91: {"_type": "train_iter", "epoch": "5/30", "eta": "1:27:41", "iter": "7201/8376", "loss": 1.734963, "lr": 0.000296, "neg_dist": 3.979316, "pos_dist": 5.112560, "time_diff": 176.050000, "triplet": 1.439765}
[08/12 14:51:01][INFO] utils.logging:   91: {"_type": "train_iter", "epoch": "5/30", "eta": "1:27:49", "iter": "7401/8376", "loss": 0.707958, "lr": 0.000296, "neg_dist": 3.884232, "pos_dist": 3.250126, "time_diff": 183.480000, "triplet": 0.377479}
[08/12 14:51:09][INFO] utils.logging:   91: {"_type": "train_iter", "epoch": "5/30", "eta": "1:27:55", "iter": "7601/8376", "loss": 0.656406, "lr": 0.000296, "neg_dist": 3.667275, "pos_dist": 3.539770, "time_diff": 190.780000, "triplet": 0.294203}
[08/12 14:51:12][INFO] utils.logging:   91: {"_type": "train_iter", "epoch": "5/30", "eta": "1:27:44", "iter": "7801/8376", "loss": 1.356390, "lr": 0.000296, "neg_dist": 3.439486, "pos_dist": 4.150105, "time_diff": 194.510000, "triplet": 1.010620}
[08/12 14:51:14][INFO] utils.logging:   91: {"_type": "train_iter", "epoch": "5/30", "eta": "1:27:21", "iter": "8001/8376", "loss": 0.970155, "lr": 0.000296, "neg_dist": 2.968610, "pos_dist": 3.324579, "time_diff": 196.090000, "triplet": 0.703748}
[08/12 14:51:20][INFO] utils.logging:   91: {"_type": "train_iter", "epoch": "5/30", "eta": "1:27:23", "iter": "8201/8376", "loss": 1.665288, "lr": 0.000296, "neg_dist": 3.701157, "pos_dist": 4.712746, "time_diff": 202.480000, "triplet": 1.311589}
[08/12 14:51:27][INFO] utils.logging:   91: {"RAM": "19.05/125.63 GB", "_type": "train_epoch", "epoch": "5/30", "eta": "1:27:30", "gpu_mem": "0.39 GB", "loss": 1.268666, "lr": 0.000296, "neg_dist": 3.556313, "pos_dist": 4.100326, "time_diff": 209.080000, "triplet": 0.918498}
[08/12 14:51:31][INFO] utils.logging:   91: {"_type": "val_epoch", "epoch": "5/30", "loss": 1.288453}
[08/12 14:51:31][INFO] __main__:  187: Best checkpoint: output/frame_selector/ssv2_ViT-B16_Diverse_BiMHM/frame_selector_best.pth (loss=1.288453)
[08/12 14:51:31][INFO] __main__:  489: New best val loss: 1.288453 at epoch 4
[08/12 14:51:31][INFO] utils.logging:   91: {"_type": "train_iter", "epoch": "6/30", "eta": "1:27:50", "iter": "1/8376", "loss": 1.606749, "lr": 0.000291, "neg_dist": 4.231440, "pos_dist": 5.215651, "time_diff": 0.120000, "triplet": 1.284212}
[08/12 14:51:34][INFO] utils.logging:   91: {"_type": "train_iter", "epoch": "6/30", "eta": "1:27:36", "iter": "201/8376", "loss": 1.328780, "lr": 0.000291, "neg_dist": 3.800179, "pos_dist": 4.484717, "time_diff": 3.200000, "triplet": 0.984538}
[08/12 14:51:36][INFO] utils.logging:   91: {"_type": "train_iter", "epoch": "6/30", "eta": "1:27:14", "iter": "401/8376", "loss": 0.853241, "lr": 0.000291, "neg_dist": 3.625062, "pos_dist": 3.320594, "time_diff": 4.830000, "triplet": 0.481000}
[08/12 14:51:43][INFO] utils.logging:   91: {"_type": "train_iter", "epoch": "6/30", "eta": "1:27:20", "iter": "601/8376", "loss": 1.457687, "lr": 0.000291, "neg_dist": 3.101900, "pos_dist": 3.962507, "time_diff": 12.090000, "triplet": 1.160607}
[08/12 14:51:50][INFO] utils.logging:   91: {"_type": "train_iter", "epoch": "6/30", "eta": "1:27:25", "iter": "801/8376", "loss": 1.228680, "lr": 0.000291, "neg_dist": 3.957766, "pos_dist": 4.483234, "time_diff": 19.140000, "triplet": 0.825468}
[08/12 14:51:55][INFO] utils.logging:   91: {"_type": "train_iter", "epoch": "6/30", "eta": "1:27:20", "iter": "1001/8376", "loss": 1.469780, "lr": 0.000291, "neg_dist": 3.620960, "pos_dist": 4.402397, "time_diff": 24.280000, "triplet": 1.081437}
[08/12 14:51:57][INFO] utils.logging:   91: {"_type": "train_iter", "epoch": "6/30", "eta": "1:26:59", "iter": "1201/8376", "loss": 1.603977, "lr": 0.000291, "neg_dist": 3.625115, "pos_dist": 4.532436, "time_diff": 25.880000, "triplet": 1.207321}
[08/12 14:52:02][INFO] utils.logging:   91: {"_type": "train_iter", "epoch": "6/30", "eta": "1:26:54", "iter": "1401/8376", "loss": 0.948775, "lr": 0.000291, "neg_dist": 3.308712, "pos_dist": 3.590895, "time_diff": 31.000000, "triplet": 0.627537}
[08/12 14:52:09][INFO] utils.logging:   91: {"_type": "train_iter", "epoch": "6/30", "eta": "1:27:00", "iter": "1601/8376", "loss": 1.505693, "lr": 0.000291, "neg_dist": 3.790584, "pos_dist": 4.550040, "time_diff": 38.330000, "triplet": 1.101878}
[08/12 14:52:16][INFO] utils.logging:   91: {"_type": "train_iter", "epoch": "6/30", "eta": "1:27:02", "iter": "1801/8376", "loss": 1.028350, "lr": 0.000291, "neg_dist": 3.334014, "pos_dist": 3.500554, "time_diff": 44.830000, "triplet": 0.703750}
[08/12 14:52:18][INFO] utils.logging:   91: {"_type": "train_iter", "epoch": "6/30", "eta": "1:26:44", "iter": "2001/8376", "loss": 1.859501, "lr": 0.000291, "neg_dist": 4.612377, "pos_dist": 5.753430, "time_diff": 47.010000, "triplet": 1.441053}
[08/12 14:52:21][INFO] utils.logging:   91: {"_type": "train_iter", "epoch": "6/30", "eta": "1:26:32", "iter": "2201/8376", "loss": 1.114746, "lr": 0.000291, "neg_dist": 2.819985, "pos_dist": 3.289617, "time_diff": 50.530000, "triplet": 0.769632}
[08/12 14:52:29][INFO] utils.logging:   91: {"_type": "train_iter", "epoch": "6/30", "eta": "1:26:38", "iter": "2401/8376", "loss": 1.121806, "lr": 0.000291, "neg_dist": 3.452401, "pos_dist": 3.862794, "time_diff": 58.070000, "triplet": 0.808816}
[08/12 14:52:37][INFO] utils.logging:   91: {"_type": "train_iter", "epoch": "6/30", "eta": "1:26:46", "iter": "2601/8376", "loss": 1.531121, "lr": 0.000291, "neg_dist": 3.124489, "pos_dist": 3.965510, "time_diff": 65.750000, "triplet": 1.141021}
[08/12 14:52:39][INFO] utils.logging:   91: {"_type": "train_iter", "epoch": "6/30", "eta": "1:26:28", "iter": "2801/8376", "loss": 1.341198, "lr": 0.000291, "neg_dist": 3.451658, "pos_dist": 4.089765, "time_diff": 68.030000, "triplet": 0.951804}
[08/12 14:52:42][INFO] utils.logging:   91: {"_type": "train_iter", "epoch": "6/30", "eta": "1:26:13", "iter": "3001/8376", "loss": 1.112285, "lr": 0.000291, "neg_dist": 3.985396, "pos_dist": 4.260957, "time_diff": 70.820000, "triplet": 0.687463}
[08/12 14:52:49][INFO] utils.logging:   91: {"_type": "train_iter", "epoch": "6/30", "eta": "1:26:17", "iter": "3201/8376", "loss": 1.245924, "lr": 0.000291, "neg_dist": 3.916448, "pos_dist": 4.385449, "time_diff": 77.920000, "triplet": 0.837722}
[08/12 14:52:56][INFO] utils.logging:   91: {"_type": "train_iter", "epoch": "6/30", "eta": "1:26:24", "iter": "3401/8376", "loss": 1.695259, "lr": 0.000291, "neg_dist": 3.254879, "pos_dist": 4.334984, "time_diff": 85.540000, "triplet": 1.380105}
[08/12 14:53:00][INFO] utils.logging:   91: {"_type": "train_iter", "epoch": "6/30", "eta": "1:26:13", "iter": "3601/8376", "loss": 0.890532, "lr": 0.000291, "neg_dist": 3.260454, "pos_dist": 3.473341, "time_diff": 89.190000, "triplet": 0.546714}
[08/12 14:53:02][INFO] utils.logging:   91: {"_type": "train_iter", "epoch": "6/30", "eta": "1:25:52", "iter": "3801/8376", "loss": 1.273746, "lr": 0.000291, "neg_dist": 3.463042, "pos_dist": 4.094903, "time_diff": 90.760000, "triplet": 0.951430}
[08/12 14:53:08][INFO] utils.logging:   91: {"_type": "train_iter", "epoch": "6/30", "eta": "1:25:54", "iter": "4001/8376", "loss": 1.415990, "lr": 0.000291, "neg_dist": 3.103413, "pos_dist": 3.740154, "time_diff": 97.260000, "triplet": 1.052698}
[08/12 14:53:16][INFO] utils.logging:   91: {"_type": "train_iter", "epoch": "6/30", "eta": "1:26:00", "iter": "4201/8376", "loss": 1.085534, "lr": 0.000291, "neg_dist": 3.452989, "pos_dist": 3.679043, "time_diff": 104.690000, "triplet": 0.800879}
[08/12 14:53:21][INFO] utils.logging:   91: {"_type": "train_iter", "epoch": "6/30", "eta": "1:25:57", "iter": "4401/8376", "loss": 1.557037, "lr": 0.000291, "neg_dist": 3.050262, "pos_dist": 3.907906, "time_diff": 110.210000, "triplet": 1.160100}
[08/12 14:53:23][INFO] utils.logging:   91: {"_type": "train_iter", "epoch": "6/30", "eta": "1:25:36", "iter": "4601/8376", "loss": 0.832510, "lr": 0.000291, "neg_dist": 4.327909, "pos_dist": 4.342189, "time_diff": 111.810000, "triplet": 0.470703}
[08/12 14:53:28][INFO] utils.logging:   91: {"_type": "train_iter", "epoch": "6/30", "eta": "1:25:31", "iter": "4801/8376", "loss": 1.795429, "lr": 0.000291, "neg_dist": 3.793371, "pos_dist": 4.960921, "time_diff": 116.600000, "triplet": 1.467549}
[08/12 14:53:35][INFO] utils.logging:   91: {"_type": "train_iter", "epoch": "6/30", "eta": "1:25:36", "iter": "5001/8376", "loss": 1.484525, "lr": 0.000291, "neg_dist": 3.872161, "pos_dist": 4.731129, "time_diff": 124.030000, "triplet": 1.161421}
[08/12 14:53:42][INFO] utils.logging:   91: {"_type": "train_iter", "epoch": "6/30", "eta": "1:25:38", "iter": "5201/8376", "loss": 0.931564, "lr": 0.000291, "neg_dist": 3.823129, "pos_dist": 4.125102, "time_diff": 130.690000, "triplet": 0.601973}
[08/12 14:53:44][INFO] utils.logging:   91: {"_type": "train_iter", "epoch": "6/30", "eta": "1:25:21", "iter": "5401/8376", "loss": 1.231458, "lr": 0.000291, "neg_dist": 3.220004, "pos_dist": 3.732033, "time_diff": 132.960000, "triplet": 0.854286}
[08/12 14:53:48][INFO] utils.logging:   91: {"_type": "train_iter", "epoch": "6/30", "eta": "1:25:13", "iter": "5601/8376", "loss": 0.819372, "lr": 0.000291, "neg_dist": 5.081211, "pos_dist": 5.055400, "time_diff": 137.210000, "triplet": 0.507148}
[08/12 14:53:56][INFO] utils.logging:   91: {"_type": "train_iter", "epoch": "6/30", "eta": "1:25:20", "iter": "5801/8376", "loss": 1.209071, "lr": 0.000291, "neg_dist": 2.969991, "pos_dist": 3.517270, "time_diff": 144.980000, "triplet": 0.847279}
[08/12 14:54:03][INFO] utils.logging:   91: {"_type": "train_iter", "epoch": "6/30", "eta": "1:25:23", "iter": "6001/8376", "loss": 1.718988, "lr": 0.000291, "neg_dist": 2.633331, "pos_dist": 3.666740, "time_diff": 151.950000, "triplet": 1.333410}
[08/12 14:54:05][INFO] utils.logging:   91: {"_type": "train_iter", "epoch": "6/30", "eta": "1:25:06", "iter": "6201/8376", "loss": 1.800975, "lr": 0.000291, "neg_dist": 3.595657, "pos_dist": 4.733405, "time_diff": 154.190000, "triplet": 1.437748}
[08/12 14:54:08][INFO] utils.logging:   91: {"_type": "train_iter", "epoch": "6/30", "eta": "1:24:52", "iter": "6401/8376", "loss": 1.050864, "lr": 0.000291, "neg_dist": 3.461567, "pos_dist": 3.899400, "time_diff": 157.190000, "triplet": 0.737833}
[08/12 14:54:16][INFO] utils.logging:   91: {"_type": "train_iter", "epoch": "6/30", "eta": "1:24:57", "iter": "6601/8376", "loss": 1.339890, "lr": 0.000291, "neg_dist": 4.863776, "pos_dist": 5.369289, "time_diff": 164.550000, "triplet": 0.948578}
[08/12 14:54:23][INFO] utils.logging:   91: {"_type": "train_iter", "epoch": "6/30", "eta": "1:25:02", "iter": "6801/8376", "loss": 1.238131, "lr": 0.000291, "neg_dist": 3.789068, "pos_dist": 4.335071, "time_diff": 171.920000, "triplet": 0.944307}
[08/12 14:54:26][INFO] utils.logging:   91: {"_type": "train_iter", "epoch": "6/30", "eta": "1:24:50", "iter": "7001/8376", "loss": 1.843320, "lr": 0.000291, "neg_dist": 4.302887, "pos_dist": 5.390878, "time_diff": 175.310000, "triplet": 1.418475}
[08/12 14:54:28][INFO] utils.logging:   91: {"_type": "train_iter", "epoch": "6/30", "eta": "1:24:32", "iter": "7201/8376", "loss": 0.579968, "lr": 0.000291, "neg_dist": 3.110271, "pos_dist": 3.075788, "time_diff": 177.300000, "triplet": 0.322918}
[08/12 14:54:35][INFO] utils.logging:   91: {"_type": "train_iter", "epoch": "6/30", "eta": "1:24:35", "iter": "7401/8376", "loss": 1.570366, "lr": 0.000291, "neg_dist": 4.452827, "pos_dist": 5.265440, "time_diff": 184.110000, "triplet": 1.188776}
[08/12 14:54:43][INFO] utils.logging:   91: {"_type": "train_iter", "epoch": "6/30", "eta": "1:24:40", "iter": "7601/8376", "loss": 1.054770, "lr": 0.000291, "neg_dist": 3.583373, "pos_dist": 3.993280, "time_diff": 191.570000, "triplet": 0.745828}
[08/12 14:54:48][INFO] utils.logging:   91: {"_type": "train_iter", "epoch": "6/30", "eta": "1:24:35", "iter": "7801/8376", "loss": 1.276503, "lr": 0.000291, "neg_dist": 2.813852, "pos_dist": 3.463044, "time_diff": 196.700000, "triplet": 0.949191}
[08/12 14:54:49][INFO] utils.logging:   91: {"_type": "train_iter", "epoch": "6/30", "eta": "1:24:16", "iter": "8001/8376", "loss": 1.950538, "lr": 0.000291, "neg_dist": 3.951873, "pos_dist": 5.236583, "time_diff": 198.310000, "triplet": 1.584710}
[08/12 14:54:55][INFO] utils.logging:   91: {"_type": "train_iter", "epoch": "6/30", "eta": "1:24:14", "iter": "8201/8376", "loss": 1.388891, "lr": 0.000291, "neg_dist": 3.410378, "pos_dist": 4.092153, "time_diff": 204.090000, "triplet": 1.017159}
[08/12 14:55:01][INFO] __main__:  184: Checkpoint: output/frame_selector/ssv2_ViT-B16_Diverse_BiMHM/frame_selector_epoch0005.pth
[08/12 14:55:01][INFO] utils.logging:   91: {"RAM": "18.93/125.63 GB", "_type": "train_epoch", "epoch": "6/30", "eta": "1:24:18", "gpu_mem": "0.39 GB", "loss": 1.274062, "lr": 0.000291, "neg_dist": 3.569458, "pos_dist": 4.118685, "time_diff": 210.500000, "triplet": 0.923489}
[08/12 14:55:05][INFO] utils.logging:   91: {"_type": "val_epoch", "epoch": "6/30", "loss": 1.344450}
[08/12 14:55:06][INFO] utils.logging:   91: {"_type": "train_iter", "epoch": "7/30", "eta": "1:24:34", "iter": "1/8376", "loss": 1.046923, "lr": 0.000284, "neg_dist": 2.665269, "pos_dist": 3.094383, "time_diff": 0.120000, "triplet": 0.742627}
[08/12 14:55:10][INFO] utils.logging:   91: {"_type": "train_iter", "epoch": "7/30", "eta": "1:24:25", "iter": "201/8376", "loss": 1.421514, "lr": 0.000284, "neg_dist": 3.500803, "pos_dist": 4.174947, "time_diff": 4.200000, "triplet": 1.034034}
[08/12 14:55:11][INFO] utils.logging:   91: {"_type": "train_iter", "epoch": "7/30", "eta": "1:24:06", "iter": "401/8376", "loss": 1.470278, "lr": 0.000284, "neg_dist": 3.957104, "pos_dist": 4.623718, "time_diff": 5.800000, "triplet": 1.131025}
[08/12 14:55:18][INFO] utils.logging:   91: {"_type": "train_iter", "epoch": "7/30", "eta": "1:24:06", "iter": "601/8376", "loss": 1.075714, "lr": 0.000284, "neg_dist": 3.744974, "pos_dist": 3.873538, "time_diff": 12.080000, "triplet": 0.707353}
[08/12 14:55:25][INFO] utils.logging:   91: {"_type": "train_iter", "epoch": "7/30", "eta": "1:24:12", "iter": "801/8376", "loss": 1.257354, "lr": 0.000284, "neg_dist": 2.926604, "pos_dist": 3.480675, "time_diff": 19.940000, "triplet": 0.886665}
[08/12 14:55:31][INFO] utils.logging:   91: {"_type": "train_iter", "epoch": "7/30", "eta": "1:24:09", "iter": "1001/8376", "loss": 1.309874, "lr": 0.000284, "neg_dist": 3.426897, "pos_dist": 4.061991, "time_diff": 25.450000, "triplet": 0.963715}
[08/12 14:55:32][INFO] utils.logging:   91: {"_type": "train_iter", "epoch": "7/30", "eta": "1:23:51", "iter": "1201/8376", "loss": 1.513639, "lr": 0.000284, "neg_dist": 2.908937, "pos_dist": 3.677508, "time_diff": 27.060000, "triplet": 1.094501}
[08/12 14:55:38][INFO] utils.logging:   91: {"_type": "train_iter", "epoch": "7/30", "eta": "1:23:47", "iter": "1401/8376", "loss": 1.062839, "lr": 0.000284, "neg_dist": 4.482565, "pos_dist": 4.752788, "time_diff": 32.320000, "triplet": 0.657734}
[08/12 14:55:45][INFO] utils.logging:   91: {"_type": "train_iter", "epoch": "7/30", "eta": "1:23:51", "iter": "1601/8376", "loss": 1.375498, "lr": 0.000284, "neg_dist": 4.136380, "pos_dist": 4.823268, "time_diff": 39.760000, "triplet": 0.988917}
[08/12 14:55:52][INFO] utils.logging:   91: {"_type": "train_iter", "epoch": "7/30", "eta": "1:23:51", "iter": "1801/8376", "loss": 2.069640, "lr": 0.000284, "neg_dist": 3.597635, "pos_dist": 4.941764, "time_diff": 46.160000, "triplet": 1.644129}
[08/12 14:55:54][INFO] utils.logging:   91: {"_type": "train_iter", "epoch": "7/30", "eta": "1:23:34", "iter": "2001/8376", "loss": 1.164069, "lr": 0.000284, "neg_dist": 3.804548, "pos_dist": 4.347842, "time_diff": 48.160000, "triplet": 0.843294}
[08/12 14:55:58][INFO] utils.logging:   91: {"_type": "train_iter", "epoch": "7/30", "eta": "1:23:25", "iter": "2201/8376", "loss": 0.850082, "lr": 0.000284, "neg_dist": 3.339806, "pos_dist": 3.542803, "time_diff": 52.180000, "triplet": 0.558722}
[08/12 14:56:05][INFO] utils.logging:   91: {"_type": "train_iter", "epoch": "7/30", "eta": "1:23:28", "iter": "2401/8376", "loss": 1.276975, "lr": 0.000284, "neg_dist": 3.221948, "pos_dist": 3.861087, "time_diff": 59.370000, "triplet": 0.939140}
[08/12 14:56:12][INFO] utils.logging:   91: {"_type": "train_iter", "epoch": "7/30", "eta": "1:23:33", "iter": "2601/8376", "loss": 1.785182, "lr": 0.000284, "neg_dist": 3.433491, "pos_dist": 4.573401, "time_diff": 66.930000, "triplet": 1.439911}
[08/12 14:56:15][INFO] utils.logging:   91: {"_type": "train_iter", "epoch": "7/30", "eta": "1:23:18", "iter": "2801/8376", "loss": 1.566129, "lr": 0.000284, "neg_dist": 3.721172, "pos_dist": 4.578791, "time_diff": 69.320000, "triplet": 1.190992}
[08/12 14:56:17][INFO] utils.logging:   91: {"_type": "train_iter", "epoch": "7/30", "eta": "1:23:02", "iter": "3001/8376", "loss": 0.977409, "lr": 0.000284, "neg_dist": 3.626358, "pos_dist": 3.992493, "time_diff": 71.540000, "triplet": 0.719716}
[08/12 14:56:25][INFO] utils.logging:   91: {"_type": "train_iter", "epoch": "7/30", "eta": "1:23:07", "iter": "3201/8376", "loss": 0.906334, "lr": 0.000284, "neg_dist": 3.651822, "pos_dist": 3.763092, "time_diff": 79.100000, "triplet": 0.591841}
[08/12 14:56:32][INFO] utils.logging:   91: {"_type": "train_iter", "epoch": "7/30", "eta": "1:23:11", "iter": "3401/8376", "loss": 1.174690, "lr": 0.000284, "neg_dist": 3.735194, "pos_dist": 4.233119, "time_diff": 86.690000, "triplet": 0.862044}
[08/12 14:56:36][INFO] utils.logging:   91: {"_type": "train_iter", "epoch": "7/30", "eta": "1:23:02", "iter": "3601/8376", "loss": 1.870551, "lr": 0.000284, "neg_dist": 3.773044, "pos_dist": 4.822534, "time_diff": 90.540000, "triplet": 1.392642}
[08/12 14:56:38][INFO] utils.logging:   91: {"_type": "train_iter", "epoch": "7/30", "eta": "1:22:44", "iter": "3801/8376", "loss": 1.497002, "lr": 0.000284, "neg_dist": 3.521695, "pos_dist": 4.339714, "time_diff": 92.110000, "triplet": 1.118019}
[08/12 14:56:44][INFO] utils.logging:   91: {"_type": "train_iter", "epoch": "7/30", "eta": "1:22:43", "iter": "4001/8376", "loss": 1.888784, "lr": 0.000284, "neg_dist": 3.701151, "pos_dist": 4.981226, "time_diff": 98.230000, "triplet": 1.580075}
[08/12 14:56:51][INFO] utils.logging:   91: {"_type": "train_iter", "epoch": "7/30", "eta": "1:22:46", "iter": "4201/8376", "loss": 1.740730, "lr": 0.000284, "neg_dist": 3.762007, "pos_dist": 4.823610, "time_diff": 105.500000, "triplet": 1.361604}
[08/12 14:56:57][INFO] utils.logging:   91: {"_type": "train_iter", "epoch": "7/30", "eta": "1:22:45", "iter": "4401/8376", "loss": 1.044110, "lr": 0.000284, "neg_dist": 3.555285, "pos_dist": 3.932428, "time_diff": 111.690000, "triplet": 0.708516}
[08/12 14:56:59][INFO] utils.logging:   91: {"_type": "train_iter", "epoch": "7/30", "eta": "1:22:28", "iter": "4601/8376", "loss": 1.267302, "lr": 0.000284, "neg_dist": 3.461601, "pos_dist": 3.980685, "time_diff": 113.400000, "triplet": 0.946734}
[08/12 14:57:03][INFO] utils.logging:   91: {"_type": "train_iter", "epoch": "7/30", "eta": "1:22:21", "iter": "4801/8376", "loss": 0.868492, "lr": 0.000284, "neg_dist": 3.176411, "pos_dist": 3.282948, "time_diff": 118.020000, "triplet": 0.406536}
[08/12 14:57:10][INFO] utils.logging:   91: {"_type": "train_iter", "epoch": "7/30", "eta": "1:22:23", "iter": "5001/8376", "loss": 1.393700, "lr": 0.000284, "neg_dist": 3.499194, "pos_dist": 4.185123, "time_diff": 124.930000, "triplet": 0.985930}
[08/12 14:57:18][INFO] utils.logging:   91: {"_type": "train_iter", "epoch": "7/30", "eta": "1:22:26", "iter": "5201/8376", "loss": 0.771024, "lr": 0.000284, "neg_dist": 3.341937, "pos_dist": 3.248916, "time_diff": 132.300000, "triplet": 0.414711}
[08/12 14:57:20][INFO] utils.logging:   91: {"_type": "train_iter", "epoch": "7/30", "eta": "1:22:11", "iter": "5401/8376", "loss": 0.775277, "lr": 0.000284, "neg_dist": 4.280495, "pos_dist": 3.702140, "time_diff": 134.580000, "triplet": 0.449045}
[08/12 14:57:23][INFO] utils.logging:   91: {"_type": "train_iter", "epoch": "7/30", "eta": "1:22:00", "iter": "5601/8376", "loss": 0.930515, "lr": 0.000284, "neg_dist": 3.834391, "pos_dist": 4.194619, "time_diff": 137.930000, "triplet": 0.660228}
[08/12 14:57:31][INFO] utils.logging:   91: {"_type": "train_iter", "epoch": "7/30", "eta": "1:22:04", "iter": "5801/8376", "loss": 1.787332, "lr": 0.000284, "neg_dist": 3.482697, "pos_dist": 4.608406, "time_diff": 145.380000, "triplet": 1.427752}
[08/12 14:57:38][INFO] utils.logging:   91: {"_type": "train_iter", "epoch": "7/30", "eta": "1:22:07", "iter": "6001/8376", "loss": 1.479708, "lr": 0.000284, "neg_dist": 3.216886, "pos_dist": 4.073043, "time_diff": 152.810000, "triplet": 1.156157}
[08/12 14:57:41][INFO] utils.logging:   91: {"_type": "train_iter", "epoch": "7/30", "eta": "1:21:55", "iter": "6201/8376", "loss": 1.602876, "lr": 0.000284, "neg_dist": 4.198148, "pos_dist": 5.109943, "time_diff": 155.770000, "triplet": 1.340155}
[08/12 14:57:43][INFO] utils.logging:   91: {"_type": "train_iter", "epoch": "7/30", "eta": "1:21:40", "iter": "6401/8376", "loss": 0.971521, "lr": 0.000284, "neg_dist": 4.380282, "pos_dist": 4.297945, "time_diff": 158.010000, "triplet": 0.599029}
[08/12 14:57:50][INFO] utils.logging:   91: {"_type": "train_iter", "epoch": "7/30", "eta": "1:21:41", "iter": "6601/8376", "loss": 1.180670, "lr": 0.000284, "neg_dist": 4.539598, "pos_dist": 4.984376, "time_diff": 164.940000, "triplet": 0.859418}
[08/12 14:57:58][INFO] utils.logging:   91: {"_type": "train_iter", "epoch": "7/30", "eta": "1:21:45", "iter": "6801/8376", "loss": 0.949388, "lr": 0.000284, "neg_dist": 3.125002, "pos_dist": 3.292302, "time_diff": 172.580000, "triplet": 0.602278}
[08/12 14:58:02][INFO] utils.logging:   91: {"_type": "train_iter", "epoch": "7/30", "eta": "1:21:37", "iter": "7001/8376", "loss": 1.688203, "lr": 0.000284, "neg_dist": 3.138828, "pos_dist": 4.147361, "time_diff": 176.850000, "triplet": 1.308533}
[08/12 14:58:04][INFO] utils.logging:   91: {"_type": "train_iter", "epoch": "7/30", "eta": "1:21:21", "iter": "7201/8376", "loss": 1.515603, "lr": 0.000284, "neg_dist": 4.572245, "pos_dist": 5.319738, "time_diff": 178.450000, "triplet": 1.120982}
[08/12 14:58:10][INFO] utils.logging:   91: {"_type": "train_iter", "epoch": "7/30", "eta": "1:21:19", "iter": "7401/8376", "loss": 1.165136, "lr": 0.000284, "neg_dist": 3.707870, "pos_dist": 4.176886, "time_diff": 184.590000, "triplet": 0.815796}
[08/12 14:58:17][INFO] utils.logging:   91: {"_type": "train_iter", "epoch": "7/30", "eta": "1:21:21", "iter": "7601/8376", "loss": 1.149359, "lr": 0.000284, "neg_dist": 2.749753, "pos_dist": 3.226728, "time_diff": 191.750000, "triplet": 0.776974}
[08/12 14:58:23][INFO] utils.logging:   91: {"_type": "train_iter", "epoch": "7/30", "eta": "1:21:20", "iter": "7801/8376", "loss": 1.314128, "lr": 0.000284, "neg_dist": 3.588050, "pos_dist": 4.292811, "time_diff": 197.970000, "triplet": 1.004761}
[08/12 14:58:25][INFO] utils.logging:   91: {"_type": "train_iter", "epoch": "7/30", "eta": "1:21:04", "iter": "8001/8376", "loss": 1.362063, "lr": 0.000284, "neg_dist": 3.342270, "pos_dist": 3.971924, "time_diff": 199.660000, "triplet": 1.012226}
[08/12 14:58:30][INFO] utils.logging:   91: {"_type": "train_iter", "epoch": "7/30", "eta": "1:20:58", "iter": "8201/8376", "loss": 0.921924, "lr": 0.000284, "neg_dist": 3.311637, "pos_dist": 3.595833, "time_diff": 204.450000, "triplet": 0.605189}
[08/12 14:58:36][INFO] utils.logging:   91: {"RAM": "19.31/125.63 GB", "_type": "train_epoch", "epoch": "7/30", "eta": "1:21:01", "gpu_mem": "0.39 GB", "loss": 1.273924, "lr": 0.000284, "neg_dist": 3.560360, "pos_dist": 4.109331, "time_diff": 210.960000, "triplet": 0.923801}
[08/12 14:58:41][INFO] utils.logging:   91: {"_type": "val_epoch", "epoch": "7/30", "loss": 1.270489}
[08/12 14:58:41][INFO] __main__:  187: Best checkpoint: output/frame_selector/ssv2_ViT-B16_Diverse_BiMHM/frame_selector_best.pth (loss=1.270489)
[08/12 14:58:41][INFO] __main__:  489: New best val loss: 1.270489 at epoch 6
[08/12 14:58:41][INFO] utils.logging:   91: {"_type": "train_iter", "epoch": "8/30", "eta": "1:21:15", "iter": "1/8376", "loss": 1.180980, "lr": 0.000275, "neg_dist": 3.254442, "pos_dist": 3.719949, "time_diff": 0.130000, "triplet": 0.765506}
[08/12 14:58:45][INFO] utils.logging:   91: {"_type": "train_iter", "epoch": "8/30", "eta": "1:21:08", "iter": "201/8376", "loss": 1.733123, "lr": 0.000275, "neg_dist": 3.626096, "pos_dist": 4.748001, "time_diff": 4.730000, "triplet": 1.421905}
[08/12 14:58:47][INFO] utils.logging:   91: {"_type": "train_iter", "epoch": "8/30", "eta": "1:20:52", "iter": "401/8376", "loss": 1.493421, "lr": 0.000275, "neg_dist": 3.438930, "pos_dist": 4.236425, "time_diff": 6.330000, "triplet": 1.097495}
[08/12 14:58:53][INFO] utils.logging:   91: {"_type": "train_iter", "epoch": "8/30", "eta": "1:20:50", "iter": "601/8376", "loss": 1.289876, "lr": 0.000275, "neg_dist": 3.343750, "pos_dist": 3.812960, "time_diff": 12.400000, "triplet": 0.956140}
[08/12 14:59:00][INFO] utils.logging:   91: {"_type": "train_iter", "epoch": "8/30", "eta": "1:20:52", "iter": "801/8376", "loss": 1.231161, "lr": 0.000275, "neg_dist": 3.776221, "pos_dist": 4.072877, "time_diff": 19.550000, "triplet": 0.834111}
[08/12 14:59:06][INFO] utils.logging:   91: {"_type": "train_iter", "epoch": "8/30", "eta": "1:20:50", "iter": "1001/8376", "loss": 1.286144, "lr": 0.000275, "neg_dist": 3.531191, "pos_dist": 4.177611, "time_diff": 25.530000, "triplet": 0.961701}
[08/12 14:59:08][INFO] utils.logging:   91: {"_type": "train_iter", "epoch": "8/30", "eta": "1:20:35", "iter": "1201/8376", "loss": 0.942800, "lr": 0.000275, "neg_dist": 3.367527, "pos_dist": 3.543954, "time_diff": 27.590000, "triplet": 0.612019}
[08/12 14:59:12][INFO] utils.logging:   91: {"_type": "train_iter", "epoch": "8/30", "eta": "1:20:26", "iter": "1401/8376", "loss": 1.255212, "lr": 0.000275, "neg_dist": 3.451109, "pos_dist": 3.949591, "time_diff": 31.420000, "triplet": 0.856792}
[08/12 14:59:20][INFO] utils.logging:   91: {"_type": "train_iter", "epoch": "8/30", "eta": "1:20:29", "iter": "1601/8376", "loss": 1.150030, "lr": 0.000275, "neg_dist": 3.685954, "pos_dist": 4.217402, "time_diff": 38.940000, "triplet": 0.893346}
[08/12 14:59:27][INFO] utils.logging:   91: {"_type": "train_iter", "epoch": "8/30", "eta": "1:20:32", "iter": "1801/8376", "loss": 1.451581, "lr": 0.000275, "neg_dist": 3.545670, "pos_dist": 4.353687, "time_diff": 46.450000, "triplet": 1.119598}
[08/12 14:59:29][INFO] utils.logging:   91: {"_type": "train_iter", "epoch": "8/30", "eta": "1:20:18", "iter": "2001/8376", "loss": 1.536871, "lr": 0.000275, "neg_dist": 3.336037, "pos_dist": 4.104170, "time_diff": 48.740000, "triplet": 1.240642}
[08/12 14:59:32][INFO] utils.logging:   91: {"_type": "train_iter", "epoch": "8/30", "eta": "1:20:05", "iter": "2201/8376", "loss": 1.343599, "lr": 0.000275, "neg_dist": 3.671008, "pos_dist": 4.297655, "time_diff": 51.410000, "triplet": 0.998681}
[08/12 14:59:39][INFO] utils.logging:   91: {"_type": "train_iter", "epoch": "8/30", "eta": "1:20:07", "iter": "2401/8376", "loss": 1.358268, "lr": 0.000275, "neg_dist": 3.029722, "pos_dist": 3.724602, "time_diff": 58.760000, "triplet": 1.038439}
[08/12 14:59:46][INFO] utils.logging:   91: {"_type": "train_iter", "epoch": "8/30", "eta": "1:20:09", "iter": "2601/8376", "loss": 1.434712, "lr": 0.000275, "neg_dist": 3.586190, "pos_dist": 4.311649, "time_diff": 65.840000, "triplet": 1.025459}
[08/12 14:59:50][INFO] utils.logging:   91: {"_type": "train_iter", "epoch": "8/30", "eta": "1:20:01", "iter": "2801/8376", "loss": 1.015746, "lr": 0.000275, "neg_dist": 3.446586, "pos_dist": 3.821079, "time_diff": 69.910000, "triplet": 0.700491}
[08/12 14:59:52][INFO] utils.logging:   91: {"_type": "train_iter", "epoch": "8/30", "eta": "1:19:45", "iter": "3001/8376", "loss": 1.436549, "lr": 0.000275, "neg_dist": 3.361414, "pos_dist": 4.060815, "time_diff": 71.500000, "triplet": 1.046612}
[08/12 14:59:59][INFO] utils.logging:   91: {"_type": "train_iter", "epoch": "8/30", "eta": "1:19:44", "iter": "3201/8376", "loss": 1.368935, "lr": 0.000275, "neg_dist": 3.530528, "pos_dist": 4.138775, "time_diff": 77.970000, "triplet": 1.010097}
[08/12 15:00:06][INFO] utils.logging:   91: {"_type": "train_iter", "epoch": "8/30", "eta": "1:19:47", "iter": "3401/8376", "loss": 1.131828, "lr": 0.000275, "neg_dist": 3.754593, "pos_dist": 4.046304, "time_diff": 85.430000, "triplet": 0.720740}
[08/12 15:00:11][INFO] utils.logging:   91: {"_type": "train_iter", "epoch": "8/30", "eta": "1:19:43", "iter": "3601/8376", "loss": 1.968329, "lr": 0.000275, "neg_dist": 4.061992, "pos_dist": 5.415737, "time_diff": 90.930000, "triplet": 1.653745}
[08/12 15:00:13][INFO] utils.logging:   91: {"_type": "train_iter", "epoch": "8/30", "eta": "1:19:27", "iter": "3801/8376", "loss": 1.587639, "lr": 0.000275, "neg_dist": 2.611042, "pos_dist": 3.544721, "time_diff": 92.540000, "triplet": 1.233679}
[08/12 15:00:19][INFO] utils.logging:   91: {"_type": "train_iter", "epoch": "8/30", "eta": "1:19:23", "iter": "4001/8376", "loss": 1.066938, "lr": 0.000275, "neg_dist": 3.419192, "pos_dist": 3.746744, "time_diff": 97.940000, "triplet": 0.723644}
[08/12 15:00:26][INFO] utils.logging:   91: {"_type": "train_iter", "epoch": "8/30", "eta": "1:19:26", "iter": "4201/8376", "loss": 2.287820, "lr": 0.000275, "neg_dist": 2.930262, "pos_dist": 4.311597, "time_diff": 105.430000, "triplet": 1.929460}
[08/12 15:00:32][INFO] utils.logging:   91: {"_type": "train_iter", "epoch": "8/30", "eta": "1:19:24", "iter": "4401/8376", "loss": 1.471701, "lr": 0.000275, "neg_dist": 3.356023, "pos_dist": 4.092410, "time_diff": 111.680000, "triplet": 1.153447}
[08/12 15:00:34][INFO] utils.logging:   91: {"_type": "train_iter", "epoch": "8/30", "eta": "1:19:10", "iter": "4601/8376", "loss": 1.254327, "lr": 0.000275, "neg_dist": 3.535045, "pos_dist": 4.114651, "time_diff": 113.650000, "triplet": 0.879606}
[08/12 15:00:39][INFO] utils.logging:   91: {"_type": "train_iter", "epoch": "8/30", "eta": "1:19:02", "iter": "4801/8376", "loss": 1.152839, "lr": 0.000275, "neg_dist": 3.421222, "pos_dist": 4.012237, "time_diff": 117.940000, "triplet": 0.891014}
[08/12 15:00:46][INFO] utils.logging:   91: {"_type": "train_iter", "epoch": "8/30", "eta": "1:19:04", "iter": "5001/8376", "loss": 0.918434, "lr": 0.000275, "neg_dist": 3.176053, "pos_dist": 3.340199, "time_diff": 125.300000, "triplet": 0.568712}
[08/12 15:00:53][INFO] utils.logging:   91: {"_type": "train_iter", "epoch": "8/30", "eta": "1:19:05", "iter": "5201/8376", "loss": 0.616814, "lr": 0.000275, "neg_dist": 3.807666, "pos_dist": 3.715455, "time_diff": 132.500000, "triplet": 0.249458}
[08/12 15:00:55][INFO] utils.logging:   91: {"_type": "train_iter", "epoch": "8/30", "eta": "1:18:52", "iter": "5401/8376", "loss": 1.512638, "lr": 0.000275, "neg_dist": 3.894597, "pos_dist": 4.797844, "time_diff": 134.740000, "triplet": 1.207724}
[08/12 15:00:58][INFO] utils.logging:   91: {"_type": "train_iter", "epoch": "8/30", "eta": "1:18:41", "iter": "5601/8376", "loss": 1.176611, "lr": 0.000275, "neg_dist": 3.051603, "pos_dist": 3.578360, "time_diff": 137.580000, "triplet": 0.838619}
[08/12 15:01:06][INFO] utils.logging:   91: {"_type": "train_iter", "epoch": "8/30", "eta": "1:18:42", "iter": "5801/8376", "loss": 2.089148, "lr": 0.000275, "neg_dist": 3.269815, "pos_dist": 4.737329, "time_diff": 144.930000, "triplet": 1.775924}
[08/12 15:01:13][INFO] utils.logging:   91: {"_type": "train_iter", "epoch": "8/30", "eta": "1:18:45", "iter": "6001/8376", "loss": 1.267998, "lr": 0.000275, "neg_dist": 3.636655, "pos_dist": 4.299760, "time_diff": 152.800000, "triplet": 0.975328}
[08/12 15:01:16][INFO] utils.logging:   91: {"_type": "train_iter", "epoch": "8/30", "eta": "1:18:35", "iter": "6201/8376", "loss": 1.185111, "lr": 0.000275, "neg_dist": 3.854757, "pos_dist": 4.311275, "time_diff": 155.890000, "triplet": 0.787259}
[08/12 15:01:18][INFO] utils.logging:   91: {"_type": "train_iter", "epoch": "8/30", "eta": "1:18:20", "iter": "6401/8376", "loss": 1.190008, "lr": 0.000275, "neg_dist": 3.813558, "pos_dist": 4.290885, "time_diff": 157.540000, "triplet": 0.777327}
[08/12 15:01:25][INFO] utils.logging:   91: {"_type": "train_iter", "epoch": "8/30", "eta": "1:18:19", "iter": "6601/8376", "loss": 0.966040, "lr": 0.000275, "neg_dist": 3.664618, "pos_dist": 3.966177, "time_diff": 164.170000, "triplet": 0.662275}
[08/12 15:01:32][INFO] utils.logging:   91: {"_type": "train_iter", "epoch": "8/30", "eta": "1:18:21", "iter": "6801/8376", "loss": 1.090190, "lr": 0.000275, "neg_dist": 3.461016, "pos_dist": 3.883692, "time_diff": 171.720000, "triplet": 0.809984}
[08/12 15:01:38][INFO] utils.logging:   91: {"_type": "train_iter", "epoch": "8/30", "eta": "1:18:17", "iter": "7001/8376", "loss": 1.834877, "lr": 0.000275, "neg_dist": 3.504210, "pos_dist": 4.714350, "time_diff": 177.000000, "triplet": 1.510140}
[08/12 15:01:39][INFO] utils.logging:   91: {"_type": "train_iter", "epoch": "8/30", "eta": "1:18:02", "iter": "7201/8376", "loss": 1.055219, "lr": 0.000275, "neg_dist": 3.741559, "pos_dist": 4.043103, "time_diff": 178.590000, "triplet": 0.650643}
[08/12 15:01:44][INFO] utils.logging:   91: {"_type": "train_iter", "epoch": "8/30", "eta": "1:17:57", "iter": "7401/8376", "loss": 1.108154, "lr": 0.000275, "neg_dist": 3.372859, "pos_dist": 3.759407, "time_diff": 183.720000, "triplet": 0.686677}
[08/12 15:01:51][INFO] utils.logging:   91: {"_type": "train_iter", "epoch": "8/30", "eta": "1:17:58", "iter": "7601/8376", "loss": 0.927119, "lr": 0.000275, "neg_dist": 3.441683, "pos_dist": 3.571444, "time_diff": 190.780000, "triplet": 0.514988}
[08/12 15:01:58][INFO] utils.logging:   91: {"_type": "train_iter", "epoch": "8/30", "eta": "1:17:57", "iter": "7801/8376", "loss": 1.166752, "lr": 0.000275, "neg_dist": 3.888924, "pos_dist": 4.381114, "time_diff": 197.400000, "triplet": 0.844940}
[08/12 15:02:00][INFO] utils.logging:   91: {"_type": "train_iter", "epoch": "8/30", "eta": "1:17:44", "iter": "8001/8376", "loss": 1.502072, "lr": 0.000275, "neg_dist": 2.917671, "pos_dist": 3.817026, "time_diff": 199.580000, "triplet": 1.199355}
[08/12 15:02:04][INFO] utils.logging:   91: {"_type": "train_iter", "epoch": "8/30", "eta": "1:17:35", "iter": "8201/8376", "loss": 1.490527, "lr": 0.000275, "neg_dist": 3.316479, "pos_dist": 3.852749, "time_diff": 203.120000, "triplet": 1.107282}
[08/12 15:02:10][INFO] utils.logging:   91: {"RAM": "19.16/125.63 GB", "_type": "train_epoch", "epoch": "8/30", "eta": "1:17:36", "gpu_mem": "0.39 GB", "loss": 1.272937, "lr": 0.000275, "neg_dist": 3.551295, "pos_dist": 4.101434, "time_diff": 209.680000, "triplet": 0.923630}
[08/12 15:02:14][INFO] utils.logging:   91: {"_type": "val_epoch", "epoch": "8/30", "loss": 1.324720}
[08/12 15:02:14][INFO] utils.logging:   91: {"_type": "train_iter", "epoch": "9/30", "eta": "1:17:48", "iter": "1/8376", "loss": 1.012860, "lr": 0.000265, "neg_dist": 3.247949, "pos_dist": 3.611804, "time_diff": 0.100000, "triplet": 0.666302}
[08/12 15:02:20][INFO] utils.logging:   91: {"_type": "train_iter", "epoch": "9/30", "eta": "1:17:45", "iter": "201/8376", "loss": 1.305005, "lr": 0.000265, "neg_dist": 3.418039, "pos_dist": 4.038249, "time_diff": 6.020000, "triplet": 0.988866}
[08/12 15:02:22][INFO] utils.logging:   91: {"_type": "train_iter", "epoch": "9/30", "eta": "1:17:30", "iter": "401/8376", "loss": 1.698459, "lr": 0.000265, "neg_dist": 3.661206, "pos_dist": 4.722300, "time_diff": 7.710000, "triplet": 1.361093}
[08/12 15:02:26][INFO] utils.logging:   91: {"_type": "train_iter", "epoch": "9/30", "eta": "1:17:23", "iter": "601/8376", "loss": 1.385290, "lr": 0.000265, "neg_dist": 3.115720, "pos_dist": 3.822195, "time_diff": 11.880000, "triplet": 1.015014}
[08/12 15:02:34][INFO] utils.logging:   91: {"_type": "train_iter", "epoch": "9/30", "eta": "1:17:24", "iter": "801/8376", "loss": 1.567137, "lr": 0.000265, "neg_dist": 3.551044, "pos_dist": 4.504057, "time_diff": 19.250000, "triplet": 1.333206}
[08/12 15:02:41][INFO] utils.logging:   91: {"_type": "train_iter", "epoch": "9/30", "eta": "1:17:25", "iter": "1001/8376", "loss": 1.171979, "lr": 0.000265, "neg_dist": 3.986103, "pos_dist": 4.570398, "time_diff": 26.470000, "triplet": 0.888313}
[08/12 15:02:43][INFO] utils.logging:   91: {"_type": "train_iter", "epoch": "9/30", "eta": "1:17:12", "iter": "1201/8376", "loss": 1.469547, "lr": 0.000265, "neg_dist": 3.903902, "pos_dist": 4.691422, "time_diff": 28.720000, "triplet": 1.087520}
[08/12 15:02:46][INFO] utils.logging:   91: {"_type": "train_iter", "epoch": "9/30", "eta": "1:17:03", "iter": "1401/8376", "loss": 1.652549, "lr": 0.000265, "neg_dist": 3.234262, "pos_dist": 4.187243, "time_diff": 32.060000, "triplet": 1.252980}
[08/12 15:02:53][INFO] utils.logging:   91: {"_type": "train_iter", "epoch": "9/30", "eta": "1:17:03", "iter": "1601/8376", "loss": 0.962603, "lr": 0.000265, "neg_dist": 3.076405, "pos_dist": 3.256465, "time_diff": 39.190000, "triplet": 0.628411}
[08/12 15:03:00][INFO] utils.logging:   91: {"_type": "train_iter", "epoch": "9/30", "eta": "1:17:03", "iter": "1801/8376", "loss": 0.910678, "lr": 0.000265, "neg_dist": 3.142583, "pos_dist": 3.402735, "time_diff": 46.060000, "triplet": 0.613325}
[08/12 15:03:04][INFO] utils.logging:   91: {"_type": "train_iter", "epoch": "9/30", "eta": "1:16:55", "iter": "2001/8376", "loss": 1.720655, "lr": 0.000265, "neg_dist": 4.319569, "pos_dist": 5.427691, "time_diff": 49.960000, "triplet": 1.408122}
[08/12 15:03:06][INFO] utils.logging:   91: {"_type": "train_iter", "epoch": "9/30", "eta": "1:16:41", "iter": "2201/8376", "loss": 1.016317, "lr": 0.000265, "neg_dist": 2.721623, "pos_dist": 3.034903, "time_diff": 51.570000, "triplet": 0.671335}
[08/12 15:03:13][INFO] utils.logging:   91: {"_type": "train_iter", "epoch": "9/30", "eta": "1:16:40", "iter": "2401/8376", "loss": 1.345063, "lr": 0.000265, "neg_dist": 3.084363, "pos_dist": 3.662018, "time_diff": 58.290000, "triplet": 0.995638}
[08/12 15:03:20][INFO] utils.logging:   91: {"_type": "train_iter", "epoch": "9/30", "eta": "1:16:41", "iter": "2601/8376", "loss": 1.241371, "lr": 0.000265, "neg_dist": 3.474528, "pos_dist": 4.011046, "time_diff": 65.570000, "triplet": 0.863723}
[08/12 15:03:25][INFO] utils.logging:   91: {"_type": "train_iter", "epoch": "9/30", "eta": "1:16:37", "iter": "2801/8376", "loss": 1.115377, "lr": 0.000265, "neg_dist": 3.448908, "pos_dist": 3.824259, "time_diff": 71.100000, "triplet": 0.756725}
[08/12 15:03:27][INFO] utils.logging:   91: {"_type": "train_iter", "epoch": "9/30", "eta": "1:16:23", "iter": "3001/8376", "loss": 1.273744, "lr": 0.000265, "neg_dist": 3.674347, "pos_dist": 4.272033, "time_diff": 72.720000, "triplet": 0.897686}
[08/12 15:03:32][INFO] utils.logging:   91: {"_type": "train_iter", "epoch": "9/30", "eta": "1:16:19", "iter": "3201/8376", "loss": 1.952382, "lr": 0.000265, "neg_dist": 3.166449, "pos_dist": 4.507375, "time_diff": 78.140000, "triplet": 1.640926}
[08/12 15:03:40][INFO] utils.logging:   91: {"_type": "train_iter", "epoch": "9/30", "eta": "1:16:19", "iter": "3401/8376", "loss": 1.843271, "lr": 0.000265, "neg_dist": 4.163851, "pos_dist": 5.380107, "time_diff": 85.360000, "triplet": 1.516423}
[08/12 15:03:46][INFO] utils.logging:   91: {"_type": "train_iter", "epoch": "9/30", "eta": "1:16:18", "iter": "3601/8376", "loss": 1.919201, "lr": 0.000265, "neg_dist": 3.388840, "pos_dist": 4.599587, "time_diff": 91.900000, "triplet": 1.520054}
[08/12 15:03:48][INFO] utils.logging:   91: {"_type": "train_iter", "epoch": "9/30", "eta": "1:16:05", "iter": "3801/8376", "loss": 1.397558, "lr": 0.000265, "neg_dist": 3.618469, "pos_dist": 3.762112, "time_diff": 93.770000, "triplet": 0.981470}
[08/12 15:03:53][INFO] utils.logging:   91: {"_type": "train_iter", "epoch": "9/30", "eta": "1:15:59", "iter": "4001/8376", "loss": 1.295308, "lr": 0.000265, "neg_dist": 3.551639, "pos_dist": 4.024529, "time_diff": 98.430000, "triplet": 0.927451}
[08/12 15:04:00][INFO] utils.logging:   91: {"_type": "train_iter", "epoch": "9/30", "eta": "1:15:59", "iter": "4201/8376", "loss": 1.183729, "lr": 0.000265, "neg_dist": 3.324255, "pos_dist": 3.728355, "time_diff": 105.560000, "triplet": 0.802791}
[08/12 15:04:07][INFO] utils.logging:   91: {"_type": "train_iter", "epoch": "9/30", "eta": "1:15:59", "iter": "4401/8376", "loss": 1.550196, "lr": 0.000265, "neg_dist": 3.741043, "pos_dist": 4.614374, "time_diff": 112.570000, "triplet": 1.206702}
[08/12 15:04:09][INFO] utils.logging:   91: {"_type": "train_iter", "epoch": "9/30", "eta": "1:15:46", "iter": "4601/8376", "loss": 0.988014, "lr": 0.000265, "neg_dist": 3.632548, "pos_dist": 3.760592, "time_diff": 114.840000, "triplet": 0.593949}
[08/12 15:04:12][INFO] utils.logging:   91: {"_type": "train_iter", "epoch": "9/30", "eta": "1:15:35", "iter": "4801/8376", "loss": 1.357935, "lr": 0.000265, "neg_dist": 3.493515, "pos_dist": 4.077940, "time_diff": 117.460000, "triplet": 0.978939}
[08/12 15:04:19][INFO] utils.logging:   91: {"_type": "train_iter", "epoch": "9/30", "eta": "1:15:36", "iter": "5001/8376", "loss": 0.894941, "lr": 0.000265, "neg_dist": 3.524168, "pos_dist": 3.819893, "time_diff": 124.920000, "triplet": 0.595725}
[08/12 15:04:27][INFO] utils.logging:   91: {"_type": "train_iter", "epoch": "9/30", "eta": "1:15:37", "iter": "5201/8376", "loss": 0.979177, "lr": 0.000265, "neg_dist": 3.436718, "pos_dist": 3.820991, "time_diff": 132.330000, "triplet": 0.684272}
[08/12 15:04:30][INFO] utils.logging:   91: {"_type": "train_iter", "epoch": "9/30", "eta": "1:15:28", "iter": "5401/8376", "loss": 1.298689, "lr": 0.000265, "neg_dist": 3.856827, "pos_dist": 4.481785, "time_diff": 135.940000, "triplet": 0.926376}
[08/12 15:04:32][INFO] utils.logging:   91: {"_type": "train_iter", "epoch": "9/30", "eta": "1:15:15", "iter": "5601/8376", "loss": 1.494288, "lr": 0.000265, "neg_dist": 3.513574, "pos_dist": 4.378531, "time_diff": 137.550000, "triplet": 1.164956}
[08/12 15:04:39][INFO] utils.logging:   91: {"_type": "train_iter", "epoch": "9/30", "eta": "1:15:15", "iter": "5801/8376", "loss": 1.743979, "lr": 0.000265, "neg_dist": 3.281006, "pos_dist": 4.251817, "time_diff": 144.570000, "triplet": 1.392905}
[08/12 15:04:46][INFO] utils.logging:   91: {"_type": "train_iter", "epoch": "9/30", "eta": "1:15:14", "iter": "6001/8376", "loss": 1.348077, "lr": 0.000265, "neg_dist": 3.932819, "pos_dist": 4.525504, "time_diff": 151.570000, "triplet": 1.007963}
[08/12 15:04:51][INFO] utils.logging:   91: {"_type": "train_iter", "epoch": "9/30", "eta": "1:15:10", "iter": "6201/8376", "loss": 1.292920, "lr": 0.000265, "neg_dist": 3.892875, "pos_dist": 4.567017, "time_diff": 157.090000, "triplet": 1.002593}
[08/12 15:04:53][INFO] utils.logging:   91: {"_type": "train_iter", "epoch": "9/30", "eta": "1:14:57", "iter": "6401/8376", "loss": 1.419430, "lr": 0.000265, "neg_dist": 3.104817, "pos_dist": 3.806981, "time_diff": 158.700000, "triplet": 1.094305}
[08/12 15:04:58][INFO] utils.logging:   91: {"_type": "train_iter", "epoch": "9/30", "eta": "1:14:53", "iter": "6601/8376", "loss": 1.321592, "lr": 0.000265, "neg_dist": 4.030232, "pos_dist": 4.649066, "time_diff": 164.210000, "triplet": 1.119770}
[08/12 15:05:06][INFO] utils.logging:   91: {"_type": "train_iter", "epoch": "9/30", "eta": "1:14:53", "iter": "6801/8376", "loss": 1.112849, "lr": 0.000265, "neg_dist": 3.627945, "pos_dist": 4.042048, "time_diff": 171.490000, "triplet": 0.742387}
[08/12 15:05:12][INFO] utils.logging:   91: {"_type": "train_iter", "epoch": "9/30", "eta": "1:14:51", "iter": "7001/8376", "loss": 1.594945, "lr": 0.000265, "neg_dist": 3.434283, "pos_dist": 4.387416, "time_diff": 177.820000, "triplet": 1.253134}
[08/12 15:05:14][INFO] utils.logging:   91: {"_type": "train_iter", "epoch": "9/30", "eta": "1:14:39", "iter": "7201/8376", "loss": 1.706415, "lr": 0.000265, "neg_dist": 3.064579, "pos_dist": 4.080007, "time_diff": 179.770000, "triplet": 1.315427}
[08/12 15:05:18][INFO] utils.logging:   91: {"_type": "train_iter", "epoch": "9/30", "eta": "1:14:31", "iter": "7401/8376", "loss": 0.972554, "lr": 0.000265, "neg_dist": 3.443697, "pos_dist": 3.599848, "time_diff": 183.610000, "triplet": 0.620116}
[08/12 15:05:25][INFO] utils.logging:   91: {"_type": "train_iter", "epoch": "9/30", "eta": "1:14:31", "iter": "7601/8376", "loss": 1.701008, "lr": 0.000265, "neg_dist": 4.004060, "pos_dist": 5.006771, "time_diff": 190.960000, "triplet": 1.387593}
[08/12 15:05:33][INFO] utils.logging:   91: {"_type": "train_iter", "epoch": "9/30", "eta": "1:14:32", "iter": "7801/8376", "loss": 1.563351, "lr": 0.000265, "neg_dist": 4.579052, "pos_dist": 5.484280, "time_diff": 198.690000, "triplet": 1.205228}
[08/12 15:05:35][INFO] utils.logging:   91: {"_type": "train_iter", "epoch": "9/30", "eta": "1:14:21", "iter": "8001/8376", "loss": 1.581096, "lr": 0.000265, "neg_dist": 4.211178, "pos_dist": 5.157466, "time_diff": 200.920000, "triplet": 1.254310}
[08/12 15:05:38][INFO] utils.logging:   91: {"_type": "train_iter", "epoch": "9/30", "eta": "1:14:10", "iter": "8201/8376", "loss": 1.622766, "lr": 0.000265, "neg_dist": 3.284227, "pos_dist": 4.262419, "time_diff": 203.830000, "triplet": 1.278191}
[08/12 15:05:44][INFO] utils.logging:   91: {"RAM": "19.12/125.63 GB", "_type": "train_epoch", "epoch": "9/30", "eta": "1:14:10", "gpu_mem": "0.39 GB", "loss": 1.278322, "lr": 0.000265, "neg_dist": 3.559051, "pos_dist": 4.115301, "time_diff": 210.120000, "triplet": 0.928826}
[08/12 15:05:49][INFO] utils.logging:   91: {"_type": "val_epoch", "epoch": "9/30", "loss": 1.297870}
[08/12 15:05:49][INFO] utils.logging:   91: {"_type": "train_iter", "epoch": "10/30", "eta": "1:14:20", "iter": "1/8376", "loss": 1.590016, "lr": 0.000253, "neg_dist": 3.069847, "pos_dist": 4.045868, "time_diff": 0.100000, "triplet": 1.276021}
[08/12 15:05:55][INFO] utils.logging:   91: {"_type": "train_iter", "epoch": "10/30", "eta": "1:14:18", "iter": "201/8376", "loss": 1.084544, "lr": 0.000253, "neg_dist": 3.359512, "pos_dist": 3.749808, "time_diff": 6.190000, "triplet": 0.690296}
[08/12 15:05:57][INFO] utils.logging:   91: {"_type": "train_iter", "epoch": "10/30", "eta": "1:14:06", "iter": "401/8376", "loss": 1.271972, "lr": 0.000253, "neg_dist": 3.656124, "pos_dist": 4.306499, "time_diff": 8.360000, "triplet": 0.950376}
[08/12 15:06:01][INFO] utils.logging:   91: {"_type": "train_iter", "epoch": "10/30", "eta": "1:13:57", "iter": "601/8376", "loss": 1.198887, "lr": 0.000253, "neg_dist": 3.891736, "pos_dist": 4.436728, "time_diff": 11.970000, "triplet": 0.844992}
[08/12 15:06:08][INFO] utils.logging:   91: {"_type": "train_iter", "epoch": "10/30", "eta": "1:13:57", "iter": "801/8376", "loss": 1.418310, "lr": 0.000253, "neg_dist": 3.030103, "pos_dist": 3.800126, "time_diff": 19.060000, "triplet": 1.155611}
[08/12 15:06:15][INFO] utils.logging:   91: {"_type": "train_iter", "epoch": "10/30", "eta": "1:13:57", "iter": "1001/8376", "loss": 1.247368, "lr": 0.000253, "neg_dist": 3.593349, "pos_dist": 4.243994, "time_diff": 26.240000, "triplet": 0.950645}
[08/12 15:06:18][INFO] utils.logging:   91: {"_type": "train_iter", "epoch": "10/30", "eta": "1:13:48", "iter": "1201/8376", "loss": 1.493407, "lr": 0.000253, "neg_dist": 4.323731, "pos_dist": 5.224795, "time_diff": 29.570000, "triplet": 1.238881}
[08/12 15:06:20][INFO] utils.logging:   91: {"_type": "train_iter", "epoch": "10/30", "eta": "1:13:35", "iter": "1401/8376", "loss": 1.383556, "lr": 0.000253, "neg_dist": 3.826089, "pos_dist": 4.619113, "time_diff": 31.260000, "triplet": 1.093024}
[08/12 15:06:27][INFO] utils.logging:   91: {"_type": "train_iter", "epoch": "10/30", "eta": "1:13:35", "iter": "1601/8376", "loss": 1.145322, "lr": 0.000253, "neg_dist": 3.153567, "pos_dist": 3.670693, "time_diff": 38.770000, "triplet": 0.817126}
[08/12 15:06:34][INFO] utils.logging:   91: {"_type": "train_iter", "epoch": "10/30", "eta": "1:13:35", "iter": "1801/8376", "loss": 1.316766, "lr": 0.000253, "neg_dist": 3.088974, "pos_dist": 3.777131, "time_diff": 45.790000, "triplet": 1.010274}
[08/12 15:06:39][INFO] utils.logging:   91: {"_type": "train_iter", "epoch": "10/30", "eta": "1:13:29", "iter": "2001/8376", "loss": 1.802649, "lr": 0.000253, "neg_dist": 3.427001, "pos_dist": 4.562057, "time_diff": 50.670000, "triplet": 1.435057}
[08/12 15:06:41][INFO] utils.logging:   91: {"_type": "train_iter", "epoch": "10/30", "eta": "1:13:16", "iter": "2201/8376", "loss": 1.020859, "lr": 0.000253, "neg_dist": 4.160782, "pos_dist": 4.521102, "time_diff": 52.280000, "triplet": 0.668371}
[08/12 15:06:47][INFO] utils.logging:   91: {"_type": "train_iter", "epoch": "10/30", "eta": "1:13:13", "iter": "2401/8376", "loss": 1.305918, "lr": 0.000253, "neg_dist": 4.303825, "pos_dist": 4.808140, "time_diff": 58.290000, "triplet": 1.007692}
[08/12 15:06:54][INFO] utils.logging:   91: {"_type": "train_iter", "epoch": "10/30", "eta": "1:13:14", "iter": "2601/8376", "loss": 1.768387, "lr": 0.000253, "neg_dist": 3.991116, "pos_dist": 4.996763, "time_diff": 65.760000, "triplet": 1.409793}
[08/12 15:07:00][INFO] utils.logging:   91: {"_type": "train_iter", "epoch": "10/30", "eta": "1:13:11", "iter": "2801/8376", "loss": 1.635239, "lr": 0.000253, "neg_dist": 4.332643, "pos_dist": 5.373879, "time_diff": 71.660000, "triplet": 1.341237}
[08/12 15:07:02][INFO] utils.logging:   91: {"_type": "train_iter", "epoch": "10/30", "eta": "1:12:58", "iter": "3001/8376", "loss": 1.059523, "lr": 0.000253, "neg_dist": 3.407768, "pos_dist": 3.725539, "time_diff": 73.370000, "triplet": 0.705759}
[08/12 15:07:06][INFO] utils.logging:   91: {"_type": "train_iter", "epoch": "10/30", "eta": "1:12:51", "iter": "3201/8376", "loss": 1.016709, "lr": 0.000253, "neg_dist": 4.482919, "pos_dist": 4.138636, "time_diff": 77.540000, "triplet": 0.595043}
[08/12 15:07:13][INFO] utils.logging:   91: {"_type": "train_iter", "epoch": "10/30", "eta": "1:12:51", "iter": "3401/8376", "loss": 1.280465, "lr": 0.000253, "neg_dist": 3.637411, "pos_dist": 4.190025, "time_diff": 84.890000, "triplet": 0.913564}
[08/12 15:07:21][INFO] utils.logging:   91: {"_type": "train_iter", "epoch": "10/30", "eta": "1:12:51", "iter": "3601/8376", "loss": 1.565894, "lr": 0.000253, "neg_dist": 3.372697, "pos_dist": 4.250413, "time_diff": 92.090000, "triplet": 1.177716}
[08/12 15:07:23][INFO] utils.logging:   91: {"_type": "train_iter", "epoch": "10/30", "eta": "1:12:39", "iter": "3801/8376", "loss": 1.764228, "lr": 0.000253, "neg_dist": 3.610621, "pos_dist": 4.679507, "time_diff": 94.380000, "triplet": 1.464496}
[08/12 15:07:27][INFO] utils.logging:   91: {"_type": "train_iter", "epoch": "10/30", "eta": "1:12:31", "iter": "4001/8376", "loss": 1.122789, "lr": 0.000253, "neg_dist": 4.787601, "pos_dist": 5.122366, "time_diff": 97.970000, "triplet": 0.666794}
[08/12 15:07:34][INFO] utils.logging:   91: {"_type": "train_iter", "epoch": "10/30", "eta": "1:12:31", "iter": "4201/8376", "loss": 0.781829, "lr": 0.000253, "neg_dist": 3.474977, "pos_dist": 3.542328, "time_diff": 105.480000, "triplet": 0.413507}
[08/12 15:07:41][INFO] utils.logging:   91: {"_type": "train_iter", "epoch": "10/30", "eta": "1:12:30", "iter": "4401/8376", "loss": 1.605467, "lr": 0.000253, "neg_dist": 3.707560, "pos_dist": 4.622599, "time_diff": 112.270000, "triplet": 1.215038}
[08/12 15:07:44][INFO] utils.logging:   91: {"_type": "train_iter", "epoch": "10/30", "eta": "1:12:21", "iter": "4601/8376", "loss": 1.528446, "lr": 0.000253, "neg_dist": 3.911700, "pos_dist": 4.755713, "time_diff": 115.460000, "triplet": 1.157775}
[08/12 15:07:46][INFO] utils.logging:   91: {"_type": "train_iter", "epoch": "10/30", "eta": "1:12:08", "iter": "4801/8376", "loss": 1.731135, "lr": 0.000253, "neg_dist": 3.038042, "pos_dist": 4.100704, "time_diff": 117.090000, "triplet": 1.362662}
[08/12 15:07:53][INFO] utils.logging:   91: {"_type": "train_iter", "epoch": "10/30", "eta": "1:12:09", "iter": "5001/8376", "loss": 1.013299, "lr": 0.000253, "neg_dist": 4.089917, "pos_dist": 4.317275, "time_diff": 124.560000, "triplet": 0.672994}
[08/12 15:08:00][INFO] utils.logging:   91: {"_type": "train_iter", "epoch": "10/30", "eta": "1:12:08", "iter": "5201/8376", "loss": 0.775428, "lr": 0.000253, "neg_dist": 4.127563, "pos_dist": 4.271370, "time_diff": 131.810000, "triplet": 0.443807}
[08/12 15:08:05][INFO] utils.logging:   91: {"_type": "train_iter", "epoch": "10/30", "eta": "1:12:03", "iter": "5401/8376", "loss": 1.377029, "lr": 0.000253, "neg_dist": 3.376822, "pos_dist": 4.115907, "time_diff": 136.760000, "triplet": 1.039085}
[08/12 15:08:07][INFO] utils.logging:   91: {"_type": "train_iter", "epoch": "10/30", "eta": "1:11:50", "iter": "5601/8376", "loss": 1.329391, "lr": 0.000253, "neg_dist": 3.594072, "pos_dist": 4.294380, "time_diff": 138.380000, "triplet": 1.000307}
[08/12 15:08:13][INFO] utils.logging:   91: {"_type": "train_iter", "epoch": "10/30", "eta": "1:11:47", "iter": "5801/8376", "loss": 0.913666, "lr": 0.000253, "neg_dist": 3.507203, "pos_dist": 3.517721, "time_diff": 143.990000, "triplet": 0.584175}
[08/12 15:08:20][INFO] utils.logging:   91: {"_type": "train_iter", "epoch": "10/30", "eta": "1:11:46", "iter": "6001/8376", "loss": 1.092819, "lr": 0.000253, "neg_dist": 4.126777, "pos_dist": 4.435244, "time_diff": 151.160000, "triplet": 0.714177}
[08/12 15:08:26][INFO] utils.logging:   91: {"_type": "train_iter", "epoch": "10/30", "eta": "1:11:43", "iter": "6201/8376", "loss": 1.208229, "lr": 0.000253, "neg_dist": 4.633245, "pos_dist": 5.010949, "time_diff": 157.320000, "triplet": 0.832563}
[08/12 15:08:28][INFO] utils.logging:   91: {"_type": "train_iter", "epoch": "10/30", "eta": "1:11:32", "iter": "6401/8376", "loss": 0.839052, "lr": 0.000253, "neg_dist": 3.310560, "pos_dist": 3.270856, "time_diff": 159.320000, "triplet": 0.599549}
[08/12 15:08:32][INFO] utils.logging:   91: {"_type": "train_iter", "epoch": "10/30", "eta": "1:11:24", "iter": "6601/8376", "loss": 1.018856, "lr": 0.000253, "neg_dist": 3.872617, "pos_dist": 4.223871, "time_diff": 163.330000, "triplet": 0.658956}
[08/12 15:08:39][INFO] utils.logging:   91: {"_type": "train_iter", "epoch": "10/30", "eta": "1:11:24", "iter": "6801/8376", "loss": 1.049613, "lr": 0.000253, "neg_dist": 3.405165, "pos_dist": 3.805460, "time_diff": 170.700000, "triplet": 0.705786}
[08/12 15:08:47][INFO] utils.logging:   91: {"_type": "train_iter", "epoch": "10/30", "eta": "1:11:24", "iter": "7001/8376", "loss": 1.284943, "lr": 0.000253, "neg_dist": 3.329583, "pos_dist": 3.803654, "time_diff": 178.070000, "triplet": 0.808265}
[08/12 15:08:49][INFO] utils.logging:   91: {"_type": "train_iter", "epoch": "10/30", "eta": "1:11:13", "iter": "7201/8376", "loss": 0.967672, "lr": 0.000253, "neg_dist": 3.333351, "pos_dist": 3.531436, "time_diff": 180.390000, "triplet": 0.512827}
[08/12 15:08:51][INFO] utils.logging:   91: {"_type": "train_iter", "epoch": "10/30", "eta": "1:11:02", "iter": "7401/8376", "loss": 1.322962, "lr": 0.000253, "neg_dist": 3.613389, "pos_dist": 4.191192, "time_diff": 182.710000, "triplet": 0.990098}
[08/12 15:08:59][INFO] utils.logging:   91: {"_type": "train_iter", "epoch": "10/30", "eta": "1:11:02", "iter": "7601/8376", "loss": 1.337878, "lr": 0.000253, "neg_dist": 3.750251, "pos_dist": 4.463275, "time_diff": 190.120000, "triplet": 1.013024}
[08/12 15:09:06][INFO] utils.logging:   91: {"_type": "train_iter", "epoch": "10/30", "eta": "1:11:02", "iter": "7801/8376", "loss": 1.052594, "lr": 0.000253, "neg_dist": 3.081138, "pos_dist": 3.478969, "time_diff": 197.640000, "triplet": 0.714715}
[08/12 15:09:10][INFO] utils.logging:   91: {"_type": "train_iter", "epoch": "10/30", "eta": "1:10:54", "iter": "8001/8376", "loss": 0.985217, "lr": 0.000253, "neg_dist": 3.594083, "pos_dist": 3.845205, "time_diff": 201.440000, "triplet": 0.623836}
[08/12 15:09:12][INFO] utils.logging:   91: {"_type": "train_iter", "epoch": "10/30", "eta": "1:10:42", "iter": "8201/8376", "loss": 1.375338, "lr": 0.000253, "neg_dist": 4.132998, "pos_dist": 4.859348, "time_diff": 203.040000, "triplet": 1.100373}
[08/12 15:09:17][INFO] utils.logging:   91: {"RAM": "19.14/125.63 GB", "_type": "train_epoch", "epoch": "10/30", "eta": "1:10:40", "gpu_mem": "0.39 GB", "loss": 1.272435, "lr": 0.000253, "neg_dist": 3.553244, "pos_dist": 4.103768, "time_diff": 208.630000, "triplet": 0.923513}
[08/12 15:09:21][INFO] utils.logging:   91: {"_type": "val_epoch", "epoch": "10/30", "loss": 1.292851}
[08/12 15:09:21][INFO] utils.logging:   91: {"_type": "train_iter", "epoch": "11/30", "eta": "1:10:49", "iter": "1/8376", "loss": 1.342523, "lr": 0.000240, "neg_dist": 2.906403, "pos_dist": 3.535466, "time_diff": 0.090000, "triplet": 0.956977}
[08/12 15:09:29][INFO] utils.logging:   91: {"_type": "train_iter", "epoch": "11/30", "eta": "1:10:49", "iter": "201/8376", "loss": 0.961656, "lr": 0.000240, "neg_dist": 3.140394, "pos_dist": 3.384394, "time_diff": 7.670000, "triplet": 0.645562}
[08/12 15:09:32][INFO] utils.logging:   91: {"_type": "train_iter", "epoch": "11/30", "eta": "1:10:39", "iter": "401/8376", "loss": 0.946071, "lr": 0.000240, "neg_dist": 3.598794, "pos_dist": 3.699175, "time_diff": 10.550000, "triplet": 0.529410}
[08/12 15:09:34][INFO] utils.logging:   91: {"_type": "train_iter", "epoch": "11/30", "eta": "1:10:27", "iter": "601/8376", "loss": 0.919664, "lr": 0.000240, "neg_dist": 3.429513, "pos_dist": 3.670258, "time_diff": 12.170000, "triplet": 0.562082}
[08/12 15:09:35][INFO] utils.logging:   91: {"_type": "train_iter", "epoch": "11/30", "eta": "1:10:15", "iter": "801/8376", "loss": 1.475379, "lr": 0.000240, "neg_dist": 3.345985, "pos_dist": 4.224051, "time_diff": 13.760000, "triplet": 1.178067}
[08/12 15:09:42][INFO] utils.logging:   91: {"_type": "train_iter", "epoch": "11/30", "eta": "1:10:13", "iter": "1001/8376", "loss": 1.429743, "lr": 0.000240, "neg_dist": 3.275239, "pos_dist": 4.033988, "time_diff": 20.450000, "triplet": 1.058749}
[08/12 15:09:49][INFO] utils.logging:   91: {"_type": "train_iter", "epoch": "11/30", "eta": "1:10:13", "iter": "1201/8376", "loss": 0.901412, "lr": 0.000240, "neg_dist": 3.168654, "pos_dist": 3.394665, "time_diff": 27.790000, "triplet": 0.526011}
[08/12 15:09:55][INFO] utils.logging:   91: {"_type": "train_iter", "epoch": "11/30", "eta": "1:10:08", "iter": "1401/8376", "loss": 1.429586, "lr": 0.000240, "neg_dist": 3.670555, "pos_dist": 4.378376, "time_diff": 33.200000, "triplet": 1.007821}
[08/12 15:09:56][INFO] utils.logging:   91: {"_type": "train_iter", "epoch": "11/30", "eta": "1:09:57", "iter": "1601/8376", "loss": 1.735399, "lr": 0.000240, "neg_dist": 3.028683, "pos_dist": 4.083126, "time_diff": 34.810000, "triplet": 1.354442}
[08/12 15:10:01][INFO] utils.logging:   91: {"_type": "train_iter", "epoch": "11/30", "eta": "1:09:52", "iter": "1801/8376", "loss": 1.515469, "lr": 0.000240, "neg_dist": 4.212317, "pos_dist": 5.035730, "time_diff": 39.920000, "triplet": 1.123413}
[08/12 15:10:09][INFO] utils.logging:   91: {"_type": "train_iter", "epoch": "11/30", "eta": "1:09:51", "iter": "2001/8376", "loss": 1.724426, "lr": 0.000240, "neg_dist": 3.729507, "pos_dist": 4.714203, "time_diff": 47.380000, "triplet": 1.284696}
[08/12 15:10:15][INFO] utils.logging:   91: {"_type": "train_iter", "epoch": "11/30", "eta": "1:09:49", "iter": "2201/8376", "loss": 2.121044, "lr": 0.000240, "neg_dist": 3.741957, "pos_dist": 5.105151, "time_diff": 53.800000, "triplet": 1.663194}
[08/12 15:10:17][INFO] utils.logging:   91: {"_type": "train_iter", "epoch": "11/30", "eta": "1:09:38", "iter": "2401/8376", "loss": 1.261408, "lr": 0.000240, "neg_dist": 3.487651, "pos_dist": 4.098309, "time_diff": 55.930000, "triplet": 0.925671}
[08/12 15:10:22][INFO] utils.logging:   91: {"_type": "train_iter", "epoch": "11/30", "eta": "1:09:31", "iter": "2601/8376", "loss": 1.397495, "lr": 0.000240, "neg_dist": 2.928721, "pos_dist": 3.609641, "time_diff": 60.130000, "triplet": 0.980920}
[08/12 15:10:28][INFO] utils.logging:   91: {"_type": "train_iter", "epoch": "11/30", "eta": "1:09:30", "iter": "2801/8376", "loss": 0.853440, "lr": 0.000240, "neg_dist": 2.512299, "pos_dist": 2.692963, "time_diff": 67.090000, "triplet": 0.492975}
[08/12 15:10:36][INFO] utils.logging:   91: {"_type": "train_iter", "epoch": "11/30", "eta": "1:09:30", "iter": "3001/8376", "loss": 1.155068, "lr": 0.000240, "neg_dist": 2.936810, "pos_dist": 3.444259, "time_diff": 74.840000, "triplet": 0.807449}
[08/12 15:10:39][INFO] utils.logging:   91: {"_type": "train_iter", "epoch": "11/30", "eta": "1:09:20", "iter": "3201/8376", "loss": 1.015612, "lr": 0.000240, "neg_dist": 3.267780, "pos_dist": 3.316628, "time_diff": 77.150000, "triplet": 0.650388}
[08/12 15:10:42][INFO] utils.logging:   91: {"_type": "train_iter", "epoch": "11/30", "eta": "1:09:11", "iter": "3401/8376", "loss": 1.002783, "lr": 0.000240, "neg_dist": 3.960406, "pos_dist": 4.067378, "time_diff": 80.390000, "triplet": 0.602254}
[08/12 15:10:49][INFO] utils.logging:   91: {"_type": "train_iter", "epoch": "11/30", "eta": "1:09:11", "iter": "3601/8376", "loss": 1.713931, "lr": 0.000240, "neg_dist": 3.560735, "pos_dist": 4.611430, "time_diff": 87.770000, "triplet": 1.350695}
[08/12 15:10:56][INFO] utils.logging:   91: {"_type": "train_iter", "epoch": "11/30", "eta": "1:09:09", "iter": "3801/8376", "loss": 1.320306, "lr": 0.000240, "neg_dist": 3.691720, "pos_dist": 4.284755, "time_diff": 94.590000, "triplet": 0.937720}
[08/12 15:11:00][INFO] utils.logging:   91: {"_type": "train_iter", "epoch": "11/30", "eta": "1:09:01", "iter": "4001/8376", "loss": 1.707450, "lr": 0.000240, "neg_dist": 3.530295, "pos_dist": 4.536487, "time_diff": 98.490000, "triplet": 1.306192}
[08/12 15:11:01][INFO] utils.logging:   91: {"_type": "train_iter", "epoch": "11/30", "eta": "1:08:50", "iter": "4201/8376", "loss": 0.952097, "lr": 0.000240, "neg_dist": 4.191970, "pos_dist": 3.979743, "time_diff": 100.060000, "triplet": 0.620783}
[08/12 15:11:08][INFO] utils.logging:   91: {"_type": "train_iter", "epoch": "11/30", "eta": "1:08:47", "iter": "4401/8376", "loss": 1.528932, "lr": 0.000240, "neg_dist": 3.708571, "pos_dist": 4.583181, "time_diff": 106.500000, "triplet": 1.174610}
[08/12 15:11:15][INFO] utils.logging:   91: {"_type": "train_iter", "epoch": "11/30", "eta": "1:08:47", "iter": "4601/8376", "loss": 1.396463, "lr": 0.000240, "neg_dist": 3.363316, "pos_dist": 4.073857, "time_diff": 113.910000, "triplet": 1.010541}
[08/12 15:11:21][INFO] utils.logging:   91: {"_type": "train_iter", "epoch": "11/30", "eta": "1:08:42", "iter": "4801/8376", "loss": 1.545950, "lr": 0.000240, "neg_dist": 3.862571, "pos_dist": 4.658559, "time_diff": 119.390000, "triplet": 1.170504}
[08/12 15:11:22][INFO] utils.logging:   91: {"_type": "train_iter", "epoch": "11/30", "eta": "1:08:31", "iter": "5001/8376", "loss": 1.148260, "lr": 0.000240, "neg_dist": 3.331294, "pos_dist": 3.819061, "time_diff": 121.000000, "triplet": 0.787767}
[08/12 15:11:27][INFO] utils.logging:   91: {"_type": "train_iter", "epoch": "11/30", "eta": "1:08:25", "iter": "5201/8376", "loss": 1.451282, "lr": 0.000240, "neg_dist": 4.227088, "pos_dist": 4.888862, "time_diff": 125.780000, "triplet": 1.075492}
[08/12 15:11:34][INFO] utils.logging:   91: {"_type": "train_iter", "epoch": "11/30", "eta": "1:08:24", "iter": "5401/8376", "loss": 1.420198, "lr": 0.000240, "neg_dist": 2.852000, "pos_dist": 3.679632, "time_diff": 132.590000, "triplet": 1.142208}
[08/12 15:11:41][INFO] utils.logging:   91: {"_type": "train_iter", "epoch": "11/30", "eta": "1:08:22", "iter": "5601/8376", "loss": 1.862578, "lr": 0.000240, "neg_dist": 3.572273, "pos_dist": 4.808831, "time_diff": 139.780000, "triplet": 1.536559}
[08/12 15:11:43][INFO] utils.logging:   91: {"_type": "train_iter", "epoch": "11/30", "eta": "1:08:12", "iter": "5801/8376", "loss": 1.220576, "lr": 0.000240, "neg_dist": 4.271527, "pos_dist": 4.758455, "time_diff": 142.060000, "triplet": 0.845785}
[08/12 15:11:47][INFO] utils.logging:   91: {"_type": "train_iter", "epoch": "11/30", "eta": "1:08:04", "iter": "6001/8376", "loss": 1.300281, "lr": 0.000240, "neg_dist": 3.750875, "pos_dist": 4.339202, "time_diff": 145.390000, "triplet": 0.922554}
[08/12 15:11:54][INFO] utils.logging:   91: {"_type": "train_iter", "epoch": "11/30", "eta": "1:08:03", "iter": "6201/8376", "loss": 1.039322, "lr": 0.000240, "neg_dist": 3.104321, "pos_dist": 3.468615, "time_diff": 152.590000, "triplet": 0.664294}
[08/12 15:12:01][INFO] utils.logging:   91: {"_type": "train_iter", "epoch": "11/30", "eta": "1:08:02", "iter": "6401/8376", "loss": 1.334515, "lr": 0.000240, "neg_dist": 2.651142, "pos_dist": 3.346331, "time_diff": 159.990000, "triplet": 0.995189}
[08/12 15:12:05][INFO] utils.logging:   91: {"_type": "train_iter", "epoch": "11/30", "eta": "1:07:54", "iter": "6601/8376", "loss": 1.563913, "lr": 0.000240, "neg_dist": 4.254478, "pos_dist": 5.215976, "time_diff": 163.260000, "triplet": 1.261498}
[08/12 15:12:06][INFO] utils.logging:   91: {"_type": "train_iter", "epoch": "11/30", "eta": "1:07:43", "iter": "6801/8376", "loss": 1.615520, "lr": 0.000240, "neg_dist": 3.044632, "pos_dist": 4.018691, "time_diff": 164.930000, "triplet": 1.274059}
[08/12 15:12:13][INFO] utils.logging:   91: {"_type": "train_iter", "epoch": "11/30", "eta": "1:07:41", "iter": "7001/8376", "loss": 1.430417, "lr": 0.000240, "neg_dist": 3.893480, "pos_dist": 4.732821, "time_diff": 172.100000, "triplet": 1.178008}
[08/12 15:12:21][INFO] utils.logging:   91: {"_type": "train_iter", "epoch": "11/30", "eta": "1:07:40", "iter": "7201/8376", "loss": 1.416519, "lr": 0.000240, "neg_dist": 3.777242, "pos_dist": 4.622329, "time_diff": 179.490000, "triplet": 1.145087}
[08/12 15:12:26][INFO] utils.logging:   91: {"_type": "train_iter", "epoch": "11/30", "eta": "1:07:35", "iter": "7401/8376", "loss": 1.384274, "lr": 0.000240, "neg_dist": 3.872174, "pos_dist": 4.254446, "time_diff": 184.260000, "triplet": 0.984087}
[08/12 15:12:27][INFO] utils.logging:   91: {"_type": "train_iter", "epoch": "11/30", "eta": "1:07:24", "iter": "7601/8376", "loss": 1.555830, "lr": 0.000240, "neg_dist": 3.667563, "pos_dist": 4.624624, "time_diff": 185.860000, "triplet": 1.257061}
[08/12 15:12:33][INFO] utils.logging:   91: {"_type": "train_iter", "epoch": "11/30", "eta": "1:07:20", "iter": "7801/8376", "loss": 0.975090, "lr": 0.000240, "neg_dist": 3.336521, "pos_dist": 3.575474, "time_diff": 191.980000, "triplet": 0.610643}
[08/12 15:12:41][INFO] utils.logging:   91: {"_type": "train_iter", "epoch": "11/30", "eta": "1:07:19", "iter": "8001/8376", "loss": 0.977891, "lr": 0.000240, "neg_dist": 3.449522, "pos_dist": 3.642881, "time_diff": 199.300000, "triplet": 0.607272}
[08/12 15:12:47][INFO] utils.logging:   91: {"_type": "train_iter", "epoch": "11/30", "eta": "1:07:16", "iter": "8201/8376", "loss": 1.597372, "lr": 0.000240, "neg_dist": 3.089595, "pos_dist": 3.946160, "time_diff": 205.420000, "triplet": 1.191216}
[08/12 15:12:48][INFO] __main__:  184: Checkpoint: output/frame_selector/ssv2_ViT-B16_Diverse_BiMHM/frame_selector_epoch0010.pth
[08/12 15:12:48][INFO] utils.logging:   91: {"RAM": "18.43/125.63 GB", "_type": "train_epoch", "epoch": "11/30", "eta": "1:07:07", "gpu_mem": "0.39 GB", "loss": 1.276813, "lr": 0.000240, "neg_dist": 3.564640, "pos_dist": 4.123953, "time_diff": 206.920000, "triplet": 0.930713}
[08/12 15:12:49][INFO] utils.logging:   91: {"_type": "val_epoch", "epoch": "11/30", "loss": 1.248361}
[08/12 15:12:49][INFO] __main__:  184: Checkpoint: output/frame_selector/ssv2_ViT-B16_Diverse_BiMHM/frame_selector_epoch0010.pth
[08/12 15:12:49][INFO] __main__:  187: Best checkpoint: output/frame_selector/ssv2_ViT-B16_Diverse_BiMHM/frame_selector_best.pth (loss=1.248361)
[08/12 15:12:49][INFO] __main__:  489: New best val loss: 1.248361 at epoch 10
[08/12 15:12:49][INFO] utils.logging:   91: {"_type": "train_iter", "epoch": "12/30", "eta": "1:07:08", "iter": "1/8376", "loss": 0.975582, "lr": 0.000225, "neg_dist": 3.776254, "pos_dist": 4.005790, "time_diff": 0.070000, "triplet": 0.630470}
[08/12 15:12:56][INFO] utils.logging:   91: {"_type": "train_iter", "epoch": "12/30", "eta": "1:07:06", "iter": "201/8376", "loss": 1.125780, "lr": 0.000225, "neg_dist": 3.862674, "pos_dist": 4.308849, "time_diff": 6.960000, "triplet": 0.824538}
[08/12 15:13:04][INFO] utils.logging:   91: {"_type": "train_iter", "epoch": "12/30", "eta": "1:07:05", "iter": "401/8376", "loss": 1.076635, "lr": 0.000225, "neg_dist": 3.344305, "pos_dist": 3.696202, "time_diff": 14.510000, "triplet": 0.655174}
[08/12 15:13:09][INFO] utils.logging:   91: {"_type": "train_iter", "epoch": "12/30", "eta": "1:07:00", "iter": "601/8376", "loss": 1.747877, "lr": 0.000225, "neg_dist": 3.780261, "pos_dist": 4.867950, "time_diff": 19.610000, "triplet": 1.387690}
[08/12 15:13:10][INFO] utils.logging:   91: {"_type": "train_iter", "epoch": "12/30", "eta": "1:06:49", "iter": "801/8376", "loss": 1.294874, "lr": 0.000225, "neg_dist": 2.929961, "pos_dist": 3.590382, "time_diff": 21.230000, "triplet": 0.964970}
[08/12 15:13:16][INFO] utils.logging:   91: {"_type": "train_iter", "epoch": "12/30", "eta": "1:06:44", "iter": "1001/8376", "loss": 1.233095, "lr": 0.000225, "neg_dist": 3.522326, "pos_dist": 3.858998, "time_diff": 26.360000, "triplet": 0.879592}
[08/12 15:13:23][INFO] utils.logging:   91: {"_type": "train_iter", "epoch": "12/30", "eta": "1:06:43", "iter": "1201/8376", "loss": 1.376326, "lr": 0.000225, "neg_dist": 3.600981, "pos_dist": 4.214570, "time_diff": 33.890000, "triplet": 1.039394}
[08/12 15:13:29][INFO] utils.logging:   91: {"_type": "train_iter", "epoch": "12/30", "eta": "1:06:41", "iter": "1401/8376", "loss": 1.377388, "lr": 0.000225, "neg_dist": 3.531353, "pos_dist": 4.156192, "time_diff": 40.280000, "triplet": 0.970554}
[08/12 15:13:31][INFO] utils.logging:   91: {"_type": "train_iter", "epoch": "12/30", "eta": "1:06:30", "iter": "1601/8376", "loss": 0.883255, "lr": 0.000225, "neg_dist": 2.956088, "pos_dist": 3.168977, "time_diff": 42.320000, "triplet": 0.564536}
[08/12 15:13:35][INFO] utils.logging:   91: {"_type": "train_iter", "epoch": "12/30", "eta": "1:06:23", "iter": "1801/8376", "loss": 1.001440, "lr": 0.000225, "neg_dist": 3.120790, "pos_dist": 3.464351, "time_diff": 45.850000, "triplet": 0.658531}
[08/12 15:13:42][INFO] utils.logging:   91: {"_type": "train_iter", "epoch": "12/30", "eta": "1:06:21", "iter": "2001/8376", "loss": 1.837696, "lr": 0.000225, "neg_dist": 3.409671, "pos_dist": 4.599616, "time_diff": 53.090000, "triplet": 1.489944}
[08/12 15:13:50][INFO] utils.logging:   91: {"_type": "train_iter", "epoch": "12/30", "eta": "1:06:20", "iter": "2201/8376", "loss": 1.015811, "lr": 0.000225, "neg_dist": 4.137244, "pos_dist": 4.312221, "time_diff": 60.560000, "triplet": 0.666682}
[08/12 15:13:53][INFO] utils.logging:   91: {"_type": "train_iter", "epoch": "12/30", "eta": "1:06:11", "iter": "2401/8376", "loss": 0.969152, "lr": 0.000225, "neg_dist": 3.178609, "pos_dist": 3.366395, "time_diff": 63.370000, "triplet": 0.557830}
[08/12 15:13:54][INFO] utils.logging:   91: {"_type": "train_iter", "epoch": "12/30", "eta": "1:06:01", "iter": "2601/8376", "loss": 1.360798, "lr": 0.000225, "neg_dist": 3.872113, "pos_dist": 4.541066, "time_diff": 65.040000, "triplet": 1.032995}
[08/12 15:14:02][INFO] utils.logging:   91: {"_type": "train_iter", "epoch": "12/30", "eta": "1:06:00", "iter": "2801/8376", "loss": 0.921131, "lr": 0.000225, "neg_dist": 3.201910, "pos_dist": 3.381962, "time_diff": 72.380000, "triplet": 0.629204}
[08/12 15:14:09][INFO] utils.logging:   91: {"_type": "train_iter", "epoch": "12/30", "eta": "1:05:58", "iter": "3001/8376", "loss": 2.039963, "lr": 0.000225, "neg_dist": 3.944500, "pos_dist": 5.250934, "time_diff": 79.810000, "triplet": 1.606434}
[08/12 15:14:14][INFO] utils.logging:   91: {"_type": "train_iter", "epoch": "12/30", "eta": "1:05:52", "iter": "3201/8376", "loss": 1.021929, "lr": 0.000225, "neg_dist": 4.388381, "pos_dist": 4.689068, "time_diff": 84.420000, "triplet": 0.600687}
[08/12 15:14:15][INFO] utils.logging:   91: {"_type": "train_iter", "epoch": "12/30", "eta": "1:05:42", "iter": "3401/8376", "loss": 1.178854, "lr": 0.000225, "neg_dist": 3.624629, "pos_dist": 4.142782, "time_diff": 86.040000, "triplet": 0.863364}
[08/12 15:14:21][INFO] utils.logging:   91: {"_type": "train_iter", "epoch": "12/30", "eta": "1:05:37", "iter": "3601/8376", "loss": 0.811467, "lr": 0.000225, "neg_dist": 3.409320, "pos_dist": 3.486252, "time_diff": 91.390000, "triplet": 0.466250}
[08/12 15:14:28][INFO] utils.logging:   91: {"_type": "train_iter", "epoch": "12/30", "eta": "1:05:35", "iter": "3801/8376", "loss": 0.865421, "lr": 0.000225, "neg_dist": 3.285779, "pos_dist": 3.428627, "time_diff": 98.490000, "triplet": 0.524645}
[08/12 15:14:34][INFO] utils.logging:   91: {"_type": "train_iter", "epoch": "12/30", "eta": "1:05:33", "iter": "4001/8376", "loss": 1.232409, "lr": 0.000225, "neg_dist": 3.041600, "pos_dist": 3.646793, "time_diff": 105.130000, "triplet": 0.905192}
[08/12 15:14:37][INFO] utils.logging:   91: {"_type": "train_iter", "epoch": "12/30", "eta": "1:05:23", "iter": "4201/8376", "loss": 1.136683, "lr": 0.000225, "neg_dist": 3.209118, "pos_dist": 3.659200, "time_diff": 107.410000, "triplet": 0.826119}
[08/12 15:14:40][INFO] utils.logging:   91: {"_type": "train_iter", "epoch": "12/30", "eta": "1:05:15", "iter": "4401/8376", "loss": 0.994654, "lr": 0.000225, "neg_dist": 3.353158, "pos_dist": 3.724593, "time_diff": 110.550000, "triplet": 0.680714}
[08/12 15:14:47][INFO] utils.logging:   91: {"_type": "train_iter", "epoch": "12/30", "eta": "1:05:13", "iter": "4601/8376", "loss": 1.039315, "lr": 0.000225, "neg_dist": 2.796623, "pos_dist": 3.165694, "time_diff": 117.610000, "triplet": 0.725496}
[08/12 15:14:54][INFO] utils.logging:   91: {"_type": "train_iter", "epoch": "12/30", "eta": "1:05:12", "iter": "4801/8376", "loss": 1.503994, "lr": 0.000225, "neg_dist": 4.116489, "pos_dist": 4.937673, "time_diff": 125.030000, "triplet": 1.121183}
[08/12 15:14:58][INFO] utils.logging:   91: {"_type": "train_iter", "epoch": "12/30", "eta": "1:05:04", "iter": "5001/8376", "loss": 1.460592, "lr": 0.000225, "neg_dist": 3.608779, "pos_dist": 4.432713, "time_diff": 128.490000, "triplet": 1.123934}
[08/12 15:15:00][INFO] utils.logging:   91: {"_type": "train_iter", "epoch": "12/30", "eta": "1:04:55", "iter": "5201/8376", "loss": 1.124831, "lr": 0.000225, "neg_dist": 3.392605, "pos_dist": 3.866126, "time_diff": 130.620000, "triplet": 0.820034}
[08/12 15:15:07][INFO] utils.logging:   91: {"_type": "train_iter", "epoch": "12/30", "eta": "1:04:53", "iter": "5401/8376", "loss": 1.060177, "lr": 0.000225, "neg_dist": 3.916085, "pos_dist": 4.085862, "time_diff": 137.940000, "triplet": 0.674332}
[08/12 15:15:15][INFO] utils.logging:   91: {"_type": "train_iter", "epoch": "12/30", "eta": "1:04:52", "iter": "5601/8376", "loss": 1.783454, "lr": 0.000225, "neg_dist": 2.860433, "pos_dist": 4.023284, "time_diff": 145.480000, "triplet": 1.462851}
[08/12 15:15:19][INFO] utils.logging:   91: {"_type": "train_iter", "epoch": "12/30", "eta": "1:04:46", "iter": "5801/8376", "loss": 1.160897, "lr": 0.000225, "neg_dist": 3.281353, "pos_dist": 3.531021, "time_diff": 149.720000, "triplet": 0.854949}
[08/12 15:15:20][INFO] utils.logging:   91: {"_type": "train_iter", "epoch": "12/30", "eta": "1:04:35", "iter": "6001/8376", "loss": 1.404395, "lr": 0.000225, "neg_dist": 3.672771, "pos_dist": 4.283923, "time_diff": 151.320000, "triplet": 0.989134}
[08/12 15:15:27][INFO] utils.logging:   91: {"_type": "train_iter", "epoch": "12/30", "eta": "1:04:32", "iter": "6201/8376", "loss": 0.898762, "lr": 0.000225, "neg_dist": 3.209100, "pos_dist": 3.513229, "time_diff": 157.910000, "triplet": 0.620198}
[08/12 15:15:35][INFO] utils.logging:   91: {"_type": "train_iter", "epoch": "12/30", "eta": "1:04:31", "iter": "6401/8376", "loss": 1.627102, "lr": 0.000225, "neg_dist": 4.021115, "pos_dist": 5.046412, "time_diff": 165.410000, "triplet": 1.362517}
[08/12 15:15:40][INFO] utils.logging:   91: {"_type": "train_iter", "epoch": "12/30", "eta": "1:04:27", "iter": "6601/8376", "loss": 1.719019, "lr": 0.000225, "neg_dist": 3.420422, "pos_dist": 4.500285, "time_diff": 170.810000, "triplet": 1.423583}
[08/12 15:15:42][INFO] utils.logging:   91: {"_type": "train_iter", "epoch": "12/30", "eta": "1:04:16", "iter": "6801/8376", "loss": 1.262873, "lr": 0.000225, "neg_dist": 3.745657, "pos_dist": 4.330480, "time_diff": 172.420000, "triplet": 0.886184}
[08/12 15:15:47][INFO] utils.logging:   91: {"_type": "train_iter", "epoch": "12/30", "eta": "1:04:12", "iter": "7001/8376", "loss": 1.113364, "lr": 0.000225, "neg_dist": 3.254222, "pos_dist": 3.670045, "time_diff": 178.270000, "triplet": 0.746294}
[08/12 15:15:55][INFO] utils.logging:   91: {"_type": "train_iter", "epoch": "12/30", "eta": "1:04:11", "iter": "7201/8376", "loss": 1.222855, "lr": 0.000225, "neg_dist": 3.622870, "pos_dist": 4.115796, "time_diff": 185.730000, "triplet": 0.792926}
[08/12 15:16:01][INFO] utils.logging:   91: {"_type": "train_iter", "epoch": "12/30", "eta": "1:04:07", "iter": "7401/8376", "loss": 1.206203, "lr": 0.000225, "neg_dist": 3.593187, "pos_dist": 4.155875, "time_diff": 191.730000, "triplet": 0.924097}
[08/12 15:16:03][INFO] utils.logging:   91: {"_type": "train_iter", "epoch": "12/30", "eta": "1:03:57", "iter": "7601/8376", "loss": 1.245231, "lr": 0.000225, "neg_dist": 3.789656, "pos_dist": 4.282112, "time_diff": 193.560000, "triplet": 0.918074}
[08/12 15:16:07][INFO] utils.logging:   91: {"_type": "train_iter", "epoch": "12/30", "eta": "1:03:51", "iter": "7801/8376", "loss": 1.429025, "lr": 0.000225, "neg_dist": 3.510120, "pos_dist": 4.282743, "time_diff": 197.900000, "triplet": 1.138696}
[08/12 15:16:14][INFO] utils.logging:   91: {"_type": "train_iter", "epoch": "12/30", "eta": "1:03:50", "iter": "8001/8376", "loss": 1.117719, "lr": 0.000225, "neg_dist": 3.659760, "pos_dist": 4.057624, "time_diff": 205.260000, "triplet": 0.838936}
[08/12 15:16:22][INFO] utils.logging:   91: {"_type": "train_iter", "epoch": "12/30", "eta": "1:03:48", "iter": "8201/8376", "loss": 1.065606, "lr": 0.000225, "neg_dist": 3.617689, "pos_dist": 4.107903, "time_diff": 212.460000, "triplet": 0.790214}
[08/12 15:16:24][INFO] utils.logging:   91: {"RAM": "18.38/125.63 GB", "_type": "train_epoch", "epoch": "12/30", "eta": "1:03:40", "gpu_mem": "0.39 GB", "loss": 1.284907, "lr": 0.000225, "neg_dist": 3.560129, "pos_dist": 4.127286, "time_diff": 214.480000, "triplet": 0.939723}
[08/12 15:16:24][INFO] utils.logging:   91: {"_type": "val_epoch", "epoch": "12/30", "loss": 1.248017}
[08/12 15:16:24][INFO] __main__:  187: Best checkpoint: output/frame_selector/ssv2_ViT-B16_Diverse_BiMHM/frame_selector_best.pth (loss=1.248017)
[08/12 15:16:24][INFO] __main__:  489: New best val loss: 1.248017 at epoch 11
[08/12 15:16:25][INFO] utils.logging:   91: {"_type": "train_iter", "epoch": "13/30", "eta": "1:03:41", "iter": "1/8376", "loss": 1.542289, "lr": 0.000209, "neg_dist": 3.387490, "pos_dist": 4.370787, "time_diff": 0.070000, "triplet": 1.283297}
[08/12 15:16:30][INFO] utils.logging:   91: {"_type": "train_iter", "epoch": "13/30", "eta": "1:03:37", "iter": "201/8376", "loss": 0.872271, "lr": 0.000209, "neg_dist": 3.675074, "pos_dist": 3.865702, "time_diff": 5.750000, "triplet": 0.558741}
[08/12 15:16:38][INFO] utils.logging:   91: {"_type": "train_iter", "epoch": "13/30", "eta": "1:03:35", "iter": "401/8376", "loss": 1.012323, "lr": 0.000209, "neg_dist": 3.491477, "pos_dist": 3.881799, "time_diff": 13.160000, "triplet": 0.718906}
[08/12 15:16:44][INFO] utils.logging:   91: {"_type": "train_iter", "epoch": "13/30", "eta": "1:03:32", "iter": "601/8376", "loss": 1.108889, "lr": 0.000209, "neg_dist": 3.404322, "pos_dist": 3.917824, "time_diff": 19.170000, "triplet": 0.813502}
[08/12 15:16:46][INFO] utils.logging:   91: {"_type": "train_iter", "epoch": "13/30", "eta": "1:03:22", "iter": "801/8376", "loss": 1.080423, "lr": 0.000209, "neg_dist": 3.660295, "pos_dist": 4.022817, "time_diff": 21.220000, "triplet": 0.768705}
[08/12 15:16:49][INFO] utils.logging:   91: {"_type": "train_iter", "epoch": "13/30", "eta": "1:03:15", "iter": "1001/8376", "loss": 1.136245, "lr": 0.000209, "neg_dist": 4.050508, "pos_dist": 4.591837, "time_diff": 24.870000, "triplet": 0.841329}
[08/12 15:16:57][INFO] utils.logging:   91: {"_type": "train_iter", "epoch": "13/30", "eta": "1:03:13", "iter": "1201/8376", "loss": 1.120891, "lr": 0.000209, "neg_dist": 5.133256, "pos_dist": 5.329473, "time_diff": 32.370000, "triplet": 0.840406}
[08/12 15:17:05][INFO] utils.logging:   91: {"_type": "train_iter", "epoch": "13/30", "eta": "1:03:12", "iter": "1401/8376", "loss": 1.505628, "lr": 0.000209, "neg_dist": 3.416815, "pos_dist": 4.386363, "time_diff": 40.010000, "triplet": 1.269547}
[08/12 15:17:07][INFO] utils.logging:   91: {"_type": "train_iter", "epoch": "13/30", "eta": "1:03:03", "iter": "1601/8376", "loss": 1.561147, "lr": 0.000209, "neg_dist": 3.893971, "pos_dist": 4.639811, "time_diff": 42.340000, "triplet": 1.286372}
[08/12 15:17:09][INFO] utils.logging:   91: {"_type": "train_iter", "epoch": "13/30", "eta": "1:02:53", "iter": "1801/8376", "loss": 1.439535, "lr": 0.000209, "neg_dist": 4.078147, "pos_dist": 4.939128, "time_diff": 44.380000, "triplet": 1.160981}
[08/12 15:17:16][INFO] utils.logging:   91: {"_type": "train_iter", "epoch": "13/30", "eta": "1:02:51", "iter": "2001/8376", "loss": 1.682108, "lr": 0.000209, "neg_dist": 3.233812, "pos_dist": 4.342714, "time_diff": 51.030000, "triplet": 1.408902}
[08/12 15:17:23][INFO] utils.logging:   91: {"_type": "train_iter", "epoch": "13/30", "eta": "1:02:49", "iter": "2201/8376", "loss": 1.167371, "lr": 0.000209, "neg_dist": 3.613092, "pos_dist": 4.192468, "time_diff": 58.450000, "triplet": 0.879375}
[08/12 15:17:28][INFO] utils.logging:   91: {"_type": "train_iter", "epoch": "13/30", "eta": "1:02:44", "iter": "2401/8376", "loss": 1.834035, "lr": 0.000209, "neg_dist": 3.789823, "pos_dist": 5.013289, "time_diff": 63.540000, "triplet": 1.523496}
[08/12 15:17:30][INFO] utils.logging:   91: {"_type": "train_iter", "epoch": "13/30", "eta": "1:02:34", "iter": "2601/8376", "loss": 1.346103, "lr": 0.000209, "neg_dist": 3.729111, "pos_dist": 4.508865, "time_diff": 65.120000, "triplet": 1.079754}
[08/12 15:17:36][INFO] utils.logging:   91: {"_type": "train_iter", "epoch": "13/30", "eta": "1:02:31", "iter": "2801/8376", "loss": 1.467043, "lr": 0.000209, "neg_dist": 3.508177, "pos_dist": 4.385242, "time_diff": 71.700000, "triplet": 1.177065}
[08/12 15:17:44][INFO] utils.logging:   91: {"_type": "train_iter", "epoch": "13/30", "eta": "1:02:29", "iter": "3001/8376", "loss": 0.964496, "lr": 0.000209, "neg_dist": 3.858857, "pos_dist": 4.112362, "time_diff": 79.200000, "triplet": 0.704836}
[08/12 15:17:49][INFO] utils.logging:   91: {"_type": "train_iter", "epoch": "13/30", "eta": "1:02:25", "iter": "3201/8376", "loss": 1.459976, "lr": 0.000209, "neg_dist": 3.355364, "pos_dist": 4.152496, "time_diff": 84.660000, "triplet": 1.162968}
[08/12 15:17:51][INFO] utils.logging:   91: {"_type": "train_iter", "epoch": "13/30", "eta": "1:02:15", "iter": "3401/8376", "loss": 0.809289, "lr": 0.000209, "neg_dist": 3.052063, "pos_dist": 3.266360, "time_diff": 86.300000, "triplet": 0.522907}
[08/12 15:17:56][INFO] utils.logging:   91: {"_type": "train_iter", "epoch": "13/30", "eta": "1:02:09", "iter": "3601/8376", "loss": 1.549372, "lr": 0.000209, "neg_dist": 3.650347, "pos_dist": 4.636221, "time_diff": 91.070000, "triplet": 1.285874}
[08/12 15:18:03][INFO] utils.logging:   91: {"_type": "train_iter", "epoch": "13/30", "eta": "1:02:08", "iter": "3801/8376", "loss": 1.521260, "lr": 0.000209, "neg_dist": 3.189843, "pos_dist": 4.145772, "time_diff": 98.430000, "triplet": 1.255929}
[08/12 15:18:10][INFO] utils.logging:   91: {"_type": "train_iter", "epoch": "13/30", "eta": "1:02:05", "iter": "4001/8376", "loss": 1.138083, "lr": 0.000209, "neg_dist": 3.456886, "pos_dist": 3.976923, "time_diff": 105.160000, "triplet": 0.863542}
[08/12 15:18:12][INFO] utils.logging:   91: {"_type": "train_iter", "epoch": "13/30", "eta": "1:01:56", "iter": "4201/8376", "loss": 0.956986, "lr": 0.000209, "neg_dist": 4.375672, "pos_dist": 4.330360, "time_diff": 107.340000, "triplet": 0.656236}
[08/12 15:18:15][INFO] utils.logging:   91: {"_type": "train_iter", "epoch": "13/30", "eta": "1:01:48", "iter": "4401/8376", "loss": 0.893227, "lr": 0.000209, "neg_dist": 3.167458, "pos_dist": 3.073103, "time_diff": 110.840000, "triplet": 0.625784}
[08/12 15:18:23][INFO] utils.logging:   91: {"_type": "train_iter", "epoch": "13/30", "eta": "1:01:46", "iter": "4601/8376", "loss": 0.866695, "lr": 0.000209, "neg_dist": 3.510949, "pos_dist": 3.817607, "time_diff": 118.010000, "triplet": 0.635694}
[08/12 15:18:30][INFO] utils.logging:   91: {"_type": "train_iter", "epoch": "13/30", "eta": "1:01:44", "iter": "4801/8376", "loss": 0.799917, "lr": 0.000209, "neg_dist": 3.499218, "pos_dist": 3.647279, "time_diff": 125.060000, "triplet": 0.531645}
[08/12 15:18:33][INFO] utils.logging:   91: {"_type": "train_iter", "epoch": "13/30", "eta": "1:01:37", "iter": "5001/8376", "loss": 0.930978, "lr": 0.000209, "neg_dist": 3.722362, "pos_dist": 4.002577, "time_diff": 128.670000, "triplet": 0.673964}
[08/12 15:18:35][INFO] utils.logging:   91: {"_type": "train_iter", "epoch": "13/30", "eta": "1:01:27", "iter": "5201/8376", "loss": 1.102753, "lr": 0.000209, "neg_dist": 3.736732, "pos_dist": 4.191323, "time_diff": 130.610000, "triplet": 0.822640}
[08/12 15:18:43][INFO] utils.logging:   91: {"_type": "train_iter", "epoch": "13/30", "eta": "1:01:26", "iter": "5401/8376", "loss": 1.789310, "lr": 0.000209, "neg_dist": 3.560681, "pos_dist": 4.781326, "time_diff": 138.100000, "triplet": 1.520645}
[08/12 15:18:50][INFO] utils.logging:   91: {"_type": "train_iter", "epoch": "13/30", "eta": "1:01:24", "iter": "5601/8376", "loss": 2.193399, "lr": 0.000209, "neg_dist": 3.764919, "pos_dist": 5.343904, "time_diff": 145.420000, "triplet": 1.878984}
[08/12 15:18:54][INFO] utils.logging:   91: {"_type": "train_iter", "epoch": "13/30", "eta": "1:01:18", "iter": "5801/8376", "loss": 1.361078, "lr": 0.000209, "neg_dist": 3.008712, "pos_dist": 3.808882, "time_diff": 149.810000, "triplet": 1.100170}
[08/12 15:18:56][INFO] utils.logging:   91: {"_type": "train_iter", "epoch": "13/30", "eta": "1:01:08", "iter": "6001/8376", "loss": 1.119440, "lr": 0.000209, "neg_dist": 4.037879, "pos_dist": 4.561810, "time_diff": 151.410000, "triplet": 0.843043}
[08/12 15:19:02][INFO] utils.logging:   91: {"_type": "train_iter", "epoch": "13/30", "eta": "1:01:04", "iter": "6201/8376", "loss": 1.314241, "lr": 0.000209, "neg_dist": 3.321386, "pos_dist": 3.983914, "time_diff": 157.540000, "triplet": 1.048051}
[08/12 15:19:09][INFO] utils.logging:   91: {"_type": "train_iter", "epoch": "13/30", "eta": "1:01:02", "iter": "6401/8376", "loss": 0.971362, "lr": 0.000209, "neg_dist": 3.486634, "pos_dist": 3.784114, "time_diff": 164.670000, "triplet": 0.700525}
[08/12 15:19:15][INFO] utils.logging:   91: {"_type": "train_iter", "epoch": "13/30", "eta": "1:00:58", "iter": "6601/8376", "loss": 1.387991, "lr": 0.000209, "neg_dist": 3.934806, "pos_dist": 4.714167, "time_diff": 170.780000, "triplet": 1.120647}
[08/12 15:19:17][INFO] utils.logging:   91: {"_type": "train_iter", "epoch": "13/30", "eta": "1:00:49", "iter": "6801/8376", "loss": 0.844893, "lr": 0.000209, "neg_dist": 3.929560, "pos_dist": 4.141483, "time_diff": 172.480000, "triplet": 0.579588}
[08/12 15:19:22][INFO] utils.logging:   91: {"_type": "train_iter", "epoch": "13/30", "eta": "1:00:43", "iter": "7001/8376", "loss": 1.377568, "lr": 0.000209, "neg_dist": 3.610411, "pos_dist": 4.401054, "time_diff": 177.430000, "triplet": 1.094273}
[08/12 15:19:29][INFO] utils.logging:   91: {"_type": "train_iter", "epoch": "13/30", "eta": "1:00:41", "iter": "7201/8376", "loss": 1.673115, "lr": 0.000209, "neg_dist": 4.416662, "pos_dist": 5.526555, "time_diff": 184.170000, "triplet": 1.409892}
[08/12 15:19:36][INFO] utils.logging:   91: {"_type": "train_iter", "epoch": "13/30", "eta": "1:00:39", "iter": "7401/8376", "loss": 0.805189, "lr": 0.000209, "neg_dist": 4.217825, "pos_dist": 4.413671, "time_diff": 191.480000, "triplet": 0.570464}
[08/12 15:19:38][INFO] utils.logging:   91: {"_type": "train_iter", "epoch": "13/30", "eta": "1:00:30", "iter": "7601/8376", "loss": 1.728512, "lr": 0.000209, "neg_dist": 3.483200, "pos_dist": 4.646802, "time_diff": 193.790000, "triplet": 1.463602}
[08/12 15:19:41][INFO] utils.logging:   91: {"_type": "train_iter", "epoch": "13/30", "eta": "1:00:22", "iter": "7801/8376", "loss": 1.265242, "lr": 0.000209, "neg_dist": 3.376118, "pos_dist": 4.082496, "time_diff": 196.690000, "triplet": 1.006378}
[08/12 15:19:49][INFO] utils.logging:   91: {"_type": "train_iter", "epoch": "13/30", "eta": "1:00:20", "iter": "8001/8376", "loss": 1.512912, "lr": 0.000209, "neg_dist": 3.847886, "pos_dist": 4.792700, "time_diff": 204.410000, "triplet": 1.252521}
[08/12 15:19:56][INFO] utils.logging:   91: {"_type": "train_iter", "epoch": "13/30", "eta": "1:00:18", "iter": "8201/8376", "loss": 0.978287, "lr": 0.000209, "neg_dist": 3.221714, "pos_dist": 3.578321, "time_diff": 211.890000, "triplet": 0.678000}
[08/12 15:19:59][INFO] utils.logging:   91: {"RAM": "18.38/125.63 GB", "_type": "train_epoch", "epoch": "13/30", "eta": "1:00:12", "gpu_mem": "0.39 GB", "loss": 1.232864, "lr": 0.000209, "neg_dist": 3.583650, "pos_dist": 4.170167, "time_diff": 214.750000, "triplet": 0.956265}
[08/12 15:20:00][INFO] utils.logging:   91: {"_type": "val_epoch", "epoch": "13/30", "loss": 1.197894}
[08/12 15:20:00][INFO] __main__:  187: Best checkpoint: output/frame_selector/ssv2_ViT-B16_Diverse_BiMHM/frame_selector_best.pth (loss=1.197894)
[08/12 15:20:00][INFO] __main__:  489: New best val loss: 1.197894 at epoch 12
[08/12 15:20:00][INFO] utils.logging:   91: {"_type": "train_iter", "epoch": "14/30", "eta": "1:00:13", "iter": "1/8376", "loss": 1.252228, "lr": 0.000193, "neg_dist": 3.247041, "pos_dist": 3.934939, "time_diff": 0.070000, "triplet": 0.987898}
[08/12 15:20:05][INFO] utils.logging:   91: {"_type": "train_iter", "epoch": "14/30", "eta": "1:00:07", "iter": "201/8376", "loss": 1.216963, "lr": 0.000193, "neg_dist": 3.317663, "pos_dist": 3.974035, "time_diff": 4.640000, "triplet": 0.956372}
[08/12 15:20:12][INFO] utils.logging:   91: {"_type": "train_iter", "epoch": "14/30", "eta": "1:00:05", "iter": "401/8376", "loss": 1.276856, "lr": 0.000193, "neg_dist": 3.733752, "pos_dist": 4.472257, "time_diff": 11.850000, "triplet": 1.038504}
[08/12 15:20:19][INFO] utils.logging:   91: {"_type": "train_iter", "epoch": "14/30", "eta": "1:00:02", "iter": "601/8376", "loss": 1.831004, "lr": 0.000193, "neg_dist": 3.327691, "pos_dist": 4.592223, "time_diff": 18.860000, "triplet": 1.564532}
[08/12 15:20:21][INFO] utils.logging:   91: {"_type": "train_iter", "epoch": "14/30", "eta": "0:59:54", "iter": "801/8376", "loss": 1.709979, "lr": 0.000193, "neg_dist": 4.100155, "pos_dist": 5.237936, "time_diff": 21.160000, "triplet": 1.437781}
[08/12 15:20:24][INFO] utils.logging:   91: {"_type": "train_iter", "epoch": "14/30", "eta": "0:59:46", "iter": "1001/8376", "loss": 0.816257, "lr": 0.000193, "neg_dist": 3.388872, "pos_dist": 3.632856, "time_diff": 24.260000, "triplet": 0.545471}
[08/12 15:20:32][INFO] utils.logging:   91: {"_type": "train_iter", "epoch": "14/30", "eta": "0:59:44", "iter": "1201/8376", "loss": 0.660335, "lr": 0.000193, "neg_dist": 3.501293, "pos_dist": 3.529737, "time_diff": 31.600000, "triplet": 0.380661}
[08/12 15:20:39][INFO] utils.logging:   91: {"_type": "train_iter", "epoch": "14/30", "eta": "0:59:42", "iter": "1401/8376", "loss": 1.565001, "lr": 0.000193, "neg_dist": 3.381658, "pos_dist": 4.376310, "time_diff": 38.910000, "triplet": 1.294653}
[08/12 15:20:42][INFO] utils.logging:   91: {"_type": "train_iter", "epoch": "14/30", "eta": "0:59:34", "iter": "1601/8376", "loss": 1.579136, "lr": 0.000193, "neg_dist": 3.286360, "pos_dist": 4.322670, "time_diff": 42.230000, "triplet": 1.336310}
[08/12 15:20:44][INFO] utils.logging:   91: {"_type": "train_iter", "epoch": "14/30", "eta": "0:59:25", "iter": "1801/8376", "loss": 1.682535, "lr": 0.000193, "neg_dist": 4.173993, "pos_dist": 5.328487, "time_diff": 43.850000, "triplet": 1.468151}
[08/12 15:20:51][INFO] utils.logging:   91: {"_type": "train_iter", "epoch": "14/30", "eta": "0:59:23", "iter": "2001/8376", "loss": 1.320280, "lr": 0.000193, "neg_dist": 3.959886, "pos_dist": 4.735267, "time_diff": 51.220000, "triplet": 1.075381}
[08/12 15:20:59][INFO] utils.logging:   91: {"_type": "train_iter", "epoch": "14/30", "eta": "0:59:21", "iter": "2201/8376", "loss": 1.511236, "lr": 0.000193, "neg_dist": 4.212640, "pos_dist": 5.157934, "time_diff": 58.580000, "triplet": 1.264864}
[08/12 15:21:03][INFO] utils.logging:   91: {"_type": "train_iter", "epoch": "14/30", "eta": "0:59:15", "iter": "2401/8376", "loss": 1.175852, "lr": 0.000193, "neg_dist": 2.935682, "pos_dist": 3.523757, "time_diff": 63.310000, "triplet": 0.918746}
[08/12 15:21:05][INFO] utils.logging:   91: {"_type": "train_iter", "epoch": "14/30", "eta": "0:59:06", "iter": "2601/8376", "loss": 1.254647, "lr": 0.000193, "neg_dist": 3.103626, "pos_dist": 3.765603, "time_diff": 64.890000, "triplet": 0.981804}
[08/12 15:21:11][INFO] utils.logging:   91: {"_type": "train_iter", "epoch": "14/30", "eta": "0:59:02", "iter": "2801/8376", "loss": 1.131961, "lr": 0.000193, "neg_dist": 3.228894, "pos_dist": 3.690409, "time_diff": 70.960000, "triplet": 0.881638}
[08/12 15:21:18][INFO] utils.logging:   91: {"_type": "train_iter", "epoch": "14/30", "eta": "0:58:59", "iter": "3001/8376", "loss": 1.485957, "lr": 0.000193, "neg_dist": 2.912411, "pos_dist": 3.856935, "time_diff": 78.230000, "triplet": 1.244524}
[08/12 15:21:24][INFO] utils.logging:   91: {"_type": "train_iter", "epoch": "14/30", "eta": "0:58:56", "iter": "3201/8376", "loss": 1.021255, "lr": 0.000193, "neg_dist": 3.146271, "pos_dist": 3.391081, "time_diff": 84.270000, "triplet": 0.721911}
[08/12 15:21:26][INFO] utils.logging:   91: {"_type": "train_iter", "epoch": "14/30", "eta": "0:58:46", "iter": "3401/8376", "loss": 0.990802, "lr": 0.000193, "neg_dist": 2.834344, "pos_dist": 3.255648, "time_diff": 85.920000, "triplet": 0.721303}
[08/12 15:21:30][INFO] utils.logging:   91: {"_type": "train_iter", "epoch": "14/30", "eta": "0:58:40", "iter": "3601/8376", "loss": 1.197892, "lr": 0.000193, "neg_dist": 3.433719, "pos_dist": 4.056338, "time_diff": 90.350000, "triplet": 0.922619}
[08/12 15:21:38][INFO] utils.logging:   91: {"_type": "train_iter", "epoch": "14/30", "eta": "0:58:38", "iter": "3801/8376", "loss": 1.563203, "lr": 0.000193, "neg_dist": 3.655950, "pos_dist": 4.666476, "time_diff": 97.700000, "triplet": 1.310526}
[08/12 15:21:45][INFO] utils.logging:   91: {"_type": "train_iter", "epoch": "14/30", "eta": "0:58:36", "iter": "4001/8376", "loss": 1.475403, "lr": 0.000193, "neg_dist": 3.472483, "pos_dist": 4.376791, "time_diff": 104.850000, "triplet": 1.204307}
[08/12 15:21:47][INFO] utils.logging:   91: {"_type": "train_iter", "epoch": "14/30", "eta": "0:58:27", "iter": "4201/8376", "loss": 1.038502, "lr": 0.000193, "neg_dist": 3.746384, "pos_dist": 4.006373, "time_diff": 107.110000, "triplet": 0.810786}
[08/12 15:21:50][INFO] utils.logging:   91: {"_type": "train_iter", "epoch": "14/30", "eta": "0:58:19", "iter": "4401/8376", "loss": 1.372856, "lr": 0.000193, "neg_dist": 3.602019, "pos_dist": 4.396511, "time_diff": 109.970000, "triplet": 1.094492}
[08/12 15:21:57][INFO] utils.logging:   91: {"_type": "train_iter", "epoch": "14/30", "eta": "0:58:17", "iter": "4601/8376", "loss": 0.826815, "lr": 0.000193, "neg_dist": 2.996921, "pos_dist": 3.156858, "time_diff": 117.110000, "triplet": 0.546667}
[08/12 15:22:04][INFO] utils.logging:   91: {"_type": "train_iter", "epoch": "14/30", "eta": "0:58:14", "iter": "4801/8376", "loss": 1.432593, "lr": 0.000193, "neg_dist": 3.321590, "pos_dist": 4.184860, "time_diff": 124.250000, "triplet": 1.163270}
[08/12 15:22:08][INFO] utils.logging:   91: {"_type": "train_iter", "epoch": "14/30", "eta": "0:58:08", "iter": "5001/8376", "loss": 0.846664, "lr": 0.000193, "neg_dist": 3.654535, "pos_dist": 3.888306, "time_diff": 128.340000, "triplet": 0.581169}
[08/12 15:22:10][INFO] utils.logging:   91: {"_type": "train_iter", "epoch": "14/30", "eta": "0:57:59", "iter": "5201/8376", "loss": 0.534786, "lr": 0.000193, "neg_dist": 3.569440, "pos_dist": 3.406045, "time_diff": 129.950000, "triplet": 0.251660}
[08/12 15:22:16][INFO] utils.logging:   91: {"_type": "train_iter", "epoch": "14/30", "eta": "0:57:55", "iter": "5401/8376", "loss": 1.885234, "lr": 0.000193, "neg_dist": 3.950237, "pos_dist": 5.266915, "time_diff": 136.260000, "triplet": 1.616678}
[08/12 15:22:24][INFO] utils.logging:   91: {"_type": "train_iter", "epoch": "14/30", "eta": "0:57:53", "iter": "5601/8376", "loss": 0.991231, "lr": 0.000193, "neg_dist": 3.754258, "pos_dist": 3.871339, "time_diff": 143.520000, "triplet": 0.725727}
[08/12 15:22:30][INFO] utils.logging:   91: {"_type": "train_iter", "epoch": "14/30", "eta": "0:57:48", "iter": "5801/8376", "loss": 0.938710, "lr": 0.000193, "neg_dist": 3.961519, "pos_dist": 4.349099, "time_diff": 149.420000, "triplet": 0.691273}
[08/12 15:22:31][INFO] utils.logging:   91: {"_type": "train_iter", "epoch": "14/30", "eta": "0:57:39", "iter": "6001/8376", "loss": 1.171340, "lr": 0.000193, "neg_dist": 3.323770, "pos_dist": 3.868263, "time_diff": 151.010000, "triplet": 0.857425}
[08/12 15:22:36][INFO] utils.logging:   91: {"_type": "train_iter", "epoch": "14/30", "eta": "0:57:34", "iter": "6201/8376", "loss": 1.481733, "lr": 0.000193, "neg_dist": 2.973482, "pos_dist": 3.888537, "time_diff": 155.680000, "triplet": 1.215055}
[08/12 15:22:43][INFO] utils.logging:   91: {"_type": "train_iter", "epoch": "14/30", "eta": "0:57:31", "iter": "6401/8376", "loss": 1.118578, "lr": 0.000193, "neg_dist": 3.330288, "pos_dist": 3.829833, "time_diff": 163.090000, "triplet": 0.857430}
[08/12 15:22:50][INFO] utils.logging:   91: {"_type": "train_iter", "epoch": "14/30", "eta": "0:57:28", "iter": "6601/8376", "loss": 1.152761, "lr": 0.000193, "neg_dist": 3.604548, "pos_dist": 4.063655, "time_diff": 169.900000, "triplet": 0.878644}
[08/12 15:22:52][INFO] utils.logging:   91: {"_type": "train_iter", "epoch": "14/30", "eta": "0:57:20", "iter": "6801/8376", "loss": 0.278481, "lr": 0.000193, "neg_dist": 3.737130, "pos_dist": 3.212945, "time_diff": 172.100000, "triplet": 0.009284}
[08/12 15:22:56][INFO] utils.logging:   91: {"_type": "train_iter", "epoch": "14/30", "eta": "0:57:13", "iter": "7001/8376", "loss": 0.885802, "lr": 0.000193, "neg_dist": 3.578147, "pos_dist": 3.812335, "time_diff": 175.470000, "triplet": 0.628186}
[08/12 15:23:03][INFO] utils.logging:   91: {"_type": "train_iter", "epoch": "14/30", "eta": "0:57:10", "iter": "7201/8376", "loss": 1.191298, "lr": 0.000193, "neg_dist": 3.150008, "pos_dist": 3.577938, "time_diff": 182.750000, "triplet": 0.919008}
[08/12 15:23:11][INFO] utils.logging:   91: {"_type": "train_iter", "epoch": "14/30", "eta": "0:57:08", "iter": "7401/8376", "loss": 0.934945, "lr": 0.000193, "neg_dist": 3.411729, "pos_dist": 3.699160, "time_diff": 190.550000, "triplet": 0.653460}
[08/12 15:23:14][INFO] utils.logging:   91: {"_type": "train_iter", "epoch": "14/30", "eta": "0:57:01", "iter": "7601/8376", "loss": 1.476510, "lr": 0.000193, "neg_dist": 4.272964, "pos_dist": 5.166622, "time_diff": 193.540000, "triplet": 1.213002}
[08/12 15:23:16][INFO] utils.logging:   91: {"_type": "train_iter", "epoch": "14/30", "eta": "0:56:52", "iter": "7801/8376", "loss": 1.125193, "lr": 0.000193, "neg_dist": 2.845976, "pos_dist": 3.423790, "time_diff": 195.570000, "triplet": 0.877814}
[08/12 15:23:23][INFO] utils.logging:   91: {"_type": "train_iter", "epoch": "14/30", "eta": "0:56:50", "iter": "8001/8376", "loss": 1.168381, "lr": 0.000193, "neg_dist": 3.227467, "pos_dist": 3.413412, "time_diff": 203.010000, "triplet": 0.877612}
[08/12 15:23:30][INFO] utils.logging:   91: {"_type": "train_iter", "epoch": "14/30", "eta": "0:56:47", "iter": "8201/8376", "loss": 1.373353, "lr": 0.000193, "neg_dist": 3.413633, "pos_dist": 4.223927, "time_diff": 210.150000, "triplet": 1.110295}
[08/12 15:23:35][INFO] utils.logging:   91: {"RAM": "18.38/125.63 GB", "_type": "train_epoch", "epoch": "14/30", "eta": "0:56:43", "gpu_mem": "0.39 GB", "loss": 1.220744, "lr": 0.000193, "neg_dist": 3.585837, "pos_dist": 4.172899, "time_diff": 214.460000, "triplet": 0.955990}
[08/12 15:23:35][INFO] utils.logging:   91: {"_type": "val_epoch", "epoch": "14/30", "loss": 1.250569}
[08/12 15:23:36][INFO] utils.logging:   91: {"_type": "train_iter", "epoch": "15/30", "eta": "0:56:44", "iter": "1/8376", "loss": 0.793087, "lr": 0.000176, "neg_dist": 3.809248, "pos_dist": 3.386160, "time_diff": 0.070000, "triplet": 0.502568}
[08/12 15:23:39][INFO] utils.logging:   91: {"_type": "train_iter", "epoch": "15/30", "eta": "0:56:37", "iter": "201/8376", "loss": 1.018077, "lr": 0.000176, "neg_dist": 3.410781, "pos_dist": 3.539185, "time_diff": 3.400000, "triplet": 0.740678}
[08/12 15:23:46][INFO] utils.logging:   91: {"_type": "train_iter", "epoch": "15/30", "eta": "0:56:34", "iter": "401/8376", "loss": 0.982592, "lr": 0.000176, "neg_dist": 2.899238, "pos_dist": 3.311383, "time_diff": 10.690000, "triplet": 0.730848}
[08/12 15:23:54][INFO] utils.logging:   91: {"_type": "train_iter", "epoch": "15/30", "eta": "0:56:32", "iter": "601/8376", "loss": 1.416447, "lr": 0.000176, "neg_dist": 3.485795, "pos_dist": 4.337705, "time_diff": 18.130000, "triplet": 1.157958}
[08/12 15:23:57][INFO] utils.logging:   91: {"_type": "train_iter", "epoch": "15/30", "eta": "0:56:24", "iter": "801/8376", "loss": 1.196661, "lr": 0.000176, "neg_dist": 3.748417, "pos_dist": 4.364271, "time_diff": 21.180000, "triplet": 0.943616}
[08/12 15:23:59][INFO] utils.logging:   91: {"_type": "train_iter", "epoch": "15/30", "eta": "0:56:16", "iter": "1001/8376", "loss": 1.091548, "lr": 0.000176, "neg_dist": 3.690044, "pos_dist": 4.115788, "time_diff": 23.390000, "triplet": 0.817790}
[08/12 15:24:06][INFO] utils.logging:   91: {"_type": "train_iter", "epoch": "15/30", "eta": "0:56:13", "iter": "1201/8376", "loss": 1.702229, "lr": 0.000176, "neg_dist": 3.533205, "pos_dist": 4.585199, "time_diff": 30.300000, "triplet": 1.480395}
[08/12 15:24:13][INFO] utils.logging:   91: {"_type": "train_iter", "epoch": "15/30", "eta": "0:56:10", "iter": "1401/8376", "loss": 1.138222, "lr": 0.000176, "neg_dist": 3.572402, "pos_dist": 4.090416, "time_diff": 37.670000, "triplet": 0.894923}
[08/12 15:24:18][INFO] utils.logging:   91: {"_type": "train_iter", "epoch": "15/30", "eta": "0:56:05", "iter": "1601/8376", "loss": 1.107365, "lr": 0.000176, "neg_dist": 4.317165, "pos_dist": 4.536244, "time_diff": 42.290000, "triplet": 0.828806}
[08/12 15:24:19][INFO] utils.logging:   91: {"_type": "train_iter", "epoch": "15/30", "eta": "0:55:56", "iter": "1801/8376", "loss": 1.114147, "lr": 0.000176, "neg_dist": 2.696419, "pos_dist": 3.199767, "time_diff": 43.890000, "triplet": 0.842776}
[08/12 15:24:26][INFO] utils.logging:   91: {"_type": "train_iter", "epoch": "15/30", "eta": "0:55:53", "iter": "2001/8376", "loss": 1.364637, "lr": 0.000176, "neg_dist": 3.013639, "pos_dist": 3.816921, "time_diff": 50.610000, "triplet": 1.103283}
[08/12 15:24:33][INFO] utils.logging:   91: {"_type": "train_iter", "epoch": "15/30", "eta": "0:55:50", "iter": "2201/8376", "loss": 0.946987, "lr": 0.000176, "neg_dist": 3.657316, "pos_dist": 3.295466, "time_diff": 57.830000, "triplet": 0.653226}
[08/12 15:24:39][INFO] utils.logging:   91: {"_type": "train_iter", "epoch": "15/30", "eta": "0:55:45", "iter": "2401/8376", "loss": 1.109595, "lr": 0.000176, "neg_dist": 3.596331, "pos_dist": 4.059594, "time_diff": 63.300000, "triplet": 0.847713}
[08/12 15:24:40][INFO] utils.logging:   91: {"_type": "train_iter", "epoch": "15/30", "eta": "0:55:36", "iter": "2601/8376", "loss": 1.767175, "lr": 0.000176, "neg_dist": 3.552624, "pos_dist": 4.753434, "time_diff": 64.950000, "triplet": 1.500810}
[08/12 15:24:46][INFO] utils.logging:   91: {"_type": "train_iter", "epoch": "15/30", "eta": "0:55:31", "iter": "2801/8376", "loss": 2.082885, "lr": 0.000176, "neg_dist": 3.317058, "pos_dist": 4.850426, "time_diff": 70.140000, "triplet": 1.846057}
[08/12 15:24:53][INFO] utils.logging:   91: {"_type": "train_iter", "epoch": "15/30", "eta": "0:55:29", "iter": "3001/8376", "loss": 1.326576, "lr": 0.000176, "neg_dist": 3.670291, "pos_dist": 4.426623, "time_diff": 77.630000, "triplet": 1.063722}
[08/12 15:24:59][INFO] utils.logging:   91: {"_type": "train_iter", "epoch": "15/30", "eta": "0:55:25", "iter": "3201/8376", "loss": 0.902305, "lr": 0.000176, "neg_dist": 3.997759, "pos_dist": 4.184544, "time_diff": 83.920000, "triplet": 0.612237}
[08/12 15:25:02][INFO] utils.logging:   91: {"_type": "train_iter", "epoch": "15/30", "eta": "0:55:17", "iter": "3401/8376", "loss": 1.415033, "lr": 0.000176, "neg_dist": 3.770318, "pos_dist": 4.622717, "time_diff": 86.120000, "triplet": 1.152398}
[08/12 15:25:06][INFO] utils.logging:   91: {"_type": "train_iter", "epoch": "15/30", "eta": "0:55:11", "iter": "3601/8376", "loss": 0.929825, "lr": 0.000176, "neg_dist": 3.293052, "pos_dist": 3.640258, "time_diff": 90.320000, "triplet": 0.668224}
[08/12 15:25:13][INFO] utils.logging:   91: {"_type": "train_iter", "epoch": "15/30", "eta": "0:55:08", "iter": "3801/8376", "loss": 1.433501, "lr": 0.000176, "neg_dist": 3.450952, "pos_dist": 4.289317, "time_diff": 97.170000, "triplet": 1.138365}
[08/12 15:25:20][INFO] utils.logging:   91: {"_type": "train_iter", "epoch": "15/30", "eta": "0:55:05", "iter": "4001/8376", "loss": 1.139153, "lr": 0.000176, "neg_dist": 4.412780, "pos_dist": 4.814609, "time_diff": 104.770000, "triplet": 0.876884}
[08/12 15:25:23][INFO] utils.logging:   91: {"_type": "train_iter", "epoch": "15/30", "eta": "0:54:57", "iter": "4201/8376", "loss": 1.017241, "lr": 0.000176, "neg_dist": 3.519277, "pos_dist": 3.937274, "time_diff": 107.180000, "triplet": 0.717996}
[08/12 15:25:25][INFO] utils.logging:   91: {"_type": "train_iter", "epoch": "15/30", "eta": "0:54:50", "iter": "4401/8376", "loss": 1.354684, "lr": 0.000176, "neg_dist": 3.648702, "pos_dist": 4.427672, "time_diff": 109.730000, "triplet": 1.086020}
[08/12 15:25:32][INFO] utils.logging:   91: {"_type": "train_iter", "epoch": "15/30", "eta": "0:54:47", "iter": "4601/8376", "loss": 0.795993, "lr": 0.000176, "neg_dist": 4.123613, "pos_dist": 4.139668, "time_diff": 116.720000, "triplet": 0.523312}
[08/12 15:25:40][INFO] utils.logging:   91: {"_type": "train_iter", "epoch": "15/30", "eta": "0:54:44", "iter": "4801/8376", "loss": 1.496509, "lr": 0.000176, "neg_dist": 3.991391, "pos_dist": 4.942966, "time_diff": 124.250000, "triplet": 1.251576}
[08/12 15:25:44][INFO] utils.logging:   91: {"_type": "train_iter", "epoch": "15/30", "eta": "0:54:38", "iter": "5001/8376", "loss": 1.828369, "lr": 0.000176, "neg_dist": 3.025922, "pos_dist": 4.233247, "time_diff": 128.360000, "triplet": 1.585133}
[08/12 15:25:45][INFO] utils.logging:   91: {"_type": "train_iter", "epoch": "15/30", "eta": "0:54:29", "iter": "5201/8376", "loss": 1.395026, "lr": 0.000176, "neg_dist": 3.334574, "pos_dist": 4.179199, "time_diff": 130.020000, "triplet": 1.144625}
[08/12 15:25:53][INFO] utils.logging:   91: {"_type": "train_iter", "epoch": "15/30", "eta": "0:54:26", "iter": "5401/8376", "loss": 1.146716, "lr": 0.000176, "neg_dist": 4.096347, "pos_dist": 4.296278, "time_diff": 137.120000, "triplet": 0.824594}
[08/12 15:26:00][INFO] utils.logging:   91: {"_type": "train_iter", "epoch": "15/30", "eta": "0:54:24", "iter": "5601/8376", "loss": 1.590767, "lr": 0.000176, "neg_dist": 3.417085, "pos_dist": 4.458450, "time_diff": 144.730000, "triplet": 1.341365}
[08/12 15:26:05][INFO] utils.logging:   91: {"_type": "train_iter", "epoch": "15/30", "eta": "0:54:18", "iter": "5801/8376", "loss": 0.912017, "lr": 0.000176, "neg_dist": 3.050927, "pos_dist": 3.422850, "time_diff": 149.440000, "triplet": 0.671922}
[08/12 15:26:06][INFO] utils.logging:   91: {"_type": "train_iter", "epoch": "15/30", "eta": "0:54:10", "iter": "6001/8376", "loss": 1.206521, "lr": 0.000176, "neg_dist": 3.800820, "pos_dist": 4.459290, "time_diff": 151.030000, "triplet": 0.958470}
[08/12 15:26:12][INFO] utils.logging:   91: {"_type": "train_iter", "epoch": "15/30", "eta": "0:54:05", "iter": "6201/8376", "loss": 1.235530, "lr": 0.000176, "neg_dist": 3.299635, "pos_dist": 3.982345, "time_diff": 156.560000, "triplet": 0.982710}
[08/12 15:26:19][INFO] utils.logging:   91: {"_type": "train_iter", "epoch": "15/30", "eta": "0:54:02", "iter": "6401/8376", "loss": 1.064005, "lr": 0.000176, "neg_dist": 2.696855, "pos_dist": 3.190271, "time_diff": 163.750000, "triplet": 0.793415}
[08/12 15:26:26][INFO] utils.logging:   91: {"_type": "train_iter", "epoch": "15/30", "eta": "0:53:59", "iter": "6601/8376", "loss": 1.068080, "lr": 0.000176, "neg_dist": 3.325138, "pos_dist": 3.773311, "time_diff": 170.300000, "triplet": 0.767738}
[08/12 15:26:28][INFO] utils.logging:   91: {"_type": "train_iter", "epoch": "15/30", "eta": "0:53:50", "iter": "6801/8376", "loss": 0.976648, "lr": 0.000176, "neg_dist": 3.511673, "pos_dist": 3.828297, "time_diff": 172.080000, "triplet": 0.720478}
[08/12 15:26:32][INFO] utils.logging:   91: {"_type": "train_iter", "epoch": "15/30", "eta": "0:53:44", "iter": "7001/8376", "loss": 1.776864, "lr": 0.000176, "neg_dist": 3.529783, "pos_dist": 4.738225, "time_diff": 176.490000, "triplet": 1.508442}
[08/12 15:26:39][INFO] utils.logging:   91: {"_type": "train_iter", "epoch": "15/30", "eta": "0:53:41", "iter": "7201/8376", "loss": 1.694058, "lr": 0.000176, "neg_dist": 3.219773, "pos_dist": 4.328634, "time_diff": 183.490000, "triplet": 1.408862}
[08/12 15:26:46][INFO] utils.logging:   91: {"_type": "train_iter", "epoch": "15/30", "eta": "0:53:39", "iter": "7401/8376", "loss": 1.449612, "lr": 0.000176, "neg_dist": 3.576500, "pos_dist": 4.414247, "time_diff": 190.960000, "triplet": 1.180057}
[08/12 15:26:49][INFO] utils.logging:   91: {"_type": "train_iter", "epoch": "15/30", "eta": "0:53:31", "iter": "7601/8376", "loss": 0.873910, "lr": 0.000176, "neg_dist": 2.911567, "pos_dist": 3.192193, "time_diff": 193.270000, "triplet": 0.629060}
[08/12 15:26:51][INFO] utils.logging:   91: {"_type": "train_iter", "epoch": "15/30", "eta": "0:53:23", "iter": "7801/8376", "loss": 1.046207, "lr": 0.000176, "neg_dist": 4.055136, "pos_dist": 4.202241, "time_diff": 195.620000, "triplet": 0.754489}
[08/12 15:26:58][INFO] utils.logging:   91: {"_type": "train_iter", "epoch": "15/30", "eta": "0:53:20", "iter": "8001/8376", "loss": 1.686629, "lr": 0.000176, "neg_dist": 3.796790, "pos_dist": 4.914519, "time_diff": 202.440000, "triplet": 1.417729}
[08/12 15:27:05][INFO] utils.logging:   91: {"_type": "train_iter", "epoch": "15/30", "eta": "0:53:17", "iter": "8201/8376", "loss": 0.886593, "lr": 0.000176, "neg_dist": 3.422359, "pos_dist": 3.631188, "time_diff": 209.910000, "triplet": 0.605613}
[08/12 15:27:10][INFO] utils.logging:   91: {"RAM": "18.39/125.63 GB", "_type": "train_epoch", "epoch": "15/30", "eta": "0:53:12", "gpu_mem": "0.39 GB", "loss": 1.223800, "lr": 0.000176, "neg_dist": 3.582711, "pos_dist": 4.173899, "time_diff": 214.180000, "triplet": 0.959907}
[08/12 15:27:11][INFO] utils.logging:   91: {"_type": "val_epoch", "epoch": "15/30", "loss": 1.208232}
[08/12 15:27:11][INFO] utils.logging:   91: {"_type": "train_iter", "epoch": "16/30", "eta": "0:53:13", "iter": "1/8376", "loss": 1.194900, "lr": 0.000159, "neg_dist": 3.516327, "pos_dist": 4.144371, "time_diff": 0.100000, "triplet": 0.928045}
[08/12 15:27:15][INFO] utils.logging:   91: {"_type": "train_iter", "epoch": "16/30", "eta": "0:53:07", "iter": "201/8376", "loss": 1.432995, "lr": 0.000159, "neg_dist": 3.268190, "pos_dist": 4.129476, "time_diff": 4.110000, "triplet": 1.183549}
[08/12 15:27:23][INFO] utils.logging:   91: {"_type": "train_iter", "epoch": "16/30", "eta": "0:53:05", "iter": "401/8376", "loss": 1.621356, "lr": 0.000159, "neg_dist": 3.393756, "pos_dist": 4.453395, "time_diff": 11.970000, "triplet": 1.359639}
[08/12 15:27:30][INFO] utils.logging:   91: {"_type": "train_iter", "epoch": "16/30", "eta": "0:53:02", "iter": "601/8376", "loss": 1.570081, "lr": 0.000159, "neg_dist": 4.036555, "pos_dist": 5.033288, "time_diff": 18.950000, "triplet": 1.296733}
[08/12 15:27:32][INFO] utils.logging:   91: {"_type": "train_iter", "epoch": "16/30", "eta": "0:52:54", "iter": "801/8376", "loss": 0.716963, "lr": 0.000159, "neg_dist": 3.945105, "pos_dist": 4.037479, "time_diff": 21.230000, "triplet": 0.459082}
[08/12 15:27:35][INFO] utils.logging:   91: {"_type": "train_iter", "epoch": "16/30", "eta": "0:52:47", "iter": "1001/8376", "loss": 0.758836, "lr": 0.000159, "neg_dist": 3.637254, "pos_dist": 3.706417, "time_diff": 24.470000, "triplet": 0.511415}
[08/12 15:27:43][INFO] utils.logging:   91: {"_type": "train_iter", "epoch": "16/30", "eta": "0:52:44", "iter": "1201/8376", "loss": 1.339981, "lr": 0.000159, "neg_dist": 3.631613, "pos_dist": 4.423770, "time_diff": 32.120000, "triplet": 1.092157}
[08/12 15:27:51][INFO] utils.logging:   91: {"_type": "train_iter", "epoch": "16/30", "eta": "0:52:42", "iter": "1401/8376", "loss": 0.996095, "lr": 0.000159, "neg_dist": 3.366608, "pos_dist": 3.745397, "time_diff": 39.900000, "triplet": 0.740671}
[08/12 15:27:53][INFO] utils.logging:   91: {"_type": "train_iter", "epoch": "16/30", "eta": "0:52:34", "iter": "1601/8376", "loss": 0.847088, "lr": 0.000159, "neg_dist": 3.814374, "pos_dist": 3.878215, "time_diff": 42.180000, "triplet": 0.568325}
[08/12 15:27:56][INFO] utils.logging:   91: {"_type": "train_iter", "epoch": "16/30", "eta": "0:52:27", "iter": "1801/8376", "loss": 1.394399, "lr": 0.000159, "neg_dist": 3.040694, "pos_dist": 3.895729, "time_diff": 45.380000, "triplet": 1.155034}
[08/12 15:28:04][INFO] utils.logging:   91: {"_type": "train_iter", "epoch": "16/30", "eta": "0:52:24", "iter": "2001/8376", "loss": 0.946112, "lr": 0.000159, "neg_dist": 3.918566, "pos_dist": 4.273942, "time_diff": 52.850000, "triplet": 0.665009}
[08/12 15:28:12][INFO] utils.logging:   91: {"_type": "train_iter", "epoch": "16/30", "eta": "0:52:22", "iter": "2201/8376", "loss": 1.403709, "lr": 0.000159, "neg_dist": 4.070219, "pos_dist": 4.821465, "time_diff": 60.830000, "triplet": 1.140257}
[08/12 15:28:14][INFO] utils.logging:   91: {"_type": "train_iter", "epoch": "16/30", "eta": "0:52:14", "iter": "2401/8376", "loss": 1.282479, "lr": 0.000159, "neg_dist": 3.980754, "pos_dist": 4.589026, "time_diff": 63.090000, "triplet": 1.018017}
[08/12 15:28:16][INFO] utils.logging:   91: {"_type": "train_iter", "epoch": "16/30", "eta": "0:52:07", "iter": "2601/8376", "loss": 1.005119, "lr": 0.000159, "neg_dist": 2.767433, "pos_dist": 3.165617, "time_diff": 65.680000, "triplet": 0.734942}
[08/12 15:28:24][INFO] utils.logging:   91: {"_type": "train_iter", "epoch": "16/30", "eta": "0:52:04", "iter": "2801/8376", "loss": 1.546603, "lr": 0.000159, "neg_dist": 3.135632, "pos_dist": 4.075058, "time_diff": 73.110000, "triplet": 1.239426}
[08/12 15:28:32][INFO] utils.logging:   91: {"_type": "train_iter", "epoch": "16/30", "eta": "0:52:01", "iter": "3001/8376", "loss": 1.347825, "lr": 0.000159, "neg_dist": 3.395082, "pos_dist": 4.166970, "time_diff": 80.940000, "triplet": 1.071888}
[08/12 15:28:35][INFO] utils.logging:   91: {"_type": "train_iter", "epoch": "16/30", "eta": "0:51:55", "iter": "3201/8376", "loss": 0.740625, "lr": 0.000159, "neg_dist": 3.874687, "pos_dist": 3.765498, "time_diff": 84.140000, "triplet": 0.498472}
[08/12 15:28:37][INFO] utils.logging:   91: {"_type": "train_iter", "epoch": "16/30", "eta": "0:51:46", "iter": "3401/8376", "loss": 0.945140, "lr": 0.000159, "neg_dist": 3.764588, "pos_dist": 4.102557, "time_diff": 86.000000, "triplet": 0.684382}
[08/12 15:28:44][INFO] utils.logging:   91: {"_type": "train_iter", "epoch": "16/30", "eta": "0:51:44", "iter": "3601/8376", "loss": 1.369346, "lr": 0.000159, "neg_dist": 3.253973, "pos_dist": 4.041625, "time_diff": 93.690000, "triplet": 1.112725}
[08/12 15:28:52][INFO] utils.logging:   91: {"_type": "train_iter", "epoch": "16/30", "eta": "0:51:41", "iter": "3801/8376", "loss": 0.555092, "lr": 0.000159, "neg_dist": 3.875610, "pos_dist": 3.519166, "time_diff": 101.330000, "triplet": 0.278136}
[08/12 15:28:56][INFO] utils.logging:   91: {"_type": "train_iter", "epoch": "16/30", "eta": "0:51:35", "iter": "4001/8376", "loss": 0.948221, "lr": 0.000159, "neg_dist": 3.757846, "pos_dist": 4.084917, "time_diff": 105.320000, "triplet": 0.665050}
[08/12 15:28:58][INFO] utils.logging:   91: {"_type": "train_iter", "epoch": "16/30", "eta": "0:51:27", "iter": "4201/8376", "loss": 1.222739, "lr": 0.000159, "neg_dist": 3.463462, "pos_dist": 4.108274, "time_diff": 106.970000, "triplet": 0.955784}
[08/12 15:29:05][INFO] utils.logging:   91: {"_type": "train_iter", "epoch": "16/30", "eta": "0:51:24", "iter": "4401/8376", "loss": 1.610341, "lr": 0.000159, "neg_dist": 3.053406, "pos_dist": 4.081126, "time_diff": 114.520000, "triplet": 1.329399}
[08/12 15:29:13][INFO] utils.logging:   91: {"_type": "train_iter", "epoch": "16/30", "eta": "0:51:21", "iter": "4601/8376", "loss": 0.969064, "lr": 0.000159, "neg_dist": 3.689687, "pos_dist": 3.615560, "time_diff": 122.080000, "triplet": 0.701025}
[08/12 15:29:17][INFO] utils.logging:   91: {"_type": "train_iter", "epoch": "16/30", "eta": "0:51:15", "iter": "4801/8376", "loss": 1.549207, "lr": 0.000159, "neg_dist": 3.620129, "pos_dist": 4.634126, "time_diff": 126.320000, "triplet": 1.313997}
[08/12 15:29:19][INFO] utils.logging:   91: {"_type": "train_iter", "epoch": "16/30", "eta": "0:51:07", "iter": "5001/8376", "loss": 1.005471, "lr": 0.000159, "neg_dist": 3.214366, "pos_dist": 3.568947, "time_diff": 127.990000, "triplet": 0.746083}
[08/12 15:29:27][INFO] utils.logging:   91: {"_type": "train_iter", "epoch": "16/30", "eta": "0:51:04", "iter": "5201/8376", "loss": 1.124074, "lr": 0.000159, "neg_dist": 3.629297, "pos_dist": 3.984372, "time_diff": 135.810000, "triplet": 0.821188}
[08/12 15:29:34][INFO] utils.logging:   91: {"_type": "train_iter", "epoch": "16/30", "eta": "0:51:02", "iter": "5401/8376", "loss": 0.954591, "lr": 0.000159, "neg_dist": 3.351295, "pos_dist": 3.500475, "time_diff": 143.600000, "triplet": 0.678890}
[08/12 15:29:38][INFO] utils.logging:   91: {"_type": "train_iter", "epoch": "16/30", "eta": "0:50:55", "iter": "5601/8376", "loss": 1.880816, "lr": 0.000159, "neg_dist": 4.043638, "pos_dist": 5.378369, "time_diff": 147.300000, "triplet": 1.634732}
[08/12 15:29:40][INFO] utils.logging:   91: {"_type": "train_iter", "epoch": "16/30", "eta": "0:50:47", "iter": "5801/8376", "loss": 1.111876, "lr": 0.000159, "neg_dist": 3.858819, "pos_dist": 4.385913, "time_diff": 148.930000, "triplet": 0.853364}
[08/12 15:29:47][INFO] utils.logging:   91: {"_type": "train_iter", "epoch": "16/30", "eta": "0:50:44", "iter": "6001/8376", "loss": 1.053137, "lr": 0.000159, "neg_dist": 2.586678, "pos_dist": 3.082484, "time_diff": 155.970000, "triplet": 0.795806}
[08/12 15:29:54][INFO] utils.logging:   91: {"_type": "train_iter", "epoch": "16/30", "eta": "0:50:41", "iter": "6201/8376", "loss": 1.239174, "lr": 0.000159, "neg_dist": 3.322464, "pos_dist": 3.979273, "time_diff": 163.640000, "triplet": 0.992426}
[08/12 15:29:59][INFO] utils.logging:   91: {"_type": "train_iter", "epoch": "16/30", "eta": "0:50:36", "iter": "6401/8376", "loss": 1.400967, "lr": 0.000159, "neg_dist": 3.563210, "pos_dist": 4.408410, "time_diff": 168.460000, "triplet": 1.145200}
[08/12 15:30:01][INFO] utils.logging:   91: {"_type": "train_iter", "epoch": "16/30", "eta": "0:50:28", "iter": "6601/8376", "loss": 1.166503, "lr": 0.000159, "neg_dist": 3.210231, "pos_dist": 3.817501, "time_diff": 170.150000, "triplet": 0.907269}
[08/12 15:30:07][INFO] utils.logging:   91: {"_type": "train_iter", "epoch": "16/30", "eta": "0:50:23", "iter": "6801/8376", "loss": 1.303535, "lr": 0.000159, "neg_dist": 3.406937, "pos_dist": 4.071476, "time_diff": 176.150000, "triplet": 1.037512}
[08/12 15:30:14][INFO] utils.logging:   91: {"_type": "train_iter", "epoch": "16/30", "eta": "0:50:20", "iter": "7001/8376", "loss": 1.224445, "lr": 0.000159, "neg_dist": 3.576052, "pos_dist": 4.250200, "time_diff": 183.600000, "triplet": 0.974148}
[08/12 15:30:20][INFO] utils.logging:   91: {"_type": "train_iter", "epoch": "16/30", "eta": "0:50:16", "iter": "7201/8376", "loss": 1.593022, "lr": 0.000159, "neg_dist": 3.428801, "pos_dist": 4.432580, "time_diff": 189.410000, "triplet": 1.303779}
[08/12 15:30:22][INFO] utils.logging:   91: {"_type": "train_iter", "epoch": "16/30", "eta": "0:50:08", "iter": "7401/8376", "loss": 1.644261, "lr": 0.000159, "neg_dist": 3.200012, "pos_dist": 4.285153, "time_diff": 191.030000, "triplet": 1.385141}
[08/12 15:30:23][INFO] utils.logging:   91: {"_type": "train_iter", "epoch": "16/30", "eta": "0:50:00", "iter": "7601/8376", "loss": 1.369098, "lr": 0.000159, "neg_dist": 3.239454, "pos_dist": 4.030805, "time_diff": 192.670000, "triplet": 1.127430}
[08/12 15:30:27][INFO] utils.logging:   91: {"_type": "train_iter", "epoch": "16/30", "eta": "0:49:54", "iter": "7801/8376", "loss": 1.187213, "lr": 0.000159, "neg_dist": 3.487016, "pos_dist": 4.104660, "time_diff": 196.770000, "triplet": 0.918878}
[08/12 15:30:35][INFO] utils.logging:   91: {"_type": "train_iter", "epoch": "16/30", "eta": "0:49:51", "iter": "8001/8376", "loss": 1.219020, "lr": 0.000159, "neg_dist": 3.412912, "pos_dist": 3.974382, "time_diff": 204.560000, "triplet": 0.951143}
[08/12 15:30:42][INFO] utils.logging:   91: {"_type": "train_iter", "epoch": "16/30", "eta": "0:49:48", "iter": "8201/8376", "loss": 1.290581, "lr": 0.000159, "neg_dist": 3.780192, "pos_dist": 4.514778, "time_diff": 211.630000, "triplet": 1.034587}
[08/12 15:30:44][INFO] __main__:  184: Checkpoint: output/frame_selector/ssv2_ViT-B16_Diverse_BiMHM/frame_selector_epoch0015.pth
[08/12 15:30:44][INFO] utils.logging:   91: {"RAM": "18.44/125.63 GB", "_type": "train_epoch", "epoch": "16/30", "eta": "0:49:41", "gpu_mem": "0.39 GB", "loss": 1.225785, "lr": 0.000159, "neg_dist": 3.580094, "pos_dist": 4.173164, "time_diff": 213.610000, "triplet": 0.962366}
[08/12 15:30:45][INFO] utils.logging:   91: {"_type": "val_epoch", "epoch": "16/30", "loss": 1.239207}
[08/12 15:30:45][INFO] utils.logging:   91: {"_type": "train_iter", "epoch": "17/30", "eta": "0:49:42", "iter": "1/8376", "loss": 1.094906, "lr": 0.000141, "neg_dist": 4.034102, "pos_dist": 4.354540, "time_diff": 0.090000, "triplet": 0.839811}
[08/12 15:30:52][INFO] utils.logging:   91: {"_type": "train_iter", "epoch": "17/30", "eta": "0:49:39", "iter": "201/8376", "loss": 1.528143, "lr": 0.000141, "neg_dist": 3.240309, "pos_dist": 4.168660, "time_diff": 7.270000, "triplet": 1.266130}
[08/12 15:31:00][INFO] utils.logging:   91: {"_type": "train_iter", "epoch": "17/30", "eta": "0:49:36", "iter": "401/8376", "loss": 1.019037, "lr": 0.000141, "neg_dist": 3.818360, "pos_dist": 4.289755, "time_diff": 15.150000, "triplet": 0.771395}
[08/12 15:31:05][INFO] utils.logging:   91: {"_type": "train_iter", "epoch": "17/30", "eta": "0:49:30", "iter": "601/8376", "loss": 0.679975, "lr": 0.000141, "neg_dist": 4.159449, "pos_dist": 4.228299, "time_diff": 19.630000, "triplet": 0.423522}
[08/12 15:31:06][INFO] utils.logging:   91: {"_type": "train_iter", "epoch": "17/30", "eta": "0:49:22", "iter": "801/8376", "loss": 1.743789, "lr": 0.000141, "neg_dist": 3.351517, "pos_dist": 4.538879, "time_diff": 21.250000, "triplet": 1.487361}
[08/12 15:31:12][INFO] utils.logging:   91: {"_type": "train_iter", "epoch": "17/30", "eta": "0:49:17", "iter": "1001/8376", "loss": 1.570670, "lr": 0.000141, "neg_dist": 3.321502, "pos_dist": 4.235022, "time_diff": 26.740000, "triplet": 1.268192}
[08/12 15:31:20][INFO] utils.logging:   91: {"_type": "train_iter", "epoch": "17/30", "eta": "0:49:15", "iter": "1201/8376", "loss": 1.113990, "lr": 0.000141, "neg_dist": 3.262719, "pos_dist": 3.818506, "time_diff": 34.490000, "triplet": 0.872730}
[08/12 15:31:26][INFO] utils.logging:   91: {"_type": "train_iter", "epoch": "17/30", "eta": "0:49:10", "iter": "1401/8376", "loss": 1.241184, "lr": 0.000141, "neg_dist": 3.819614, "pos_dist": 4.290182, "time_diff": 40.450000, "triplet": 0.953446}
[08/12 15:31:27][INFO] utils.logging:   91: {"_type": "train_iter", "epoch": "17/30", "eta": "0:49:02", "iter": "1601/8376", "loss": 1.037871, "lr": 0.000141, "neg_dist": 4.060775, "pos_dist": 4.366520, "time_diff": 42.110000, "triplet": 0.794063}
[08/12 15:31:33][INFO] utils.logging:   91: {"_type": "train_iter", "epoch": "17/30", "eta": "0:48:57", "iter": "1801/8376", "loss": 1.113212, "lr": 0.000141, "neg_dist": 3.136275, "pos_dist": 3.694798, "time_diff": 47.440000, "triplet": 0.858523}
[08/12 15:31:40][INFO] utils.logging:   91: {"_type": "train_iter", "epoch": "17/30", "eta": "0:48:55", "iter": "2001/8376", "loss": 1.172195, "lr": 0.000141, "neg_dist": 3.907511, "pos_dist": 4.490165, "time_diff": 55.280000, "triplet": 0.924412}
[08/12 15:31:47][INFO] utils.logging:   91: {"_type": "train_iter", "epoch": "17/30", "eta": "0:48:50", "iter": "2201/8376", "loss": 1.275373, "lr": 0.000141, "neg_dist": 3.919726, "pos_dist": 4.628654, "time_diff": 61.380000, "triplet": 1.046337}
[08/12 15:31:48][INFO] utils.logging:   91: {"_type": "train_iter", "epoch": "17/30", "eta": "0:48:43", "iter": "2401/8376", "loss": 1.411134, "lr": 0.000141, "neg_dist": 3.548586, "pos_dist": 4.380629, "time_diff": 63.210000, "triplet": 1.132042}
[08/12 15:31:52][INFO] utils.logging:   91: {"_type": "train_iter", "epoch": "17/30", "eta": "0:48:37", "iter": "2601/8376", "loss": 1.219788, "lr": 0.000141, "neg_dist": 3.956865, "pos_dist": 4.631533, "time_diff": 67.240000, "triplet": 0.974667}
[08/12 15:32:00][INFO] utils.logging:   91: {"_type": "train_iter", "epoch": "17/30", "eta": "0:48:33", "iter": "2801/8376", "loss": 2.245417, "lr": 0.000141, "neg_dist": 4.207173, "pos_dist": 5.873388, "time_diff": 74.440000, "triplet": 1.966215}
[08/12 15:32:07][INFO] utils.logging:   91: {"_type": "train_iter", "epoch": "17/30", "eta": "0:48:30", "iter": "3001/8376", "loss": 1.497703, "lr": 0.000141, "neg_dist": 3.673220, "pos_dist": 4.626119, "time_diff": 82.030000, "triplet": 1.252898}
[08/12 15:32:10][INFO] utils.logging:   91: {"_type": "train_iter", "epoch": "17/30", "eta": "0:48:23", "iter": "3201/8376", "loss": 1.318486, "lr": 0.000141, "neg_dist": 4.055449, "pos_dist": 4.817382, "time_diff": 84.310000, "triplet": 1.061934}
[08/12 15:32:12][INFO] utils.logging:   91: {"_type": "train_iter", "epoch": "17/30", "eta": "0:48:15", "iter": "3401/8376", "loss": 1.049618, "lr": 0.000141, "neg_dist": 3.537983, "pos_dist": 3.878406, "time_diff": 86.470000, "triplet": 0.819979}
[08/12 15:32:19][INFO] utils.logging:   91: {"_type": "train_iter", "epoch": "17/30", "eta": "0:48:12", "iter": "3601/8376", "loss": 0.676559, "lr": 0.000141, "neg_dist": 3.651016, "pos_dist": 3.700626, "time_diff": 94.260000, "triplet": 0.399357}
[08/12 15:32:27][INFO] utils.logging:   91: {"_type": "train_iter", "epoch": "17/30", "eta": "0:48:10", "iter": "3801/8376", "loss": 1.238880, "lr": 0.000141, "neg_dist": 3.147172, "pos_dist": 3.835407, "time_diff": 101.980000, "triplet": 0.989366}
[08/12 15:32:30][INFO] utils.logging:   91: {"_type": "train_iter", "epoch": "17/30", "eta": "0:48:03", "iter": "4001/8376", "loss": 0.991412, "lr": 0.000141, "neg_dist": 3.413984, "pos_dist": 3.825621, "time_diff": 105.250000, "triplet": 0.711637}
[08/12 15:32:32][INFO] utils.logging:   91: {"_type": "train_iter", "epoch": "17/30", "eta": "0:47:55", "iter": "4201/8376", "loss": 1.007052, "lr": 0.000141, "neg_dist": 3.607198, "pos_dist": 4.055588, "time_diff": 106.870000, "triplet": 0.753114}
[08/12 15:32:34][INFO] utils.logging:   91: {"_type": "train_iter", "epoch": "17/30", "eta": "0:47:47", "iter": "4401/8376", "loss": 1.036602, "lr": 0.000141, "neg_dist": 3.590834, "pos_dist": 3.991728, "time_diff": 108.480000, "triplet": 0.748902}
[08/12 15:32:39][INFO] utils.logging:   91: {"_type": "train_iter", "epoch": "17/30", "eta": "0:47:42", "iter": "4601/8376", "loss": 1.494863, "lr": 0.000141, "neg_dist": 3.831688, "pos_dist": 4.698018, "time_diff": 113.760000, "triplet": 1.166330}
[08/12 15:32:46][INFO] utils.logging:   91: {"_type": "train_iter", "epoch": "17/30", "eta": "0:47:39", "iter": "4801/8376", "loss": 1.085072, "lr": 0.000141, "neg_dist": 3.766920, "pos_dist": 4.263676, "time_diff": 121.240000, "triplet": 0.847818}
[08/12 15:32:53][INFO] utils.logging:   91: {"_type": "train_iter", "epoch": "17/30", "eta": "0:47:35", "iter": "5001/8376", "loss": 1.157323, "lr": 0.000141, "neg_dist": 3.806078, "pos_dist": 4.230982, "time_diff": 127.660000, "triplet": 0.900244}
[08/12 15:32:55][INFO] utils.logging:   91: {"_type": "train_iter", "epoch": "17/30", "eta": "0:47:27", "iter": "5201/8376", "loss": 1.287551, "lr": 0.000141, "neg_dist": 2.886166, "pos_dist": 3.608450, "time_diff": 129.380000, "triplet": 1.027015}
[08/12 15:32:59][INFO] utils.logging:   91: {"_type": "train_iter", "epoch": "17/30", "eta": "0:47:22", "iter": "5401/8376", "loss": 1.301148, "lr": 0.000141, "neg_dist": 3.409243, "pos_dist": 4.096557, "time_diff": 134.270000, "triplet": 1.074327}
[08/12 15:33:07][INFO] utils.logging:   91: {"_type": "train_iter", "epoch": "17/30", "eta": "0:47:19", "iter": "5601/8376", "loss": 0.806404, "lr": 0.000141, "neg_dist": 3.205706, "pos_dist": 3.457917, "time_diff": 141.960000, "triplet": 0.552211}
[08/12 15:33:14][INFO] utils.logging:   91: {"_type": "train_iter", "epoch": "17/30", "eta": "0:47:15", "iter": "5801/8376", "loss": 1.797483, "lr": 0.000141, "neg_dist": 3.350662, "pos_dist": 4.603945, "time_diff": 148.350000, "triplet": 1.553283}
[08/12 15:33:16][INFO] utils.logging:   91: {"_type": "train_iter", "epoch": "17/30", "eta": "0:47:07", "iter": "6001/8376", "loss": 0.841875, "lr": 0.000141, "neg_dist": 3.069212, "pos_dist": 3.239496, "time_diff": 150.370000, "triplet": 0.589768}
[08/12 15:33:18][INFO] utils.logging:   91: {"_type": "train_iter", "epoch": "17/30", "eta": "0:47:00", "iter": "6201/8376", "loss": 1.388171, "lr": 0.000141, "neg_dist": 4.066439, "pos_dist": 4.880325, "time_diff": 153.090000, "triplet": 1.113887}
[08/12 15:33:26][INFO] utils.logging:   91: {"_type": "train_iter", "epoch": "17/30", "eta": "0:46:58", "iter": "6401/8376", "loss": 1.346131, "lr": 0.000141, "neg_dist": 3.770126, "pos_dist": 4.515775, "time_diff": 161.080000, "triplet": 1.105769}
[08/12 15:33:34][INFO] utils.logging:   91: {"_type": "train_iter", "epoch": "17/30", "eta": "0:46:55", "iter": "6601/8376", "loss": 2.221143, "lr": 0.000141, "neg_dist": 3.232780, "pos_dist": 4.881231, "time_diff": 169.110000, "triplet": 1.948451}
[08/12 15:33:37][INFO] utils.logging:   91: {"_type": "train_iter", "epoch": "17/30", "eta": "0:46:48", "iter": "6801/8376", "loss": 0.935851, "lr": 0.000141, "neg_dist": 3.592071, "pos_dist": 3.935537, "time_diff": 171.370000, "triplet": 0.643467}
[08/12 15:33:39][INFO] utils.logging:   91: {"_type": "train_iter", "epoch": "17/30", "eta": "0:46:40", "iter": "7001/8376", "loss": 1.274416, "lr": 0.000141, "neg_dist": 3.775535, "pos_dist": 4.193933, "time_diff": 173.720000, "triplet": 1.009738}
[08/12 15:33:47][INFO] utils.logging:   91: {"_type": "train_iter", "epoch": "17/30", "eta": "0:46:37", "iter": "7201/8376", "loss": 1.508006, "lr": 0.000141, "neg_dist": 3.372727, "pos_dist": 4.268666, "time_diff": 181.420000, "triplet": 1.235703}
[08/12 15:33:54][INFO] utils.logging:   91: {"_type": "train_iter", "epoch": "17/30", "eta": "0:46:34", "iter": "7401/8376", "loss": 1.275907, "lr": 0.000141, "neg_dist": 3.843570, "pos_dist": 4.495505, "time_diff": 188.890000, "triplet": 0.985000}
[08/12 15:33:58][INFO] utils.logging:   91: {"_type": "train_iter", "epoch": "17/30", "eta": "0:46:28", "iter": "7601/8376", "loss": 0.763834, "lr": 0.000141, "neg_dist": 3.860398, "pos_dist": 3.919342, "time_diff": 192.300000, "triplet": 0.469388}
[08/12 15:33:59][INFO] utils.logging:   91: {"_type": "train_iter", "epoch": "17/30", "eta": "0:46:20", "iter": "7801/8376", "loss": 1.046485, "lr": 0.000141, "neg_dist": 3.408179, "pos_dist": 3.869162, "time_diff": 194.070000, "triplet": 0.780631}
[08/12 15:34:07][INFO] utils.logging:   91: {"_type": "train_iter", "epoch": "17/30", "eta": "0:46:17", "iter": "8001/8376", "loss": 1.082780, "lr": 0.000141, "neg_dist": 3.186862, "pos_dist": 3.682420, "time_diff": 201.850000, "triplet": 0.795558}
[08/12 15:34:15][INFO] utils.logging:   91: {"_type": "train_iter", "epoch": "17/30", "eta": "0:46:14", "iter": "8201/8376", "loss": 1.142486, "lr": 0.000141, "neg_dist": 3.730973, "pos_dist": 4.299763, "time_diff": 209.690000, "triplet": 0.874001}
[08/12 15:34:18][INFO] utils.logging:   91: {"RAM": "18.44/125.63 GB", "_type": "train_epoch", "epoch": "17/30", "eta": "0:46:09", "gpu_mem": "0.39 GB", "loss": 1.218353, "lr": 0.000141, "neg_dist": 3.584112, "pos_dist": 4.169071, "time_diff": 213.160000, "triplet": 0.955314}
[08/12 15:34:19][INFO] utils.logging:   91: {"_type": "val_epoch", "epoch": "17/30", "loss": 1.178743}
[08/12 15:34:19][INFO] __main__:  187: Best checkpoint: output/frame_selector/ssv2_ViT-B16_Diverse_BiMHM/frame_selector_best.pth (loss=1.178743)
[08/12 15:34:19][INFO] __main__:  489: New best val loss: 1.178743 at epoch 16
[08/12 15:34:19][INFO] utils.logging:   91: {"_type": "train_iter", "epoch": "18/30", "eta": "0:46:10", "iter": "1/8376", "loss": 1.548300, "lr": 0.000124, "neg_dist": 3.688367, "pos_dist": 4.685010, "time_diff": 0.080000, "triplet": 1.296652}
[08/12 15:34:24][INFO] utils.logging:   91: {"_type": "train_iter", "epoch": "18/30", "eta": "0:46:04", "iter": "201/8376", "loss": 0.960351, "lr": 0.000124, "neg_dist": 3.292550, "pos_dist": 3.690909, "time_diff": 4.330000, "triplet": 0.698358}
[08/12 15:34:31][INFO] utils.logging:   91: {"_type": "train_iter", "epoch": "18/30", "eta": "0:46:01", "iter": "401/8376", "loss": 1.123833, "lr": 0.000124, "neg_dist": 3.371274, "pos_dist": 3.951877, "time_diff": 12.100000, "triplet": 0.880603}
[08/12 15:34:38][INFO] utils.logging:   91: {"_type": "train_iter", "epoch": "18/30", "eta": "0:45:57", "iter": "601/8376", "loss": 1.279977, "lr": 0.000124, "neg_dist": 2.935405, "pos_dist": 3.651710, "time_diff": 18.990000, "triplet": 1.032165}
[08/12 15:34:40][INFO] utils.logging:   91: {"_type": "train_iter", "epoch": "18/30", "eta": "0:45:50", "iter": "801/8376", "loss": 1.128141, "lr": 0.000124, "neg_dist": 4.018123, "pos_dist": 4.581930, "time_diff": 21.090000, "triplet": 0.863807}
[08/12 15:34:44][INFO] utils.logging:   91: {"_type": "train_iter", "epoch": "18/30", "eta": "0:45:44", "iter": "1001/8376", "loss": 1.203085, "lr": 0.000124, "neg_dist": 4.566042, "pos_dist": 5.209069, "time_diff": 25.090000, "triplet": 0.951186}
[08/12 15:34:52][INFO] utils.logging:   91: {"_type": "train_iter", "epoch": "18/30", "eta": "0:45:40", "iter": "1201/8376", "loss": 1.317221, "lr": 0.000124, "neg_dist": 3.394631, "pos_dist": 4.152855, "time_diff": 32.530000, "triplet": 1.058224}
[08/12 15:34:59][INFO] utils.logging:   91: {"_type": "train_iter", "epoch": "18/30", "eta": "0:45:37", "iter": "1401/8376", "loss": 1.379555, "lr": 0.000124, "neg_dist": 2.819806, "pos_dist": 3.638564, "time_diff": 39.890000, "triplet": 1.118758}
[08/12 15:35:01][INFO] utils.logging:   91: {"_type": "train_iter", "epoch": "18/30", "eta": "0:45:30", "iter": "1601/8376", "loss": 1.056905, "lr": 0.000124, "neg_dist": 3.454698, "pos_dist": 3.781330, "time_diff": 42.130000, "triplet": 0.784103}
[08/12 15:35:04][INFO] utils.logging:   91: {"_type": "train_iter", "epoch": "18/30", "eta": "0:45:23", "iter": "1801/8376", "loss": 1.451298, "lr": 0.000124, "neg_dist": 2.895637, "pos_dist": 3.786423, "time_diff": 45.150000, "triplet": 1.190786}
[08/12 15:35:12][INFO] utils.logging:   91: {"_type": "train_iter", "epoch": "18/30", "eta": "0:45:20", "iter": "2001/8376", "loss": 1.607334, "lr": 0.000124, "neg_dist": 3.698864, "pos_dist": 4.729513, "time_diff": 52.460000, "triplet": 1.330649}
[08/12 15:35:19][INFO] utils.logging:   91: {"_type": "train_iter", "epoch": "18/30", "eta": "0:45:16", "iter": "2201/8376", "loss": 0.758205, "lr": 0.000124, "neg_dist": 3.771831, "pos_dist": 3.609248, "time_diff": 59.960000, "triplet": 0.471113}
[08/12 15:35:23][INFO] utils.logging:   91: {"_type": "train_iter", "epoch": "18/30", "eta": "0:45:10", "iter": "2401/8376", "loss": 0.747438, "lr": 0.000124, "neg_dist": 3.444994, "pos_dist": 3.449152, "time_diff": 63.320000, "triplet": 0.464552}
[08/12 15:35:25][INFO] utils.logging:   91: {"_type": "train_iter", "epoch": "18/30", "eta": "0:45:03", "iter": "2601/8376", "loss": 0.999110, "lr": 0.000124, "neg_dist": 3.469077, "pos_dist": 3.266067, "time_diff": 65.240000, "triplet": 0.743994}
[08/12 15:35:32][INFO] utils.logging:   91: {"_type": "train_iter", "epoch": "18/30", "eta": "0:45:00", "iter": "2801/8376", "loss": 0.892087, "lr": 0.000124, "neg_dist": 3.272532, "pos_dist": 3.586246, "time_diff": 73.210000, "triplet": 0.634134}
[08/12 15:35:40][INFO] utils.logging:   91: {"_type": "train_iter", "epoch": "18/30", "eta": "0:44:57", "iter": "3001/8376", "loss": 1.555837, "lr": 0.000124, "neg_dist": 3.412408, "pos_dist": 4.426102, "time_diff": 80.930000, "triplet": 1.313694}
[08/12 15:35:44][INFO] utils.logging:   91: {"_type": "train_iter", "epoch": "18/30", "eta": "0:44:50", "iter": "3201/8376", "loss": 1.638561, "lr": 0.000124, "neg_dist": 3.978543, "pos_dist": 5.056094, "time_diff": 84.450000, "triplet": 1.377551}
[08/12 15:35:45][INFO] utils.logging:   91: {"_type": "train_iter", "epoch": "18/30", "eta": "0:44:43", "iter": "3401/8376", "loss": 1.587601, "lr": 0.000124, "neg_dist": 3.631574, "pos_dist": 4.671173, "time_diff": 86.130000, "triplet": 1.339599}
[08/12 15:35:53][INFO] utils.logging:   91: {"_type": "train_iter", "epoch": "18/30", "eta": "0:44:39", "iter": "3601/8376", "loss": 1.304944, "lr": 0.000124, "neg_dist": 3.388760, "pos_dist": 4.113640, "time_diff": 93.610000, "triplet": 1.051278}
[08/12 15:36:00][INFO] utils.logging:   91: {"_type": "train_iter", "epoch": "18/30", "eta": "0:44:36", "iter": "3801/8376", "loss": 1.302162, "lr": 0.000124, "neg_dist": 3.731603, "pos_dist": 4.495094, "time_diff": 100.920000, "triplet": 1.063491}
[08/12 15:36:05][INFO] utils.logging:   91: {"_type": "train_iter", "epoch": "18/30", "eta": "0:44:30", "iter": "4001/8376", "loss": 0.882093, "lr": 0.000124, "neg_dist": 3.824786, "pos_dist": 4.141139, "time_diff": 105.490000, "triplet": 0.616352}
[08/12 15:36:06][INFO] utils.logging:   91: {"_type": "train_iter", "epoch": "18/30", "eta": "0:44:23", "iter": "4201/8376", "loss": 0.952911, "lr": 0.000124, "neg_dist": 2.859411, "pos_dist": 3.180695, "time_diff": 107.130000, "triplet": 0.695915}
[08/12 15:36:14][INFO] utils.logging:   91: {"_type": "train_iter", "epoch": "18/30", "eta": "0:44:19", "iter": "4401/8376", "loss": 0.816275, "lr": 0.000124, "neg_dist": 3.785789, "pos_dist": 3.905223, "time_diff": 114.510000, "triplet": 0.537474}
[08/12 15:36:21][INFO] utils.logging:   91: {"_type": "train_iter", "epoch": "18/30", "eta": "0:44:16", "iter": "4601/8376", "loss": 1.986229, "lr": 0.000124, "neg_dist": 3.840365, "pos_dist": 5.292031, "time_diff": 122.240000, "triplet": 1.751665}
[08/12 15:36:26][INFO] utils.logging:   91: {"_type": "train_iter", "epoch": "18/30", "eta": "0:44:10", "iter": "4801/8376", "loss": 1.225817, "lr": 0.000124, "neg_dist": 3.509696, "pos_dist": 4.142025, "time_diff": 126.340000, "triplet": 0.961431}
[08/12 15:36:27][INFO] utils.logging:   91: {"_type": "train_iter", "epoch": "18/30", "eta": "0:44:03", "iter": "5001/8376", "loss": 1.328466, "lr": 0.000124, "neg_dist": 3.163248, "pos_dist": 3.933519, "time_diff": 128.020000, "triplet": 1.070270}
[08/12 15:36:32][INFO] utils.logging:   91: {"_type": "train_iter", "epoch": "18/30", "eta": "0:43:58", "iter": "5201/8376", "loss": 1.476469, "lr": 0.000124, "neg_dist": 3.035974, "pos_dist": 3.963343, "time_diff": 133.180000, "triplet": 1.227369}
[08/12 15:36:40][INFO] utils.logging:   91: {"_type": "train_iter", "epoch": "18/30", "eta": "0:43:55", "iter": "5401/8376", "loss": 1.138551, "lr": 0.000124, "neg_dist": 3.107074, "pos_dist": 3.680006, "time_diff": 140.830000, "triplet": 0.876774}
[08/12 15:36:46][INFO] utils.logging:   91: {"_type": "train_iter", "epoch": "18/30", "eta": "0:43:50", "iter": "5601/8376", "loss": 1.434084, "lr": 0.000124, "neg_dist": 3.591688, "pos_dist": 4.409061, "time_diff": 147.240000, "triplet": 1.170463}
[08/12 15:36:48][INFO] utils.logging:   91: {"_type": "train_iter", "epoch": "18/30", "eta": "0:43:43", "iter": "5801/8376", "loss": 0.857257, "lr": 0.000124, "neg_dist": 3.088142, "pos_dist": 3.313701, "time_diff": 149.150000, "triplet": 0.582312}
[08/12 15:36:53][INFO] utils.logging:   91: {"_type": "train_iter", "epoch": "18/30", "eta": "0:43:38", "iter": "6001/8376", "loss": 1.486427, "lr": 0.000124, "neg_dist": 3.306195, "pos_dist": 4.216176, "time_diff": 153.730000, "triplet": 1.209981}
[08/12 15:37:00][INFO] utils.logging:   91: {"_type": "train_iter", "epoch": "18/30", "eta": "0:43:34", "iter": "6201/8376", "loss": 1.403948, "lr": 0.000124, "neg_dist": 4.431540, "pos_dist": 5.262002, "time_diff": 160.930000, "triplet": 1.130462}
[08/12 15:37:07][INFO] utils.logging:   91: {"_type": "train_iter", "epoch": "18/30", "eta": "0:43:30", "iter": "6401/8376", "loss": 1.224861, "lr": 0.000124, "neg_dist": 3.220363, "pos_dist": 3.788081, "time_diff": 168.160000, "triplet": 0.964564}
[08/12 15:37:10][INFO] utils.logging:   91: {"_type": "train_iter", "epoch": "18/30", "eta": "0:43:23", "iter": "6601/8376", "loss": 1.050351, "lr": 0.000124, "neg_dist": 3.027406, "pos_dist": 3.504267, "time_diff": 170.390000, "triplet": 0.780014}
[08/12 15:37:13][INFO] utils.logging:   91: {"_type": "train_iter", "epoch": "18/30", "eta": "0:43:17", "iter": "6801/8376", "loss": 0.939999, "lr": 0.000124, "neg_dist": 3.552668, "pos_dist": 3.793574, "time_diff": 173.330000, "triplet": 0.664733}
[08/12 15:37:21][INFO] utils.logging:   91: {"_type": "train_iter", "epoch": "18/30", "eta": "0:43:14", "iter": "7001/8376", "loss": 1.882260, "lr": 0.000124, "neg_dist": 3.874759, "pos_dist": 5.196559, "time_diff": 181.340000, "triplet": 1.621800}
[08/12 15:37:28][INFO] utils.logging:   91: {"_type": "train_iter", "epoch": "18/30", "eta": "0:43:10", "iter": "7201/8376", "loss": 0.866429, "lr": 0.000124, "neg_dist": 4.017922, "pos_dist": 4.295310, "time_diff": 189.100000, "triplet": 0.583951}
[08/12 15:37:31][INFO] utils.logging:   91: {"_type": "train_iter", "epoch": "18/30", "eta": "0:43:03", "iter": "7401/8376", "loss": 0.946715, "lr": 0.000124, "neg_dist": 3.277671, "pos_dist": 3.674170, "time_diff": 191.350000, "triplet": 0.696499}
[08/12 15:37:34][INFO] utils.logging:   91: {"_type": "train_iter", "epoch": "18/30", "eta": "0:42:57", "iter": "7601/8376", "loss": 0.959517, "lr": 0.000124, "neg_dist": 3.712178, "pos_dist": 4.108879, "time_diff": 194.560000, "triplet": 0.716734}
[08/12 15:37:41][INFO] utils.logging:   91: {"_type": "train_iter", "epoch": "18/30", "eta": "0:42:53", "iter": "7801/8376", "loss": 0.827561, "lr": 0.000124, "neg_dist": 3.638160, "pos_dist": 3.747222, "time_diff": 201.850000, "triplet": 0.572923}
[08/12 15:37:49][INFO] utils.logging:   91: {"_type": "train_iter", "epoch": "18/30", "eta": "0:42:50", "iter": "8001/8376", "loss": 1.144920, "lr": 0.000124, "neg_dist": 4.653572, "pos_dist": 5.180870, "time_diff": 209.730000, "triplet": 0.884755}
[08/12 15:37:52][INFO] utils.logging:   91: {"_type": "train_iter", "epoch": "18/30", "eta": "0:42:43", "iter": "8201/8376", "loss": 0.758371, "lr": 0.000124, "neg_dist": 3.722395, "pos_dist": 3.848628, "time_diff": 212.410000, "triplet": 0.489317}
[08/12 15:37:53][INFO] utils.logging:   91: {"RAM": "19.13/125.63 GB", "_type": "train_epoch", "epoch": "18/30", "eta": "0:42:37", "gpu_mem": "0.39 GB", "loss": 1.222033, "lr": 0.000124, "neg_dist": 3.582283, "pos_dist": 4.172297, "time_diff": 213.880000, "triplet": 0.959085}
[08/12 15:37:57][INFO] utils.logging:   91: {"_type": "val_epoch", "epoch": "18/30", "loss": 1.226035}
[08/12 15:37:57][INFO] utils.logging:   91: {"_type": "train_iter", "epoch": "19/30", "eta": "0:42:40", "iter": "1/8376", "loss": 1.401291, "lr": 0.000107, "neg_dist": 3.510698, "pos_dist": 4.366717, "time_diff": 0.130000, "triplet": 1.156020}
[08/12 15:38:05][INFO] utils.logging:   91: {"_type": "train_iter", "epoch": "19/30", "eta": "0:42:36", "iter": "201/8376", "loss": 1.149538, "lr": 0.000107, "neg_dist": 3.167297, "pos_dist": 3.696900, "time_diff": 7.790000, "triplet": 0.895542}
[08/12 15:38:11][INFO] utils.logging:   91: {"_type": "train_iter", "epoch": "19/30", "eta": "0:42:32", "iter": "401/8376", "loss": 1.068462, "lr": 0.000107, "neg_dist": 3.336251, "pos_dist": 3.866142, "time_diff": 14.110000, "triplet": 0.829891}
[08/12 15:38:13][INFO] utils.logging:   91: {"_type": "train_iter", "epoch": "19/30", "eta": "0:42:25", "iter": "601/8376", "loss": 1.076776, "lr": 0.000107, "neg_dist": 3.029877, "pos_dist": 3.546232, "time_diff": 16.140000, "triplet": 0.816355}
[08/12 15:38:17][INFO] utils.logging:   91: {"_type": "train_iter", "epoch": "19/30", "eta": "0:42:19", "iter": "801/8376", "loss": 1.059284, "lr": 0.000107, "neg_dist": 2.893491, "pos_dist": 3.345785, "time_diff": 19.650000, "triplet": 0.777385}
[08/12 15:38:25][INFO] utils.logging:   91: {"_type": "train_iter", "epoch": "19/30", "eta": "0:42:16", "iter": "1001/8376", "loss": 1.820190, "lr": 0.000107, "neg_dist": 3.796914, "pos_dist": 5.067540, "time_diff": 27.550000, "triplet": 1.570626}
[08/12 15:38:32][INFO] utils.logging:   91: {"_type": "train_iter", "epoch": "19/30", "eta": "0:42:12", "iter": "1201/8376", "loss": 1.369685, "lr": 0.000107, "neg_dist": 3.139520, "pos_dist": 3.716606, "time_diff": 34.950000, "triplet": 1.111090}
[08/12 15:38:34][INFO] utils.logging:   91: {"_type": "train_iter", "epoch": "19/30", "eta": "0:42:05", "iter": "1401/8376", "loss": 1.221380, "lr": 0.000107, "neg_dist": 4.224670, "pos_dist": 4.769430, "time_diff": 37.160000, "triplet": 0.968457}
[08/12 15:38:37][INFO] utils.logging:   91: {"_type": "train_iter", "epoch": "19/30", "eta": "0:41:58", "iter": "1601/8376", "loss": 0.954688, "lr": 0.000107, "neg_dist": 3.755182, "pos_dist": 4.069324, "time_diff": 40.080000, "triplet": 0.672756}
[08/12 15:38:45][INFO] utils.logging:   91: {"_type": "train_iter", "epoch": "19/30", "eta": "0:41:55", "iter": "1801/8376", "loss": 1.230874, "lr": 0.000107, "neg_dist": 3.770357, "pos_dist": 4.391176, "time_diff": 47.730000, "triplet": 0.984937}
[08/12 15:38:52][INFO] utils.logging:   91: {"_type": "train_iter", "epoch": "19/30", "eta": "0:41:51", "iter": "2001/8376", "loss": 1.589080, "lr": 0.000107, "neg_dist": 3.851382, "pos_dist": 4.864280, "time_diff": 55.130000, "triplet": 1.365688}
[08/12 15:38:55][INFO] utils.logging:   91: {"_type": "train_iter", "epoch": "19/30", "eta": "0:41:45", "iter": "2201/8376", "loss": 0.896543, "lr": 0.000107, "neg_dist": 3.582990, "pos_dist": 3.909712, "time_diff": 58.120000, "triplet": 0.644324}
[08/12 15:38:57][INFO] utils.logging:   91: {"_type": "train_iter", "epoch": "19/30", "eta": "0:41:38", "iter": "2401/8376", "loss": 0.845423, "lr": 0.000107, "neg_dist": 2.642352, "pos_dist": 2.915489, "time_diff": 60.110000, "triplet": 0.603997}
[08/12 15:39:05][INFO] utils.logging:   91: {"_type": "train_iter", "epoch": "19/30", "eta": "0:41:35", "iter": "2601/8376", "loss": 0.826726, "lr": 0.000107, "neg_dist": 4.655240, "pos_dist": 4.663713, "time_diff": 68.040000, "triplet": 0.557436}
[08/12 15:39:13][INFO] utils.logging:   91: {"_type": "train_iter", "epoch": "19/30", "eta": "0:41:31", "iter": "2801/8376", "loss": 1.210731, "lr": 0.000107, "neg_dist": 3.097727, "pos_dist": 3.750469, "time_diff": 75.530000, "triplet": 0.956833}
[08/12 15:39:17][INFO] utils.logging:   91: {"_type": "train_iter", "epoch": "19/30", "eta": "0:41:25", "iter": "3001/8376", "loss": 1.662685, "lr": 0.000107, "neg_dist": 3.915674, "pos_dist": 5.020632, "time_diff": 79.360000, "triplet": 1.404958}
[08/12 15:39:18][INFO] utils.logging:   91: {"_type": "train_iter", "epoch": "19/30", "eta": "0:41:18", "iter": "3201/8376", "loss": 1.485455, "lr": 0.000107, "neg_dist": 3.177527, "pos_dist": 4.106091, "time_diff": 81.000000, "triplet": 1.228565}
[08/12 15:39:25][INFO] utils.logging:   91: {"_type": "train_iter", "epoch": "19/30", "eta": "0:41:14", "iter": "3401/8376", "loss": 0.909807, "lr": 0.000107, "neg_dist": 3.902671, "pos_dist": 4.094439, "time_diff": 88.120000, "triplet": 0.632421}
[08/12 15:39:33][INFO] utils.logging:   91: {"_type": "train_iter", "epoch": "19/30", "eta": "0:41:10", "iter": "3601/8376", "loss": 1.151281, "lr": 0.000107, "neg_dist": 3.452774, "pos_dist": 3.951604, "time_diff": 95.470000, "triplet": 0.883290}
[08/12 15:39:37][INFO] utils.logging:   91: {"_type": "train_iter", "epoch": "19/30", "eta": "0:41:05", "iter": "3801/8376", "loss": 1.076029, "lr": 0.000107, "neg_dist": 2.926983, "pos_dist": 3.464121, "time_diff": 100.260000, "triplet": 0.837137}
[08/12 15:39:39][INFO] utils.logging:   91: {"_type": "train_iter", "epoch": "19/30", "eta": "0:40:58", "iter": "4001/8376", "loss": 1.352688, "lr": 0.000107, "neg_dist": 4.113096, "pos_dist": 4.857610, "time_diff": 101.840000, "triplet": 1.104252}
[08/12 15:39:46][INFO] utils.logging:   91: {"_type": "train_iter", "epoch": "19/30", "eta": "0:40:54", "iter": "4201/8376", "loss": 0.837404, "lr": 0.000107, "neg_dist": 3.185157, "pos_dist": 3.293768, "time_diff": 108.420000, "triplet": 0.583330}
[08/12 15:39:53][INFO] utils.logging:   91: {"_type": "train_iter", "epoch": "19/30", "eta": "0:40:50", "iter": "4401/8376", "loss": 1.269083, "lr": 0.000107, "neg_dist": 2.679415, "pos_dist": 3.397042, "time_diff": 116.140000, "triplet": 1.034285}
[08/12 15:39:58][INFO] utils.logging:   91: {"_type": "train_iter", "epoch": "19/30", "eta": "0:40:45", "iter": "4601/8376", "loss": 1.230705, "lr": 0.000107, "neg_dist": 3.757660, "pos_dist": 4.444552, "time_diff": 121.220000, "triplet": 0.986892}
[08/12 15:40:00][INFO] utils.logging:   91: {"_type": "train_iter", "epoch": "19/30", "eta": "0:40:38", "iter": "4801/8376", "loss": 0.976133, "lr": 0.000107, "neg_dist": 3.749002, "pos_dist": 4.166276, "time_diff": 122.820000, "triplet": 0.717274}
[08/12 15:40:06][INFO] utils.logging:   91: {"_type": "train_iter", "epoch": "19/30", "eta": "0:40:33", "iter": "5001/8376", "loss": 1.532080, "lr": 0.000107, "neg_dist": 3.424907, "pos_dist": 4.356846, "time_diff": 128.610000, "triplet": 1.231938}
[08/12 15:40:14][INFO] utils.logging:   91: {"_type": "train_iter", "epoch": "19/30", "eta": "0:40:30", "iter": "5201/8376", "loss": 1.321713, "lr": 0.000107, "neg_dist": 3.468420, "pos_dist": 4.213232, "time_diff": 136.380000, "triplet": 1.044812}
[08/12 15:40:19][INFO] utils.logging:   91: {"_type": "train_iter", "epoch": "19/30", "eta": "0:40:25", "iter": "5401/8376", "loss": 1.109867, "lr": 0.000107, "neg_dist": 3.650291, "pos_dist": 4.207265, "time_diff": 142.110000, "triplet": 0.857765}
[08/12 15:40:21][INFO] utils.logging:   91: {"_type": "train_iter", "epoch": "19/30", "eta": "0:40:18", "iter": "5601/8376", "loss": 0.421718, "lr": 0.000107, "neg_dist": 3.642241, "pos_dist": 3.247238, "time_diff": 143.740000, "triplet": 0.153505}
[08/12 15:40:26][INFO] utils.logging:   91: {"_type": "train_iter", "epoch": "19/30", "eta": "0:40:13", "iter": "5801/8376", "loss": 1.066541, "lr": 0.000107, "neg_dist": 3.492609, "pos_dist": 3.889086, "time_diff": 149.260000, "triplet": 0.796261}
[08/12 15:40:34][INFO] utils.logging:   91: {"_type": "train_iter", "epoch": "19/30", "eta": "0:40:09", "iter": "6001/8376", "loss": 0.896984, "lr": 0.000107, "neg_dist": 3.738805, "pos_dist": 3.930272, "time_diff": 156.960000, "triplet": 0.652619}
[08/12 15:40:40][INFO] utils.logging:   91: {"_type": "train_iter", "epoch": "19/30", "eta": "0:40:05", "iter": "6201/8376", "loss": 0.930038, "lr": 0.000107, "neg_dist": 3.636671, "pos_dist": 3.972782, "time_diff": 162.960000, "triplet": 0.666906}
[08/12 15:40:42][INFO] utils.logging:   91: {"_type": "train_iter", "epoch": "19/30", "eta": "0:39:58", "iter": "6401/8376", "loss": 0.803225, "lr": 0.000107, "neg_dist": 3.243287, "pos_dist": 3.353787, "time_diff": 164.610000, "triplet": 0.488796}
[08/12 15:40:47][INFO] utils.logging:   91: {"_type": "train_iter", "epoch": "19/30", "eta": "0:39:53", "iter": "6601/8376", "loss": 1.403490, "lr": 0.000107, "neg_dist": 3.655870, "pos_dist": 4.478121, "time_diff": 169.910000, "triplet": 1.138207}
[08/12 15:40:55][INFO] utils.logging:   91: {"_type": "train_iter", "epoch": "19/30", "eta": "0:39:49", "iter": "6801/8376", "loss": 1.934776, "lr": 0.000107, "neg_dist": 3.549372, "pos_dist": 4.929972, "time_diff": 177.890000, "triplet": 1.680600}
[08/12 15:41:01][INFO] utils.logging:   91: {"_type": "train_iter", "epoch": "19/30", "eta": "0:39:45", "iter": "7001/8376", "loss": 1.074228, "lr": 0.000107, "neg_dist": 3.319417, "pos_dist": 3.831537, "time_diff": 183.860000, "triplet": 0.812121}
[08/12 15:41:03][INFO] utils.logging:   91: {"_type": "train_iter", "epoch": "19/30", "eta": "0:39:38", "iter": "7201/8376", "loss": 1.322766, "lr": 0.000107, "neg_dist": 3.133482, "pos_dist": 3.793437, "time_diff": 185.500000, "triplet": 1.062166}
[08/12 15:41:08][INFO] utils.logging:   91: {"_type": "train_iter", "epoch": "19/30", "eta": "0:39:33", "iter": "7401/8376", "loss": 1.423286, "lr": 0.000107, "neg_dist": 3.353166, "pos_dist": 4.217529, "time_diff": 190.840000, "triplet": 1.171120}
[08/12 15:41:16][INFO] utils.logging:   91: {"_type": "train_iter", "epoch": "19/30", "eta": "0:39:29", "iter": "7601/8376", "loss": 0.452532, "lr": 0.000107, "neg_dist": 3.611043, "pos_dist": 3.303671, "time_diff": 198.760000, "triplet": 0.199706}
[08/12 15:41:22][INFO] utils.logging:   91: {"_type": "train_iter", "epoch": "19/30", "eta": "0:39:25", "iter": "7801/8376", "loss": 1.366716, "lr": 0.000107, "neg_dist": 3.035341, "pos_dist": 3.865716, "time_diff": 204.890000, "triplet": 1.130376}
[08/12 15:41:24][INFO] utils.logging:   91: {"_type": "train_iter", "epoch": "19/30", "eta": "0:39:18", "iter": "8001/8376", "loss": 0.848201, "lr": 0.000107, "neg_dist": 3.103761, "pos_dist": 3.409903, "time_diff": 206.560000, "triplet": 0.606142}
[08/12 15:41:29][INFO] utils.logging:   91: {"_type": "train_iter", "epoch": "19/30", "eta": "0:39:12", "iter": "8201/8376", "loss": 1.094987, "lr": 0.000107, "neg_dist": 3.050631, "pos_dist": 3.530982, "time_diff": 211.650000, "triplet": 0.812927}
[08/12 15:41:36][INFO] utils.logging:   91: {"RAM": "19.09/125.63 GB", "_type": "train_epoch", "epoch": "19/30", "eta": "0:39:09", "gpu_mem": "0.39 GB", "loss": 1.220400, "lr": 0.000107, "neg_dist": 3.575156, "pos_dist": 4.165360, "time_diff": 218.540000, "triplet": 0.957826}
[08/12 15:41:40][INFO] utils.logging:   91: {"_type": "val_epoch", "epoch": "19/30", "loss": 1.244380}
[08/12 15:41:40][INFO] utils.logging:   91: {"_type": "train_iter", "epoch": "20/30", "eta": "0:39:12", "iter": "1/8376", "loss": 0.907382, "lr": 0.000091, "neg_dist": 3.869928, "pos_dist": 4.071939, "time_diff": 0.130000, "triplet": 0.662053}
[08/12 15:41:44][INFO] utils.logging:   91: {"_type": "train_iter", "epoch": "20/30", "eta": "0:39:06", "iter": "201/8376", "loss": 1.241037, "lr": 0.000091, "neg_dist": 3.328259, "pos_dist": 3.982928, "time_diff": 3.870000, "triplet": 0.988103}
[08/12 15:41:46][INFO] utils.logging:   91: {"_type": "train_iter", "epoch": "20/30", "eta": "0:38:59", "iter": "401/8376", "loss": 1.370537, "lr": 0.000091, "neg_dist": 3.779159, "pos_dist": 4.500151, "time_diff": 5.580000, "triplet": 1.095134}
[08/12 15:41:53][INFO] utils.logging:   91: {"_type": "train_iter", "epoch": "20/30", "eta": "0:38:55", "iter": "601/8376", "loss": 1.259475, "lr": 0.000091, "neg_dist": 3.683257, "pos_dist": 4.401435, "time_diff": 13.330000, "triplet": 1.018178}
[08/12 15:42:01][INFO] utils.logging:   91: {"_type": "train_iter", "epoch": "20/30", "eta": "0:38:52", "iter": "801/8376", "loss": 1.047351, "lr": 0.000091, "neg_dist": 3.663288, "pos_dist": 4.151093, "time_diff": 20.760000, "triplet": 0.795289}
[08/12 15:42:05][INFO] utils.logging:   91: {"_type": "train_iter", "epoch": "20/30", "eta": "0:38:46", "iter": "1001/8376", "loss": 1.301816, "lr": 0.000091, "neg_dist": 2.883118, "pos_dist": 3.599423, "time_diff": 24.840000, "triplet": 1.021205}
[08/12 15:42:06][INFO] utils.logging:   91: {"_type": "train_iter", "epoch": "20/30", "eta": "0:38:39", "iter": "1201/8376", "loss": 1.348484, "lr": 0.000091, "neg_dist": 3.624107, "pos_dist": 4.337157, "time_diff": 26.470000, "triplet": 1.090512}
[08/12 15:42:14][INFO] utils.logging:   91: {"_type": "train_iter", "epoch": "20/30", "eta": "0:38:35", "iter": "1401/8376", "loss": 1.035710, "lr": 0.000091, "neg_dist": 3.466127, "pos_dist": 3.853783, "time_diff": 33.680000, "triplet": 0.773041}
[08/12 15:42:21][INFO] utils.logging:   91: {"_type": "train_iter", "epoch": "20/30", "eta": "0:38:31", "iter": "1601/8376", "loss": 1.489835, "lr": 0.000091, "neg_dist": 3.512902, "pos_dist": 4.347088, "time_diff": 41.510000, "triplet": 1.236806}
[08/12 15:42:26][INFO] utils.logging:   91: {"_type": "train_iter", "epoch": "20/30", "eta": "0:38:26", "iter": "1801/8376", "loss": 1.140707, "lr": 0.000091, "neg_dist": 3.186396, "pos_dist": 3.753994, "time_diff": 46.000000, "triplet": 0.867598}
[08/12 15:42:28][INFO] utils.logging:   91: {"_type": "train_iter", "epoch": "20/30", "eta": "0:38:19", "iter": "2001/8376", "loss": 1.113855, "lr": 0.000091, "neg_dist": 3.016047, "pos_dist": 3.579677, "time_diff": 47.590000, "triplet": 0.887148}
[08/12 15:42:34][INFO] utils.logging:   91: {"_type": "train_iter", "epoch": "20/30", "eta": "0:38:14", "iter": "2201/8376", "loss": 0.857522, "lr": 0.000091, "neg_dist": 3.550599, "pos_dist": 3.693953, "time_diff": 53.550000, "triplet": 0.584870}
[08/12 15:42:41][INFO] utils.logging:   91: {"_type": "train_iter", "epoch": "20/30", "eta": "0:38:11", "iter": "2401/8376", "loss": 0.688027, "lr": 0.000091, "neg_dist": 4.982342, "pos_dist": 4.460522, "time_diff": 61.350000, "triplet": 0.440766}
[08/12 15:42:47][INFO] utils.logging:   91: {"_type": "train_iter", "epoch": "20/30", "eta": "0:38:06", "iter": "2601/8376", "loss": 1.359219, "lr": 0.000091, "neg_dist": 4.210767, "pos_dist": 4.818701, "time_diff": 67.030000, "triplet": 1.069257}
[08/12 15:42:49][INFO] utils.logging:   91: {"_type": "train_iter", "epoch": "20/30", "eta": "0:37:59", "iter": "2801/8376", "loss": 1.153881, "lr": 0.000091, "neg_dist": 3.210621, "pos_dist": 3.779011, "time_diff": 68.690000, "triplet": 0.883787}
[08/12 15:42:53][INFO] utils.logging:   91: {"_type": "train_iter", "epoch": "20/30", "eta": "0:37:53", "iter": "3001/8376", "loss": 0.870607, "lr": 0.000091, "neg_dist": 3.453703, "pos_dist": 3.652863, "time_diff": 73.310000, "triplet": 0.595161}
[08/12 15:43:01][INFO] utils.logging:   91: {"_type": "train_iter", "epoch": "20/30", "eta": "0:37:49", "iter": "3201/8376", "loss": 1.686455, "lr": 0.000091, "neg_dist": 3.329854, "pos_dist": 4.460382, "time_diff": 80.560000, "triplet": 1.438865}
[08/12 15:43:07][INFO] utils.logging:   91: {"_type": "train_iter", "epoch": "20/30", "eta": "0:37:45", "iter": "3401/8376", "loss": 1.082949, "lr": 0.000091, "neg_dist": 3.721560, "pos_dist": 4.069609, "time_diff": 87.410000, "triplet": 0.803644}
[08/12 15:43:10][INFO] utils.logging:   91: {"_type": "train_iter", "epoch": "20/30", "eta": "0:37:39", "iter": "3601/8376", "loss": 1.022589, "lr": 0.000091, "neg_dist": 3.776768, "pos_dist": 4.071941, "time_diff": 89.580000, "triplet": 0.783460}
[08/12 15:43:13][INFO] utils.logging:   91: {"_type": "train_iter", "epoch": "20/30", "eta": "0:37:33", "iter": "3801/8376", "loss": 0.977538, "lr": 0.000091, "neg_dist": 3.740271, "pos_dist": 4.093805, "time_diff": 93.370000, "triplet": 0.700357}
[08/12 15:43:21][INFO] utils.logging:   91: {"_type": "train_iter", "epoch": "20/30", "eta": "0:37:29", "iter": "4001/8376", "loss": 1.524772, "lr": 0.000091, "neg_dist": 2.827217, "pos_dist": 3.808264, "time_diff": 101.390000, "triplet": 1.281046}
[08/12 15:43:28][INFO] utils.logging:   91: {"_type": "train_iter", "epoch": "20/30", "eta": "0:37:25", "iter": "4201/8376", "loss": 1.817321, "lr": 0.000091, "neg_dist": 3.822896, "pos_dist": 5.094033, "time_diff": 108.360000, "triplet": 1.571137}
[08/12 15:43:31][INFO] utils.logging:   91: {"_type": "train_iter", "epoch": "20/30", "eta": "0:37:19", "iter": "4401/8376", "loss": 1.539114, "lr": 0.000091, "neg_dist": 2.958824, "pos_dist": 3.941781, "time_diff": 110.640000, "triplet": 1.282957}
[08/12 15:43:34][INFO] utils.logging:   91: {"_type": "train_iter", "epoch": "20/30", "eta": "0:37:13", "iter": "4601/8376", "loss": 1.043752, "lr": 0.000091, "neg_dist": 4.268855, "pos_dist": 4.287154, "time_diff": 114.070000, "triplet": 0.754597}
[08/12 15:43:41][INFO] utils.logging:   91: {"_type": "train_iter", "epoch": "20/30", "eta": "0:37:09", "iter": "4801/8376", "loss": 1.308587, "lr": 0.000091, "neg_dist": 3.814741, "pos_dist": 4.542031, "time_diff": 121.340000, "triplet": 1.027291}
[08/12 15:43:49][INFO] utils.logging:   91: {"_type": "train_iter", "epoch": "20/30", "eta": "0:37:05", "iter": "5001/8376", "loss": 1.412277, "lr": 0.000091, "neg_dist": 3.935612, "pos_dist": 4.804954, "time_diff": 129.250000, "triplet": 1.169342}
[08/12 15:43:52][INFO] utils.logging:   91: {"_type": "train_iter", "epoch": "20/30", "eta": "0:36:58", "iter": "5201/8376", "loss": 1.040892, "lr": 0.000091, "neg_dist": 3.906796, "pos_dist": 4.312219, "time_diff": 131.640000, "triplet": 0.760408}
[08/12 15:43:54][INFO] utils.logging:   91: {"_type": "train_iter", "epoch": "20/30", "eta": "0:36:52", "iter": "5401/8376", "loss": 1.369098, "lr": 0.000091, "neg_dist": 3.274810, "pos_dist": 4.033519, "time_diff": 134.320000, "triplet": 1.102525}
[08/12 15:44:02][INFO] utils.logging:   91: {"_type": "train_iter", "epoch": "20/30", "eta": "0:36:48", "iter": "5601/8376", "loss": 1.110631, "lr": 0.000091, "neg_dist": 3.138302, "pos_dist": 3.672817, "time_diff": 141.960000, "triplet": 0.854608}
[08/12 15:44:10][INFO] utils.logging:   91: {"_type": "train_iter", "epoch": "20/30", "eta": "0:36:44", "iter": "5801/8376", "loss": 1.544635, "lr": 0.000091, "neg_dist": 3.289199, "pos_dist": 4.255161, "time_diff": 149.570000, "triplet": 1.265962}
[08/12 15:44:13][INFO] utils.logging:   91: {"_type": "train_iter", "epoch": "20/30", "eta": "0:36:38", "iter": "6001/8376", "loss": 1.258790, "lr": 0.000091, "neg_dist": 2.977101, "pos_dist": 3.671976, "time_diff": 152.730000, "triplet": 1.000436}
[08/12 15:44:14][INFO] utils.logging:   91: {"_type": "train_iter", "epoch": "20/30", "eta": "0:36:31", "iter": "6201/8376", "loss": 1.200001, "lr": 0.000091, "neg_dist": 3.016310, "pos_dist": 3.448007, "time_diff": 154.380000, "triplet": 0.925412}
[08/12 15:44:22][INFO] utils.logging:   91: {"_type": "train_iter", "epoch": "20/30", "eta": "0:36:28", "iter": "6401/8376", "loss": 1.191355, "lr": 0.000091, "neg_dist": 4.016668, "pos_dist": 4.633782, "time_diff": 162.230000, "triplet": 0.941299}
[08/12 15:44:30][INFO] utils.logging:   91: {"_type": "train_iter", "epoch": "20/30", "eta": "0:36:24", "iter": "6601/8376", "loss": 1.194167, "lr": 0.000091, "neg_dist": 3.637432, "pos_dist": 4.262326, "time_diff": 170.160000, "triplet": 0.924895}
[08/12 15:44:34][INFO] utils.logging:   91: {"_type": "train_iter", "epoch": "20/30", "eta": "0:36:18", "iter": "6801/8376", "loss": 1.097020, "lr": 0.000091, "neg_dist": 3.283802, "pos_dist": 3.779730, "time_diff": 173.710000, "triplet": 0.851399}
[08/12 15:44:36][INFO] utils.logging:   91: {"_type": "train_iter", "epoch": "20/30", "eta": "0:36:12", "iter": "7001/8376", "loss": 0.662845, "lr": 0.000091, "neg_dist": 3.115531, "pos_dist": 3.033257, "time_diff": 175.840000, "triplet": 0.408292}
[08/12 15:44:43][INFO] utils.logging:   91: {"_type": "train_iter", "epoch": "20/30", "eta": "0:36:08", "iter": "7201/8376", "loss": 1.342362, "lr": 0.000091, "neg_dist": 3.024948, "pos_dist": 3.794677, "time_diff": 183.280000, "triplet": 1.069729}
[08/12 15:44:50][INFO] utils.logging:   91: {"_type": "train_iter", "epoch": "20/30", "eta": "0:36:04", "iter": "7401/8376", "loss": 0.885239, "lr": 0.000091, "neg_dist": 3.207373, "pos_dist": 3.470960, "time_diff": 190.460000, "triplet": 0.623676}
[08/12 15:44:55][INFO] utils.logging:   91: {"_type": "train_iter", "epoch": "20/30", "eta": "0:35:58", "iter": "7601/8376", "loss": 1.559277, "lr": 0.000091, "neg_dist": 3.348755, "pos_dist": 4.349124, "time_diff": 195.470000, "triplet": 1.300369}
[08/12 15:44:57][INFO] utils.logging:   91: {"_type": "train_iter", "epoch": "20/30", "eta": "0:35:52", "iter": "7801/8376", "loss": 1.074419, "lr": 0.000091, "neg_dist": 3.409681, "pos_dist": 3.847879, "time_diff": 197.070000, "triplet": 0.793854}
[08/12 15:45:03][INFO] utils.logging:   91: {"_type": "train_iter", "epoch": "20/30", "eta": "0:35:47", "iter": "8001/8376", "loss": 1.463956, "lr": 0.000091, "neg_dist": 3.378895, "pos_dist": 4.290396, "time_diff": 202.970000, "triplet": 1.211501}
[08/12 15:45:10][INFO] utils.logging:   91: {"_type": "train_iter", "epoch": "20/30", "eta": "0:35:43", "iter": "8201/8376", "loss": 0.625650, "lr": 0.000091, "neg_dist": 3.382097, "pos_dist": 3.399925, "time_diff": 210.160000, "triplet": 0.357182}
[08/12 15:45:16][INFO] utils.logging:   91: {"RAM": "19.76/125.63 GB", "_type": "train_epoch", "epoch": "20/30", "eta": "0:35:39", "gpu_mem": "0.39 GB", "loss": 1.221711, "lr": 0.000091, "neg_dist": 3.585560, "pos_dist": 4.174759, "time_diff": 215.900000, "triplet": 0.959305}
[08/12 15:45:17][INFO] utils.logging:   91: {"_type": "val_epoch", "epoch": "20/30", "loss": 1.248965}
[08/12 15:45:17][INFO] utils.logging:   91: {"_type": "train_iter", "epoch": "21/30", "eta": "0:35:40", "iter": "1/8376", "loss": 1.392465, "lr": 0.000075, "neg_dist": 3.344520, "pos_dist": 4.164213, "time_diff": 0.080000, "triplet": 1.123851}
[08/12 15:45:19][INFO] utils.logging:   91: {"_type": "train_iter", "epoch": "21/30", "eta": "0:35:33", "iter": "201/8376", "loss": 1.963402, "lr": 0.000075, "neg_dist": 3.802562, "pos_dist": 5.204244, "time_diff": 1.700000, "triplet": 1.725391}
[08/12 15:45:25][INFO] utils.logging:   91: {"_type": "train_iter", "epoch": "21/30", "eta": "0:35:28", "iter": "401/8376", "loss": 1.084239, "lr": 0.000075, "neg_dist": 3.697634, "pos_dist": 4.180836, "time_diff": 7.760000, "triplet": 0.783202}
[08/12 15:45:30][INFO] utils.logging:   91: {"_type": "train_iter", "epoch": "21/30", "eta": "0:35:23", "iter": "601/8376", "loss": 1.328308, "lr": 0.000075, "neg_dist": 3.732995, "pos_dist": 4.489264, "time_diff": 13.170000, "triplet": 1.056269}
[08/12 15:45:38][INFO] utils.logging:   91: {"_type": "train_iter", "epoch": "21/30", "eta": "0:35:19", "iter": "801/8376", "loss": 1.166818, "lr": 0.000075, "neg_dist": 3.086364, "pos_dist": 3.723319, "time_diff": 20.640000, "triplet": 0.936955}
[08/12 15:45:41][INFO] utils.logging:   91: {"_type": "train_iter", "epoch": "21/30", "eta": "0:35:13", "iter": "1001/8376", "loss": 1.013460, "lr": 0.000075, "neg_dist": 3.913576, "pos_dist": 4.352421, "time_diff": 23.600000, "triplet": 0.745309}
[08/12 15:45:43][INFO] utils.logging:   91: {"_type": "train_iter", "epoch": "21/30", "eta": "0:35:06", "iter": "1201/8376", "loss": 1.103776, "lr": 0.000075, "neg_dist": 3.294995, "pos_dist": 3.769789, "time_diff": 25.320000, "triplet": 0.855760}
[08/12 15:45:50][INFO] utils.logging:   91: {"_type": "train_iter", "epoch": "21/30", "eta": "0:35:02", "iter": "1401/8376", "loss": 1.358514, "lr": 0.000075, "neg_dist": 3.334140, "pos_dist": 4.146246, "time_diff": 32.750000, "triplet": 1.112107}
[08/12 15:45:58][INFO] utils.logging:   91: {"_type": "train_iter", "epoch": "21/30", "eta": "0:34:59", "iter": "1601/8376", "loss": 1.334685, "lr": 0.000075, "neg_dist": 3.276228, "pos_dist": 4.030181, "time_diff": 40.690000, "triplet": 1.053953}
[08/12 15:46:02][INFO] utils.logging:   91: {"_type": "train_iter", "epoch": "21/30", "eta": "0:34:53", "iter": "1801/8376", "loss": 1.186963, "lr": 0.000075, "neg_dist": 3.870022, "pos_dist": 4.450203, "time_diff": 44.750000, "triplet": 0.928263}
[08/12 15:46:04][INFO] utils.logging:   91: {"_type": "train_iter", "epoch": "21/30", "eta": "0:34:46", "iter": "2001/8376", "loss": 0.953209, "lr": 0.000075, "neg_dist": 3.213726, "pos_dist": 3.560791, "time_diff": 46.400000, "triplet": 0.662523}
[08/12 15:46:11][INFO] utils.logging:   91: {"_type": "train_iter", "epoch": "21/30", "eta": "0:34:42", "iter": "2201/8376", "loss": 1.636672, "lr": 0.000075, "neg_dist": 3.635908, "pos_dist": 4.717872, "time_diff": 53.480000, "triplet": 1.381964}
[08/12 15:46:19][INFO] utils.logging:   91: {"_type": "train_iter", "epoch": "21/30", "eta": "0:34:38", "iter": "2401/8376", "loss": 2.016040, "lr": 0.000075, "neg_dist": 3.299083, "pos_dist": 4.723527, "time_diff": 61.350000, "triplet": 1.748960}
[08/12 15:46:23][INFO] utils.logging:   91: {"_type": "train_iter", "epoch": "21/30", "eta": "0:34:33", "iter": "2601/8376", "loss": 0.936994, "lr": 0.000075, "neg_dist": 3.858577, "pos_dist": 4.261653, "time_diff": 65.900000, "triplet": 0.703075}
[08/12 15:46:25][INFO] utils.logging:   91: {"_type": "train_iter", "epoch": "21/30", "eta": "0:34:26", "iter": "2801/8376", "loss": 1.581637, "lr": 0.000075, "neg_dist": 3.852800, "pos_dist": 4.821915, "time_diff": 67.490000, "triplet": 1.321223}
[08/12 15:46:31][INFO] utils.logging:   91: {"_type": "train_iter", "epoch": "21/30", "eta": "0:34:22", "iter": "3001/8376", "loss": 0.676166, "lr": 0.000075, "neg_dist": 4.097700, "pos_dist": 4.149768, "time_diff": 73.950000, "triplet": 0.435573}
[08/12 15:46:39][INFO] utils.logging:   91: {"_type": "train_iter", "epoch": "21/30", "eta": "0:34:18", "iter": "3201/8376", "loss": 1.182219, "lr": 0.000075, "neg_dist": 4.047098, "pos_dist": 4.606763, "time_diff": 81.610000, "triplet": 0.937241}
[08/12 15:46:44][INFO] utils.logging:   91: {"_type": "train_iter", "epoch": "21/30", "eta": "0:34:13", "iter": "3401/8376", "loss": 0.729050, "lr": 0.000075, "neg_dist": 3.724001, "pos_dist": 3.845307, "time_diff": 86.860000, "triplet": 0.498250}
[08/12 15:46:46][INFO] utils.logging:   91: {"_type": "train_iter", "epoch": "21/30", "eta": "0:34:06", "iter": "3601/8376", "loss": 1.385064, "lr": 0.000075, "neg_dist": 3.968564, "pos_dist": 4.760597, "time_diff": 88.450000, "triplet": 1.126415}
[08/12 15:46:47][INFO] utils.logging:   91: {"_type": "train_iter", "epoch": "21/30", "eta": "0:33:59", "iter": "3801/8376", "loss": 1.390086, "lr": 0.000075, "neg_dist": 3.468369, "pos_dist": 4.255430, "time_diff": 90.140000, "triplet": 1.115961}
[08/12 15:46:49][INFO] utils.logging:   91: {"_type": "train_iter", "epoch": "21/30", "eta": "0:33:53", "iter": "4001/8376", "loss": 2.111967, "lr": 0.000075, "neg_dist": 3.559306, "pos_dist": 5.128008, "time_diff": 91.730000, "triplet": 1.868702}
[08/12 15:46:51][INFO] utils.logging:   91: {"_type": "train_iter", "epoch": "21/30", "eta": "0:33:46", "iter": "4201/8376", "loss": 1.548560, "lr": 0.000075, "neg_dist": 3.514651, "pos_dist": 4.507367, "time_diff": 93.330000, "triplet": 1.292716}
[08/12 15:46:52][INFO] utils.logging:   91: {"_type": "train_iter", "epoch": "21/30", "eta": "0:33:39", "iter": "4401/8376", "loss": 0.805014, "lr": 0.000075, "neg_dist": 3.499144, "pos_dist": 3.643350, "time_diff": 94.910000, "triplet": 0.533919}
[08/12 15:46:54][INFO] utils.logging:   91: {"_type": "train_iter", "epoch": "21/30", "eta": "0:33:32", "iter": "4601/8376", "loss": 1.120185, "lr": 0.000075, "neg_dist": 3.580448, "pos_dist": 3.785077, "time_diff": 96.500000, "triplet": 0.846931}
[08/12 15:46:55][INFO] utils.logging:   91: {"_type": "train_iter", "epoch": "21/30", "eta": "0:33:26", "iter": "4801/8376", "loss": 1.066452, "lr": 0.000075, "neg_dist": 3.569810, "pos_dist": 4.049574, "time_diff": 98.110000, "triplet": 0.812271}
[08/12 15:46:57][INFO] utils.logging:   91: {"_type": "train_iter", "epoch": "21/30", "eta": "0:33:19", "iter": "5001/8376", "loss": 1.219506, "lr": 0.000075, "neg_dist": 3.044730, "pos_dist": 3.664683, "time_diff": 99.750000, "triplet": 0.978153}
[08/12 15:46:59][INFO] utils.logging:   91: {"_type": "train_iter", "epoch": "21/30", "eta": "0:33:12", "iter": "5201/8376", "loss": 1.450228, "lr": 0.000075, "neg_dist": 3.609856, "pos_dist": 4.480247, "time_diff": 101.390000, "triplet": 1.170391}
[08/12 15:47:00][INFO] utils.logging:   91: {"_type": "train_iter", "epoch": "21/30", "eta": "0:33:06", "iter": "5401/8376", "loss": 1.054587, "lr": 0.000075, "neg_dist": 3.561795, "pos_dist": 4.012920, "time_diff": 102.990000, "triplet": 0.799030}
[08/12 15:47:02][INFO] utils.logging:   91: {"_type": "train_iter", "epoch": "21/30", "eta": "0:32:59", "iter": "5601/8376", "loss": 1.095026, "lr": 0.000075, "neg_dist": 3.546954, "pos_dist": 4.071859, "time_diff": 104.580000, "triplet": 0.824905}
[08/12 15:47:03][INFO] utils.logging:   91: {"_type": "train_iter", "epoch": "21/30", "eta": "0:32:53", "iter": "5801/8376", "loss": 1.995536, "lr": 0.000075, "neg_dist": 5.156515, "pos_dist": 6.221993, "time_diff": 106.170000, "triplet": 1.735654}
[08/12 15:47:05][INFO] utils.logging:   91: {"_type": "train_iter", "epoch": "21/30", "eta": "0:32:46", "iter": "6001/8376", "loss": 1.055100, "lr": 0.000075, "neg_dist": 3.898113, "pos_dist": 4.297280, "time_diff": 107.780000, "triplet": 0.778442}
[08/12 15:47:07][INFO] utils.logging:   91: {"_type": "train_iter", "epoch": "21/30", "eta": "0:32:39", "iter": "6201/8376", "loss": 0.591121, "lr": 0.000075, "neg_dist": 3.774262, "pos_dist": 3.515048, "time_diff": 109.380000, "triplet": 0.326983}
[08/12 15:47:08][INFO] utils.logging:   91: {"_type": "train_iter", "epoch": "21/30", "eta": "0:32:33", "iter": "6401/8376", "loss": 1.098112, "lr": 0.000075, "neg_dist": 3.249509, "pos_dist": 3.793409, "time_diff": 110.990000, "triplet": 0.843900}
[08/12 15:47:10][INFO] utils.logging:   91: {"_type": "train_iter", "epoch": "21/30", "eta": "0:32:26", "iter": "6601/8376", "loss": 1.154970, "lr": 0.000075, "neg_dist": 4.092316, "pos_dist": 4.559264, "time_diff": 112.590000, "triplet": 0.893241}
[08/12 15:47:11][INFO] utils.logging:   91: {"_type": "train_iter", "epoch": "21/30", "eta": "0:32:20", "iter": "6801/8376", "loss": 1.053318, "lr": 0.000075, "neg_dist": 3.460809, "pos_dist": 3.955425, "time_diff": 114.210000, "triplet": 0.794617}
[08/12 15:47:13][INFO] utils.logging:   91: {"_type": "train_iter", "epoch": "21/30", "eta": "0:32:13", "iter": "7001/8376", "loss": 0.885386, "lr": 0.000075, "neg_dist": 3.430405, "pos_dist": 3.662893, "time_diff": 115.790000, "triplet": 0.643065}
[08/12 15:47:15][INFO] utils.logging:   91: {"_type": "train_iter", "epoch": "21/30", "eta": "0:32:07", "iter": "7201/8376", "loss": 0.840427, "lr": 0.000075, "neg_dist": 3.916218, "pos_dist": 4.175471, "time_diff": 117.400000, "triplet": 0.583937}
[08/12 15:47:16][INFO] utils.logging:   91: {"_type": "train_iter", "epoch": "21/30", "eta": "0:32:00", "iter": "7401/8376", "loss": 1.453374, "lr": 0.000075, "neg_dist": 3.440273, "pos_dist": 4.314427, "time_diff": 119.000000, "triplet": 1.203739}
[08/12 15:47:18][INFO] utils.logging:   91: {"_type": "train_iter", "epoch": "21/30", "eta": "0:31:53", "iter": "7601/8376", "loss": 1.314841, "lr": 0.000075, "neg_dist": 3.646352, "pos_dist": 4.254243, "time_diff": 120.630000, "triplet": 1.034530}
[08/12 15:47:19][INFO] utils.logging:   91: {"_type": "train_iter", "epoch": "21/30", "eta": "0:31:47", "iter": "7801/8376", "loss": 0.854675, "lr": 0.000075, "neg_dist": 3.546379, "pos_dist": 3.728995, "time_diff": 122.210000, "triplet": 0.594124}
[08/12 15:47:21][INFO] utils.logging:   91: {"_type": "train_iter", "epoch": "21/30", "eta": "0:31:40", "iter": "8001/8376", "loss": 1.014441, "lr": 0.000075, "neg_dist": 3.362106, "pos_dist": 3.726466, "time_diff": 123.800000, "triplet": 0.730682}
[08/12 15:47:23][INFO] utils.logging:   91: {"_type": "train_iter", "epoch": "21/30", "eta": "0:31:34", "iter": "8201/8376", "loss": 0.622482, "lr": 0.000075, "neg_dist": 3.958180, "pos_dist": 3.764850, "time_diff": 125.390000, "triplet": 0.372023}
[08/12 15:47:24][INFO] __main__:  184: Checkpoint: output/frame_selector/ssv2_ViT-B16_Diverse_BiMHM/frame_selector_epoch0020.pth
[08/12 15:47:24][INFO] utils.logging:   91: {"RAM": "14.66/125.63 GB", "_type": "train_epoch", "epoch": "21/30", "eta": "0:31:28", "gpu_mem": "0.39 GB", "loss": 1.223868, "lr": 0.000075, "neg_dist": 3.588351, "pos_dist": 4.182164, "time_diff": 126.810000, "triplet": 0.961865}
[08/12 15:47:25][INFO] utils.logging:   91: {"_type": "val_epoch", "epoch": "21/30", "loss": 1.183701}
[08/12 15:47:25][INFO] utils.logging:   91: {"_type": "train_iter", "epoch": "22/30", "eta": "0:31:29", "iter": "1/8376", "loss": 0.413634, "lr": 0.000060, "neg_dist": 3.875845, "pos_dist": 3.469615, "time_diff": 0.090000, "triplet": 0.153787}
[08/12 15:47:27][INFO] utils.logging:   91: {"_type": "train_iter", "epoch": "22/30", "eta": "0:31:22", "iter": "201/8376", "loss": 1.161582, "lr": 0.000060, "neg_dist": 3.165431, "pos_dist": 3.723227, "time_diff": 1.710000, "triplet": 0.892305}
[08/12 15:47:28][INFO] utils.logging:   91: {"_type": "train_iter", "epoch": "22/30", "eta": "0:31:16", "iter": "401/8376", "loss": 1.429438, "lr": 0.000060, "neg_dist": 3.894114, "pos_dist": 4.739611, "time_diff": 3.310000, "triplet": 1.163205}
[08/12 15:47:30][INFO] utils.logging:   91: {"_type": "train_iter", "epoch": "22/30", "eta": "0:31:09", "iter": "601/8376", "loss": 0.846829, "lr": 0.000060, "neg_dist": 3.559574, "pos_dist": 3.661168, "time_diff": 4.960000, "triplet": 0.581018}
[08/12 15:47:32][INFO] utils.logging:   91: {"_type": "train_iter", "epoch": "22/30", "eta": "0:31:03", "iter": "801/8376", "loss": 1.464167, "lr": 0.000060, "neg_dist": 3.420107, "pos_dist": 4.338215, "time_diff": 6.570000, "triplet": 1.218108}
[08/12 15:47:33][INFO] utils.logging:   91: {"_type": "train_iter", "epoch": "22/30", "eta": "0:30:56", "iter": "1001/8376", "loss": 1.518573, "lr": 0.000060, "neg_dist": 2.934942, "pos_dist": 3.890963, "time_diff": 8.160000, "triplet": 1.256021}
[08/12 15:47:35][INFO] utils.logging:   91: {"_type": "train_iter", "epoch": "22/30", "eta": "0:30:50", "iter": "1201/8376", "loss": 1.045218, "lr": 0.000060, "neg_dist": 3.124221, "pos_dist": 3.590159, "time_diff": 9.780000, "triplet": 0.778346}
[08/12 15:47:36][INFO] utils.logging:   91: {"_type": "train_iter", "epoch": "22/30", "eta": "0:30:44", "iter": "1401/8376", "loss": 0.901446, "lr": 0.000060, "neg_dist": 3.056170, "pos_dist": 3.304130, "time_diff": 11.400000, "triplet": 0.619398}
[08/12 15:47:38][INFO] utils.logging:   91: {"_type": "train_iter", "epoch": "22/30", "eta": "0:30:37", "iter": "1601/8376", "loss": 0.977253, "lr": 0.000060, "neg_dist": 3.206541, "pos_dist": 3.493249, "time_diff": 12.990000, "triplet": 0.740060}
[08/12 15:47:40][INFO] utils.logging:   91: {"_type": "train_iter", "epoch": "22/30", "eta": "0:30:31", "iter": "1801/8376", "loss": 1.137854, "lr": 0.000060, "neg_dist": 3.764198, "pos_dist": 4.356092, "time_diff": 14.560000, "triplet": 0.891894}
[08/12 15:47:41][INFO] utils.logging:   91: {"_type": "train_iter", "epoch": "22/30", "eta": "0:30:25", "iter": "2001/8376", "loss": 1.082453, "lr": 0.000060, "neg_dist": 3.168902, "pos_dist": 3.669900, "time_diff": 16.170000, "triplet": 0.800999}
[08/12 15:47:43][INFO] utils.logging:   91: {"_type": "train_iter", "epoch": "22/30", "eta": "0:30:18", "iter": "2201/8376", "loss": 0.920225, "lr": 0.000060, "neg_dist": 3.094961, "pos_dist": 3.440322, "time_diff": 17.790000, "triplet": 0.645361}
[08/12 15:47:44][INFO] utils.logging:   91: {"_type": "train_iter", "epoch": "22/30", "eta": "0:30:12", "iter": "2401/8376", "loss": 0.743203, "lr": 0.000060, "neg_dist": 3.687728, "pos_dist": 3.813894, "time_diff": 19.370000, "triplet": 0.505974}
[08/12 15:47:46][INFO] utils.logging:   91: {"_type": "train_iter", "epoch": "22/30", "eta": "0:30:05", "iter": "2601/8376", "loss": 1.326271, "lr": 0.000060, "neg_dist": 3.755318, "pos_dist": 4.487396, "time_diff": 20.960000, "triplet": 1.078482}
[08/12 15:47:48][INFO] utils.logging:   91: {"_type": "train_iter", "epoch": "22/30", "eta": "0:29:59", "iter": "2801/8376", "loss": 1.167020, "lr": 0.000060, "neg_dist": 4.056786, "pos_dist": 4.246342, "time_diff": 22.540000, "triplet": 0.915576}
[08/12 15:47:49][INFO] utils.logging:   91: {"_type": "train_iter", "epoch": "22/30", "eta": "0:29:53", "iter": "3001/8376", "loss": 1.562392, "lr": 0.000060, "neg_dist": 3.859708, "pos_dist": 4.857470, "time_diff": 24.130000, "triplet": 1.297762}
[08/12 15:47:51][INFO] utils.logging:   91: {"_type": "train_iter", "epoch": "22/30", "eta": "0:29:46", "iter": "3201/8376", "loss": 0.638701, "lr": 0.000060, "neg_dist": 3.613385, "pos_dist": 3.478709, "time_diff": 25.730000, "triplet": 0.411729}
[08/12 15:47:52][INFO] utils.logging:   91: {"_type": "train_iter", "epoch": "22/30", "eta": "0:29:40", "iter": "3401/8376", "loss": 1.626714, "lr": 0.000060, "neg_dist": 3.821049, "pos_dist": 4.802681, "time_diff": 27.360000, "triplet": 1.377490}
[08/12 15:47:54][INFO] utils.logging:   91: {"_type": "train_iter", "epoch": "22/30", "eta": "0:29:34", "iter": "3601/8376", "loss": 1.112902, "lr": 0.000060, "neg_dist": 3.108180, "pos_dist": 3.655062, "time_diff": 28.960000, "triplet": 0.846882}
[08/12 15:47:56][INFO] utils.logging:   91: {"_type": "train_iter", "epoch": "22/30", "eta": "0:29:28", "iter": "3801/8376", "loss": 1.505227, "lr": 0.000060, "neg_dist": 3.964086, "pos_dist": 4.903854, "time_diff": 30.570000, "triplet": 1.240923}
[08/12 15:47:57][INFO] utils.logging:   91: {"_type": "train_iter", "epoch": "22/30", "eta": "0:29:21", "iter": "4001/8376", "loss": 0.989353, "lr": 0.000060, "neg_dist": 3.200835, "pos_dist": 3.451298, "time_diff": 32.210000, "triplet": 0.716841}
[08/12 15:47:59][INFO] utils.logging:   91: {"_type": "train_iter", "epoch": "22/30", "eta": "0:29:15", "iter": "4201/8376", "loss": 1.621825, "lr": 0.000060, "neg_dist": 3.284566, "pos_dist": 4.332103, "time_diff": 33.800000, "triplet": 1.347537}
[08/12 15:48:00][INFO] utils.logging:   91: {"_type": "train_iter", "epoch": "22/30", "eta": "0:29:09", "iter": "4401/8376", "loss": 1.110809, "lr": 0.000060, "neg_dist": 3.258123, "pos_dist": 3.841154, "time_diff": 35.390000, "triplet": 0.888782}
[08/12 15:48:02][INFO] utils.logging:   91: {"_type": "train_iter", "epoch": "22/30", "eta": "0:29:03", "iter": "4601/8376", "loss": 1.031159, "lr": 0.000060, "neg_dist": 3.608119, "pos_dist": 4.093542, "time_diff": 36.990000, "triplet": 0.785423}
[08/12 15:48:04][INFO] utils.logging:   91: {"_type": "train_iter", "epoch": "22/30", "eta": "0:28:56", "iter": "4801/8376", "loss": 1.602177, "lr": 0.000060, "neg_dist": 3.259776, "pos_dist": 4.319227, "time_diff": 38.570000, "triplet": 1.359451}
[08/12 15:48:05][INFO] utils.logging:   91: {"_type": "train_iter", "epoch": "22/30", "eta": "0:28:50", "iter": "5001/8376", "loss": 1.345785, "lr": 0.000060, "neg_dist": 3.464920, "pos_dist": 4.238131, "time_diff": 40.190000, "triplet": 1.098086}
[08/12 15:48:07][INFO] utils.logging:   91: {"_type": "train_iter", "epoch": "22/30", "eta": "0:28:44", "iter": "5201/8376", "loss": 1.170995, "lr": 0.000060, "neg_dist": 4.556532, "pos_dist": 5.155268, "time_diff": 41.810000, "triplet": 0.934127}
[08/12 15:48:08][INFO] utils.logging:   91: {"_type": "train_iter", "epoch": "22/30", "eta": "0:28:38", "iter": "5401/8376", "loss": 1.146314, "lr": 0.000060, "neg_dist": 3.550298, "pos_dist": 4.125639, "time_diff": 43.470000, "triplet": 0.906997}
[08/12 15:48:10][INFO] utils.logging:   91: {"_type": "train_iter", "epoch": "22/30", "eta": "0:28:32", "iter": "5601/8376", "loss": 1.124690, "lr": 0.000060, "neg_dist": 4.045609, "pos_dist": 4.166105, "time_diff": 45.070000, "triplet": 0.862494}
[08/12 15:48:12][INFO] utils.logging:   91: {"_type": "train_iter", "epoch": "22/30", "eta": "0:28:26", "iter": "5801/8376", "loss": 2.177044, "lr": 0.000060, "neg_dist": 3.744365, "pos_dist": 5.343723, "time_diff": 46.670000, "triplet": 1.899358}
[08/12 15:48:13][INFO] utils.logging:   91: {"_type": "train_iter", "epoch": "22/30", "eta": "0:28:19", "iter": "6001/8376", "loss": 1.036753, "lr": 0.000060, "neg_dist": 2.844792, "pos_dist": 3.330538, "time_diff": 48.260000, "triplet": 0.785746}
[08/12 15:48:15][INFO] utils.logging:   91: {"_type": "train_iter", "epoch": "22/30", "eta": "0:28:13", "iter": "6201/8376", "loss": 0.767141, "lr": 0.000060, "neg_dist": 3.162588, "pos_dist": 3.177151, "time_diff": 49.850000, "triplet": 0.530803}
[08/12 15:48:16][INFO] utils.logging:   91: {"_type": "train_iter", "epoch": "22/30", "eta": "0:28:07", "iter": "6401/8376", "loss": 1.134244, "lr": 0.000060, "neg_dist": 3.449304, "pos_dist": 3.860985, "time_diff": 51.450000, "triplet": 0.894073}
[08/12 15:48:18][INFO] utils.logging:   91: {"_type": "train_iter", "epoch": "22/30", "eta": "0:28:01", "iter": "6601/8376", "loss": 1.368586, "lr": 0.000060, "neg_dist": 2.825324, "pos_dist": 3.640539, "time_diff": 53.030000, "triplet": 1.115216}
[08/12 15:48:20][INFO] utils.logging:   91: {"_type": "train_iter", "epoch": "22/30", "eta": "0:27:55", "iter": "6801/8376", "loss": 1.947840, "lr": 0.000060, "neg_dist": 3.780385, "pos_dist": 5.167480, "time_diff": 54.620000, "triplet": 1.687094}
[08/12 15:48:21][INFO] utils.logging:   91: {"_type": "train_iter", "epoch": "22/30", "eta": "0:27:49", "iter": "7001/8376", "loss": 0.662195, "lr": 0.000060, "neg_dist": 3.643870, "pos_dist": 3.552695, "time_diff": 56.220000, "triplet": 0.411081}
[08/12 15:48:23][INFO] utils.logging:   91: {"_type": "train_iter", "epoch": "22/30", "eta": "0:27:43", "iter": "7201/8376", "loss": 1.657804, "lr": 0.000060, "neg_dist": 3.947193, "pos_dist": 5.049109, "time_diff": 57.800000, "triplet": 1.401917}
[08/12 15:48:24][INFO] utils.logging:   91: {"_type": "train_iter", "epoch": "22/30", "eta": "0:27:36", "iter": "7401/8376", "loss": 0.954252, "lr": 0.000060, "neg_dist": 4.142363, "pos_dist": 4.230394, "time_diff": 59.380000, "triplet": 0.691086}
[08/12 15:48:26][INFO] utils.logging:   91: {"_type": "train_iter", "epoch": "22/30", "eta": "0:27:30", "iter": "7601/8376", "loss": 1.165396, "lr": 0.000060, "neg_dist": 3.838349, "pos_dist": 4.425594, "time_diff": 60.960000, "triplet": 0.905213}
[08/12 15:48:28][INFO] utils.logging:   91: {"_type": "train_iter", "epoch": "22/30", "eta": "0:27:24", "iter": "7801/8376", "loss": 1.154131, "lr": 0.000060, "neg_dist": 3.276237, "pos_dist": 3.841364, "time_diff": 62.560000, "triplet": 0.868780}
[08/12 15:48:29][INFO] utils.logging:   91: {"_type": "train_iter", "epoch": "22/30", "eta": "0:27:18", "iter": "8001/8376", "loss": 1.030542, "lr": 0.000060, "neg_dist": 2.882019, "pos_dist": 3.378512, "time_diff": 64.150000, "triplet": 0.796493}
[08/12 15:48:31][INFO] utils.logging:   91: {"_type": "train_iter", "epoch": "22/30", "eta": "0:27:12", "iter": "8201/8376", "loss": 1.345022, "lr": 0.000060, "neg_dist": 3.920596, "pos_dist": 4.687336, "time_diff": 65.740000, "triplet": 1.066740}
[08/12 15:48:32][INFO] utils.logging:   91: {"RAM": "14.66/125.63 GB", "_type": "train_epoch", "epoch": "22/30", "eta": "0:27:07", "gpu_mem": "0.39 GB", "loss": 1.221114, "lr": 0.000060, "neg_dist": 3.585867, "pos_dist": 4.175135, "time_diff": 67.160000, "triplet": 0.959084}
[08/12 15:48:33][INFO] utils.logging:   91: {"_type": "val_epoch", "epoch": "22/30", "loss": 1.212285}
[08/12 15:48:33][INFO] utils.logging:   91: {"_type": "train_iter", "epoch": "23/30", "eta": "0:27:07", "iter": "1/8376", "loss": 1.043733, "lr": 0.000047, "neg_dist": 3.465873, "pos_dist": 3.842160, "time_diff": 0.090000, "triplet": 0.811911}
[08/12 15:48:35][INFO] utils.logging:   91: {"_type": "train_iter", "epoch": "23/30", "eta": "0:27:01", "iter": "201/8376", "loss": 1.119298, "lr": 0.000047, "neg_dist": 3.850182, "pos_dist": 4.362792, "time_diff": 1.720000, "triplet": 0.824460}
[08/12 15:48:36][INFO] utils.logging:   91: {"_type": "train_iter", "epoch": "23/30", "eta": "0:26:55", "iter": "401/8376", "loss": 1.621456, "lr": 0.000047, "neg_dist": 3.608582, "pos_dist": 4.576471, "time_diff": 3.300000, "triplet": 1.347815}
[08/12 15:48:38][INFO] utils.logging:   91: {"_type": "train_iter", "epoch": "23/30", "eta": "0:26:49", "iter": "601/8376", "loss": 1.850624, "lr": 0.000047, "neg_dist": 3.801879, "pos_dist": 5.074735, "time_diff": 4.930000, "triplet": 1.582200}
[08/12 15:48:40][INFO] utils.logging:   91: {"_type": "train_iter", "epoch": "23/30", "eta": "0:26:43", "iter": "801/8376", "loss": 0.961813, "lr": 0.000047, "neg_dist": 3.612029, "pos_dist": 3.777909, "time_diff": 6.520000, "triplet": 0.702521}
[08/12 15:48:41][INFO] utils.logging:   91: {"_type": "train_iter", "epoch": "23/30", "eta": "0:26:37", "iter": "1001/8376", "loss": 1.368319, "lr": 0.000047, "neg_dist": 3.807880, "pos_dist": 4.487596, "time_diff": 8.150000, "triplet": 1.096291}
[08/12 15:48:43][INFO] utils.logging:   91: {"_type": "train_iter", "epoch": "23/30", "eta": "0:26:31", "iter": "1201/8376", "loss": 1.297629, "lr": 0.000047, "neg_dist": 3.232954, "pos_dist": 3.788507, "time_diff": 9.770000, "triplet": 1.059123}
[08/12 15:48:44][INFO] utils.logging:   91: {"_type": "train_iter", "epoch": "23/30", "eta": "0:26:25", "iter": "1401/8376", "loss": 1.060950, "lr": 0.000047, "neg_dist": 3.375529, "pos_dist": 3.882735, "time_diff": 11.400000, "triplet": 0.822784}
[08/12 15:48:46][INFO] utils.logging:   91: {"_type": "train_iter", "epoch": "23/30", "eta": "0:26:19", "iter": "1601/8376", "loss": 1.082903, "lr": 0.000047, "neg_dist": 3.546791, "pos_dist": 4.090110, "time_diff": 13.000000, "triplet": 0.843319}
[08/12 15:48:48][INFO] utils.logging:   91: {"_type": "train_iter", "epoch": "23/30", "eta": "0:26:13", "iter": "1801/8376", "loss": 1.881422, "lr": 0.000047, "neg_dist": 4.072436, "pos_dist": 5.368425, "time_diff": 14.570000, "triplet": 1.601427}
[08/12 15:48:49][INFO] utils.logging:   91: {"_type": "train_iter", "epoch": "23/30", "eta": "0:26:07", "iter": "2001/8376", "loss": 1.048517, "lr": 0.000047, "neg_dist": 3.516950, "pos_dist": 3.988538, "time_diff": 16.140000, "triplet": 0.791432}
[08/12 15:48:51][INFO] utils.logging:   91: {"_type": "train_iter", "epoch": "23/30", "eta": "0:26:01", "iter": "2201/8376", "loss": 1.210916, "lr": 0.000047, "neg_dist": 3.739744, "pos_dist": 4.295392, "time_diff": 17.720000, "triplet": 0.936293}
[08/12 15:48:52][INFO] utils.logging:   91: {"_type": "train_iter", "epoch": "23/30", "eta": "0:25:55", "iter": "2401/8376", "loss": 1.400384, "lr": 0.000047, "neg_dist": 3.916550, "pos_dist": 4.712758, "time_diff": 19.330000, "triplet": 1.127710}
[08/12 15:48:54][INFO] utils.logging:   91: {"_type": "train_iter", "epoch": "23/30", "eta": "0:25:49", "iter": "2601/8376", "loss": 1.191136, "lr": 0.000047, "neg_dist": 3.646336, "pos_dist": 4.280695, "time_diff": 20.900000, "triplet": 0.934359}
[08/12 15:48:55][INFO] utils.logging:   91: {"_type": "train_iter", "epoch": "23/30", "eta": "0:25:44", "iter": "2801/8376", "loss": 0.643520, "lr": 0.000047, "neg_dist": 3.359266, "pos_dist": 3.365089, "time_diff": 22.490000, "triplet": 0.368786}
[08/12 15:48:57][INFO] utils.logging:   91: {"_type": "train_iter", "epoch": "23/30", "eta": "0:25:38", "iter": "3001/8376", "loss": 1.676661, "lr": 0.000047, "neg_dist": 3.626168, "pos_dist": 4.738326, "time_diff": 24.060000, "triplet": 1.412158}
[08/12 15:48:59][INFO] utils.logging:   91: {"_type": "train_iter", "epoch": "23/30", "eta": "0:25:32", "iter": "3201/8376", "loss": 0.992627, "lr": 0.000047, "neg_dist": 3.119457, "pos_dist": 3.431078, "time_diff": 25.640000, "triplet": 0.724533}
[08/12 15:49:00][INFO] utils.logging:   91: {"_type": "train_iter", "epoch": "23/30", "eta": "0:25:26", "iter": "3401/8376", "loss": 0.986451, "lr": 0.000047, "neg_dist": 3.689242, "pos_dist": 3.885846, "time_diff": 27.270000, "triplet": 0.714748}
[08/12 15:49:02][INFO] utils.logging:   91: {"_type": "train_iter", "epoch": "23/30", "eta": "0:25:20", "iter": "3601/8376", "loss": 1.107472, "lr": 0.000047, "neg_dist": 3.126950, "pos_dist": 3.662836, "time_diff": 28.880000, "triplet": 0.835885}
[08/12 15:49:03][INFO] utils.logging:   91: {"_type": "train_iter", "epoch": "23/30", "eta": "0:25:14", "iter": "3801/8376", "loss": 1.189460, "lr": 0.000047, "neg_dist": 3.170548, "pos_dist": 3.739425, "time_diff": 30.480000, "triplet": 0.952067}
[08/12 15:49:05][INFO] utils.logging:   91: {"_type": "train_iter", "epoch": "23/30", "eta": "0:25:08", "iter": "4001/8376", "loss": 1.356122, "lr": 0.000047, "neg_dist": 4.565033, "pos_dist": 5.362384, "time_diff": 32.060000, "triplet": 1.097350}
[08/12 15:49:07][INFO] utils.logging:   91: {"_type": "train_iter", "epoch": "23/30", "eta": "0:25:02", "iter": "4201/8376", "loss": 1.145445, "lr": 0.000047, "neg_dist": 3.622749, "pos_dist": 4.180941, "time_diff": 33.650000, "triplet": 0.878885}
[08/12 15:49:08][INFO] utils.logging:   91: {"_type": "train_iter", "epoch": "23/30", "eta": "0:24:56", "iter": "4401/8376", "loss": 0.950828, "lr": 0.000047, "neg_dist": 4.029148, "pos_dist": 4.332158, "time_diff": 35.240000, "triplet": 0.701785}
[08/12 15:49:10][INFO] utils.logging:   91: {"_type": "train_iter", "epoch": "23/30", "eta": "0:24:51", "iter": "4601/8376", "loss": 0.972578, "lr": 0.000047, "neg_dist": 3.604228, "pos_dist": 3.743528, "time_diff": 36.830000, "triplet": 0.712853}
[08/12 15:49:11][INFO] utils.logging:   91: {"_type": "train_iter", "epoch": "23/30", "eta": "0:24:45", "iter": "4801/8376", "loss": 1.168766, "lr": 0.000047, "neg_dist": 3.596019, "pos_dist": 4.211421, "time_diff": 38.450000, "triplet": 0.915402}
[08/12 15:49:13][INFO] utils.logging:   91: {"_type": "train_iter", "epoch": "23/30", "eta": "0:24:39", "iter": "5001/8376", "loss": 0.784176, "lr": 0.000047, "neg_dist": 3.820199, "pos_dist": 3.807756, "time_diff": 40.000000, "triplet": 0.495205}
[08/12 15:49:15][INFO] utils.logging:   91: {"_type": "train_iter", "epoch": "23/30", "eta": "0:24:33", "iter": "5201/8376", "loss": 1.493821, "lr": 0.000047, "neg_dist": 3.695796, "pos_dist": 4.621540, "time_diff": 41.580000, "triplet": 1.240901}
[08/12 15:49:16][INFO] utils.logging:   91: {"_type": "train_iter", "epoch": "23/30", "eta": "0:24:27", "iter": "5401/8376", "loss": 0.982889, "lr": 0.000047, "neg_dist": 3.245075, "pos_dist": 3.621671, "time_diff": 43.140000, "triplet": 0.705760}
[08/12 15:49:18][INFO] utils.logging:   91: {"_type": "train_iter", "epoch": "23/30", "eta": "0:24:22", "iter": "5601/8376", "loss": 1.594686, "lr": 0.000047, "neg_dist": 2.895832, "pos_dist": 3.910216, "time_diff": 44.770000, "triplet": 1.333100}
[08/12 15:49:19][INFO] utils.logging:   91: {"_type": "train_iter", "epoch": "23/30", "eta": "0:24:16", "iter": "5801/8376", "loss": 1.184308, "lr": 0.000047, "neg_dist": 3.906024, "pos_dist": 4.257111, "time_diff": 46.390000, "triplet": 0.929080}
[08/12 15:49:21][INFO] utils.logging:   91: {"_type": "train_iter", "epoch": "23/30", "eta": "0:24:10", "iter": "6001/8376", "loss": 1.307893, "lr": 0.000047, "neg_dist": 3.477390, "pos_dist": 4.127257, "time_diff": 47.990000, "triplet": 1.006693}
[08/12 15:49:23][INFO] utils.logging:   91: {"_type": "train_iter", "epoch": "23/30", "eta": "0:24:04", "iter": "6201/8376", "loss": 1.227575, "lr": 0.000047, "neg_dist": 3.342011, "pos_dist": 3.998047, "time_diff": 49.580000, "triplet": 0.977372}
[08/12 15:49:24][INFO] utils.logging:   91: {"_type": "train_iter", "epoch": "23/30", "eta": "0:23:59", "iter": "6401/8376", "loss": 0.933387, "lr": 0.000047, "neg_dist": 3.618703, "pos_dist": 3.760553, "time_diff": 51.170000, "triplet": 0.675228}
[08/12 15:49:26][INFO] utils.logging:   91: {"_type": "train_iter", "epoch": "23/30", "eta": "0:23:53", "iter": "6601/8376", "loss": 1.106634, "lr": 0.000047, "neg_dist": 3.164287, "pos_dist": 3.737668, "time_diff": 52.760000, "triplet": 0.873381}
[08/12 15:49:27][INFO] utils.logging:   91: {"_type": "train_iter", "epoch": "23/30", "eta": "0:23:47", "iter": "6801/8376", "loss": 1.061620, "lr": 0.000047, "neg_dist": 3.595890, "pos_dist": 4.070475, "time_diff": 54.370000, "triplet": 0.807536}
[08/12 15:49:29][INFO] utils.logging:   91: {"_type": "train_iter", "epoch": "23/30", "eta": "0:23:41", "iter": "7001/8376", "loss": 1.277378, "lr": 0.000047, "neg_dist": 3.638675, "pos_dist": 4.362529, "time_diff": 55.950000, "triplet": 1.023854}
[08/12 15:49:31][INFO] utils.logging:   91: {"_type": "train_iter", "epoch": "23/30", "eta": "0:23:36", "iter": "7201/8376", "loss": 0.791491, "lr": 0.000047, "neg_dist": 3.362945, "pos_dist": 3.451650, "time_diff": 57.580000, "triplet": 0.527371}
[08/12 15:49:32][INFO] utils.logging:   91: {"_type": "train_iter", "epoch": "23/30", "eta": "0:23:30", "iter": "7401/8376", "loss": 1.578603, "lr": 0.000047, "neg_dist": 3.497360, "pos_dist": 4.478458, "time_diff": 59.200000, "triplet": 1.322056}
[08/12 15:49:34][INFO] utils.logging:   91: {"_type": "train_iter", "epoch": "23/30", "eta": "0:23:24", "iter": "7601/8376", "loss": 0.570427, "lr": 0.000047, "neg_dist": 3.863973, "pos_dist": 3.444255, "time_diff": 60.810000, "triplet": 0.338893}
[08/12 15:49:35][INFO] utils.logging:   91: {"_type": "train_iter", "epoch": "23/30", "eta": "0:23:19", "iter": "7801/8376", "loss": 1.043022, "lr": 0.000047, "neg_dist": 3.367856, "pos_dist": 3.842633, "time_diff": 62.390000, "triplet": 0.774777}
[08/12 15:49:37][INFO] utils.logging:   91: {"_type": "train_iter", "epoch": "23/30", "eta": "0:23:13", "iter": "8001/8376", "loss": 1.372958, "lr": 0.000047, "neg_dist": 3.936501, "pos_dist": 4.749115, "time_diff": 63.990000, "triplet": 1.119346}
[08/12 15:49:39][INFO] utils.logging:   91: {"_type": "train_iter", "epoch": "23/30", "eta": "0:23:07", "iter": "8201/8376", "loss": 1.141714, "lr": 0.000047, "neg_dist": 3.240740, "pos_dist": 3.774686, "time_diff": 65.580000, "triplet": 0.871975}
[08/12 15:49:40][INFO] utils.logging:   91: {"RAM": "14.67/125.63 GB", "_type": "train_epoch", "epoch": "23/30", "eta": "0:23:02", "gpu_mem": "0.39 GB", "loss": 1.224224, "lr": 0.000047, "neg_dist": 3.584276, "pos_dist": 4.177205, "time_diff": 67.020000, "triplet": 0.962189}
[08/12 15:49:41][INFO] utils.logging:   91: {"_type": "val_epoch", "epoch": "23/30", "loss": 1.184265}
[08/12 15:49:41][INFO] utils.logging:   91: {"_type": "train_iter", "epoch": "24/30", "eta": "0:23:02", "iter": "1/8376", "loss": 0.669849, "lr": 0.000035, "neg_dist": 3.316785, "pos_dist": 3.378238, "time_diff": 0.090000, "triplet": 0.390552}
[08/12 15:49:43][INFO] utils.logging:   91: {"_type": "train_iter", "epoch": "24/30", "eta": "0:22:57", "iter": "201/8376", "loss": 0.973077, "lr": 0.000035, "neg_dist": 3.061751, "pos_dist": 3.482039, "time_diff": 1.710000, "triplet": 0.721414}
[08/12 15:49:44][INFO] utils.logging:   91: {"_type": "train_iter", "epoch": "24/30", "eta": "0:22:51", "iter": "401/8376", "loss": 1.223530, "lr": 0.000035, "neg_dist": 4.312803, "pos_dist": 4.833038, "time_diff": 3.260000, "triplet": 0.944731}
[08/12 15:49:46][INFO] utils.logging:   91: {"_type": "train_iter", "epoch": "24/30", "eta": "0:22:45", "iter": "601/8376", "loss": 1.022520, "lr": 0.000035, "neg_dist": 3.118850, "pos_dist": 3.571526, "time_diff": 4.840000, "triplet": 0.753123}
[08/12 15:49:47][INFO] utils.logging:   91: {"_type": "train_iter", "epoch": "24/30", "eta": "0:22:40", "iter": "801/8376", "loss": 1.561870, "lr": 0.000035, "neg_dist": 3.081774, "pos_dist": 4.080213, "time_diff": 6.420000, "triplet": 1.298439}
[08/12 15:49:49][INFO] utils.logging:   91: {"_type": "train_iter", "epoch": "24/30", "eta": "0:22:34", "iter": "1001/8376", "loss": 1.370560, "lr": 0.000035, "neg_dist": 4.351508, "pos_dist": 5.109503, "time_diff": 7.990000, "triplet": 1.083602}
[08/12 15:49:50][INFO] utils.logging:   91: {"_type": "train_iter", "epoch": "24/30", "eta": "0:22:29", "iter": "1201/8376", "loss": 0.744508, "lr": 0.000035, "neg_dist": 2.911591, "pos_dist": 3.064016, "time_diff": 9.600000, "triplet": 0.494453}
[08/12 15:49:52][INFO] utils.logging:   91: {"_type": "train_iter", "epoch": "24/30", "eta": "0:22:23", "iter": "1401/8376", "loss": 1.266791, "lr": 0.000035, "neg_dist": 3.153199, "pos_dist": 3.803518, "time_diff": 11.200000, "triplet": 0.972373}
[08/12 15:49:54][INFO] utils.logging:   91: {"_type": "train_iter", "epoch": "24/30", "eta": "0:22:17", "iter": "1601/8376", "loss": 0.862573, "lr": 0.000035, "neg_dist": 3.677489, "pos_dist": 3.966005, "time_diff": 12.800000, "triplet": 0.603238}
[08/12 15:49:55][INFO] utils.logging:   91: {"_type": "train_iter", "epoch": "24/30", "eta": "0:22:12", "iter": "1801/8376", "loss": 1.121592, "lr": 0.000035, "neg_dist": 2.810870, "pos_dist": 3.359627, "time_diff": 14.380000, "triplet": 0.848758}
[08/12 15:49:57][INFO] utils.logging:   91: {"_type": "train_iter", "epoch": "24/30", "eta": "0:22:06", "iter": "2001/8376", "loss": 1.212818, "lr": 0.000035, "neg_dist": 3.770700, "pos_dist": 4.270195, "time_diff": 16.000000, "triplet": 0.962290}
[08/12 15:49:59][INFO] utils.logging:   91: {"_type": "train_iter", "epoch": "24/30", "eta": "0:22:01", "iter": "2201/8376", "loss": 1.474790, "lr": 0.000035, "neg_dist": 3.917677, "pos_dist": 4.820246, "time_diff": 17.610000, "triplet": 1.215154}
[08/12 15:50:00][INFO] utils.logging:   91: {"_type": "train_iter", "epoch": "24/30", "eta": "0:21:55", "iter": "2401/8376", "loss": 1.695980, "lr": 0.000035, "neg_dist": 3.699772, "pos_dist": 4.848345, "time_diff": 19.210000, "triplet": 1.448573}
[08/12 15:50:02][INFO] utils.logging:   91: {"_type": "train_iter", "epoch": "24/30", "eta": "0:21:49", "iter": "2601/8376", "loss": 0.889729, "lr": 0.000035, "neg_dist": 3.777273, "pos_dist": 3.884996, "time_diff": 20.830000, "triplet": 0.626075}
[08/12 15:50:03][INFO] utils.logging:   91: {"_type": "train_iter", "epoch": "24/30", "eta": "0:21:44", "iter": "2801/8376", "loss": 1.530056, "lr": 0.000035, "neg_dist": 2.983873, "pos_dist": 3.973177, "time_diff": 22.430000, "triplet": 1.289304}
[08/12 15:50:05][INFO] utils.logging:   91: {"_type": "train_iter", "epoch": "24/30", "eta": "0:21:38", "iter": "3001/8376", "loss": 1.231925, "lr": 0.000035, "neg_dist": 3.548183, "pos_dist": 4.205065, "time_diff": 24.000000, "triplet": 0.956881}
[08/12 15:50:06][INFO] utils.logging:   91: {"_type": "train_iter", "epoch": "24/30", "eta": "0:21:33", "iter": "3201/8376", "loss": 1.507185, "lr": 0.000035, "neg_dist": 3.365386, "pos_dist": 4.265363, "time_diff": 25.570000, "triplet": 1.243177}
[08/12 15:50:08][INFO] utils.logging:   91: {"_type": "train_iter", "epoch": "24/30", "eta": "0:21:27", "iter": "3401/8376", "loss": 1.208506, "lr": 0.000035, "neg_dist": 5.204807, "pos_dist": 5.697283, "time_diff": 27.160000, "triplet": 0.944499}
[08/12 15:50:10][INFO] utils.logging:   91: {"_type": "train_iter", "epoch": "24/30", "eta": "0:21:22", "iter": "3601/8376", "loss": 1.248041, "lr": 0.000035, "neg_dist": 3.747786, "pos_dist": 4.412951, "time_diff": 28.760000, "triplet": 0.965166}
[08/12 15:50:11][INFO] utils.logging:   91: {"_type": "train_iter", "epoch": "24/30", "eta": "0:21:16", "iter": "3801/8376", "loss": 1.397198, "lr": 0.000035, "neg_dist": 3.225153, "pos_dist": 3.847167, "time_diff": 30.330000, "triplet": 1.115008}
[08/12 15:50:13][INFO] utils.logging:   91: {"_type": "train_iter", "epoch": "24/30", "eta": "0:21:11", "iter": "4001/8376", "loss": 1.138728, "lr": 0.000035, "neg_dist": 3.486803, "pos_dist": 3.836049, "time_diff": 31.900000, "triplet": 0.867130}
[08/12 15:50:14][INFO] utils.logging:   91: {"_type": "train_iter", "epoch": "24/30", "eta": "0:21:05", "iter": "4201/8376", "loss": 0.915160, "lr": 0.000035, "neg_dist": 3.634402, "pos_dist": 3.790025, "time_diff": 33.470000, "triplet": 0.646980}
[08/12 15:50:16][INFO] utils.logging:   91: {"_type": "train_iter", "epoch": "24/30", "eta": "0:21:00", "iter": "4401/8376", "loss": 1.188774, "lr": 0.000035, "neg_dist": 3.400910, "pos_dist": 3.968136, "time_diff": 35.060000, "triplet": 0.927892}
[08/12 15:50:18][INFO] utils.logging:   91: {"_type": "train_iter", "epoch": "24/30", "eta": "0:20:54", "iter": "4601/8376", "loss": 0.865854, "lr": 0.000035, "neg_dist": 3.751857, "pos_dist": 4.041668, "time_diff": 36.660000, "triplet": 0.589810}
[08/12 15:50:19][INFO] utils.logging:   91: {"_type": "train_iter", "epoch": "24/30", "eta": "0:20:49", "iter": "4801/8376", "loss": 1.479058, "lr": 0.000035, "neg_dist": 3.802259, "pos_dist": 4.705062, "time_diff": 38.270000, "triplet": 1.214136}
[08/12 15:50:21][INFO] utils.logging:   91: {"_type": "train_iter", "epoch": "24/30", "eta": "0:20:43", "iter": "5001/8376", "loss": 0.894820, "lr": 0.000035, "neg_dist": 3.106155, "pos_dist": 3.431130, "time_diff": 39.880000, "triplet": 0.630902}
[08/12 15:50:22][INFO] utils.logging:   91: {"_type": "train_iter", "epoch": "24/30", "eta": "0:20:38", "iter": "5201/8376", "loss": 1.079980, "lr": 0.000035, "neg_dist": 3.067600, "pos_dist": 3.628082, "time_diff": 41.460000, "triplet": 0.860483}
[08/12 15:50:24][INFO] utils.logging:   91: {"_type": "train_iter", "epoch": "24/30", "eta": "0:20:32", "iter": "5401/8376", "loss": 1.282956, "lr": 0.000035, "neg_dist": 3.659842, "pos_dist": 4.383318, "time_diff": 43.050000, "triplet": 1.023477}
[08/12 15:50:26][INFO] utils.logging:   91: {"_type": "train_iter", "epoch": "24/30", "eta": "0:20:27", "iter": "5601/8376", "loss": 0.974525, "lr": 0.000035, "neg_dist": 3.368427, "pos_dist": 3.769948, "time_diff": 44.630000, "triplet": 0.721475}
[08/12 15:50:27][INFO] utils.logging:   91: {"_type": "train_iter", "epoch": "24/30", "eta": "0:20:22", "iter": "5801/8376", "loss": 0.846374, "lr": 0.000035, "neg_dist": 3.679151, "pos_dist": 3.922177, "time_diff": 46.240000, "triplet": 0.545580}
[08/12 15:50:29][INFO] utils.logging:   91: {"_type": "train_iter", "epoch": "24/30", "eta": "0:20:16", "iter": "6001/8376", "loss": 1.398598, "lr": 0.000035, "neg_dist": 3.746637, "pos_dist": 4.617090, "time_diff": 47.830000, "triplet": 1.170453}
[08/12 15:50:30][INFO] utils.logging:   91: {"_type": "train_iter", "epoch": "24/30", "eta": "0:20:11", "iter": "6201/8376", "loss": 1.625872, "lr": 0.000035, "neg_dist": 4.048415, "pos_dist": 5.072678, "time_diff": 49.420000, "triplet": 1.337975}
[08/12 15:50:32][INFO] utils.logging:   91: {"_type": "train_iter", "epoch": "24/30", "eta": "0:20:05", "iter": "6401/8376", "loss": 1.015700, "lr": 0.000035, "neg_dist": 3.782854, "pos_dist": 4.146881, "time_diff": 51.030000, "triplet": 0.743385}
[08/12 15:50:34][INFO] utils.logging:   91: {"_type": "train_iter", "epoch": "24/30", "eta": "0:20:00", "iter": "6601/8376", "loss": 1.234321, "lr": 0.000035, "neg_dist": 3.015639, "pos_dist": 3.666254, "time_diff": 52.630000, "triplet": 0.957201}
[08/12 15:50:35][INFO] utils.logging:   91: {"_type": "train_iter", "epoch": "24/30", "eta": "0:19:54", "iter": "6801/8376", "loss": 1.119399, "lr": 0.000035, "neg_dist": 3.110798, "pos_dist": 3.700471, "time_diff": 54.230000, "triplet": 0.891433}
[08/12 15:50:37][INFO] utils.logging:   91: {"_type": "train_iter", "epoch": "24/30", "eta": "0:19:49", "iter": "7001/8376", "loss": 0.926369, "lr": 0.000035, "neg_dist": 3.203166, "pos_dist": 3.502489, "time_diff": 55.820000, "triplet": 0.645899}
[08/12 15:50:38][INFO] utils.logging:   91: {"_type": "train_iter", "epoch": "24/30", "eta": "0:19:44", "iter": "7201/8376", "loss": 1.576010, "lr": 0.000035, "neg_dist": 3.173819, "pos_dist": 4.200345, "time_diff": 57.390000, "triplet": 1.326525}
[08/12 15:50:40][INFO] utils.logging:   91: {"_type": "train_iter", "epoch": "24/30", "eta": "0:19:38", "iter": "7401/8376", "loss": 1.435442, "lr": 0.000035, "neg_dist": 4.095808, "pos_dist": 4.995176, "time_diff": 59.010000, "triplet": 1.199368}
[08/12 15:50:41][INFO] utils.logging:   91: {"_type": "train_iter", "epoch": "24/30", "eta": "0:19:33", "iter": "7601/8376", "loss": 1.694733, "lr": 0.000035, "neg_dist": 3.388258, "pos_dist": 4.457356, "time_diff": 60.600000, "triplet": 1.415616}
[08/12 15:50:43][INFO] utils.logging:   91: {"_type": "train_iter", "epoch": "24/30", "eta": "0:19:28", "iter": "7801/8376", "loss": 1.549879, "lr": 0.000035, "neg_dist": 3.622410, "pos_dist": 4.613111, "time_diff": 62.210000, "triplet": 1.290702}
[08/12 15:50:45][INFO] utils.logging:   91: {"_type": "train_iter", "epoch": "24/30", "eta": "0:19:22", "iter": "8001/8376", "loss": 1.959182, "lr": 0.000035, "neg_dist": 3.444863, "pos_dist": 4.837219, "time_diff": 63.790000, "triplet": 1.692356}
[08/12 15:50:46][INFO] utils.logging:   91: {"_type": "train_iter", "epoch": "24/30", "eta": "0:19:17", "iter": "8201/8376", "loss": 1.369988, "lr": 0.000035, "neg_dist": 3.001727, "pos_dist": 3.725985, "time_diff": 65.370000, "triplet": 1.105233}
[08/12 15:50:48][INFO] utils.logging:   91: {"RAM": "14.66/125.63 GB", "_type": "train_epoch", "epoch": "24/30", "eta": "0:19:12", "gpu_mem": "0.39 GB", "loss": 1.224868, "lr": 0.000035, "neg_dist": 3.588543, "pos_dist": 4.180335, "time_diff": 66.800000, "triplet": 0.962544}
[08/12 15:50:49][INFO] utils.logging:   91: {"_type": "val_epoch", "epoch": "24/30", "loss": 1.234279}
[08/12 15:50:49][INFO] utils.logging:   91: {"_type": "train_iter", "epoch": "25/30", "eta": "0:19:12", "iter": "1/8376", "loss": 1.156706, "lr": 0.000025, "neg_dist": 3.196504, "pos_dist": 3.757512, "time_diff": 0.090000, "triplet": 0.893669}
[08/12 15:50:50][INFO] utils.logging:   91: {"_type": "train_iter", "epoch": "25/30", "eta": "0:19:07", "iter": "201/8376", "loss": 1.014325, "lr": 0.000025, "neg_dist": 3.759931, "pos_dist": 4.040638, "time_diff": 1.720000, "triplet": 0.767148}
[08/12 15:50:52][INFO] utils.logging:   91: {"_type": "train_iter", "epoch": "25/30", "eta": "0:19:02", "iter": "401/8376", "loss": 0.967846, "lr": 0.000025, "neg_dist": 4.153736, "pos_dist": 4.352106, "time_diff": 3.320000, "triplet": 0.757890}
[08/12 15:50:53][INFO] utils.logging:   91: {"_type": "train_iter", "epoch": "25/30", "eta": "0:18:56", "iter": "601/8376", "loss": 1.235767, "lr": 0.000025, "neg_dist": 3.167317, "pos_dist": 3.831436, "time_diff": 4.930000, "triplet": 0.964118}
[08/12 15:50:55][INFO] utils.logging:   91: {"_type": "train_iter", "epoch": "25/30", "eta": "0:18:51", "iter": "801/8376", "loss": 0.843666, "lr": 0.000025, "neg_dist": 4.474965, "pos_dist": 4.695382, "time_diff": 6.510000, "triplet": 0.571672}
[08/12 15:50:57][INFO] utils.logging:   91: {"_type": "train_iter", "epoch": "25/30", "eta": "0:18:46", "iter": "1001/8376", "loss": 0.971782, "lr": 0.000025, "neg_dist": 3.175391, "pos_dist": 3.492959, "time_diff": 8.110000, "triplet": 0.684251}
[08/12 15:50:58][INFO] utils.logging:   91: {"_type": "train_iter", "epoch": "25/30", "eta": "0:18:41", "iter": "1201/8376", "loss": 1.070823, "lr": 0.000025, "neg_dist": 2.864141, "pos_dist": 3.339916, "time_diff": 9.710000, "triplet": 0.787678}
[08/12 15:51:00][INFO] utils.logging:   91: {"_type": "train_iter", "epoch": "25/30", "eta": "0:18:35", "iter": "1401/8376", "loss": 1.175195, "lr": 0.000025, "neg_dist": 4.359207, "pos_dist": 4.913908, "time_diff": 11.290000, "triplet": 0.887325}
[08/12 15:51:01][INFO] utils.logging:   91: {"_type": "train_iter", "epoch": "25/30", "eta": "0:18:30", "iter": "1601/8376", "loss": 1.099249, "lr": 0.000025, "neg_dist": 3.104792, "pos_dist": 3.607488, "time_diff": 12.900000, "triplet": 0.850765}
[08/12 15:51:03][INFO] utils.logging:   91: {"_type": "train_iter", "epoch": "25/30", "eta": "0:18:25", "iter": "1801/8376", "loss": 1.388014, "lr": 0.000025, "neg_dist": 3.312280, "pos_dist": 4.106458, "time_diff": 14.490000, "triplet": 1.129180}
[08/12 15:51:05][INFO] utils.logging:   91: {"_type": "train_iter", "epoch": "25/30", "eta": "0:18:19", "iter": "2001/8376", "loss": 1.562752, "lr": 0.000025, "neg_dist": 3.213445, "pos_dist": 4.206120, "time_diff": 16.090000, "triplet": 1.295758}
[08/12 15:51:06][INFO] utils.logging:   91: {"_type": "train_iter", "epoch": "25/30", "eta": "0:18:14", "iter": "2201/8376", "loss": 0.751431, "lr": 0.000025, "neg_dist": 3.542061, "pos_dist": 3.708630, "time_diff": 17.680000, "triplet": 0.494825}
[08/12 15:51:08][INFO] utils.logging:   91: {"_type": "train_iter", "epoch": "25/30", "eta": "0:18:09", "iter": "2401/8376", "loss": 1.493134, "lr": 0.000025, "neg_dist": 3.398314, "pos_dist": 4.341683, "time_diff": 19.270000, "triplet": 1.243370}
[08/12 15:51:09][INFO] utils.logging:   91: {"_type": "train_iter", "epoch": "25/30", "eta": "0:18:04", "iter": "2601/8376", "loss": 1.244752, "lr": 0.000025, "neg_dist": 3.970817, "pos_dist": 4.618103, "time_diff": 20.850000, "triplet": 0.972782}
[08/12 15:51:11][INFO] utils.logging:   91: {"_type": "train_iter", "epoch": "25/30", "eta": "0:17:58", "iter": "2801/8376", "loss": 0.911710, "lr": 0.000025, "neg_dist": 3.508232, "pos_dist": 3.847139, "time_diff": 22.430000, "triplet": 0.638907}
[08/12 15:51:13][INFO] utils.logging:   91: {"_type": "train_iter", "epoch": "25/30", "eta": "0:17:53", "iter": "3001/8376", "loss": 1.060121, "lr": 0.000025, "neg_dist": 4.000813, "pos_dist": 4.298347, "time_diff": 24.000000, "triplet": 0.773731}
[08/12 15:51:14][INFO] utils.logging:   91: {"_type": "train_iter", "epoch": "25/30", "eta": "0:17:48", "iter": "3201/8376", "loss": 0.897109, "lr": 0.000025, "neg_dist": 3.175097, "pos_dist": 3.471214, "time_diff": 25.580000, "triplet": 0.642938}
[08/12 15:51:16][INFO] utils.logging:   91: {"_type": "train_iter", "epoch": "25/30", "eta": "0:17:43", "iter": "3401/8376", "loss": 1.336958, "lr": 0.000025, "neg_dist": 3.341933, "pos_dist": 4.079822, "time_diff": 27.170000, "triplet": 1.090100}
[08/12 15:51:17][INFO] utils.logging:   91: {"_type": "train_iter", "epoch": "25/30", "eta": "0:17:38", "iter": "3601/8376", "loss": 1.698535, "lr": 0.000025, "neg_dist": 3.879926, "pos_dist": 5.025436, "time_diff": 28.740000, "triplet": 1.445510}
[08/12 15:51:19][INFO] utils.logging:   91: {"_type": "train_iter", "epoch": "25/30", "eta": "0:17:32", "iter": "3801/8376", "loss": 1.021230, "lr": 0.000025, "neg_dist": 3.148519, "pos_dist": 3.517747, "time_diff": 30.350000, "triplet": 0.735745}
[08/12 15:51:20][INFO] utils.logging:   91: {"_type": "train_iter", "epoch": "25/30", "eta": "0:17:27", "iter": "4001/8376", "loss": 0.954491, "lr": 0.000025, "neg_dist": 3.381007, "pos_dist": 3.737662, "time_diff": 31.930000, "triplet": 0.673580}
[08/12 15:51:22][INFO] utils.logging:   91: {"_type": "train_iter", "epoch": "25/30", "eta": "0:17:22", "iter": "4201/8376", "loss": 1.631758, "lr": 0.000025, "neg_dist": 4.034509, "pos_dist": 5.105657, "time_diff": 33.510000, "triplet": 1.371148}
[08/12 15:51:24][INFO] utils.logging:   91: {"_type": "train_iter", "epoch": "25/30", "eta": "0:17:17", "iter": "4401/8376", "loss": 0.602023, "lr": 0.000025, "neg_dist": 3.722682, "pos_dist": 3.544467, "time_diff": 35.080000, "triplet": 0.333422}
[08/12 15:51:25][INFO] utils.logging:   91: {"_type": "train_iter", "epoch": "25/30", "eta": "0:17:12", "iter": "4601/8376", "loss": 1.475944, "lr": 0.000025, "neg_dist": 3.548501, "pos_dist": 4.497169, "time_diff": 36.660000, "triplet": 1.262593}
[08/12 15:51:27][INFO] utils.logging:   91: {"_type": "train_iter", "epoch": "25/30", "eta": "0:17:06", "iter": "4801/8376", "loss": 1.365056, "lr": 0.000025, "neg_dist": 3.128691, "pos_dist": 3.873503, "time_diff": 38.240000, "triplet": 1.114001}
[08/12 15:51:28][INFO] utils.logging:   91: {"_type": "train_iter", "epoch": "25/30", "eta": "0:17:01", "iter": "5001/8376", "loss": 1.132925, "lr": 0.000025, "neg_dist": 3.135912, "pos_dist": 3.727541, "time_diff": 39.840000, "triplet": 0.891629}
[08/12 15:51:30][INFO] utils.logging:   91: {"_type": "train_iter", "epoch": "25/30", "eta": "0:16:56", "iter": "5201/8376", "loss": 1.685447, "lr": 0.000025, "neg_dist": 3.619982, "pos_dist": 4.770558, "time_diff": 41.430000, "triplet": 1.450576}
[08/12 15:51:32][INFO] utils.logging:   91: {"_type": "train_iter", "epoch": "25/30", "eta": "0:16:51", "iter": "5401/8376", "loss": 1.197422, "lr": 0.000025, "neg_dist": 3.522731, "pos_dist": 4.077876, "time_diff": 43.030000, "triplet": 0.988877}
[08/12 15:51:33][INFO] utils.logging:   91: {"_type": "train_iter", "epoch": "25/30", "eta": "0:16:46", "iter": "5601/8376", "loss": 1.431233, "lr": 0.000025, "neg_dist": 3.992053, "pos_dist": 4.862851, "time_diff": 44.620000, "triplet": 1.170799}
[08/12 15:51:35][INFO] utils.logging:   91: {"_type": "train_iter", "epoch": "25/30", "eta": "0:16:41", "iter": "5801/8376", "loss": 1.120529, "lr": 0.000025, "neg_dist": 3.690427, "pos_dist": 4.157249, "time_diff": 46.190000, "triplet": 0.855375}
[08/12 15:51:36][INFO] utils.logging:   91: {"_type": "train_iter", "epoch": "25/30", "eta": "0:16:36", "iter": "6001/8376", "loss": 0.930878, "lr": 0.000025, "neg_dist": 3.384591, "pos_dist": 3.741573, "time_diff": 47.800000, "triplet": 0.677821}
[08/12 15:51:38][INFO] utils.logging:   91: {"_type": "train_iter", "epoch": "25/30", "eta": "0:16:30", "iter": "6201/8376", "loss": 1.024902, "lr": 0.000025, "neg_dist": 3.491276, "pos_dist": 3.932558, "time_diff": 49.390000, "triplet": 0.741282}
[08/12 15:51:40][INFO] utils.logging:   91: {"_type": "train_iter", "epoch": "25/30", "eta": "0:16:25", "iter": "6401/8376", "loss": 1.083872, "lr": 0.000025, "neg_dist": 3.952793, "pos_dist": 4.473536, "time_diff": 50.960000, "triplet": 0.821698}
[08/12 15:51:41][INFO] utils.logging:   91: {"_type": "train_iter", "epoch": "25/30", "eta": "0:16:20", "iter": "6601/8376", "loss": 1.157359, "lr": 0.000025, "neg_dist": 4.341851, "pos_dist": 4.914052, "time_diff": 52.550000, "triplet": 0.911085}
[08/12 15:51:43][INFO] utils.logging:   91: {"_type": "train_iter", "epoch": "25/30", "eta": "0:16:15", "iter": "6801/8376", "loss": 1.804358, "lr": 0.000025, "neg_dist": 4.076752, "pos_dist": 5.274764, "time_diff": 54.180000, "triplet": 1.562428}
[08/12 15:51:44][INFO] utils.logging:   91: {"_type": "train_iter", "epoch": "25/30", "eta": "0:16:10", "iter": "7001/8376", "loss": 0.666973, "lr": 0.000025, "neg_dist": 3.906358, "pos_dist": 3.649209, "time_diff": 55.830000, "triplet": 0.427854}
[08/12 15:51:46][INFO] utils.logging:   91: {"_type": "train_iter", "epoch": "25/30", "eta": "0:16:05", "iter": "7201/8376", "loss": 1.470324, "lr": 0.000025, "neg_dist": 3.673814, "pos_dist": 4.616173, "time_diff": 57.410000, "triplet": 1.242359}
[08/12 15:51:48][INFO] utils.logging:   91: {"_type": "train_iter", "epoch": "25/30", "eta": "0:16:00", "iter": "7401/8376", "loss": 0.958936, "lr": 0.000025, "neg_dist": 3.167912, "pos_dist": 3.507153, "time_diff": 58.970000, "triplet": 0.701252}
[08/12 15:51:49][INFO] utils.logging:   91: {"_type": "train_iter", "epoch": "25/30", "eta": "0:15:55", "iter": "7601/8376", "loss": 1.579193, "lr": 0.000025, "neg_dist": 5.048706, "pos_dist": 5.755373, "time_diff": 60.550000, "triplet": 1.301250}
[08/12 15:51:51][INFO] utils.logging:   91: {"_type": "train_iter", "epoch": "25/30", "eta": "0:15:50", "iter": "7801/8376", "loss": 0.722671, "lr": 0.000025, "neg_dist": 4.300043, "pos_dist": 4.284104, "time_diff": 62.140000, "triplet": 0.455514}
[08/12 15:51:52][INFO] utils.logging:   91: {"_type": "train_iter", "epoch": "25/30", "eta": "0:15:45", "iter": "8001/8376", "loss": 1.476623, "lr": 0.000025, "neg_dist": 3.556548, "pos_dist": 4.166860, "time_diff": 63.750000, "triplet": 1.210163}
[08/12 15:51:54][INFO] utils.logging:   91: {"_type": "train_iter", "epoch": "25/30", "eta": "0:15:40", "iter": "8201/8376", "loss": 1.560803, "lr": 0.000025, "neg_dist": 3.858997, "pos_dist": 4.855777, "time_diff": 65.320000, "triplet": 1.296780}
[08/12 15:51:55][INFO] utils.logging:   91: {"RAM": "14.66/125.63 GB", "_type": "train_epoch", "epoch": "25/30", "eta": "0:15:35", "gpu_mem": "0.39 GB", "loss": 1.218952, "lr": 0.000025, "neg_dist": 3.583353, "pos_dist": 4.169606, "time_diff": 66.740000, "triplet": 0.957269}
[08/12 15:51:56][INFO] utils.logging:   91: {"_type": "val_epoch", "epoch": "25/30", "loss": 1.233189}
[08/12 15:51:56][INFO] utils.logging:   91: {"_type": "train_iter", "epoch": "26/30", "eta": "0:15:35", "iter": "1/8376", "loss": 1.547399, "lr": 0.000016, "neg_dist": 3.517341, "pos_dist": 4.493599, "time_diff": 0.080000, "triplet": 1.276258}
[08/12 15:51:58][INFO] utils.logging:   91: {"_type": "train_iter", "epoch": "26/30", "eta": "0:15:30", "iter": "201/8376", "loss": 0.551719, "lr": 0.000016, "neg_dist": 3.782698, "pos_dist": 3.633518, "time_diff": 1.690000, "triplet": 0.294203}
[08/12 15:51:59][INFO] utils.logging:   91: {"_type": "train_iter", "epoch": "26/30", "eta": "0:15:25", "iter": "401/8376", "loss": 0.981910, "lr": 0.000016, "neg_dist": 3.270622, "pos_dist": 3.595408, "time_diff": 3.290000, "triplet": 0.745711}
[08/12 15:52:01][INFO] utils.logging:   91: {"_type": "train_iter", "epoch": "26/30", "eta": "0:15:20", "iter": "601/8376", "loss": 1.237260, "lr": 0.000016, "neg_dist": 3.351269, "pos_dist": 3.936059, "time_diff": 4.880000, "triplet": 0.937148}
[08/12 15:52:03][INFO] utils.logging:   91: {"_type": "train_iter", "epoch": "26/30", "eta": "0:15:15", "iter": "801/8376", "loss": 0.974050, "lr": 0.000016, "neg_dist": 3.893998, "pos_dist": 4.267441, "time_diff": 6.470000, "triplet": 0.709525}
[08/12 15:52:04][INFO] utils.logging:   91: {"_type": "train_iter", "epoch": "26/30", "eta": "0:15:10", "iter": "1001/8376", "loss": 1.477208, "lr": 0.000016, "neg_dist": 3.358090, "pos_dist": 4.276804, "time_diff": 8.040000, "triplet": 1.224121}
[08/12 15:52:06][INFO] utils.logging:   91: {"_type": "train_iter", "epoch": "26/30", "eta": "0:15:05", "iter": "1201/8376", "loss": 1.603267, "lr": 0.000016, "neg_dist": 3.311279, "pos_dist": 4.323516, "time_diff": 9.650000, "triplet": 1.373165}
[08/12 15:52:07][INFO] utils.logging:   91: {"_type": "train_iter", "epoch": "26/30", "eta": "0:15:00", "iter": "1401/8376", "loss": 2.135072, "lr": 0.000016, "neg_dist": 3.769114, "pos_dist": 5.348425, "time_diff": 11.230000, "triplet": 1.879311}
[08/12 15:52:09][INFO] utils.logging:   91: {"_type": "train_iter", "epoch": "26/30", "eta": "0:14:55", "iter": "1601/8376", "loss": 1.066433, "lr": 0.000016, "neg_dist": 4.339491, "pos_dist": 4.228266, "time_diff": 12.850000, "triplet": 0.802158}
[08/12 15:52:11][INFO] utils.logging:   91: {"_type": "train_iter", "epoch": "26/30", "eta": "0:14:50", "iter": "1801/8376", "loss": 1.589260, "lr": 0.000016, "neg_dist": 3.624865, "pos_dist": 4.644965, "time_diff": 14.460000, "triplet": 1.320100}
[08/12 15:52:12][INFO] utils.logging:   91: {"_type": "train_iter", "epoch": "26/30", "eta": "0:14:45", "iter": "2001/8376", "loss": 1.171430, "lr": 0.000016, "neg_dist": 4.042661, "pos_dist": 4.641054, "time_diff": 16.060000, "triplet": 0.898393}
[08/12 15:52:14][INFO] utils.logging:   91: {"_type": "train_iter", "epoch": "26/30", "eta": "0:14:40", "iter": "2201/8376", "loss": 1.013751, "lr": 0.000016, "neg_dist": 3.421123, "pos_dist": 3.868769, "time_diff": 17.630000, "triplet": 0.752732}
[08/12 15:52:15][INFO] utils.logging:   91: {"_type": "train_iter", "epoch": "26/30", "eta": "0:14:35", "iter": "2401/8376", "loss": 0.923399, "lr": 0.000016, "neg_dist": 3.304224, "pos_dist": 3.605535, "time_diff": 19.220000, "triplet": 0.654362}
[08/12 15:52:17][INFO] utils.logging:   91: {"_type": "train_iter", "epoch": "26/30", "eta": "0:14:30", "iter": "2601/8376", "loss": 1.545244, "lr": 0.000016, "neg_dist": 3.737521, "pos_dist": 4.697886, "time_diff": 20.840000, "triplet": 1.268298}
[08/12 15:52:19][INFO] utils.logging:   91: {"_type": "train_iter", "epoch": "26/30", "eta": "0:14:25", "iter": "2801/8376", "loss": 0.390055, "lr": 0.000016, "neg_dist": 3.520176, "pos_dist": 2.935326, "time_diff": 22.440000, "triplet": 0.147801}
[08/12 15:52:20][INFO] utils.logging:   91: {"_type": "train_iter", "epoch": "26/30", "eta": "0:14:20", "iter": "3001/8376", "loss": 1.372335, "lr": 0.000016, "neg_dist": 3.539248, "pos_dist": 4.291421, "time_diff": 24.030000, "triplet": 1.117472}
[08/12 15:52:22][INFO] utils.logging:   91: {"_type": "train_iter", "epoch": "26/30", "eta": "0:14:15", "iter": "3201/8376", "loss": 0.803227, "lr": 0.000016, "neg_dist": 3.218635, "pos_dist": 3.128037, "time_diff": 25.650000, "triplet": 0.568150}
[08/12 15:52:23][INFO] utils.logging:   91: {"_type": "train_iter", "epoch": "26/30", "eta": "0:14:11", "iter": "3401/8376", "loss": 1.079886, "lr": 0.000016, "neg_dist": 3.886324, "pos_dist": 4.264995, "time_diff": 27.250000, "triplet": 0.815459}
[08/12 15:52:25][INFO] utils.logging:   91: {"_type": "train_iter", "epoch": "26/30", "eta": "0:14:06", "iter": "3601/8376", "loss": 1.056601, "lr": 0.000016, "neg_dist": 3.837246, "pos_dist": 4.330107, "time_diff": 28.840000, "triplet": 0.792861}
[08/12 15:52:27][INFO] utils.logging:   91: {"_type": "train_iter", "epoch": "26/30", "eta": "0:14:01", "iter": "3801/8376", "loss": 1.045977, "lr": 0.000016, "neg_dist": 3.382445, "pos_dist": 3.696437, "time_diff": 30.430000, "triplet": 0.813656}
[08/12 15:52:28][INFO] utils.logging:   91: {"_type": "train_iter", "epoch": "26/30", "eta": "0:13:56", "iter": "4001/8376", "loss": 1.149214, "lr": 0.000016, "neg_dist": 3.668340, "pos_dist": 3.948936, "time_diff": 32.040000, "triplet": 0.882130}
[08/12 15:52:30][INFO] utils.logging:   91: {"_type": "train_iter", "epoch": "26/30", "eta": "0:13:51", "iter": "4201/8376", "loss": 0.688946, "lr": 0.000016, "neg_dist": 3.268730, "pos_dist": 3.380855, "time_diff": 33.620000, "triplet": 0.419017}
[08/12 15:52:31][INFO] utils.logging:   91: {"_type": "train_iter", "epoch": "26/30", "eta": "0:13:46", "iter": "4401/8376", "loss": 1.229877, "lr": 0.000016, "neg_dist": 3.187919, "pos_dist": 3.862045, "time_diff": 35.210000, "triplet": 0.974126}
[08/12 15:52:33][INFO] utils.logging:   91: {"_type": "train_iter", "epoch": "26/30", "eta": "0:13:41", "iter": "4601/8376", "loss": 1.340990, "lr": 0.000016, "neg_dist": 3.162271, "pos_dist": 3.967165, "time_diff": 36.800000, "triplet": 1.104893}
[08/12 15:52:35][INFO] utils.logging:   91: {"_type": "train_iter", "epoch": "26/30", "eta": "0:13:36", "iter": "4801/8376", "loss": 1.320380, "lr": 0.000016, "neg_dist": 3.573653, "pos_dist": 4.330080, "time_diff": 38.380000, "triplet": 1.056426}
[08/12 15:52:36][INFO] utils.logging:   91: {"_type": "train_iter", "epoch": "26/30", "eta": "0:13:31", "iter": "5001/8376", "loss": 0.615488, "lr": 0.000016, "neg_dist": 3.547708, "pos_dist": 3.423946, "time_diff": 39.980000, "triplet": 0.355028}
[08/12 15:52:38][INFO] utils.logging:   91: {"_type": "train_iter", "epoch": "26/30", "eta": "0:13:26", "iter": "5201/8376", "loss": 0.837955, "lr": 0.000016, "neg_dist": 3.529960, "pos_dist": 3.754323, "time_diff": 41.570000, "triplet": 0.559386}
[08/12 15:52:39][INFO] utils.logging:   91: {"_type": "train_iter", "epoch": "26/30", "eta": "0:13:22", "iter": "5401/8376", "loss": 0.872301, "lr": 0.000016, "neg_dist": 3.232892, "pos_dist": 3.452638, "time_diff": 43.180000, "triplet": 0.619259}
[08/12 15:52:41][INFO] utils.logging:   91: {"_type": "train_iter", "epoch": "26/30", "eta": "0:13:17", "iter": "5601/8376", "loss": 1.020047, "lr": 0.000016, "neg_dist": 3.033401, "pos_dist": 3.508647, "time_diff": 44.770000, "triplet": 0.775247}
[08/12 15:52:43][INFO] utils.logging:   91: {"_type": "train_iter", "epoch": "26/30", "eta": "0:13:12", "iter": "5801/8376", "loss": 1.353268, "lr": 0.000016, "neg_dist": 4.390426, "pos_dist": 5.153938, "time_diff": 46.380000, "triplet": 1.074688}
[08/12 15:52:44][INFO] utils.logging:   91: {"_type": "train_iter", "epoch": "26/30", "eta": "0:13:07", "iter": "6001/8376", "loss": 1.443469, "lr": 0.000016, "neg_dist": 3.991266, "pos_dist": 4.839499, "time_diff": 48.020000, "triplet": 1.178680}
[08/12 15:52:46][INFO] utils.logging:   91: {"_type": "train_iter", "epoch": "26/30", "eta": "0:13:02", "iter": "6201/8376", "loss": 1.396081, "lr": 0.000016, "neg_dist": 4.245942, "pos_dist": 5.027656, "time_diff": 49.600000, "triplet": 1.108400}
[08/12 15:52:47][INFO] utils.logging:   91: {"_type": "train_iter", "epoch": "26/30", "eta": "0:12:57", "iter": "6401/8376", "loss": 1.019960, "lr": 0.000016, "neg_dist": 3.998168, "pos_dist": 4.433913, "time_diff": 51.220000, "triplet": 0.809863}
[08/12 15:52:49][INFO] utils.logging:   91: {"_type": "train_iter", "epoch": "26/30", "eta": "0:12:52", "iter": "6601/8376", "loss": 1.276040, "lr": 0.000016, "neg_dist": 4.071971, "pos_dist": 4.812996, "time_diff": 52.780000, "triplet": 1.048966}
[08/12 15:52:51][INFO] utils.logging:   91: {"_type": "train_iter", "epoch": "26/30", "eta": "0:12:48", "iter": "6801/8376", "loss": 1.066104, "lr": 0.000016, "neg_dist": 3.427320, "pos_dist": 3.911552, "time_diff": 54.380000, "triplet": 0.817979}
[08/12 15:52:52][INFO] utils.logging:   91: {"_type": "train_iter", "epoch": "26/30", "eta": "0:12:43", "iter": "7001/8376", "loss": 0.952767, "lr": 0.000016, "neg_dist": 3.613433, "pos_dist": 3.903280, "time_diff": 55.980000, "triplet": 0.645290}
[08/12 15:52:54][INFO] utils.logging:   91: {"_type": "train_iter", "epoch": "26/30", "eta": "0:12:38", "iter": "7201/8376", "loss": 1.663625, "lr": 0.000016, "neg_dist": 3.067535, "pos_dist": 4.153160, "time_diff": 57.600000, "triplet": 1.425713}
[08/12 15:52:55][INFO] utils.logging:   91: {"_type": "train_iter", "epoch": "26/30", "eta": "0:12:33", "iter": "7401/8376", "loss": 1.481747, "lr": 0.000016, "neg_dist": 3.050165, "pos_dist": 4.002069, "time_diff": 59.190000, "triplet": 1.251904}
[08/12 15:52:57][INFO] utils.logging:   91: {"_type": "train_iter", "epoch": "26/30", "eta": "0:12:28", "iter": "7601/8376", "loss": 1.020286, "lr": 0.000016, "neg_dist": 3.312799, "pos_dist": 3.729972, "time_diff": 60.790000, "triplet": 0.778547}
[08/12 15:52:59][INFO] utils.logging:   91: {"_type": "train_iter", "epoch": "26/30", "eta": "0:12:23", "iter": "7801/8376", "loss": 0.834947, "lr": 0.000016, "neg_dist": 3.687733, "pos_dist": 3.373800, "time_diff": 62.370000, "triplet": 0.563697}
[08/12 15:53:00][INFO] utils.logging:   91: {"_type": "train_iter", "epoch": "26/30", "eta": "0:12:19", "iter": "8001/8376", "loss": 1.347213, "lr": 0.000016, "neg_dist": 3.824592, "pos_dist": 4.609316, "time_diff": 63.970000, "triplet": 1.087271}
[08/12 15:53:02][INFO] utils.logging:   91: {"_type": "train_iter", "epoch": "26/30", "eta": "0:12:14", "iter": "8201/8376", "loss": 1.457511, "lr": 0.000016, "neg_dist": 3.846853, "pos_dist": 4.749825, "time_diff": 65.580000, "triplet": 1.202972}
[08/12 15:53:03][INFO] __main__:  184: Checkpoint: output/frame_selector/ssv2_ViT-B16_Diverse_BiMHM/frame_selector_epoch0025.pth
[08/12 15:53:03][INFO] utils.logging:   91: {"RAM": "14.67/125.63 GB", "_type": "train_epoch", "epoch": "26/30", "eta": "0:12:10", "gpu_mem": "0.39 GB", "loss": 1.215645, "lr": 0.000016, "neg_dist": 3.586441, "pos_dist": 4.169339, "time_diff": 67.000000, "triplet": 0.954225}
[08/12 15:53:04][INFO] utils.logging:   91: {"_type": "val_epoch", "epoch": "26/30", "loss": 1.197720}
[08/12 15:53:04][INFO] utils.logging:   91: {"_type": "train_iter", "epoch": "27/30", "eta": "0:12:10", "iter": "1/8376", "loss": 0.952308, "lr": 0.000009, "neg_dist": 3.725402, "pos_dist": 4.096836, "time_diff": 0.090000, "triplet": 0.701829}
[08/12 15:53:06][INFO] utils.logging:   91: {"_type": "train_iter", "epoch": "27/30", "eta": "0:12:05", "iter": "201/8376", "loss": 1.375954, "lr": 0.000009, "neg_dist": 3.183417, "pos_dist": 4.013789, "time_diff": 1.700000, "triplet": 1.130372}
[08/12 15:53:07][INFO] utils.logging:   91: {"_type": "train_iter", "epoch": "27/30", "eta": "0:12:00", "iter": "401/8376", "loss": 1.586785, "lr": 0.000009, "neg_dist": 3.283735, "pos_dist": 4.304452, "time_diff": 3.290000, "triplet": 1.320717}
[08/12 15:53:09][INFO] utils.logging:   91: {"_type": "train_iter", "epoch": "27/30", "eta": "0:11:55", "iter": "601/8376", "loss": 1.228181, "lr": 0.000009, "neg_dist": 3.426137, "pos_dist": 4.083488, "time_diff": 4.890000, "triplet": 0.957351}
[08/12 15:53:11][INFO] utils.logging:   91: {"_type": "train_iter", "epoch": "27/30", "eta": "0:11:51", "iter": "801/8376", "loss": 1.076429, "lr": 0.000009, "neg_dist": 3.308228, "pos_dist": 3.772694, "time_diff": 6.470000, "triplet": 0.814386}
[08/12 15:53:12][INFO] utils.logging:   91: {"_type": "train_iter", "epoch": "27/30", "eta": "0:11:46", "iter": "1001/8376", "loss": 0.809125, "lr": 0.000009, "neg_dist": 3.421418, "pos_dist": 3.585085, "time_diff": 8.050000, "triplet": 0.529667}
[08/12 15:53:14][INFO] utils.logging:   91: {"_type": "train_iter", "epoch": "27/30", "eta": "0:11:41", "iter": "1201/8376", "loss": 1.035949, "lr": 0.000009, "neg_dist": 3.509207, "pos_dist": 3.910912, "time_diff": 9.650000, "triplet": 0.770723}
[08/12 15:53:15][INFO] utils.logging:   91: {"_type": "train_iter", "epoch": "27/30", "eta": "0:11:36", "iter": "1401/8376", "loss": 1.592292, "lr": 0.000009, "neg_dist": 2.771555, "pos_dist": 3.807357, "time_diff": 11.270000, "triplet": 1.335802}
[08/12 15:53:17][INFO] utils.logging:   91: {"_type": "train_iter", "epoch": "27/30", "eta": "0:11:32", "iter": "1601/8376", "loss": 1.811642, "lr": 0.000009, "neg_dist": 3.177376, "pos_dist": 4.415850, "time_diff": 12.860000, "triplet": 1.538474}
[08/12 15:53:19][INFO] utils.logging:   91: {"_type": "train_iter", "epoch": "27/30", "eta": "0:11:27", "iter": "1801/8376", "loss": 1.746497, "lr": 0.000009, "neg_dist": 3.113535, "pos_dist": 4.298146, "time_diff": 14.460000, "triplet": 1.484612}
[08/12 15:53:20][INFO] utils.logging:   91: {"_type": "train_iter", "epoch": "27/30", "eta": "0:11:22", "iter": "2001/8376", "loss": 1.232349, "lr": 0.000009, "neg_dist": 3.262299, "pos_dist": 3.942522, "time_diff": 16.060000, "triplet": 0.980224}
[08/12 15:53:22][INFO] utils.logging:   91: {"_type": "train_iter", "epoch": "27/30", "eta": "0:11:18", "iter": "2201/8376", "loss": 1.293735, "lr": 0.000009, "neg_dist": 3.771585, "pos_dist": 4.433185, "time_diff": 17.660000, "triplet": 1.011553}
[08/12 15:53:23][INFO] utils.logging:   91: {"_type": "train_iter", "epoch": "27/30", "eta": "0:11:13", "iter": "2401/8376", "loss": 1.436245, "lr": 0.000009, "neg_dist": 3.882074, "pos_dist": 4.538473, "time_diff": 19.260000, "triplet": 1.189973}
[08/12 15:53:25][INFO] utils.logging:   91: {"_type": "train_iter", "epoch": "27/30", "eta": "0:11:08", "iter": "2601/8376", "loss": 1.256098, "lr": 0.000009, "neg_dist": 3.878981, "pos_dist": 4.386972, "time_diff": 20.850000, "triplet": 0.981578}
[08/12 15:53:26][INFO] utils.logging:   91: {"_type": "train_iter", "epoch": "27/30", "eta": "0:11:03", "iter": "2801/8376", "loss": 1.180540, "lr": 0.000009, "neg_dist": 2.987911, "pos_dist": 3.491008, "time_diff": 22.450000, "triplet": 0.896367}
[08/12 15:53:28][INFO] utils.logging:   91: {"_type": "train_iter", "epoch": "27/30", "eta": "0:10:59", "iter": "3001/8376", "loss": 1.628892, "lr": 0.000009, "neg_dist": 3.505953, "pos_dist": 4.563128, "time_diff": 24.050000, "triplet": 1.357175}
[08/12 15:53:30][INFO] utils.logging:   91: {"_type": "train_iter", "epoch": "27/30", "eta": "0:10:54", "iter": "3201/8376", "loss": 1.585597, "lr": 0.000009, "neg_dist": 3.794435, "pos_dist": 4.813926, "time_diff": 25.650000, "triplet": 1.333833}
[08/12 15:53:31][INFO] utils.logging:   91: {"_type": "train_iter", "epoch": "27/30", "eta": "0:10:49", "iter": "3401/8376", "loss": 0.975676, "lr": 0.000009, "neg_dist": 3.327228, "pos_dist": 3.736081, "time_diff": 27.240000, "triplet": 0.715527}
[08/12 15:53:33][INFO] utils.logging:   91: {"_type": "train_iter", "epoch": "27/30", "eta": "0:10:45", "iter": "3601/8376", "loss": 1.260246, "lr": 0.000009, "neg_dist": 3.677001, "pos_dist": 4.278918, "time_diff": 28.860000, "triplet": 1.000074}
[08/12 15:53:34][INFO] utils.logging:   91: {"_type": "train_iter", "epoch": "27/30", "eta": "0:10:40", "iter": "3801/8376", "loss": 1.338607, "lr": 0.000009, "neg_dist": 3.825563, "pos_dist": 4.593112, "time_diff": 30.440000, "triplet": 1.067549}
[08/12 15:53:36][INFO] utils.logging:   91: {"_type": "train_iter", "epoch": "27/30", "eta": "0:10:35", "iter": "4001/8376", "loss": 1.439146, "lr": 0.000009, "neg_dist": 3.450832, "pos_dist": 4.208962, "time_diff": 32.050000, "triplet": 1.190786}
[08/12 15:53:38][INFO] utils.logging:   91: {"_type": "train_iter", "epoch": "27/30", "eta": "0:10:31", "iter": "4201/8376", "loss": 1.123485, "lr": 0.000009, "neg_dist": 3.898731, "pos_dist": 4.414624, "time_diff": 33.650000, "triplet": 0.826662}
[08/12 15:53:39][INFO] utils.logging:   91: {"_type": "train_iter", "epoch": "27/30", "eta": "0:10:26", "iter": "4401/8376", "loss": 0.943115, "lr": 0.000009, "neg_dist": 3.209718, "pos_dist": 3.520270, "time_diff": 35.280000, "triplet": 0.698762}
[08/12 15:53:41][INFO] utils.logging:   91: {"_type": "train_iter", "epoch": "27/30", "eta": "0:10:21", "iter": "4601/8376", "loss": 0.808023, "lr": 0.000009, "neg_dist": 3.090628, "pos_dist": 3.194930, "time_diff": 36.880000, "triplet": 0.538502}
[08/12 15:53:43][INFO] utils.logging:   91: {"_type": "train_iter", "epoch": "27/30", "eta": "0:10:17", "iter": "4801/8376", "loss": 1.401218, "lr": 0.000009, "neg_dist": 3.125316, "pos_dist": 3.964077, "time_diff": 38.460000, "triplet": 1.138761}
[08/12 15:53:44][INFO] utils.logging:   91: {"_type": "train_iter", "epoch": "27/30", "eta": "0:10:12", "iter": "5001/8376", "loss": 1.115150, "lr": 0.000009, "neg_dist": 3.260068, "pos_dist": 3.820549, "time_diff": 40.070000, "triplet": 0.860482}
[08/12 15:53:46][INFO] utils.logging:   91: {"_type": "train_iter", "epoch": "27/30", "eta": "0:10:07", "iter": "5201/8376", "loss": 0.993696, "lr": 0.000009, "neg_dist": 3.568769, "pos_dist": 3.971499, "time_diff": 41.690000, "triplet": 0.713265}
[08/12 15:53:47][INFO] utils.logging:   91: {"_type": "train_iter", "epoch": "27/30", "eta": "0:10:03", "iter": "5401/8376", "loss": 0.623828, "lr": 0.000009, "neg_dist": 3.505890, "pos_dist": 3.352986, "time_diff": 43.290000, "triplet": 0.375334}
[08/12 15:53:49][INFO] utils.logging:   91: {"_type": "train_iter", "epoch": "27/30", "eta": "0:09:58", "iter": "5601/8376", "loss": 0.909179, "lr": 0.000009, "neg_dist": 4.044378, "pos_dist": 4.243368, "time_diff": 44.900000, "triplet": 0.617231}
[08/12 15:53:51][INFO] utils.logging:   91: {"_type": "train_iter", "epoch": "27/30", "eta": "0:09:53", "iter": "5801/8376", "loss": 1.520924, "lr": 0.000009, "neg_dist": 3.523453, "pos_dist": 4.492384, "time_diff": 46.510000, "triplet": 1.268931}
[08/12 15:53:52][INFO] utils.logging:   91: {"_type": "train_iter", "epoch": "27/30", "eta": "0:09:49", "iter": "6001/8376", "loss": 0.916356, "lr": 0.000009, "neg_dist": 3.139618, "pos_dist": 3.455896, "time_diff": 48.130000, "triplet": 0.657515}
[08/12 15:53:54][INFO] utils.logging:   91: {"_type": "train_iter", "epoch": "27/30", "eta": "0:09:44", "iter": "6201/8376", "loss": 1.236741, "lr": 0.000009, "neg_dist": 3.214484, "pos_dist": 3.880677, "time_diff": 49.720000, "triplet": 0.966193}
[08/12 15:53:55][INFO] utils.logging:   91: {"_type": "train_iter", "epoch": "27/30", "eta": "0:09:40", "iter": "6401/8376", "loss": 1.544631, "lr": 0.000009, "neg_dist": 3.202579, "pos_dist": 4.174273, "time_diff": 51.330000, "triplet": 1.272717}
[08/12 15:53:57][INFO] utils.logging:   91: {"_type": "train_iter", "epoch": "27/30", "eta": "0:09:35", "iter": "6601/8376", "loss": 1.227184, "lr": 0.000009, "neg_dist": 3.535411, "pos_dist": 4.227651, "time_diff": 52.920000, "triplet": 0.992240}
[08/12 15:53:59][INFO] utils.logging:   91: {"_type": "train_iter", "epoch": "27/30", "eta": "0:09:30", "iter": "6801/8376", "loss": 0.930974, "lr": 0.000009, "neg_dist": 3.966974, "pos_dist": 4.135122, "time_diff": 54.500000, "triplet": 0.646830}
[08/12 15:54:00][INFO] utils.logging:   91: {"_type": "train_iter", "epoch": "27/30", "eta": "0:09:26", "iter": "7001/8376", "loss": 1.527442, "lr": 0.000009, "neg_dist": 3.278637, "pos_dist": 4.237879, "time_diff": 56.090000, "triplet": 1.259242}
[08/12 15:54:02][INFO] utils.logging:   91: {"_type": "train_iter", "epoch": "27/30", "eta": "0:09:21", "iter": "7201/8376", "loss": 1.304404, "lr": 0.000009, "neg_dist": 4.361434, "pos_dist": 5.059733, "time_diff": 57.720000, "triplet": 1.058622}
[08/12 15:54:03][INFO] utils.logging:   91: {"_type": "train_iter", "epoch": "27/30", "eta": "0:09:17", "iter": "7401/8376", "loss": 1.219938, "lr": 0.000009, "neg_dist": 4.321002, "pos_dist": 4.976463, "time_diff": 59.340000, "triplet": 0.955462}
[08/12 15:54:05][INFO] utils.logging:   91: {"_type": "train_iter", "epoch": "27/30", "eta": "0:09:12", "iter": "7601/8376", "loss": 0.732696, "lr": 0.000009, "neg_dist": 3.024279, "pos_dist": 3.120390, "time_diff": 60.930000, "triplet": 0.478693}
[08/12 15:54:07][INFO] utils.logging:   91: {"_type": "train_iter", "epoch": "27/30", "eta": "0:09:08", "iter": "7801/8376", "loss": 1.355011, "lr": 0.000009, "neg_dist": 4.209680, "pos_dist": 4.929710, "time_diff": 62.500000, "triplet": 1.095136}
[08/12 15:54:08][INFO] utils.logging:   91: {"_type": "train_iter", "epoch": "27/30", "eta": "0:09:03", "iter": "8001/8376", "loss": 1.443183, "lr": 0.000009, "neg_dist": 3.691155, "pos_dist": 4.537750, "time_diff": 64.090000, "triplet": 1.179642}
[08/12 15:54:10][INFO] utils.logging:   91: {"_type": "train_iter", "epoch": "27/30", "eta": "0:08:58", "iter": "8201/8376", "loss": 0.898784, "lr": 0.000009, "neg_dist": 3.315247, "pos_dist": 3.623768, "time_diff": 65.710000, "triplet": 0.671133}
[08/12 15:54:11][INFO] utils.logging:   91: {"RAM": "14.68/125.63 GB", "_type": "train_epoch", "epoch": "27/30", "eta": "0:08:54", "gpu_mem": "0.39 GB", "loss": 1.218007, "lr": 0.000009, "neg_dist": 3.578004, "pos_dist": 4.163314, "time_diff": 67.140000, "triplet": 0.956392}
[08/12 15:54:12][INFO] utils.logging:   91: {"_type": "val_epoch", "epoch": "27/30", "loss": 1.230260}
[08/12 15:54:12][INFO] utils.logging:   91: {"_type": "train_iter", "epoch": "28/30", "eta": "0:08:55", "iter": "1/8376", "loss": 1.042354, "lr": 0.000004, "neg_dist": 3.064008, "pos_dist": 3.471243, "time_diff": 0.090000, "triplet": 0.785631}
[08/12 15:54:14][INFO] utils.logging:   91: {"_type": "train_iter", "epoch": "28/30", "eta": "0:08:50", "iter": "201/8376", "loss": 1.051710, "lr": 0.000004, "neg_dist": 3.680811, "pos_dist": 4.105120, "time_diff": 1.690000, "triplet": 0.774878}
[08/12 15:54:15][INFO] utils.logging:   91: {"_type": "train_iter", "epoch": "28/30", "eta": "0:08:45", "iter": "401/8376", "loss": 1.316731, "lr": 0.000004, "neg_dist": 4.073002, "pos_dist": 4.826469, "time_diff": 3.280000, "triplet": 1.053468}
[08/12 15:54:17][INFO] utils.logging:   91: {"_type": "train_iter", "epoch": "28/30", "eta": "0:08:41", "iter": "601/8376", "loss": 1.264235, "lr": 0.000004, "neg_dist": 3.283404, "pos_dist": 3.982031, "time_diff": 4.870000, "triplet": 1.005854}
[08/12 15:54:19][INFO] utils.logging:   91: {"_type": "train_iter", "epoch": "28/30", "eta": "0:08:36", "iter": "801/8376", "loss": 1.021290, "lr": 0.000004, "neg_dist": 3.716605, "pos_dist": 3.969202, "time_diff": 6.490000, "triplet": 0.802709}
[08/12 15:54:20][INFO] utils.logging:   91: {"_type": "train_iter", "epoch": "28/30", "eta": "0:08:32", "iter": "1001/8376", "loss": 1.516458, "lr": 0.000004, "neg_dist": 4.021029, "pos_dist": 4.945462, "time_diff": 8.080000, "triplet": 1.224433}
[08/12 15:54:22][INFO] utils.logging:   91: {"_type": "train_iter", "epoch": "28/30", "eta": "0:08:27", "iter": "1201/8376", "loss": 0.942515, "lr": 0.000004, "neg_dist": 2.983686, "pos_dist": 3.302422, "time_diff": 9.650000, "triplet": 0.671489}
[08/12 15:54:23][INFO] utils.logging:   91: {"_type": "train_iter", "epoch": "28/30", "eta": "0:08:23", "iter": "1401/8376", "loss": 1.279212, "lr": 0.000004, "neg_dist": 3.245874, "pos_dist": 3.971536, "time_diff": 11.230000, "triplet": 1.025661}
[08/12 15:54:25][INFO] utils.logging:   91: {"_type": "train_iter", "epoch": "28/30", "eta": "0:08:18", "iter": "1601/8376", "loss": 1.731297, "lr": 0.000004, "neg_dist": 3.166045, "pos_dist": 4.331484, "time_diff": 12.840000, "triplet": 1.465439}
[08/12 15:54:27][INFO] utils.logging:   91: {"_type": "train_iter", "epoch": "28/30", "eta": "0:08:14", "iter": "1801/8376", "loss": 0.991339, "lr": 0.000004, "neg_dist": 3.816605, "pos_dist": 4.230748, "time_diff": 14.410000, "triplet": 0.715714}
[08/12 15:54:28][INFO] utils.logging:   91: {"_type": "train_iter", "epoch": "28/30", "eta": "0:08:09", "iter": "2001/8376", "loss": 0.932352, "lr": 0.000004, "neg_dist": 3.499321, "pos_dist": 3.829784, "time_diff": 16.000000, "triplet": 0.661317}
[08/12 15:54:30][INFO] utils.logging:   91: {"_type": "train_iter", "epoch": "28/30", "eta": "0:08:05", "iter": "2201/8376", "loss": 1.730450, "lr": 0.000004, "neg_dist": 4.289228, "pos_dist": 5.215446, "time_diff": 17.630000, "triplet": 1.508714}
[08/12 15:54:31][INFO] utils.logging:   91: {"_type": "train_iter", "epoch": "28/30", "eta": "0:08:00", "iter": "2401/8376", "loss": 1.138934, "lr": 0.000004, "neg_dist": 2.975072, "pos_dist": 3.546418, "time_diff": 19.220000, "triplet": 0.871346}
[08/12 15:54:33][INFO] utils.logging:   91: {"_type": "train_iter", "epoch": "28/30", "eta": "0:07:56", "iter": "2601/8376", "loss": 1.339384, "lr": 0.000004, "neg_dist": 3.590628, "pos_dist": 4.351828, "time_diff": 20.830000, "triplet": 1.061200}
[08/12 15:54:35][INFO] utils.logging:   91: {"_type": "train_iter", "epoch": "28/30", "eta": "0:07:51", "iter": "2801/8376", "loss": 1.798091, "lr": 0.000004, "neg_dist": 4.142623, "pos_dist": 5.374580, "time_diff": 22.420000, "triplet": 1.531957}
[08/12 15:54:36][INFO] utils.logging:   91: {"_type": "train_iter", "epoch": "28/30", "eta": "0:07:47", "iter": "3001/8376", "loss": 1.098688, "lr": 0.000004, "neg_dist": 3.213395, "pos_dist": 3.719143, "time_diff": 24.030000, "triplet": 0.809005}
[08/12 15:54:38][INFO] utils.logging:   91: {"_type": "train_iter", "epoch": "28/30", "eta": "0:07:42", "iter": "3201/8376", "loss": 1.621072, "lr": 0.000004, "neg_dist": 3.469795, "pos_dist": 4.452504, "time_diff": 25.640000, "triplet": 1.353641}
[08/12 15:54:39][INFO] utils.logging:   91: {"_type": "train_iter", "epoch": "28/30", "eta": "0:07:38", "iter": "3401/8376", "loss": 0.867532, "lr": 0.000004, "neg_dist": 3.690665, "pos_dist": 4.019616, "time_diff": 27.210000, "triplet": 0.628951}
[08/12 15:54:41][INFO] utils.logging:   91: {"_type": "train_iter", "epoch": "28/30", "eta": "0:07:33", "iter": "3601/8376", "loss": 1.517683, "lr": 0.000004, "neg_dist": 3.139067, "pos_dist": 4.086183, "time_diff": 28.800000, "triplet": 1.247116}
[08/12 15:54:43][INFO] utils.logging:   91: {"_type": "train_iter", "epoch": "28/30", "eta": "0:07:29", "iter": "3801/8376", "loss": 1.624354, "lr": 0.000004, "neg_dist": 4.327793, "pos_dist": 5.367281, "time_diff": 30.420000, "triplet": 1.388477}
[08/12 15:54:44][INFO] utils.logging:   91: {"_type": "train_iter", "epoch": "28/30", "eta": "0:07:24", "iter": "4001/8376", "loss": 1.342534, "lr": 0.000004, "neg_dist": 3.908929, "pos_dist": 4.713694, "time_diff": 32.000000, "triplet": 1.104764}
[08/12 15:54:46][INFO] utils.logging:   91: {"_type": "train_iter", "epoch": "28/30", "eta": "0:07:20", "iter": "4201/8376", "loss": 1.307215, "lr": 0.000004, "neg_dist": 3.940958, "pos_dist": 4.699877, "time_diff": 33.600000, "triplet": 1.058919}
[08/12 15:54:47][INFO] utils.logging:   91: {"_type": "train_iter", "epoch": "28/30", "eta": "0:07:16", "iter": "4401/8376", "loss": 1.404762, "lr": 0.000004, "neg_dist": 3.537467, "pos_dist": 4.369658, "time_diff": 35.240000, "triplet": 1.132191}
[08/12 15:54:49][INFO] utils.logging:   91: {"_type": "train_iter", "epoch": "28/30", "eta": "0:07:11", "iter": "4601/8376", "loss": 1.138373, "lr": 0.000004, "neg_dist": 3.211750, "pos_dist": 3.778683, "time_diff": 36.840000, "triplet": 0.866933}
[08/12 15:54:51][INFO] utils.logging:   91: {"_type": "train_iter", "epoch": "28/30", "eta": "0:07:07", "iter": "4801/8376", "loss": 1.158203, "lr": 0.000004, "neg_dist": 3.229555, "pos_dist": 3.838656, "time_diff": 38.430000, "triplet": 0.909101}
[08/12 15:54:52][INFO] utils.logging:   91: {"_type": "train_iter", "epoch": "28/30", "eta": "0:07:02", "iter": "5001/8376", "loss": 1.405234, "lr": 0.000004, "neg_dist": 3.352197, "pos_dist": 4.180362, "time_diff": 40.030000, "triplet": 1.128165}
[08/12 15:54:54][INFO] utils.logging:   91: {"_type": "train_iter", "epoch": "28/30", "eta": "0:06:58", "iter": "5201/8376", "loss": 1.173067, "lr": 0.000004, "neg_dist": 3.589249, "pos_dist": 4.207584, "time_diff": 41.640000, "triplet": 0.921452}
[08/12 15:54:55][INFO] utils.logging:   91: {"_type": "train_iter", "epoch": "28/30", "eta": "0:06:53", "iter": "5401/8376", "loss": 1.074952, "lr": 0.000004, "neg_dist": 3.353416, "pos_dist": 3.861376, "time_diff": 43.250000, "triplet": 0.807960}
[08/12 15:54:57][INFO] utils.logging:   91: {"_type": "train_iter", "epoch": "28/30", "eta": "0:06:49", "iter": "5601/8376", "loss": 0.691004, "lr": 0.000004, "neg_dist": 3.267474, "pos_dist": 3.207588, "time_diff": 44.840000, "triplet": 0.443695}
[08/12 15:54:59][INFO] utils.logging:   91: {"_type": "train_iter", "epoch": "28/30", "eta": "0:06:45", "iter": "5801/8376", "loss": 1.611331, "lr": 0.000004, "neg_dist": 3.375816, "pos_dist": 4.424325, "time_diff": 46.420000, "triplet": 1.348509}
[08/12 15:55:00][INFO] utils.logging:   91: {"_type": "train_iter", "epoch": "28/30", "eta": "0:06:40", "iter": "6001/8376", "loss": 1.628880, "lr": 0.000004, "neg_dist": 3.631948, "pos_dist": 4.702106, "time_diff": 48.030000, "triplet": 1.370159}
[08/12 15:55:02][INFO] utils.logging:   91: {"_type": "train_iter", "epoch": "28/30", "eta": "0:06:36", "iter": "6201/8376", "loss": 1.644327, "lr": 0.000004, "neg_dist": 3.958718, "pos_dist": 5.035457, "time_diff": 49.630000, "triplet": 1.376739}
[08/12 15:55:03][INFO] utils.logging:   91: {"_type": "train_iter", "epoch": "28/30", "eta": "0:06:31", "iter": "6401/8376", "loss": 0.921309, "lr": 0.000004, "neg_dist": 2.582091, "pos_dist": 2.877587, "time_diff": 51.210000, "triplet": 0.648939}
[08/12 15:55:05][INFO] utils.logging:   91: {"_type": "train_iter", "epoch": "28/30", "eta": "0:06:27", "iter": "6601/8376", "loss": 0.777773, "lr": 0.000004, "neg_dist": 3.248780, "pos_dist": 3.375812, "time_diff": 52.820000, "triplet": 0.508623}
[08/12 15:55:07][INFO] utils.logging:   91: {"_type": "train_iter", "epoch": "28/30", "eta": "0:06:23", "iter": "6801/8376", "loss": 1.136335, "lr": 0.000004, "neg_dist": 3.446726, "pos_dist": 3.957077, "time_diff": 54.440000, "triplet": 0.888426}
[08/12 15:55:08][INFO] utils.logging:   91: {"_type": "train_iter", "epoch": "28/30", "eta": "0:06:18", "iter": "7001/8376", "loss": 1.585102, "lr": 0.000004, "neg_dist": 3.342021, "pos_dist": 4.351050, "time_diff": 56.050000, "triplet": 1.309029}
[08/12 15:55:10][INFO] utils.logging:   91: {"_type": "train_iter", "epoch": "28/30", "eta": "0:06:14", "iter": "7201/8376", "loss": 1.118122, "lr": 0.000004, "neg_dist": 3.068803, "pos_dist": 3.522697, "time_diff": 57.640000, "triplet": 0.840933}
[08/12 15:55:11][INFO] utils.logging:   91: {"_type": "train_iter", "epoch": "28/30", "eta": "0:06:09", "iter": "7401/8376", "loss": 1.162600, "lr": 0.000004, "neg_dist": 3.232261, "pos_dist": 3.808262, "time_diff": 59.280000, "triplet": 0.876000}
[08/12 15:55:13][INFO] utils.logging:   91: {"_type": "train_iter", "epoch": "28/30", "eta": "0:06:05", "iter": "7601/8376", "loss": 1.405671, "lr": 0.000004, "neg_dist": 3.685849, "pos_dist": 4.454332, "time_diff": 60.880000, "triplet": 1.131486}
[08/12 15:55:15][INFO] utils.logging:   91: {"_type": "train_iter", "epoch": "28/30", "eta": "0:06:01", "iter": "7801/8376", "loss": 1.545303, "lr": 0.000004, "neg_dist": 3.589624, "pos_dist": 4.591418, "time_diff": 62.500000, "triplet": 1.301794}
[08/12 15:55:16][INFO] utils.logging:   91: {"_type": "train_iter", "epoch": "28/30", "eta": "0:05:56", "iter": "8001/8376", "loss": 1.092302, "lr": 0.000004, "neg_dist": 3.238981, "pos_dist": 3.740633, "time_diff": 64.070000, "triplet": 0.801652}
[08/12 15:55:18][INFO] utils.logging:   91: {"_type": "train_iter", "epoch": "28/30", "eta": "0:05:52", "iter": "8201/8376", "loss": 0.841892, "lr": 0.000004, "neg_dist": 3.332848, "pos_dist": 3.396014, "time_diff": 65.630000, "triplet": 0.562548}
[08/12 15:55:19][INFO] utils.logging:   91: {"RAM": "14.71/125.63 GB", "_type": "train_epoch", "epoch": "28/30", "eta": "0:05:48", "gpu_mem": "0.39 GB", "loss": 1.220694, "lr": 0.000004, "neg_dist": 3.583240, "pos_dist": 4.173072, "time_diff": 67.060000, "triplet": 0.958994}
[08/12 15:55:20][INFO] utils.logging:   91: {"_type": "val_epoch", "epoch": "28/30", "loss": 1.228667}
[08/12 15:55:20][INFO] utils.logging:   91: {"_type": "train_iter", "epoch": "29/30", "eta": "0:05:48", "iter": "1/8376", "loss": 0.968722, "lr": 0.000001, "neg_dist": 3.571332, "pos_dist": 3.983024, "time_diff": 0.090000, "triplet": 0.711692}
[08/12 15:55:22][INFO] utils.logging:   91: {"_type": "train_iter", "epoch": "29/30", "eta": "0:05:44", "iter": "201/8376", "loss": 0.636229, "lr": 0.000001, "neg_dist": 3.039310, "pos_dist": 2.985733, "time_diff": 1.730000, "triplet": 0.375267}
[08/12 15:55:23][INFO] utils.logging:   91: {"_type": "train_iter", "epoch": "29/30", "eta": "0:05:40", "iter": "401/8376", "loss": 1.432454, "lr": 0.000001, "neg_dist": 3.423095, "pos_dist": 4.269566, "time_diff": 3.320000, "triplet": 1.146470}
[08/12 15:55:25][INFO] utils.logging:   91: {"_type": "train_iter", "epoch": "29/30", "eta": "0:05:35", "iter": "601/8376", "loss": 0.941338, "lr": 0.000001, "neg_dist": 2.853582, "pos_dist": 3.214165, "time_diff": 4.890000, "triplet": 0.680939}
[08/12 15:55:26][INFO] utils.logging:   91: {"_type": "train_iter", "epoch": "29/30", "eta": "0:05:31", "iter": "801/8376", "loss": 1.494158, "lr": 0.000001, "neg_dist": 3.931384, "pos_dist": 4.814581, "time_diff": 6.480000, "triplet": 1.183197}
[08/12 15:55:28][INFO] utils.logging:   91: {"_type": "train_iter", "epoch": "29/30", "eta": "0:05:27", "iter": "1001/8376", "loss": 1.331053, "lr": 0.000001, "neg_dist": 3.345116, "pos_dist": 4.122964, "time_diff": 8.110000, "triplet": 1.077848}
[08/12 15:55:30][INFO] utils.logging:   91: {"_type": "train_iter", "epoch": "29/30", "eta": "0:05:22", "iter": "1201/8376", "loss": 1.259803, "lr": 0.000001, "neg_dist": 3.720166, "pos_dist": 4.454996, "time_diff": 9.710000, "triplet": 1.034829}
[08/12 15:55:31][INFO] utils.logging:   91: {"_type": "train_iter", "epoch": "29/30", "eta": "0:05:18", "iter": "1401/8376", "loss": 1.358287, "lr": 0.000001, "neg_dist": 4.070467, "pos_dist": 4.852629, "time_diff": 11.310000, "triplet": 1.082162}
[08/12 15:55:33][INFO] utils.logging:   91: {"_type": "train_iter", "epoch": "29/30", "eta": "0:05:14", "iter": "1601/8376", "loss": 1.199026, "lr": 0.000001, "neg_dist": 3.546868, "pos_dist": 4.062864, "time_diff": 12.930000, "triplet": 0.925463}
[08/12 15:55:35][INFO] utils.logging:   91: {"_type": "train_iter", "epoch": "29/30", "eta": "0:05:09", "iter": "1801/8376", "loss": 1.578386, "lr": 0.000001, "neg_dist": 3.229806, "pos_dist": 4.196086, "time_diff": 14.530000, "triplet": 1.266280}
[08/12 15:55:36][INFO] utils.logging:   91: {"_type": "train_iter", "epoch": "29/30", "eta": "0:05:05", "iter": "2001/8376", "loss": 1.581935, "lr": 0.000001, "neg_dist": 3.135530, "pos_dist": 4.159236, "time_diff": 16.120000, "triplet": 1.323706}
[08/12 15:55:38][INFO] utils.logging:   91: {"_type": "train_iter", "epoch": "29/30", "eta": "0:05:01", "iter": "2201/8376", "loss": 1.104129, "lr": 0.000001, "neg_dist": 3.734744, "pos_dist": 4.264565, "time_diff": 17.720000, "triplet": 0.829821}
[08/12 15:55:39][INFO] utils.logging:   91: {"_type": "train_iter", "epoch": "29/30", "eta": "0:04:56", "iter": "2401/8376", "loss": 1.005823, "lr": 0.000001, "neg_dist": 4.092673, "pos_dist": 4.344069, "time_diff": 19.320000, "triplet": 0.771900}
[08/12 15:55:41][INFO] utils.logging:   91: {"_type": "train_iter", "epoch": "29/30", "eta": "0:04:52", "iter": "2601/8376", "loss": 0.990484, "lr": 0.000001, "neg_dist": 3.043036, "pos_dist": 3.464971, "time_diff": 20.950000, "triplet": 0.736814}
[08/12 15:55:43][INFO] utils.logging:   91: {"_type": "train_iter", "epoch": "29/30", "eta": "0:04:48", "iter": "2801/8376", "loss": 1.381214, "lr": 0.000001, "neg_dist": 3.794392, "pos_dist": 4.098904, "time_diff": 22.530000, "triplet": 1.134274}
[08/12 15:55:44][INFO] utils.logging:   91: {"_type": "train_iter", "epoch": "29/30", "eta": "0:04:44", "iter": "3001/8376", "loss": 0.638300, "lr": 0.000001, "neg_dist": 3.206253, "pos_dist": 3.138924, "time_diff": 24.130000, "triplet": 0.353075}
[08/12 15:55:46][INFO] utils.logging:   91: {"_type": "train_iter", "epoch": "29/30", "eta": "0:04:39", "iter": "3201/8376", "loss": 0.950750, "lr": 0.000001, "neg_dist": 3.628090, "pos_dist": 3.975091, "time_diff": 25.710000, "triplet": 0.718572}
[08/12 15:55:47][INFO] utils.logging:   91: {"_type": "train_iter", "epoch": "29/30", "eta": "0:04:35", "iter": "3401/8376", "loss": 1.477852, "lr": 0.000001, "neg_dist": 3.997598, "pos_dist": 4.893683, "time_diff": 27.300000, "triplet": 1.204604}
[08/12 15:55:49][INFO] utils.logging:   91: {"_type": "train_iter", "epoch": "29/30", "eta": "0:04:31", "iter": "3601/8376", "loss": 0.909328, "lr": 0.000001, "neg_dist": 3.302309, "pos_dist": 3.655532, "time_diff": 28.900000, "triplet": 0.654444}
[08/12 15:55:51][INFO] utils.logging:   91: {"_type": "train_iter", "epoch": "29/30", "eta": "0:04:27", "iter": "3801/8376", "loss": 1.084931, "lr": 0.000001, "neg_dist": 3.621177, "pos_dist": 3.901192, "time_diff": 30.510000, "triplet": 0.830306}
[08/12 15:55:52][INFO] utils.logging:   91: {"_type": "train_iter", "epoch": "29/30", "eta": "0:04:22", "iter": "4001/8376", "loss": 0.957341, "lr": 0.000001, "neg_dist": 3.870455, "pos_dist": 4.042300, "time_diff": 32.100000, "triplet": 0.721990}
[08/12 15:55:54][INFO] utils.logging:   91: {"_type": "train_iter", "epoch": "29/30", "eta": "0:04:18", "iter": "4201/8376", "loss": 0.807617, "lr": 0.000001, "neg_dist": 3.439941, "pos_dist": 3.643294, "time_diff": 33.690000, "triplet": 0.542789}
[08/12 15:55:55][INFO] utils.logging:   91: {"_type": "train_iter", "epoch": "29/30", "eta": "0:04:14", "iter": "4401/8376", "loss": 0.646925, "lr": 0.000001, "neg_dist": 3.282648, "pos_dist": 3.053449, "time_diff": 35.290000, "triplet": 0.410230}
[08/12 15:55:57][INFO] utils.logging:   91: {"_type": "train_iter", "epoch": "29/30", "eta": "0:04:10", "iter": "4601/8376", "loss": 0.965386, "lr": 0.000001, "neg_dist": 4.457905, "pos_dist": 4.811302, "time_diff": 36.890000, "triplet": 0.709250}
[08/12 15:55:59][INFO] utils.logging:   91: {"_type": "train_iter", "epoch": "29/30", "eta": "0:04:05", "iter": "4801/8376", "loss": 0.926513, "lr": 0.000001, "neg_dist": 3.671816, "pos_dist": 3.796764, "time_diff": 38.490000, "triplet": 0.688946}
[08/12 15:56:00][INFO] utils.logging:   91: {"_type": "train_iter", "epoch": "29/30", "eta": "0:04:01", "iter": "5001/8376", "loss": 0.947446, "lr": 0.000001, "neg_dist": 3.706487, "pos_dist": 4.087971, "time_diff": 40.080000, "triplet": 0.684683}
[08/12 15:56:02][INFO] utils.logging:   91: {"_type": "train_iter", "epoch": "29/30", "eta": "0:03:57", "iter": "5201/8376", "loss": 1.482048, "lr": 0.000001, "neg_dist": 3.234157, "pos_dist": 4.139705, "time_diff": 41.680000, "triplet": 1.237261}
[08/12 15:56:03][INFO] utils.logging:   91: {"_type": "train_iter", "epoch": "29/30", "eta": "0:03:53", "iter": "5401/8376", "loss": 1.452533, "lr": 0.000001, "neg_dist": 4.163398, "pos_dist": 5.054769, "time_diff": 43.250000, "triplet": 1.191370}
[08/12 15:56:05][INFO] utils.logging:   91: {"_type": "train_iter", "epoch": "29/30", "eta": "0:03:48", "iter": "5601/8376", "loss": 1.783838, "lr": 0.000001, "neg_dist": 3.548026, "pos_dist": 4.774790, "time_diff": 44.850000, "triplet": 1.526763}
[08/12 15:56:06][INFO] utils.logging:   91: {"_type": "train_iter", "epoch": "29/30", "eta": "0:03:44", "iter": "5801/8376", "loss": 1.088592, "lr": 0.000001, "neg_dist": 3.642810, "pos_dist": 4.162420, "time_diff": 46.420000, "triplet": 0.819610}
[08/12 15:56:08][INFO] utils.logging:   91: {"_type": "train_iter", "epoch": "29/30", "eta": "0:03:40", "iter": "6001/8376", "loss": 1.133978, "lr": 0.000001, "neg_dist": 3.037596, "pos_dist": 3.615280, "time_diff": 48.010000, "triplet": 0.877684}
[08/12 15:56:10][INFO] utils.logging:   91: {"_type": "train_iter", "epoch": "29/30", "eta": "0:03:36", "iter": "6201/8376", "loss": 0.735449, "lr": 0.000001, "neg_dist": 3.620862, "pos_dist": 3.592282, "time_diff": 49.580000, "triplet": 0.475457}
[08/12 15:56:11][INFO] utils.logging:   91: {"_type": "train_iter", "epoch": "29/30", "eta": "0:03:31", "iter": "6401/8376", "loss": 0.978884, "lr": 0.000001, "neg_dist": 3.764967, "pos_dist": 4.019483, "time_diff": 51.190000, "triplet": 0.687475}
[08/12 15:56:13][INFO] utils.logging:   91: {"_type": "train_iter", "epoch": "29/30", "eta": "0:03:27", "iter": "6601/8376", "loss": 1.515102, "lr": 0.000001, "neg_dist": 4.145999, "pos_dist": 5.062441, "time_diff": 52.780000, "triplet": 1.244263}
[08/12 15:56:14][INFO] utils.logging:   91: {"_type": "train_iter", "epoch": "29/30", "eta": "0:03:23", "iter": "6801/8376", "loss": 1.768584, "lr": 0.000001, "neg_dist": 3.392868, "pos_dist": 4.601565, "time_diff": 54.380000, "triplet": 1.508698}
[08/12 15:56:16][INFO] utils.logging:   91: {"_type": "train_iter", "epoch": "29/30", "eta": "0:03:19", "iter": "7001/8376", "loss": 1.106931, "lr": 0.000001, "neg_dist": 3.687130, "pos_dist": 4.047442, "time_diff": 55.960000, "triplet": 0.854366}
[08/12 15:56:18][INFO] utils.logging:   91: {"_type": "train_iter", "epoch": "29/30", "eta": "0:03:15", "iter": "7201/8376", "loss": 1.059648, "lr": 0.000001, "neg_dist": 3.664122, "pos_dist": 4.162534, "time_diff": 57.540000, "triplet": 0.809735}
[08/12 15:56:19][INFO] utils.logging:   91: {"_type": "train_iter", "epoch": "29/30", "eta": "0:03:11", "iter": "7401/8376", "loss": 1.034527, "lr": 0.000001, "neg_dist": 4.592377, "pos_dist": 4.884051, "time_diff": 59.150000, "triplet": 0.765440}
[08/12 15:56:21][INFO] utils.logging:   91: {"_type": "train_iter", "epoch": "29/30", "eta": "0:03:06", "iter": "7601/8376", "loss": 1.229100, "lr": 0.000001, "neg_dist": 3.210152, "pos_dist": 3.860781, "time_diff": 60.750000, "triplet": 0.978433}
[08/12 15:56:22][INFO] utils.logging:   91: {"_type": "train_iter", "epoch": "29/30", "eta": "0:03:02", "iter": "7801/8376", "loss": 1.465672, "lr": 0.000001, "neg_dist": 2.886007, "pos_dist": 3.801265, "time_diff": 62.350000, "triplet": 1.215258}
[08/12 15:56:24][INFO] utils.logging:   91: {"_type": "train_iter", "epoch": "29/30", "eta": "0:02:58", "iter": "8001/8376", "loss": 1.695377, "lr": 0.000001, "neg_dist": 3.792961, "pos_dist": 4.915771, "time_diff": 63.940000, "triplet": 1.422810}
[08/12 15:56:26][INFO] utils.logging:   91: {"_type": "train_iter", "epoch": "29/30", "eta": "0:02:54", "iter": "8201/8376", "loss": 0.788771, "lr": 0.000001, "neg_dist": 4.116599, "pos_dist": 4.325475, "time_diff": 65.520000, "triplet": 0.533893}
[08/12 15:56:27][INFO] utils.logging:   91: {"RAM": "14.73/125.63 GB", "_type": "train_epoch", "epoch": "29/30", "eta": "0:02:50", "gpu_mem": "0.39 GB", "loss": 1.219059, "lr": 0.000001, "neg_dist": 3.588082, "pos_dist": 4.176843, "time_diff": 66.950000, "triplet": 0.957368}
[08/12 15:56:28][INFO] utils.logging:   91: {"_type": "val_epoch", "epoch": "29/30", "loss": 1.239643}
[08/12 15:56:28][INFO] utils.logging:   91: {"_type": "train_iter", "epoch": "30/30", "eta": "0:02:50", "iter": "1/8376", "loss": 0.777095, "lr": 0.000000, "neg_dist": 3.476816, "pos_dist": 3.519450, "time_diff": 0.090000, "triplet": 0.533672}
[08/12 15:56:29][INFO] utils.logging:   91: {"_type": "train_iter", "epoch": "30/30", "eta": "0:02:46", "iter": "201/8376", "loss": 1.233203, "lr": 0.000000, "neg_dist": 2.846248, "pos_dist": 3.519578, "time_diff": 1.660000, "triplet": 0.973330}
[08/12 15:56:31][INFO] utils.logging:   91: {"_type": "train_iter", "epoch": "30/30", "eta": "0:02:42", "iter": "401/8376", "loss": 1.014775, "lr": 0.000000, "neg_dist": 3.507027, "pos_dist": 3.951551, "time_diff": 3.270000, "triplet": 0.744524}
[08/12 15:56:33][INFO] utils.logging:   91: {"_type": "train_iter", "epoch": "30/30", "eta": "0:02:38", "iter": "601/8376", "loss": 1.272745, "lr": 0.000000, "neg_dist": 3.725182, "pos_dist": 4.398691, "time_diff": 4.890000, "triplet": 0.987535}
[08/12 15:56:34][INFO] utils.logging:   91: {"_type": "train_iter", "epoch": "30/30", "eta": "0:02:34", "iter": "801/8376", "loss": 1.628010, "lr": 0.000000, "neg_dist": 4.148994, "pos_dist": 5.131726, "time_diff": 6.480000, "triplet": 1.354949}
[08/12 15:56:36][INFO] utils.logging:   91: {"_type": "train_iter", "epoch": "30/30", "eta": "0:02:29", "iter": "1001/8376", "loss": 1.119922, "lr": 0.000000, "neg_dist": 3.182240, "pos_dist": 3.394232, "time_diff": 8.070000, "triplet": 0.851736}
[08/12 15:56:38][INFO] utils.logging:   91: {"_type": "train_iter", "epoch": "30/30", "eta": "0:02:25", "iter": "1201/8376", "loss": 0.937334, "lr": 0.000000, "neg_dist": 3.116706, "pos_dist": 3.459300, "time_diff": 9.680000, "triplet": 0.692734}
[08/12 15:56:39][INFO] utils.logging:   91: {"_type": "train_iter", "epoch": "30/30", "eta": "0:02:21", "iter": "1401/8376", "loss": 1.207837, "lr": 0.000000, "neg_dist": 3.638025, "pos_dist": 4.233603, "time_diff": 11.270000, "triplet": 0.928679}
[08/12 15:56:41][INFO] utils.logging:   91: {"_type": "train_iter", "epoch": "30/30", "eta": "0:02:17", "iter": "1601/8376", "loss": 0.905583, "lr": 0.000000, "neg_dist": 3.353899, "pos_dist": 3.673909, "time_diff": 12.850000, "triplet": 0.623825}
[08/12 15:56:42][INFO] utils.logging:   91: {"_type": "train_iter", "epoch": "30/30", "eta": "0:02:13", "iter": "1801/8376", "loss": 1.611731, "lr": 0.000000, "neg_dist": 3.575363, "pos_dist": 4.622858, "time_diff": 14.460000, "triplet": 1.347495}
[08/12 15:56:44][INFO] utils.logging:   91: {"_type": "train_iter", "epoch": "30/30", "eta": "0:02:09", "iter": "2001/8376", "loss": 1.343960, "lr": 0.000000, "neg_dist": 3.392673, "pos_dist": 4.185176, "time_diff": 16.060000, "triplet": 1.092503}
[08/12 15:56:45][INFO] utils.logging:   91: {"_type": "train_iter", "epoch": "30/30", "eta": "0:02:05", "iter": "2201/8376", "loss": 1.301841, "lr": 0.000000, "neg_dist": 2.885186, "pos_dist": 3.554521, "time_diff": 17.640000, "triplet": 1.052030}
[08/12 15:56:47][INFO] utils.logging:   91: {"_type": "train_iter", "epoch": "30/30", "eta": "0:02:01", "iter": "2401/8376", "loss": 1.153960, "lr": 0.000000, "neg_dist": 3.589216, "pos_dist": 4.171288, "time_diff": 19.230000, "triplet": 0.882072}
[08/12 15:56:49][INFO] utils.logging:   91: {"_type": "train_iter", "epoch": "30/30", "eta": "0:01:56", "iter": "2601/8376", "loss": 1.219488, "lr": 0.000000, "neg_dist": 4.151102, "pos_dist": 4.762949, "time_diff": 20.850000, "triplet": 0.968755}
[08/12 15:56:50][INFO] utils.logging:   91: {"_type": "train_iter", "epoch": "30/30", "eta": "0:01:52", "iter": "2801/8376", "loss": 1.132940, "lr": 0.000000, "neg_dist": 3.702700, "pos_dist": 4.208240, "time_diff": 22.440000, "triplet": 0.863429}
[08/12 15:56:52][INFO] utils.logging:   91: {"_type": "train_iter", "epoch": "30/30", "eta": "0:01:48", "iter": "3001/8376", "loss": 0.898878, "lr": 0.000000, "neg_dist": 3.588500, "pos_dist": 3.836825, "time_diff": 24.030000, "triplet": 0.639675}
[08/12 15:56:53][INFO] utils.logging:   91: {"_type": "train_iter", "epoch": "30/30", "eta": "0:01:44", "iter": "3201/8376", "loss": 1.447590, "lr": 0.000000, "neg_dist": 3.760942, "pos_dist": 4.590030, "time_diff": 25.630000, "triplet": 1.176131}
[08/12 15:56:55][INFO] utils.logging:   91: {"_type": "train_iter", "epoch": "30/30", "eta": "0:01:40", "iter": "3401/8376", "loss": 1.394221, "lr": 0.000000, "neg_dist": 4.165426, "pos_dist": 5.010660, "time_diff": 27.190000, "triplet": 1.145234}
[08/12 15:56:57][INFO] utils.logging:   91: {"_type": "train_iter", "epoch": "30/30", "eta": "0:01:36", "iter": "3601/8376", "loss": 1.089153, "lr": 0.000000, "neg_dist": 3.342603, "pos_dist": 3.672568, "time_diff": 28.790000, "triplet": 0.831846}
[08/12 15:56:58][INFO] utils.logging:   91: {"_type": "train_iter", "epoch": "30/30", "eta": "0:01:32", "iter": "3801/8376", "loss": 0.912851, "lr": 0.000000, "neg_dist": 2.899802, "pos_dist": 3.186773, "time_diff": 30.370000, "triplet": 0.653016}
[08/12 15:57:00][INFO] utils.logging:   91: {"_type": "train_iter", "epoch": "30/30", "eta": "0:01:28", "iter": "4001/8376", "loss": 1.598452, "lr": 0.000000, "neg_dist": 4.033032, "pos_dist": 5.052630, "time_diff": 31.950000, "triplet": 1.336116}
[08/12 15:57:01][INFO] utils.logging:   91: {"_type": "train_iter", "epoch": "30/30", "eta": "0:01:24", "iter": "4201/8376", "loss": 1.092795, "lr": 0.000000, "neg_dist": 2.899192, "pos_dist": 3.427303, "time_diff": 33.550000, "triplet": 0.828110}
[08/12 15:57:03][INFO] utils.logging:   91: {"_type": "train_iter", "epoch": "30/30", "eta": "0:01:20", "iter": "4401/8376", "loss": 1.573678, "lr": 0.000000, "neg_dist": 2.792542, "pos_dist": 3.767849, "time_diff": 35.130000, "triplet": 1.300595}
[08/12 15:57:05][INFO] utils.logging:   91: {"_type": "train_iter", "epoch": "30/30", "eta": "0:01:16", "iter": "4601/8376", "loss": 1.461748, "lr": 0.000000, "neg_dist": 4.249231, "pos_dist": 5.066688, "time_diff": 36.700000, "triplet": 1.210772}
[08/12 15:57:06][INFO] utils.logging:   91: {"_type": "train_iter", "epoch": "30/30", "eta": "0:01:12", "iter": "4801/8376", "loss": 0.839658, "lr": 0.000000, "neg_dist": 3.598591, "pos_dist": 3.794434, "time_diff": 38.290000, "triplet": 0.553315}
[08/12 15:57:08][INFO] utils.logging:   91: {"_type": "train_iter", "epoch": "30/30", "eta": "0:01:07", "iter": "5001/8376", "loss": 1.166733, "lr": 0.000000, "neg_dist": 4.044482, "pos_dist": 4.271997, "time_diff": 39.860000, "triplet": 0.892466}
[08/12 15:57:09][INFO] utils.logging:   91: {"_type": "train_iter", "epoch": "30/30", "eta": "0:01:03", "iter": "5201/8376", "loss": 0.856396, "lr": 0.000000, "neg_dist": 4.215472, "pos_dist": 4.350881, "time_diff": 41.450000, "triplet": 0.583594}
[08/12 15:57:11][INFO] utils.logging:   91: {"_type": "train_iter", "epoch": "30/30", "eta": "0:00:59", "iter": "5401/8376", "loss": 1.847650, "lr": 0.000000, "neg_dist": 4.363627, "pos_dist": 5.663719, "time_diff": 43.040000, "triplet": 1.600092}
[08/12 15:57:12][INFO] utils.logging:   91: {"_type": "train_iter", "epoch": "30/30", "eta": "0:00:55", "iter": "5601/8376", "loss": 1.154756, "lr": 0.000000, "neg_dist": 4.250555, "pos_dist": 4.856987, "time_diff": 44.650000, "triplet": 0.917030}
[08/12 15:57:14][INFO] utils.logging:   91: {"_type": "train_iter", "epoch": "30/30", "eta": "0:00:51", "iter": "5801/8376", "loss": 1.511825, "lr": 0.000000, "neg_dist": 3.820128, "pos_dist": 4.777222, "time_diff": 46.230000, "triplet": 1.257094}
[08/12 15:57:16][INFO] utils.logging:   91: {"_type": "train_iter", "epoch": "30/30", "eta": "0:00:47", "iter": "6001/8376", "loss": 1.551583, "lr": 0.000000, "neg_dist": 3.799431, "pos_dist": 4.816926, "time_diff": 47.840000, "triplet": 1.320161}
[08/12 15:57:17][INFO] utils.logging:   91: {"_type": "train_iter", "epoch": "30/30", "eta": "0:00:43", "iter": "6201/8376", "loss": 1.463993, "lr": 0.000000, "neg_dist": 3.658893, "pos_dist": 4.551822, "time_diff": 49.410000, "triplet": 1.192929}
[08/12 15:57:19][INFO] utils.logging:   91: {"_type": "train_iter", "epoch": "30/30", "eta": "0:00:39", "iter": "6401/8376", "loss": 0.955800, "lr": 0.000000, "neg_dist": 4.087005, "pos_dist": 4.236983, "time_diff": 50.990000, "triplet": 0.739483}
[08/12 15:57:20][INFO] utils.logging:   91: {"_type": "train_iter", "epoch": "30/30", "eta": "0:00:35", "iter": "6601/8376", "loss": 0.708112, "lr": 0.000000, "neg_dist": 3.242985, "pos_dist": 3.238837, "time_diff": 52.560000, "triplet": 0.453776}
[08/12 15:57:22][INFO] utils.logging:   91: {"_type": "train_iter", "epoch": "30/30", "eta": "0:00:31", "iter": "6801/8376", "loss": 1.134760, "lr": 0.000000, "neg_dist": 3.661896, "pos_dist": 4.183591, "time_diff": 54.140000, "triplet": 0.886420}
[08/12 15:57:24][INFO] utils.logging:   91: {"_type": "train_iter", "epoch": "30/30", "eta": "0:00:27", "iter": "7001/8376", "loss": 1.538037, "lr": 0.000000, "neg_dist": 3.522336, "pos_dist": 4.495244, "time_diff": 55.730000, "triplet": 1.272907}
[08/12 15:57:25][INFO] utils.logging:   91: {"_type": "train_iter", "epoch": "30/30", "eta": "0:00:23", "iter": "7201/8376", "loss": 1.523000, "lr": 0.000000, "neg_dist": 4.988252, "pos_dist": 5.715392, "time_diff": 57.340000, "triplet": 1.225949}
[08/12 15:57:27][INFO] utils.logging:   91: {"_type": "train_iter", "epoch": "30/30", "eta": "0:00:19", "iter": "7401/8376", "loss": 1.397861, "lr": 0.000000, "neg_dist": 2.846645, "pos_dist": 3.665981, "time_diff": 58.930000, "triplet": 1.149644}
[08/12 15:57:28][INFO] utils.logging:   91: {"_type": "train_iter", "epoch": "30/30", "eta": "0:00:15", "iter": "7601/8376", "loss": 0.875760, "lr": 0.000000, "neg_dist": 3.065508, "pos_dist": 3.316361, "time_diff": 60.500000, "triplet": 0.622128}
[08/12 15:57:30][INFO] utils.logging:   91: {"_type": "train_iter", "epoch": "30/30", "eta": "0:00:11", "iter": "7801/8376", "loss": 1.170248, "lr": 0.000000, "neg_dist": 3.330325, "pos_dist": 3.782810, "time_diff": 62.110000, "triplet": 0.911987}
[08/12 15:57:32][INFO] utils.logging:   91: {"_type": "train_iter", "epoch": "30/30", "eta": "0:00:07", "iter": "8001/8376", "loss": 1.261217, "lr": 0.000000, "neg_dist": 4.120616, "pos_dist": 4.833966, "time_diff": 63.740000, "triplet": 1.013350}
[08/12 15:57:33][INFO] utils.logging:   91: {"_type": "train_iter", "epoch": "30/30", "eta": "0:00:03", "iter": "8201/8376", "loss": 1.306492, "lr": 0.000000, "neg_dist": 3.104454, "pos_dist": 3.866598, "time_diff": 65.330000, "triplet": 1.062143}
[08/12 15:57:35][INFO] utils.logging:   91: {"RAM": "14.72/125.63 GB", "_type": "train_epoch", "epoch": "30/30", "eta": "0:00:00", "gpu_mem": "0.39 GB", "loss": 1.219418, "lr": 0.000000, "neg_dist": 3.582070, "pos_dist": 4.170979, "time_diff": 66.760000, "triplet": 0.957694}
[08/12 15:57:35][INFO] utils.logging:   91: {"_type": "val_epoch", "epoch": "30/30", "loss": 1.231861}
[08/12 15:57:35][INFO] __main__:  500: ================================================================================
[08/12 15:57:35][INFO] __main__:  501: Done! Time: 1:23:38
[08/12 15:57:35][INFO] __main__:  502: Best val loss: 1.178743
[08/12 15:57:35][INFO] __main__:  503: Final: output/frame_selector/ssv2_ViT-B16_Diverse_BiMHM/frame_selector_best.pth
[08/12 15:57:35][INFO] __main__:  504: ================================================================================
